chain,resname,resnum,res_key,density
A,ALA,182,A_ALA_182,12.615040223136043
A,ALA,185,A_ALA_185,13.190600406539065
A,ARG,84,A_ARG_84,11.918150246886713
A,ARG,117,A_ARG_117,26.744886256238022
A,ARG,128,A_ARG_128,12.521440135390733
A,ARG,192,A_ARG_192,27.24341986440861
A,ARG,193,A_ARG_193,26.75263198800971
A,ASN,31,A_ASN_31,2.8442755753329405
A,ASN,92,A_ASN_92,10.90434620559758
A,ASP,52,A_ASP_52,5.897044109056949
A,ASP,88,A_ASP_88,19.365894611391965
A,ASP,186,A_ASP_186,21.87440129036554
A,CYS,119,A_CYS_119,18.067216712543775
A,CYS,187,A_CYS_187,18.508132210745085
A,GLN,131,A_GLN_131,11.508855352019538
A,GLN,189,A_GLN_189,22.70125173249408
A,GLU,85,A_GLU_85,18.13492294815841
A,GLU,115,A_GLU_115,5.409851125170804
A,GLU,120,A_GLU_120,23.674184216055522
A,GLU,146,A_GLU_146,13.044791446601193
A,GLU,190,A_GLU_190,24.379361897727065
A,HIS,26,A_HIS_26,9.352326313675864
A,HIS,50,A_HIS_50,9.891569703228335
A,HIS,179,A_HIS_179,6.140715273446311
A,HIS,181,A_HIS_181,11.977949382351134
A,HIS,184,A_HIS_184,23.390859067151897
A,ILE,116,A_ILE_116,8.80481417526487
A,ILE,121,A_ILE_121,15.608918730607133
A,LEU,28,A_LEU_28,17.48605339695031
A,LEU,32,A_LEU_32,1.770790458183377
A,LEU,51,A_LEU_51,12.34934317123302
A,LEU,57,A_LEU_57,1.7632928591857226
A,LEU,89,A_LEU_89,6.860527541158883
A,LEU,145,A_LEU_145,18.804263493291135
A,LEU,188,A_LEU_188,17.72030246119784
A,LEU,191,A_LEU_191,18.217134729332336
A,LEU,195,A_LEU_195,10.04473078050195
A,MET,183,A_MET_183,21.42314416182654
A,PHE,56,A_PHE_56,6.379562870875302
A,PRO,29,A_PRO_29,15.856598874610707
A,SER,27,A_SER_27,15.763308253539204
A,SER,129,A_SER_129,15.650273634604655
A,SER,130,A_SER_130,15.700519790644089
A,THR,127,A_THR_127,17.156423689553044
A,TYR,30,A_TYR_30,27.920888987646187
A,TYR,180,A_TYR_180,13.193387281511155
A,TYR,194,A_TYR_194,24.38749927175407
A,VAL,49,A_VAL_49,10.04044732669134
A,VAL,118,A_VAL_118,16.154631667873982
