chain,resname,resnum,res_key,density
A,ALA,227,A_ALA_227,12.5237397133934
A,ALA,269,A_ALA_269,12.430772110616207
A,ARG,226,A_ARG_226,15.111777666035081
A,ARG,240,A_ARG_240,26.721302739681647
A,ARG,279,A_ARG_279,10.347492091691024
A,ASN,210,A_ASN_210,17.842342392717146
A,ASN,289,A_ASN_289,2.926122588865262
A,ASP,242,A_ASP_242,7.099614197906348
A,CYS,225,A_CYS_225,16.95925427735211
A,CYS,282,A_CYS_282,18.214405219578623
A,GLN,241,A_GLN_241,14.615623566016712
A,GLN,251,A_GLN_251,14.299456786114114
A,GLN,252,A_GLN_252,3.1983617929575034
A,GLN,278,A_GLN_278,10.125031799438528
A,GLU,277,A_GLU_277,8.189375391083248
A,GLU,285,A_GLU_285,16.944339206387603
A,GLY,243,A_GLY_243,10.369369095443762
A,HIS,286,A_HIS_286,2.6432920384365564
A,HIS,290,A_HIS_290,14.432377675514818
A,HIS,293,A_HIS_293,23.280635986808587
A,ILE,235,A_ILE_235,8.116500216214249
A,ILE,236,A_ILE_236,16.987469644128044
A,ILE,272,A_ILE_272,5.712954499180112
A,LEU,237,A_LEU_237,18.350821135696794
A,LEU,246,A_LEU_246,17.87252809372627
A,MET,208,A_MET_208,5.631676122591038
A,MET,284,A_MET_284,21.088131509967706
A,PHE,280,A_PHE_280,25.13243178210523
A,PRO,207,A_PRO_207,9.711465344062729
A,PRO,294,A_PRO_294,16.26314463646743
A,PRO,296,A_PRO_296,10.855105519867607
A,SER,228,A_SER_228,3.086602492628911
A,SER,245,A_SER_245,14.949244217546969
A,SER,291,A_SER_291,14.939176396548888
A,THR,212,A_THR_212,18.04266074468575
A,THR,224,A_THR_224,17.346830064012
A,THR,238,A_THR_238,17.720868682211524
A,THR,266,A_THR_266,7.860467980716056
A,THR,270,A_THR_270,16.9993556863081
A,THR,281,A_THR_281,17.89548037977236
A,THR,292,A_THR_292,17.38582878771254
A,TRP,239,A_TRP_239,30.99053448660327
A,TRP,253,A_TRP_253,12.541059585606753
A,TRP,267,A_TRP_267,14.771497861152508
A,TYR,283,A_TYR_283,28.7070993125623
A,VAL,209,A_VAL_209,16.960206246425415
A,VAL,211,A_VAL_211,16.64094621488475
A,VAL,223,A_VAL_223,15.843739591482628
A,VAL,244,A_VAL_244,10.215562980928402
A,VAL,268,A_VAL_268,16.891257954269257
A,VAL,295,A_VAL_295,16.38215534806753
