chain,resname,resnum,res_key,density
A,ARG,277,A_ARG_277,26.96934146930521
A,ARG,279,A_ARG_279,26.435858465346396
A,ASP,261,A_ASP_261,20.978124587434024
A,ASP,276,A_ASP_276,6.990490025718956
A,ASP,303,A_ASP_303,2.8089536446465164
A,CYS,260,A_CYS_260,18.49288517347008
A,CYS,263,A_CYS_263,18.54977246878843
A,CYS,283,A_CYS_283,18.256077671902336
A,GLU,282,A_GLU_282,14.620477686457683
A,GLY,264,A_GLY_264,10.815585254028047
A,GLY,266,A_GLY_266,10.627800213144063
A,GLY,269,A_GLY_269,8.949568316638036
A,HIS,278,A_HIS_278,22.8976374908449
A,HIS,280,A_HIS_280,25.01032090651991
A,ILE,267,A_ILE_267,18.161967828352783
A,ILE,305,A_ILE_305,7.076813285731158
A,LEU,257,A_LEU_257,16.45282463117209
A,LEU,274,A_LEU_274,17.986678001828274
A,LYS,256,A_LYS_256,5.857166451276113
A,LYS,262,A_LYS_262,20.811171996942868
A,LYS,273,A_LYS_273,14.845938360299384
A,MET,259,A_MET_259,21.828352109680626
A,PHE,271,A_PHE_271,26.26153288579216
A,PRO,258,A_PRO_258,16.808664340381636
A,PRO,281,A_PRO_281,15.506256444603194
A,THR,265,A_THR_265,17.29808219380716
A,TYR,284,A_TYR_284,18.423746966857756
A,VAL,268,A_VAL_268,14.509690985288264
A,VAL,270,A_VAL_270,8.453143445248973
A,VAL,272,A_VAL_272,15.92196566740798
A,VAL,285,A_VAL_285,9.615455418611932
