chain,resname,resnum,res_key,density
A,ARG,277,A_ARG_277,11.14833737014543
A,ARG,279,A_ARG_279,26.435858465346396
A,ASP,261,A_ASP_261,20.978124587434024
A,CYS,260,A_CYS_260,18.49288517347008
A,CYS,263,A_CYS_263,18.54977246878843
A,CYS,283,A_CYS_283,18.256077671902336
A,GLU,282,A_GLU_282,14.620477686457683
A,GLY,264,A_GLY_264,10.815585254028047
A,GLY,266,A_GLY_266,10.627800213144063
A,HIS,100,A_HIS_100,5.2612346700249635
A,HIS,278,A_HIS_278,11.395016150957854
A,HIS,280,A_HIS_280,25.01032090651991
A,ILE,267,A_ILE_267,18.161967828352783
A,ILE,305,A_ILE_305,1.7586038863339866
A,LEU,257,A_LEU_257,3.2122901260310504
A,LEU,274,A_LEU_274,1.6981686510293554
A,LYS,262,A_LYS_262,20.811171996942868
A,MET,259,A_MET_259,21.828352109680626
A,PRO,258,A_PRO_258,10.125422202355029
A,PRO,281,A_PRO_281,11.834101605813586
A,THR,265,A_THR_265,17.29808219380716
A,THR,287,A_THR_287,3.1426559935643805
A,TYR,284,A_TYR_284,9.035330796829431
A,VAL,268,A_VAL_268,2.5290845996958096
A,VAL,272,A_VAL_272,3.3147209847463754
A,VAL,285,A_VAL_285,11.728862050892472
