chain,resname,resnum,res_key,density
A,ALA,16,A_ALA_16,11.851896683013376
A,ARG,22,A_ARG_22,26.064283893786293
A,CYS,20,A_CYS_20,17.803528515159297
A,GLU,24,A_GLU_24,20.835671541324256
A,LEU,18,A_LEU_18,18.401786066972868
A,MET,15,A_MET_15,5.894490425310687
A,PHE,17,A_PHE_17,24.6953279696219
A,PRO,23,A_PRO_23,16.15824162095243
A,SER,19,A_SER_19,15.875359435468647
A,TRP,26,A_TRP_26,4.225107689835296
A,VAL,21,A_VAL_21,16.400378632706207
