chain,resname,resnum,res_key,density
A,ALA,159,A_ALA_159,3.638116526988761
A,ALA,160,A_ALA_160,12.622142022967605
A,ARG,65,A_ARG_65,2.6742003657793423
A,ARG,108,A_ARG_108,2.3444182119339168
A,ASP,87,A_ASP_87,12.286889573241599
A,ASP,96,A_ASP_96,21.34455045359163
A,ASP,126,A_ASP_126,3.1483244255186102
A,CYS,94,A_CYS_94,17.001989426026736
A,GLN,64,A_GLN_64,22.637026260910336
A,GLN,91,A_GLN_91,20.406082339976052
A,GLU,95,A_GLU_95,23.322128758352477
A,GLU,100,A_GLU_100,23.136561802092665
A,GLY,129,A_GLY_129,2.006867392694228
A,HIS,99,A_HIS_99,24.75305553752982
A,ILE,60,A_ILE_60,16.004834127518997
A,ILE,162,A_ILE_162,15.285029534220403
A,LEU,63,A_LEU_63,12.26347303273512
A,LEU,85,A_LEU_85,18.18776322292282
A,LEU,86,A_LEU_86,16.17729205066849
A,LEU,92,A_LEU_92,18.24862860764543
A,LEU,101,A_LEU_101,18.591525233487808
A,LEU,127,A_LEU_127,2.3051025342436624
A,LEU,132,A_LEU_132,12.077387688622354
A,LEU,135,A_LEU_135,1.8040426393453777
A,LEU,163,A_LEU_163,17.771992243934303
A,PRO,97,A_PRO_97,15.43035685110923
A,PRO,98,A_PRO_98,16.149707935200276
A,PRO,102,A_PRO_102,4.4750885777469245
A,PRO,128,A_PRO_128,9.820562863071121
A,PRO,131,A_PRO_131,16.006227086170995
A,SER,61,A_SER_61,15.30509342078335
A,THR,83,A_THR_83,17.067938598398754
A,TYR,82,A_TYR_82,28.712263234017385
A,TYR,84,A_TYR_84,28.784014621595833
A,VAL,81,A_VAL_81,14.059922443128125
A,VAL,93,A_VAL_93,16.046687965925443
A,VAL,107,A_VAL_107,1.7571897327903874
A,VAL,161,A_VAL_161,16.56311445386532
