chain,resname,resnum,res_key,density
A,ALA,930,A_ALA_930,6.037161554772803
A,ALA,940,A_ALA_940,2.617893497399867
A,ASN,599,A_ASN_599,7.100450925222358
A,ASN,933,A_ASN_933,21.691710530003636
A,ASP,597,A_ASP_597,10.951477679854701
A,ASP,939,A_ASP_939,21.21756917949301
A,CYS,935,A_CYS_935,18.356139961668703
A,CYS,936,A_CYS_936,17.40113881476062
A,GLY,934,A_GLY_934,10.975920924240336
A,ILE,932,A_ILE_932,18.24778066249845
A,LEU,610,A_LEU_610,2.6774966244006055
A,LEU,938,A_LEU_938,17.780900517520287
A,LYS,817,A_LYS_817,10.58963929613417
A,PRO,931,A_PRO_931,16.287894538778158
A,SER,598,A_SER_598,3.0170882414089073
A,SER,609,A_SER_609,15.849376602182979
A,SER,937,A_SER_937,16.885676814342364
A,THR,604,A_THR_604,3.0642273456703157
A,THR,606,A_THR_606,14.365879008666049
A,THR,818,A_THR_818,2.9187332647218702
A,TYR,605,A_TYR_605,12.787511395140744
