chain,resname,resnum,res_key,density
A,ALA,940,A_ALA_940,11.64899347386098
A,ASN,599,A_ASN_599,2.524510430731152
A,ASN,933,A_ASN_933,19.34450696313058
A,ASP,597,A_ASP_597,10.951477679854701
A,ASP,939,A_ASP_939,21.21756917949301
A,CYS,935,A_CYS_935,18.356139961668703
A,CYS,936,A_CYS_936,17.40113881476062
A,GLU,941,A_GLU_941,2.6532070974912214
A,GLY,934,A_GLY_934,10.975920924240336
A,ILE,932,A_ILE_932,10.39418676279552
A,LEU,938,A_LEU_938,17.780900517520287
A,PRO,931,A_PRO_931,11.69977332674428
A,SER,598,A_SER_598,3.0170882414089073
A,SER,609,A_SER_609,13.003356369708602
A,SER,937,A_SER_937,16.885676814342364
