chain,resname,resnum,res_key,density
A,ALA,688,A_ALA_688,7.918809724890586
A,ALA,767,A_ALA_767,13.010142835757414
A,ALA,771,A_ALA_771,10.582644212695328
A,ARG,762,A_ARG_762,10.525532742914832
A,ARG,775,A_ARG_775,20.220693265948867
A,ARG,797,A_ARG_797,27.305801883239162
A,ASP,759,A_ASP_759,3.4040217867436904
A,ASP,763,A_ASP_763,22.629238597252883
A,ASP,769,A_ASP_769,17.978602007491308
A,ASP,779,A_ASP_779,18.86894201077613
A,ASP,808,A_ASP_808,18.696033374258885
A,CYS,668,A_CYS_668,5.640655342396475
A,CYS,693,A_CYS_693,12.165063816411811
A,CYS,801,A_CYS_801,18.96042818583433
A,CYS,807,A_CYS_807,18.066037872382886
A,GLN,781,A_GLN_781,2.818896031701276
A,GLN,794,A_GLN_794,22.939158634775698
A,GLU,685,A_GLU_685,20.44177174243581
A,GLU,727,A_GLU_727,1.9782271057621994
A,HIS,696,A_HIS_696,6.44013872253438
A,HIS,772,A_HIS_772,23.486574774242
A,HIS,773,A_HIS_773,24.35676266951046
A,HIS,795,A_HIS_795,16.100061866742617
A,HIS,796,A_HIS_796,20.136002660404813
A,ILE,686,A_ILE_686,2.741110359840754
A,ILE,764,A_ILE_764,18.441614952402325
A,ILE,765,A_ILE_765,17.029603713903953
A,ILE,776,A_ILE_776,18.502894781869642
A,ILE,870,A_ILE_870,19.253050390257084
A,LEU,671,A_LEU_671,3.764784370276245
A,LEU,677,A_LEU_677,3.9451795793396816
A,LEU,681,A_LEU_681,6.737878452700152
A,LEU,689,A_LEU_689,17.84195456280665
A,LEU,760,A_LEU_760,17.345233072448686
A,LEU,766,A_LEU_766,18.719947449237623
A,LEU,770,A_LEU_770,16.121755281506424
A,LEU,774,A_LEU_774,9.938344963754677
A,LEU,780,A_LEU_780,19.345211080695005
A,LEU,798,A_LEU_798,19.396370881355526
A,LEU,799,A_LEU_799,19.072688971052923
A,LEU,800,A_LEU_800,18.773335130451905
A,LEU,802,A_LEU_802,19.436396584525408
A,LEU,803,A_LEU_803,19.234813852127452
A,LEU,809,A_LEU_809,8.247158379669411
A,LEU,873,A_LEU_873,15.721186251395343
A,LEU,874,A_LEU_874,12.454570245718344
A,LEU,877,A_LEU_877,5.681417319925442
A,LYS,778,A_LYS_778,2.65557957820022
A,LYS,793,A_LYS_793,5.7426497427275365
A,MET,761,A_MET_761,11.306763917390207
A,MET,783,A_MET_783,10.959621490576675
A,MET,804,A_MET_804,21.199173098218083
A,PHE,690,A_PHE_690,2.983093587212484
A,PHE,777,A_PHE_777,19.22671855372348
A,PHE,878,A_PHE_878,6.208888479017671
A,SER,692,A_SER_692,13.129820969298507
A,SER,806,A_SER_806,15.463609468012601
A,THR,768,A_THR_768,17.819034428882027
A,THR,805,A_THR_805,17.788092314333646
A,TYR,788,A_TYR_788,9.48860392746491
A,VAL,664,A_VAL_664,1.6257791752337576
