chain,resname,resnum,res_key,density
A,ALA,73,A_ALA_73,2.966577425796013
A,ALA,140,A_ALA_140,12.287666654256261
A,ARG,77,A_ARG_77,25.388067064986874
A,ARG,116,A_ARG_116,14.628297020188452
A,ARG,134,A_ARG_134,15.983744742992176
A,ASN,120,A_ASN_120,20.85342208142618
A,ASP,142,A_ASP_142,20.958150280075667
A,CYS,119,A_CYS_119,19.047502246603504
A,CYS,166,A_CYS_166,18.39199628934059
A,GLN,144,A_GLN_144,21.018049065390482
A,GLN,168,A_GLN_168,21.366142081235193
A,GLU,79,A_GLU_79,22.78301460908476
A,GLU,173,A_GLU_173,23.92143466642719
A,GLU,174,A_GLU_174,12.819581484898698
A,GLU,181,A_GLU_181,3.22137381323305
A,GLY,118,A_GLY_118,10.292684883877953
A,GLY,121,A_GLY_121,7.04508239939424
A,GLY,167,A_GLY_167,11.097166841053916
A,HIS,165,A_HIS_165,23.867523262363818
A,ILE,162,A_ILE_162,7.31062202324903
A,LEU,71,A_LEU_71,18.302775096061765
A,LEU,75,A_LEU_75,18.17650817599766
A,LEU,117,A_LEU_117,5.941078542041819
A,LEU,122,A_LEU_122,6.265319535273
A,LEU,135,A_LEU_135,18.291724672874313
A,LEU,139,A_LEU_139,17.4746427165062
A,LEU,146,A_LEU_146,18.484688927878242
A,LEU,163,A_LEU_163,16.124427848328082
A,LEU,169,A_LEU_169,18.044865919759534
A,LEU,177,A_LEU_177,9.896247635401505
A,LYS,68,A_LYS_68,3.3620320587130297
A,MET,148,A_MET_148,14.044613627221933
A,PRO,76,A_PRO_76,16.48529947042882
A,PRO,141,A_PRO_141,10.558425848329287
A,SER,72,A_SER_72,15.268311021795494
A,SER,170,A_SER_170,15.926889440326889
A,THR,80,A_THR_80,18.191721371331987
A,THR,143,A_THR_143,16.956783025042835
A,TYR,82,A_TYR_82,7.018657678169912
A,VAL,74,A_VAL_74,14.071976021849133
A,VAL,78,A_VAL_78,16.26365447388165
A,VAL,81,A_VAL_81,15.763153018664212
A,VAL,145,A_VAL_145,15.758483269354931
A,VAL,147,A_VAL_147,14.825462700577486
A,VAL,164,A_VAL_164,16.210654788540143
