chain,resname,resnum,res_key,density
A,ALA,174,A_ALA_174,12.25226832651164
A,ALA,331,A_ALA_331,12.910255686596088
A,ALA,419,A_ALA_419,12.09162971683115
A,ALA,421,A_ALA_421,11.562881299703822
A,ARG,420,A_ARG_420,26.508617942295384
A,ASN,367,A_ASN_367,11.84923260645146
A,ASP,175,A_ASP_175,21.666002252642553
A,ASP,324,A_ASP_324,12.471811589366574
A,ASP,325,A_ASP_325,21.440434034313853
A,ASP,394,A_ASP_394,8.09063864350636
A,CYS,173,A_CYS_173,18.62315966455015
A,GLN,170,A_GLN_170,23.063194389198383
A,GLN,366,A_GLN_366,3.3834346048311184
A,GLU,180,A_GLU_180,2.6892988863342726
A,GLU,298,A_GLU_298,10.19772803827778
A,GLU,384,A_GLU_384,23.861183094335438
A,GLY,168,A_GLY_168,11.025110940382582
A,GLY,171,A_GLY_171,10.075604804913645
A,GLY,172,A_GLY_172,9.640490832691672
A,GLY,326,A_GLY_326,10.261211997920592
A,GLY,329,A_GLY_329,10.1744811485891
A,HIS,165,A_HIS_165,10.933316106844813
A,HIS,176,A_HIS_176,21.928280798541138
A,HIS,383,A_HIS_383,24.559333376500113
A,HIS,387,A_HIS_387,18.296889291114596
A,HIS,393,A_HIS_393,24.60163639170586
A,ILE,362,A_ILE_362,9.825210221444957
A,ILE,363,A_ILE_363,11.749916282174414
A,ILE,379,A_ILE_379,8.250526753930503
A,ILE,416,A_ILE_416,10.053735806765166
A,LEU,301,A_LEU_301,1.8784896859956726
A,LEU,328,A_LEU_328,17.371019289204305
A,LEU,330,A_LEU_330,17.87949760528668
A,MET,182,A_MET_182,6.6647316801218395
A,MET,417,A_MET_417,21.080245049413186
A,PHE,179,A_PHE_179,22.154295805403162
A,PHE,323,A_PHE_323,20.777213602556788
A,PHE,381,A_PHE_381,2.9456412094991067
A,PRO,169,A_PRO_169,15.633923774926554
A,PRO,392,A_PRO_392,8.324771729366537
A,SER,177,A_SER_177,12.500883527984609
A,SER,391,A_SER_391,3.440401146953848
A,THR,364,A_THR_364,9.695023661974579
A,THR,380,A_THR_380,17.360208696476356
A,THR,422,A_THR_422,16.579633612624196
A,TYR,163,A_TYR_163,11.571420018632745
A,TYR,167,A_TYR_167,21.51041619043556
A,TYR,368,A_TYR_368,11.604466379686965
A,TYR,415,A_TYR_415,3.7851092524381347
A,TYR,418,A_TYR_418,28.578731125182497
A,VAL,178,A_VAL_178,15.70792780537785
A,VAL,297,A_VAL_297,16.509736034448903
A,VAL,327,A_VAL_327,16.072161909591404
A,VAL,333,A_VAL_333,1.4710943674762693
A,VAL,376,A_VAL_376,5.2772337843077795
