chain,resname,resnum,res_key,density
A,ALA,568,A_ALA_568,7.659672817872314
A,ALA,608,A_ALA_608,12.698370247337728
A,ARG,617,A_ARG_617,5.541513989504772
A,ARG,622,A_ARG_622,3.1879367252551516
A,ASP,554,A_ASP_554,18.08421184772083
A,CYS,555,A_CYS_555,11.205621341818704
A,CYS,562,A_CYS_562,6.034735483693046
A,CYS,572,A_CYS_572,18.38800715019649
A,CYS,580,A_CYS_580,17.654068704594295
A,CYS,597,A_CYS_597,17.53720108278879
A,CYS,598,A_CYS_598,17.357211650104396
A,CYS,607,A_CYS_607,15.175667877393861
A,GLN,560,A_GLN_560,23.085456317449403
A,GLN,614,A_GLN_614,7.913004762783245
A,GLU,573,A_GLU_573,23.01172669353381
A,GLU,578,A_GLU_578,22.95330605471067
A,GLU,579,A_GLU_579,22.045643624325884
A,GLY,569,A_GLY_569,10.310773710458932
A,GLY,576,A_GLY_576,10.308460850704927
A,GLY,611,A_GLY_611,2.697174983248276
A,HIS,558,A_HIS_558,12.278666913860683
A,HIS,595,A_HIS_595,5.725226880832507
A,HIS,618,A_HIS_618,23.854654286831792
A,ILE,563,A_ILE_563,3.997483450855432
A,ILE,571,A_ILE_571,18.96445630589041
A,ILE,624,A_ILE_624,18.42613216276378
A,LEU,577,A_LEU_577,17.72330516018483
A,LEU,626,A_LEU_626,3.549882028548769
A,LYS,574,A_LYS_574,20.719364965592966
A,LYS,600,A_LYS_600,16.181024553662226
A,LYS,601,A_LYS_601,17.143382911527425
A,MET,599,A_MET_599,21.991779109340683
A,MET,602,A_MET_602,2.8270079775693384
A,PHE,552,A_PHE_552,25.405732352613096
A,PHE,619,A_PHE_619,25.255128095670635
A,SER,570,A_SER_570,16.184029819255514
A,SER,609,A_SER_609,15.550496115225124
A,SER,612,A_SER_612,3.4629042766121336
A,SER,616,A_SER_616,2.5869679909510688
A,THR,553,A_THR_553,8.165149135969173
A,THR,559,A_THR_559,18.264757937303482
A,THR,581,A_THR_581,4.266235884456782
A,THR,606,A_THR_606,10.668192559426874
A,THR,610,A_THR_610,17.060322420480997
A,TRP,615,A_TRP_615,31.80621348682523
A,TYR,575,A_TYR_575,28.26537984528026
A,VAL,561,A_VAL_561,17.099042696543933
A,VAL,596,A_VAL_596,16.234068111584122
