chain,resname,resnum,res_key,density
A,ALA,487,A_ALA_487,12.129904765676027
A,ARG,493,A_ARG_493,18.325442939494405
A,ASN,462,A_ASN_462,21.19785293761636
A,ASN,488,A_ASN_488,21.25425750907764
A,ASP,472,A_ASP_472,20.850159223181812
A,ASP,481,A_ASP_481,22.031862970139215
A,ASP,486,A_ASP_486,20.89324929935428
A,CYS,460,A_CYS_460,18.10581746805275
A,CYS,471,A_CYS_471,18.449623157240627
A,CYS,473,A_CYS_473,17.537766092705116
A,CYS,479,A_CYS_479,14.804944347138859
A,CYS,483,A_CYS_483,12.188438282882167
A,CYS,484,A_CYS_484,16.949510640266386
A,CYS,495,A_CYS_495,18.35731483120184
A,CYS,503,A_CYS_503,5.941432399457506
A,GLN,467,A_GLN_467,12.5120340356644
A,GLN,489,A_GLN_489,22.88878088549592
A,GLN,507,A_GLN_507,17.128863496296393
A,GLU,466,A_GLU_466,22.5970752379287
A,GLU,469,A_GLU_469,22.81698598858862
A,GLU,470,A_GLU_470,23.256881191262675
A,GLU,482,A_GLU_482,2.3029445146657213
A,GLU,491,A_GLU_491,19.89400943557213
A,GLY,461,A_GLY_461,10.399861419865536
A,GLY,463,A_GLY_463,10.30168172829577
A,GLY,468,A_GLY_468,10.110710183685274
A,GLY,474,A_GLY_474,11.22007195328934
A,GLY,492,A_GLY_492,10.605026876489973
A,HIS,55,A_HIS_55,11.34569529391208
A,ILE,459,A_ILE_459,16.502549839429538
A,LEU,497,A_LEU_497,17.6547184658202
A,LYS,494,A_LYS_494,20.63681890483457
A,LYS,496,A_LYS_496,21.29752354215754
A,LYS,498,A_LYS_498,20.26911341329616
A,MET,464,A_MET_464,14.766564157891706
A,PHE,485,A_PHE_485,25.63336717509768
A,PRO,458,A_PRO_458,15.822950424762926
A,PRO,490,A_PRO_490,16.134521013396586
A,PRO,499,A_PRO_499,4.489211341645669
A,PRO,505,A_PRO_505,2.643985306900492
A,SER,476,A_SER_476,6.0173939930789295
A,SER,504,A_SER_504,15.381032470343433
A,SER,506,A_SER_506,16.597648744508582
A,TYR,475,A_TYR_475,27.84589636367584
A,VAL,465,A_VAL_465,16.173578527894776
