chain,resname,resnum,res_key,density
A,ALA,531,A_ALA_531,13.19086439653472
A,ALA,568,A_ALA_568,12.422045709016757
A,ARG,69,A_ARG_69,10.356275710634122
A,ARG,532,A_ARG_532,9.665874600105765
A,ARG,557,A_ARG_557,7.7832152812218
A,ASN,551,A_ASN_551,21.76260672579067
A,ASN,556,A_ASN_556,22.09909555336657
A,ASN,564,A_ASN_564,21.05227809961107
A,ASP,159,A_ASP_159,2.9459310998254766
A,ASP,527,A_ASP_527,5.861925986129997
A,ASP,529,A_ASP_529,20.695378378350796
A,ASP,547,A_ASP_547,8.06004365182145
A,ASP,554,A_ASP_554,21.682592149265176
A,CYS,530,A_CYS_530,17.901938426488925
A,CYS,555,A_CYS_555,17.31623093644595
A,CYS,562,A_CYS_562,18.50722355882729
A,CYS,567,A_CYS_567,18.542282057819726
A,CYS,572,A_CYS_572,5.345973118766347
A,GLN,560,A_GLN_560,23.085456317449403
A,GLN,566,A_GLN_566,22.080383712140453
A,GLU,573,A_GLU_573,23.01172669353381
A,GLY,68,A_GLY_68,10.420935128058067
A,GLY,132,A_GLY_132,5.218672575169017
A,GLY,565,A_GLY_565,10.476919395252171
A,GLY,569,A_GLY_569,10.310773710458932
A,HIS,67,A_HIS_67,12.42656842948048
A,HIS,558,A_HIS_558,16.281866601188142
A,ILE,563,A_ILE_563,18.339149456571995
A,ILE,571,A_ILE_571,18.96445630589041
A,LYS,549,A_LYS_549,21.12108171677666
A,LYS,574,A_LYS_574,20.719364965592966
A,PHE,552,A_PHE_552,25.405732352613096
A,PRO,548,A_PRO_548,15.482494661452222
A,PRO,550,A_PRO_550,15.64109787733209
A,SER,528,A_SER_528,16.10243086901119
A,SER,570,A_SER_570,16.184029819255514
A,THR,553,A_THR_553,17.58695349777684
A,THR,559,A_THR_559,16.335902687067012
A,TYR,575,A_TYR_575,2.746575703686218
A,VAL,561,A_VAL_561,17.099042696543933
