chain,resname,resnum,res_key,density
A,ARG,30,A_ARG_30,3.335317849359997
A,ARG,147,A_ARG_147,14.133991031922317
A,ARG,557,A_ARG_557,2.392323358941314
A,ARG,636,A_ARG_636,12.555859521001121
A,ARG,644,A_ARG_644,24.40208897695073
A,ARG,646,A_ARG_646,26.860298270958356
A,ASN,23,A_ASN_23,21.363022415873864
A,ASN,633,A_ASN_633,17.602352927148303
A,ASP,589,A_ASP_589,6.015001784701388
A,ASP,590,A_ASP_590,21.77372661236043
A,ASP,634,A_ASP_634,5.504822056700106
A,ASP,640,A_ASP_640,22.2078714034301
A,CYS,582,A_CYS_582,7.901895673661556
A,CYS,594,A_CYS_594,17.836675578633
A,CYS,632,A_CYS_632,17.908002109950296
A,CYS,639,A_CYS_639,17.754016639079925
A,CYS,645,A_CYS_645,17.947132225052563
A,GLN,20,A_GLN_20,20.99879174845703
A,GLN,627,A_GLN_627,23.37882730059719
A,GLU,33,A_GLU_33,2.14096050018799
A,GLU,592,A_GLU_592,11.788475684671777
A,GLY,18,A_GLY_18,2.8430740546989255
A,GLY,19,A_GLY_19,5.389324081841075
A,GLY,22,A_GLY_22,10.140529663466776
A,GLY,34,A_GLY_34,4.481366110862954
A,GLY,629,A_GLY_629,10.262511487932665
A,GLY,637,A_GLY_637,10.343445185333621
A,HIS,31,A_HIS_31,5.237921968008397
A,HIS,595,A_HIS_595,23.039217654554196
A,ILE,144,A_ILE_144,6.1393881713987195
A,ILE,624,A_ILE_624,5.428602947090305
A,LEU,149,A_LEU_149,8.346301448655106
A,LEU,593,A_LEU_593,17.366100767966437
A,LEU,626,A_LEU_626,17.845905478657542
A,LEU,647,A_LEU_647,18.236749682128888
A,LYS,591,A_LYS_591,18.26055123869887
A,MET,643,A_MET_643,21.44109076265131
A,PHE,151,A_PHE_151,10.50052389390676
A,PHE,635,A_PHE_635,19.815406636328238
A,PHE,642,A_PHE_642,25.57684243261536
A,PRO,24,A_PRO_24,14.491847331481212
A,PRO,150,A_PRO_150,7.954461876135745
A,PRO,628,A_PRO_628,15.720840905086794
A,PRO,631,A_PRO_631,17.136898407226795
A,SER,630,A_SER_630,16.43269455011692
A,THR,148,A_THR_148,3.325588927588803
A,THR,559,A_THR_559,1.9288552502364689
A,THR,581,A_THR_581,1.7796015575789423
A,THR,625,A_THR_625,17.821696758403256
A,TYR,21,A_TYR_21,21.952612507938138
A,TYR,32,A_TYR_32,23.365192518150494
A,TYR,638,A_TYR_638,29.196670576320816
A,VAL,596,A_VAL_596,8.31126681405831
A,VAL,641,A_VAL_641,15.729918302055642
A,VAL,648,A_VAL_648,10.50649210527082
