chain,resname,resnum,res_key,density
A,ALA,693,A_ALA_693,11.869024722423179
A,CYS,699,A_CYS_699,18.759689696500757
A,GLY,694,A_GLY_694,10.795464402448749
A,HIS,702,A_HIS_702,24.02581383788826
A,ILE,696,A_ILE_696,18.760566569448642
A,ILE,698,A_ILE_698,18.563011104221385
A,LEU,691,A_LEU_691,9.819870863501588
A,LEU,710,A_LEU_710,1.841450858488908
A,LEU,716,A_LEU_716,14.235970773104722
A,LYS,697,A_LYS_697,20.65981650635816
A,LYS,714,A_LYS_714,15.652046984631507
A,MET,690,A_MET_690,3.431532155770251
A,MET,692,A_MET_692,14.90697961970115
A,PHE,695,A_PHE_695,24.448257411619668
A,PRO,704,A_PRO_704,15.860441902868278
A,PRO,711,A_PRO_711,3.11311517806176
A,PRO,712,A_PRO_712,5.801302236438017
A,PRO,713,A_PRO_713,15.997210897916693
A,PRO,715,A_PRO_715,11.048658078713595
A,PRO,717,A_PRO_717,4.507528931832503
A,SER,700,A_SER_700,15.352408759366382
A,SER,705,A_SER_705,10.178330896939515
A,THR,703,A_THR_703,17.72806427211316
A,VAL,701,A_VAL_701,16.401188071764025
