chain,resname,resnum,res_key,density
A,ALA,135,A_ALA_135,12.296837039672225
A,ALA,203,A_ALA_203,12.904343242553889
A,ARG,136,A_ARG_136,20.0692644007883
A,ARG,193,A_ARG_193,27.262444516237736
A,ARG,201,A_ARG_201,24.63970107913259
A,ARG,485,A_ARG_485,12.208654941199203
A,ASN,131,A_ASN_131,18.201970267377583
A,ASN,133,A_ASN_133,10.24650157751686
A,ASN,140,A_ASN_140,20.571734912249948
A,ASN,191,A_ASN_191,18.653797308131782
A,ASN,482,A_ASN_482,10.428191814937442
A,ASP,197,A_ASP_197,22.22553318065207
A,CYS,196,A_CYS_196,18.58659642826711
A,GLU,224,A_GLU_224,2.9937053404804654
A,HIS,141,A_HIS_141,8.910984249542345
A,HIS,143,A_HIS_143,15.025034627637307
A,HIS,190,A_HIS_190,23.689295180296554
A,ILE,142,A_ILE_142,18.234157280619847
A,ILE,202,A_ILE_202,18.004164220226347
A,LEU,124,A_LEU_124,3.845705086450384
A,LEU,126,A_LEU_126,5.553155479196404
A,LEU,134,A_LEU_134,17.44454505699444
A,LEU,138,A_LEU_138,18.799657251801065
A,LEU,195,A_LEU_195,18.146991181899164
A,LYS,200,A_LYS_200,14.848760999359873
A,MET,107,A_MET_107,1.4799880728074621
A,MET,153,A_MET_153,16.706071375261118
A,MET,187,A_MET_187,3.052872016197997
A,PHE,151,A_PHE_151,25.378143409961194
A,PHE,192,A_PHE_192,25.06205648054916
A,PRO,225,A_PRO_225,4.05930803722077
A,PRO,589,A_PRO_589,1.4716654574452799
A,SER,199,A_SER_199,15.976844514655504
A,SER,478,A_SER_478,7.773857997241638
A,THR,132,A_THR_132,17.756472817836496
A,THR,139,A_THR_139,17.6529305086262
A,THR,194,A_THR_194,18.41854579365822
A,TRP,188,A_TRP_188,6.062670430345602
A,TRP,189,A_TRP_189,33.112882667366705
A,TYR,198,A_TYR_198,29.256718403845408
A,TYR,481,A_TYR_481,9.381693075759388
A,VAL,137,A_VAL_137,12.978388191121091
A,VAL,204,A_VAL_204,5.114261624994734
