chain,resname,resnum,res_key,density
A,ALA,340,A_ALA_340,12.051172896116356
A,ALA,374,A_ALA_374,5.669035270810615
A,ALA,378,A_ALA_378,13.19918618509258
A,ALA,379,A_ALA_379,11.985262467850418
A,ALA,382,A_ALA_382,12.155569924558474
A,ALA,429,A_ALA_429,5.899553330906851
A,ARG,348,A_ARG_348,25.980335462761
A,ARG,377,A_ARG_377,2.614276938976297
A,ARG,384,A_ARG_384,25.989389475661635
A,ARG,385,A_ARG_385,8.604412770613262
A,ASN,357,A_ASN_357,11.536383659617286
A,ASP,347,A_ASP_347,21.481579960573693
A,ASP,383,A_ASP_383,4.802171494236142
A,ASP,430,A_ASP_430,20.56659047556837
A,ASP,460,A_ASP_460,15.94621510778365
A,ASP,562,A_ASP_562,17.386657699163926
A,CYS,344,A_CYS_344,18.459325328535975
A,GLN,336,A_GLN_336,5.933875791768184
A,GLN,338,A_GLN_338,15.399692728683473
A,GLN,339,A_GLN_339,20.75970318005678
A,GLN,359,A_GLN_359,22.12600413608473
A,GLN,381,A_GLN_381,18.10361918009763
A,GLN,561,A_GLN_561,22.832507240537495
A,GLY,461,A_GLY_461,9.808057652446355
A,GLY,466,A_GLY_466,4.726515112403511
A,HIS,523,A_HIS_523,3.434124474592145
A,ILE,341,A_ILE_341,18.700225402588693
A,ILE,386,A_ILE_386,13.25651847359527
A,ILE,431,A_ILE_431,17.999629388866737
A,ILE,432,A_ILE_432,12.407778306852986
A,ILE,464,A_ILE_464,18.586159674219864
A,ILE,563,A_ILE_563,18.331091596510085
A,LEU,345,A_LEU_345,17.962988628122783
A,LEU,346,A_LEU_346,17.880086150977217
A,LEU,361,A_LEU_361,14.858305905051672
A,LEU,457,A_LEU_457,1.781338498388227
A,LEU,559,A_LEU_559,16.666400327642055
A,LYS,343,A_LYS_343,21.19054438924992
A,LYS,380,A_LYS_380,2.4320986060545047
A,MET,362,A_MET_362,2.641007134569347
A,PRO,350,A_PRO_350,16.119220968846523
A,PRO,465,A_PRO_465,10.83265875050748
A,SER,375,A_SER_375,16.620558453180436
A,SER,463,A_SER_463,15.577874744368266
A,TYR,337,A_TYR_337,14.595573188349496
A,TYR,342,A_TYR_342,27.444675261423622
A,TYR,560,A_TYR_560,28.28762668658749
A,VAL,349,A_VAL_349,16.48171000377005
A,VAL,360,A_VAL_360,10.65018891120453
A,VAL,433,A_VAL_433,9.97557496699504
A,VAL,462,A_VAL_462,15.745542999909254
A,VAL,558,A_VAL_558,7.855248416604278
