chain,resname,resnum,res_key,density
A,ARG,157,A_ARG_157,26.428573057248812
A,ARG,162,A_ARG_162,12.848614419103397
A,ASP,169,A_ASP_169,18.15998171685836
A,ASP,175,A_ASP_175,21.051170222583206
A,CYS,156,A_CYS_156,2.5760826983972693
A,CYS,160,A_CYS_160,17.701507848529317
A,CYS,170,A_CYS_170,6.383739145967201
A,CYS,178,A_CYS_178,18.088076648005003
A,GLU,177,A_GLU_177,22.33632873822794
A,GLU,182,A_GLU_182,2.653577406839212
A,GLY,159,A_GLY_159,10.214814796241699
A,GLY,163,A_GLY_163,10.289269206853579
A,GLY,168,A_GLY_168,10.342962165325424
A,GLY,184,A_GLY_184,2.667047570849391
A,HIS,180,A_HIS_180,24.4436577818077
A,ILE,176,A_ILE_176,17.222285962854986
A,LYS,166,A_LYS_166,20.150789303081694
A,LYS,181,A_LYS_181,15.99273883207959
A,MET,164,A_MET_164,21.66437035739229
A,PRO,161,A_PRO_161,16.32852855695894
A,SER,174,A_SER_174,13.149639812785223
A,SER,183,A_SER_183,15.464297220961718
A,THR,158,A_THR_158,10.51372923750553
A,VAL,165,A_VAL_165,16.551805412560274
A,VAL,167,A_VAL_167,16.695833039631964
A,VAL,179,A_VAL_179,17.027982144348414
