chain,resname,resnum,res_key,density
A,ALA,206,A_ALA_206,12.791179261777796
A,ARG,29,A_ARG_29,7.478937937811462
A,CYS,209,A_CYS_209,18.67930852259543
A,GLY,213,A_GLY_213,7.592064799769951
A,ILE,214,A_ILE_214,10.187815919935826
A,ILE,215,A_ILE_215,1.7890916718884475
A,LEU,211,A_LEU_211,18.153284589566887
A,PRO,205,A_PRO_205,7.485421901052145
A,PRO,208,A_PRO_208,16.087635646102203
A,SER,207,A_SER_207,16.5023414638849
A,SER,210,A_SER_210,14.816554480840237
A,SER,212,A_SER_212,14.919573810672587
