chain,resname,resnum,res_key,density
A,ALA,228,A_ALA_228,13.358636905506794
A,CYS,232,A_CYS_232,17.792511713278802
A,ILE,226,A_ILE_226,14.351569436417602
A,LEU,225,A_LEU_225,14.225808826697936
A,LEU,235,A_LEU_235,18.24343717873593
A,LEU,236,A_LEU_236,18.914047161744314
A,LYS,233,A_LYS_233,21.128215254039194
A,LYS,238,A_LYS_238,20.81403016269487
A,LYS,239,A_LYS_239,17.682963716038067
A,PHE,230,A_PHE_230,25.31270602739069
A,SER,234,A_SER_234,15.048485388384954
A,TRP,237,A_TRP_237,27.39720131501104
A,VAL,224,A_VAL_224,6.226282335398523
A,VAL,227,A_VAL_227,16.738623762516276
A,VAL,229,A_VAL_229,16.444735349893165
A,VAL,231,A_VAL_231,16.895897698932227
A,VAL,240,A_VAL_240,6.769413586696723
