chain,resname,resnum,res_key,density
A,ALA,32,A_ALA_32,8.779272928316024
A,ALA,34,A_ALA_34,12.919176342650392
A,ARG,13,A_ARG_13,7.664471005541677
A,ARG,18,A_ARG_18,20.511907267060465
A,ASN,270,A_ASN_270,17.65512854202797
A,ASP,39,A_ASP_39,2.4837195181954166
A,CYS,278,A_CYS_278,17.74028435854334
A,GLN,36,A_GLN_36,23.063579387691455
A,GLN,282,A_GLN_282,22.717260123246366
A,GLU,274,A_GLU_274,10.20367115087547
A,GLU,276,A_GLU_276,23.583355570363643
A,GLU,285,A_GLU_285,20.204759927156456
A,GLY,17,A_GLY_17,8.588476517424638
A,GLY,31,A_GLY_31,3.205612631841425
A,GLY,37,A_GLY_37,10.421275106902394
A,GLY,242,A_GLY_242,5.980451209248157
A,GLY,268,A_GLY_268,3.0522900943813753
A,HIS,271,A_HIS_271,2.820081672291213
A,HIS,272,A_HIS_272,23.52698700774243
A,ILE,266,A_ILE_266,18.10408962160205
A,LEU,281,A_LEU_281,18.38647458640898
A,LEU,284,A_LEU_284,19.24707902289319
A,LYS,35,A_LYS_35,16.506583324362126
A,LYS,275,A_LYS_275,20.416078641107617
A,PHE,38,A_PHE_38,25.81499596860163
A,PHE,236,A_PHE_236,14.542375759533487
A,PHE,243,A_PHE_243,25.348834762783113
A,PHE,277,A_PHE_277,24.29909670088792
A,PRO,244,A_PRO_244,15.950817322577677
A,SER,16,A_SER_16,12.24595552380038
A,SER,273,A_SER_273,10.943973424096114
A,SER,279,A_SER_279,16.140716601689334
A,THR,233,A_THR_233,5.893457914736361
A,THR,269,A_THR_269,5.947103696084881
A,TYR,280,A_TYR_280,28.0442470433458
A,TYR,283,A_TYR_283,19.037432804976202
A,TYR,286,A_TYR_286,6.885647900752873
A,VAL,14,A_VAL_14,3.3734261609790646
A,VAL,33,A_VAL_33,17.408051275102732
A,VAL,245,A_VAL_245,2.7225685732297853
