chain,resname,resnum,res_key,density
A,ALA,346,A_ALA_346,8.731396040180673
A,ALA,397,A_ALA_397,3.3475586291899955
A,ALA,414,A_ALA_414,3.0808901637436326
A,ARG,339,A_ARG_339,24.878663066807356
A,ARG,379,A_ARG_379,5.757373793887975
A,ASP,333,A_ASP_333,3.125319312730154
A,ASP,343,A_ASP_343,21.066942689760626
A,ASP,344,A_ASP_344,21.834151761350444
A,ASP,347,A_ASP_347,15.749644825543884
A,ASP,420,A_ASP_420,10.881956514577567
A,CYS,341,A_CYS_341,17.49447678889268
A,GLN,340,A_GLN_340,23.420487751191253
A,GLU,336,A_GLU_336,24.041197851339575
A,GLU,419,A_GLU_419,10.06168228843034
A,GLY,426,A_GLY_426,10.337375875297742
A,HIS,421,A_HIS_421,24.12043395719877
A,ILE,387,A_ILE_387,10.141382816757382
A,ILE,418,A_ILE_418,19.092886932587774
A,LEU,326,A_LEU_326,2.057142557560386
A,LEU,338,A_LEU_338,17.886468073884153
A,LEU,348,A_LEU_348,15.080013407167119
A,LEU,382,A_LEU_382,14.915309635709368
A,LEU,386,A_LEU_386,17.707420681399498
A,LEU,402,A_LEU_402,9.92282874948961
A,LEU,403,A_LEU_403,5.938117689035385
A,LEU,406,A_LEU_406,1.9755388917708077
A,LEU,422,A_LEU_422,18.364397800407232
A,LEU,423,A_LEU_423,12.865561817188937
A,LYS,417,A_LYS_417,8.318294472085892
A,LYS,427,A_LYS_427,20.34285012034385
A,PHE,342,A_PHE_342,25.146136105112827
A,PHE,345,A_PHE_345,26.24627119947614
A,PHE,428,A_PHE_428,25.911932831276815
A,PRO,328,A_PRO_328,5.4460963584911095
A,PRO,334,A_PRO_334,7.29569237969117
A,SER,398,A_SER_398,7.593903883032041
A,SER,424,A_SER_424,16.263420498887353
A,SER,425,A_SER_425,16.06092883213924
A,THR,335,A_THR_335,14.459646242580206
A,THR,337,A_THR_337,17.53923647905261
A,THR,384,A_THR_384,3.009934484030698
A,TRP,389,A_TRP_389,6.158154748543311
A,TYR,383,A_TYR_383,27.64205272055008
A,VAL,349,A_VAL_349,6.698334905234171
A,VAL,390,A_VAL_390,6.163188258738871
A,VAL,399,A_VAL_399,16.543268070374825
