chain,resname,resnum,res_key,density
A,ALA,659,A_ALA_659,12.94742287169239
A,ARG,348,A_ARG_348,2.695295394192703
A,ASN,349,A_ASN_349,12.885736692916606
A,ASP,771,A_ASP_771,21.149266301410304
A,ASP,786,A_ASP_786,6.823662689854186
A,CYS,346,A_CYS_346,18.982545321684754
A,CYS,352,A_CYS_352,12.503011047779902
A,CYS,670,A_CYS_670,6.0721772265988285
A,CYS,778,A_CYS_778,17.111311593745477
A,GLN,775,A_GLN_775,22.353051715666957
A,GLY,343,A_GLY_343,10.431095665130826
A,GLY,351,A_GLY_351,10.795076283258584
A,GLY,657,A_GLY_657,3.3281019180795792
A,GLY,660,A_GLY_660,10.041196774769318
A,GLY,698,A_GLY_698,3.138155940119058
A,GLY,784,A_GLY_784,10.193010883844723
A,ILE,354,A_ILE_354,18.781041880277474
A,ILE,361,A_ILE_361,12.631588067674366
A,ILE,658,A_ILE_658,5.93943177157052
A,ILE,661,A_ILE_661,11.28276031394065
A,ILE,663,A_ILE_663,18.999991365754344
A,ILE,702,A_ILE_702,12.121796104930775
A,ILE,770,A_ILE_770,12.27508231606216
A,ILE,776,A_ILE_776,17.808816353122282
A,LEU,358,A_LEU_358,18.831447331491752
A,LEU,656,A_LEU_656,18.26067916560425
A,LEU,662,A_LEU_662,15.739694193611417
A,LEU,665,A_LEU_665,2.9320264128586513
A,LEU,705,A_LEU_705,8.043076441221892
A,LEU,724,A_LEU_724,5.641754684648966
A,LEU,728,A_LEU_728,5.945394007534029
A,LEU,773,A_LEU_773,18.961830609846935
A,LEU,774,A_LEU_774,18.076614439404224
A,LEU,782,A_LEU_782,18.346555903521562
A,LEU,783,A_LEU_783,18.25737781435315
A,LEU,785,A_LEU_785,14.418652497681327
A,MET,735,A_MET_735,1.2805044968879382
A,PHE,345,A_PHE_345,14.565023051507314
A,PHE,355,A_PHE_355,14.374743041042104
A,PHE,356,A_PHE_356,19.19463480428103
A,PHE,360,A_PHE_360,17.707634791338357
A,PHE,769,A_PHE_769,2.963646098591921
A,PHE,772,A_PHE_772,16.802923988885972
A,PHE,779,A_PHE_779,25.450524999087243
A,PRO,350,A_PRO_350,16.237499648497725
A,SER,357,A_SER_357,14.705503025063944
A,SER,655,A_SER_655,5.892521280923033
A,SER,666,A_SER_666,15.392340099469004
A,SER,667,A_SER_667,9.501759900054498
A,SER,781,A_SER_781,14.730695672698943
A,THR,777,A_THR_777,17.17697170462978
A,TRP,342,A_TRP_342,27.540905551755806
A,VAL,347,A_VAL_347,16.880380112376674
A,VAL,353,A_VAL_353,16.998496239705574
A,VAL,359,A_VAL_359,7.191766506592164
A,VAL,664,A_VAL_664,11.582872337769599
A,VAL,780,A_VAL_780,16.13327451541218
