chain,resname,resnum,res_key,density
A,ALA,172,A_ALA_172,11.379298990324664
A,ALA,181,A_ALA_181,11.017157201816254
A,ALA,183,A_ALA_183,12.122662996950652
A,ALA,186,A_ALA_186,12.67891300343718
A,ALA,519,A_ALA_519,12.034152251239446
A,ALA,521,A_ALA_521,7.2047801523729325
A,ARG,161,A_ARG_161,12.420039889870027
A,ARG,518,A_ARG_518,26.649272822732854
A,ASN,185,A_ASN_185,20.278281672230637
A,ASN,188,A_ASN_188,21.43192674810351
A,ASN,195,A_ASN_195,18.170480867871028
A,ASN,198,A_ASN_198,21.612671073049587
A,ASN,524,A_ASN_524,3.178572495151063
A,ASP,170,A_ASP_170,9.13706623683599
A,ASP,180,A_ASP_180,22.23500893617462
A,ASP,182,A_ASP_182,17.824013802628524
A,CYS,160,A_CYS_160,15.084787951920806
A,CYS,177,A_CYS_177,17.204314737590312
A,CYS,184,A_CYS_184,18.155897453761856
A,GLN,200,A_GLN_200,4.0484914916949
A,GLU,191,A_GLU_191,23.94521908292174
A,GLY,174,A_GLY_174,10.154724917554969
A,GLY,178,A_GLY_178,9.724513026183617
A,ILE,190,A_ILE_190,18.4717973100089
A,LEU,89,A_LEU_89,1.877764643857127
A,LEU,94,A_LEU_94,7.768516711984901
A,LEU,104,A_LEU_104,5.402128681521467
A,LEU,173,A_LEU_173,18.455047853223643
A,LEU,175,A_LEU_175,18.94921197837925
A,LEU,176,A_LEU_176,18.230929159423948
A,LEU,514,A_LEU_514,2.8499532957673015
A,LYS,171,A_LYS_171,16.077215722796605
A,LYS,179,A_LYS_179,20.021440792404277
A,MET,156,A_MET_156,1.5308776250147704
A,MET,193,A_MET_193,20.452791971077875
A,PHE,93,A_PHE_93,6.685824594663204
A,PHE,194,A_PHE_194,13.600984561717276
A,PHE,209,A_PHE_209,1.9773730108225016
A,PRO,90,A_PRO_90,8.023642362443546
A,PRO,520,A_PRO_520,4.90477705555624
A,SER,522,A_SER_522,10.180195811052247
A,THR,187,A_THR_187,17.92571086918555
A,THR,526,A_THR_526,11.449885887801614
A,TRP,189,A_TRP_189,32.42607596810881
A,TYR,157,A_TYR_157,27.303508482555262
A,TYR,192,A_TYR_192,28.298731542782612
A,TYR,515,A_TYR_515,25.063080491534855
A,VAL,163,A_VAL_163,3.3659132932788465
A,VAL,517,A_VAL_517,5.866488514243326
