chain,resname,resnum,res_key,density
A,ALA,470,A_ALA_470,13.1923181381791
A,ARG,404,A_ARG_404,2.9518719031708445
A,ASN,452,A_ASN_452,7.730121961159494
A,ASN,476,A_ASN_476,20.491074733320666
A,ASN,478,A_ASN_478,21.154205685433
A,ASN,486,A_ASN_486,18.419244299723033
A,ASN,490,A_ASN_490,15.056441341647384
A,ASN,568,A_ASN_568,15.96317363666072
A,ASP,466,A_ASP_466,20.820419416268287
A,CYS,468,A_CYS_468,17.802844809743874
A,CYS,479,A_CYS_479,17.88684100444684
A,GLN,447,A_GLN_447,20.577227493680397
A,GLN,465,A_GLN_465,21.91383998886992
A,GLN,489,A_GLN_489,7.4685355944915965
A,GLU,406,A_GLU_406,6.905006312614752
A,GLU,451,A_GLU_451,23.472017873733602
A,GLY,535,A_GLY_535,10.918461223550475
A,GLY,538,A_GLY_538,10.13494370836921
A,GLY,539,A_GLY_539,10.160839974798392
A,ILE,448,A_ILE_448,8.264093221170146
A,ILE,450,A_ILE_450,11.549040906184008
A,ILE,453,A_ILE_453,3.3787464302038934
A,ILE,467,A_ILE_467,17.95369077940577
A,ILE,481,A_ILE_481,17.019070902963694
A,ILE,563,A_ILE_563,1.8688995031055593
A,LEU,464,A_LEU_464,18.02636637171923
A,LEU,469,A_LEU_469,18.350776608971795
A,LEU,472,A_LEU_472,18.524121901236086
A,LEU,482,A_LEU_482,18.291759501757127
A,LEU,534,A_LEU_534,2.636881958189714
A,PHE,403,A_PHE_403,8.3100662767123
A,PHE,537,A_PHE_537,25.179471149189606
A,PHE,565,A_PHE_565,24.673212899901408
A,PRO,471,A_PRO_471,16.026312522064185
A,PRO,566,A_PRO_566,15.718624556365342
A,SER,473,A_SER_473,12.868742200715436
A,SER,483,A_SER_483,12.791210761195169
A,THR,463,A_THR_463,17.74270570879023
A,THR,477,A_THR_477,17.78479968725804
A,THR,480,A_THR_480,18.073706893224475
A,THR,536,A_THR_536,17.440237547808323
A,THR,564,A_THR_564,14.351463495179585
A,TRP,583,A_TRP_583,19.310744286722294
A,TYR,475,A_TYR_475,5.790157750048175
A,VAL,541,A_VAL_541,1.9305499479164967
A,VAL,567,A_VAL_567,15.720802679518235
