chain,resname,resnum,res_key,density
A,ALA,155,A_ALA_155,13.220486720493117
A,ALA,159,A_ALA_159,12.563791362520545
A,ALA,236,A_ALA_236,11.594918330501505
A,ARG,96,A_ARG_96,12.413355019172199
A,ARG,161,A_ARG_161,26.659503384868476
A,ASN,103,A_ASN_103,17.387352572465154
A,ASN,154,A_ASN_154,5.65057761769174
A,ASN,158,A_ASN_158,20.067421078046014
A,ASP,162,A_ASP_162,21.376666847009385
A,ASP,228,A_ASP_228,21.169772309427266
A,ASP,232,A_ASP_232,2.953164619603911
A,ASP,242,A_ASP_242,21.091982767172592
A,CYS,97,A_CYS_97,17.49741357539836
A,CYS,100,A_CYS_100,18.082554140254146
A,CYS,160,A_CYS_160,17.422314620598506
A,CYS,227,A_CYS_227,16.5939324887529
A,CYS,238,A_CYS_238,17.176446087095265
A,CYS,240,A_CYS_240,17.92133028597129
A,CYS,243,A_CYS_243,17.3054837127561
A,CYS,247,A_CYS_247,17.92303646047003
A,GLN,241,A_GLN_241,13.247576794695654
A,GLU,164,A_GLU_164,2.7473642298432557
A,GLU,229,A_GLU_229,22.656781791832113
A,GLY,226,A_GLY_226,10.338445990356178
A,GLY,911,A_GLY_911,2.431064590129916
A,ILE,245,A_ILE_245,18.410222218684606
A,LEU,94,A_LEU_94,11.503034821405905
A,LEU,104,A_LEU_104,2.682101212834046
A,LYS,225,A_LYS_225,19.578170530608418
A,MET,156,A_MET_156,13.833167611682724
A,MET,912,A_MET_912,14.392709031703157
A,PHE,101,A_PHE_101,12.904286065542806
A,PRO,98,A_PRO_98,16.142617050956865
A,PRO,237,A_PRO_237,16.364599199994363
A,SER,95,A_SER_95,8.15080839976767
A,SER,99,A_SER_99,15.616985219511532
A,SER,230,A_SER_230,15.015312940154494
A,SER,239,A_SER_239,15.29320474465435
A,SER,244,A_SER_244,14.71995789547725
A,THR,224,A_THR_224,17.173888746889187
A,THR,235,A_THR_235,11.103491506212707
A,TYR,102,A_TYR_102,14.898126303664908
A,TYR,157,A_TYR_157,15.935784220117897
A,VAL,163,A_VAL_163,15.728466265299996
A,VAL,231,A_VAL_231,16.502870270140498
A,VAL,246,A_VAL_246,15.859788660164346
