chain,resname,resnum,res_key,density
A,ALA,519,A_ALA_519,12.034152251239446
A,ALA,521,A_ALA_521,12.429910178211609
A,ARG,518,A_ARG_518,26.649272822732854
A,ASN,486,A_ASN_486,18.734471243911372
A,ASN,524,A_ASN_524,17.8213104150468
A,ASN,556,A_ASN_556,10.520982688388145
A,ASP,170,A_ASP_170,2.819658661414748
A,ASP,180,A_ASP_180,18.41221634545956
A,ASP,508,A_ASP_508,5.790230758375992
A,ASP,525,A_ASP_525,22.195294685900596
A,ASP,531,A_ASP_531,21.583413546916326
A,CYS,177,A_CYS_177,2.284115115945961
A,CYS,516,A_CYS_516,17.44880600895204
A,CYS,533,A_CYS_533,17.58224258018919
A,GLN,489,A_GLN_489,11.190448500338633
A,GLN,553,A_GLN_553,3.3218408983195933
A,GLY,174,A_GLY_174,7.656880278528998
A,GLY,178,A_GLY_178,9.724513026183617
A,GLY,535,A_GLY_535,10.918461223550475
A,GLY,539,A_GLY_539,5.632166213195568
A,HIS,510,A_HIS_510,13.238909257338044
A,HIS,512,A_HIS_512,24.05131007462014
A,HIS,530,A_HIS_530,10.578746361081233
A,LEU,175,A_LEU_175,17.066823564693724
A,LEU,435,A_LEU_435,5.962522571674038
A,LEU,440,A_LEU_440,1.8980817462728934
A,LEU,485,A_LEU_485,10.764454626893862
A,LEU,495,A_LEU_495,1.4412902039009343
A,LEU,514,A_LEU_514,18.207281697031043
A,LEU,523,A_LEU_523,16.588509594548032
A,LEU,529,A_LEU_529,8.06172472616916
A,LEU,534,A_LEU_534,17.77406069729917
A,LEU,547,A_LEU_547,10.311917237889865
A,LYS,179,A_LYS_179,13.761685728663018
A,PHE,431,A_PHE_431,8.169700458721817
A,PHE,488,A_PHE_488,25.591345145931804
A,PHE,513,A_PHE_513,26.310336443915414
A,PHE,542,A_PHE_542,25.272492235973775
A,PRO,520,A_PRO_520,16.200217707985026
A,PRO,532,A_PRO_532,16.47521618048005
A,PRO,540,A_PRO_540,16.418893583878184
A,PRO,543,A_PRO_543,15.912867750033527
A,SER,483,A_SER_483,7.574219822512273
A,SER,522,A_SER_522,15.91577749356142
A,SER,527,A_SER_527,16.8759958787929
A,THR,511,A_THR_511,17.962754296231516
A,THR,526,A_THR_526,14.156743300624331
A,TRP,544,A_TRP_544,9.00505297706593
A,TYR,192,A_TYR_192,7.134280172066683
A,TYR,487,A_TYR_487,28.232202459128207
A,TYR,509,A_TYR_509,17.727958107352876
A,TYR,515,A_TYR_515,27.71302199182406
A,TYR,555,A_TYR_555,28.737712236463867
A,VAL,484,A_VAL_484,16.08327782258435
A,VAL,494,A_VAL_494,1.8788507793612763
A,VAL,517,A_VAL_517,16.539618846142204
A,VAL,541,A_VAL_541,16.338890034780206
A,VAL,546,A_VAL_546,6.667894007370039
