chain,resname,resnum,res_key,density
A,ALA,969,A_ALA_969,4.333287251077861
A,ALA,975,A_ALA_975,5.566885176712734
A,ARG,958,A_ARG_958,27.66498809231328
A,ARG,978,A_ARG_978,27.204588091022444
A,ARG,980,A_ARG_980,27.125077453419042
A,ARG,989,A_ARG_989,6.139375769561534
A,ARG,997,A_ARG_997,26.161134934503277
A,ASN,961,A_ASN_961,20.10264164759179
A,ASN,968,A_ASN_968,11.086263955444547
A,ASP,948,A_ASP_948,5.709217809107919
A,ASP,960,A_ASP_960,18.2777084026107
A,ASP,964,A_ASP_964,20.95907040231186
A,ASP,994,A_ASP_994,22.02528167876598
A,ASP,1005,A_ASP_1005,3.08496370771597
A,CYS,956,A_CYS_956,17.360598811792112
A,CYS,957,A_CYS_957,17.800414795573204
A,CYS,967,A_CYS_967,16.645786260949833
A,CYS,976,A_CYS_976,18.49501492378046
A,CYS,979,A_CYS_979,17.53753142024323
A,GLN,953,A_GLN_953,20.152370370560668
A,GLN,965,A_GLN_965,13.153794709288595
A,GLN,988,A_GLN_988,8.533768188005137
A,GLN,991,A_GLN_991,2.6756580585909737
A,GLU,985,A_GLU_985,5.569933691632313
A,GLY,986,A_GLY_986,9.842700013265041
A,GLY,993,A_GLY_993,5.516442667551399
A,ILE,962,A_ILE_962,2.5565990631766935
A,LEU,982,A_LEU_982,15.075744773652215
A,LEU,999,A_LEU_999,7.670738844697224
A,LYS,951,A_LYS_951,14.678789441529684
A,LYS,987,A_LYS_987,12.499315390564838
A,MET,996,A_MET_996,8.353129672139733
A,MET,1001,A_MET_1001,21.473727422903817
A,PHE,947,A_PHE_947,7.796320787031538
A,PHE,966,A_PHE_966,24.531035296057127
A,PHE,995,A_PHE_995,10.233738347675423
A,PHE,998,A_PHE_998,25.527037282353476
A,PHE,1002,A_PHE_1002,11.080684734674469
A,PRO,952,A_PRO_952,16.485038655639254
A,PRO,981,A_PRO_981,16.084033255136088
A,PRO,990,A_PRO_990,13.138925674941976
A,PRO,1000,A_PRO_1000,4.66227411151808
A,SER,954,A_SER_954,15.174386202264216
A,SER,955,A_SER_955,13.024970768259513
A,THR,983,A_THR_983,9.384047940093657
A,TRP,949,A_TRP_949,30.837738470696973
A,TYR,946,A_TYR_946,21.232245618738748
A,VAL,950,A_VAL_950,16.26277663257399
A,VAL,959,A_VAL_959,16.96242430317032
A,VAL,977,A_VAL_977,16.555884381566496
