chain,resname,resnum,res_key,density
A,ALA,329,A_ALA_329,11.718621530025606
A,ALA,330,A_ALA_330,12.471505899773618
A,ALA,1124,A_ALA_1124,12.032827790148339
A,ASN,1256,A_ASN_1256,12.05869146026057
A,ASP,325,A_ASP_325,20.579000363842294
A,CYS,323,A_CYS_323,17.41929406107139
A,CYS,324,A_CYS_324,17.56718285878745
A,CYS,1119,A_CYS_1119,17.723472429197685
A,GLU,332,A_GLU_332,17.744317029502888
A,GLU,1120,A_GLU_1120,24.264907180820337
A,GLY,1118,A_GLY_1118,9.371040702368912
A,ILE,1109,A_ILE_1109,3.6402136528005826
A,LEU,335,A_LEU_335,3.779427096814892
A,LEU,737,A_LEU_737,3.782067484923816
A,LEU,1111,A_LEU_1111,17.580953287867608
A,LEU,1116,A_LEU_1116,18.651098872401807
A,LEU,1117,A_LEU_1117,18.226803403367995
A,LEU,1121,A_LEU_1121,17.811848321838507
A,LYS,1259,A_LYS_1259,8.387206006686132
A,MET,1114,A_MET_1114,21.70557670108482
A,MET,1127,A_MET_1127,1.9628611895711356
A,PHE,331,A_PHE_331,25.788966758051682
A,PHE,1110,A_PHE_1110,21.85266060452385
A,PRO,326,A_PRO_326,15.93475694035482
A,PRO,1253,A_PRO_1253,4.234148623153715
A,SER,322,A_SER_322,15.798281666317678
A,SER,328,A_SER_328,16.118847328817374
A,SER,1123,A_SER_1123,15.2044254323154
A,THR,1113,A_THR_1113,18.283790731299217
A,THR,1176,A_THR_1176,7.442522159536535
A,TRP,1122,A_TRP_1122,16.747007161440777
A,VAL,327,A_VAL_327,17.00256688796842
A,VAL,1112,A_VAL_1112,14.749985873677018
A,VAL,1115,A_VAL_1115,16.201769647462477
A,VAL,1125,A_VAL_1125,9.053699905566418
