chain,resname,resnum,res_key,density
A,ARG,78,A_ARG_78,6.762989942401594
A,ARG,116,A_ARG_116,16.051171946794828
A,ASN,41,A_ASN_41,20.269099346527273
A,ASN,70,A_ASN_70,3.351871373517257
A,ASP,76,A_ASP_76,21.22092833682145
A,CYS,25,A_CYS_25,17.772306099738653
A,CYS,42,A_CYS_42,18.286024225282688
A,CYS,63,A_CYS_63,7.072201397453548
A,CYS,74,A_CYS_74,17.709361078993997
A,CYS,75,A_CYS_75,18.06236629494023
A,CYS,109,A_CYS_109,18.485705444512444
A,CYS,113,A_CYS_113,17.534843538225957
A,GLN,23,A_GLN_23,23.311744558961077
A,GLN,79,A_GLN_79,22.521119147106546
A,GLN,117,A_GLN_117,22.00742727552876
A,GLN,119,A_GLN_119,2.8317763772559155
A,GLU,30,A_GLU_30,6.410925328426885
A,GLU,43,A_GLU_43,13.716389751544416
A,GLU,110,A_GLU_110,22.98233942009584
A,GLY,29,A_GLY_29,10.185728640726468
A,GLY,46,A_GLY_46,10.221727410300502
A,LEU,51,A_LEU_51,17.69578002872458
A,LEU,73,A_LEU_73,17.5603106546567
A,LEU,80,A_LEU_80,14.065412883763637
A,LEU,83,A_LEU_83,5.929197094769354
A,LEU,111,A_LEU_111,18.173161316553312
A,LEU,121,A_LEU_121,17.765907430138736
A,LEU,144,A_LEU_144,1.8750985378826972
A,LYS,49,A_LYS_49,20.386787766020614
A,PHE,66,A_PHE_66,22.827113992487785
A,PHE,108,A_PHE_108,5.850470413879442
A,PHE,120,A_PHE_120,11.856047766706732
A,PRO,47,A_PRO_47,16.26803803534188
A,PRO,48,A_PRO_48,15.231657470292982
A,PRO,50,A_PRO_50,15.36674557209329
A,PRO,52,A_PRO_52,6.2457643214206895
A,PRO,115,A_PRO_115,16.292667067628294
A,SER,22,A_SER_22,6.758708422191005
A,SER,24,A_SER_24,15.658800610769875
A,SER,45,A_SER_45,15.33761411150149
A,SER,72,A_SER_72,15.631894007571322
A,SER,114,A_SER_114,15.659574031129576
A,SER,118,A_SER_118,15.869032410502022
A,THR,112,A_THR_112,17.590801809006162
A,TRP,27,A_TRP_27,32.20536629055227
A,TYR,28,A_TYR_28,28.432825188603836
A,TYR,44,A_TYR_44,27.46729647650187
A,VAL,26,A_VAL_26,16.448032091013914
A,VAL,59,A_VAL_59,6.023523376525815
A,VAL,71,A_VAL_71,15.987239372165636
A,VAL,77,A_VAL_77,14.663849213734625
A,VAL,123,A_VAL_123,2.155339495214533
A,VAL,141,A_VAL_141,1.8604633830145973
