chain,resname,resnum,res_key,density
A,ALA,286,A_ALA_286,12.56940757233281
A,ALA,289,A_ALA_289,12.441098809146506
A,ARG,294,A_ARG_294,23.182200351685953
A,ARG,296,A_ARG_296,26.724509437201952
A,CYS,292,A_CYS_292,18.173360748029523
A,GLY,285,A_GLY_285,10.562575387561116
A,LYS,295,A_LYS_295,20.594425436944594
A,PHE,283,A_PHE_283,3.4420337254841895
A,PHE,284,A_PHE_284,7.89091241138903
A,PHE,287,A_PHE_287,25.528062267812402
A,PHE,288,A_PHE_288,25.575451974674756
A,PHE,298,A_PHE_298,20.177556738866457
A,SER,300,A_SER_300,9.758701413008737
A,TRP,291,A_TRP_291,32.470216845663025
A,TYR,293,A_TYR_293,29.305670440802228
A,TYR,297,A_TYR_297,20.960806135971737
A,VAL,290,A_VAL_290,16.43694574599916
A,VAL,299,A_VAL_299,16.468817392558474
