chain,resname,resnum,res_key,density
A,ARG,646,A_ARG_646,26.857355171225716
A,ARG,647,A_ARG_647,25.292761562706616
A,ASP,651,A_ASP_651,20.696751267541945
A,ASP,806,A_ASP_806,8.0495921726881
A,CYS,645,A_CYS_645,18.819364263454638
A,GLY,640,A_GLY_640,8.274320310563276
A,HIS,641,A_HIS_641,12.46389171652109
A,LEU,637,A_LEU_637,1.8716730112346585
A,LEU,648,A_LEU_648,18.351367204874432
A,LEU,649,A_LEU_649,18.3594260432534
A,LEU,795,A_LEU_795,1.9250081875700666
A,LYS,643,A_LYS_643,16.346390818132836
A,MET,642,A_MET_642,21.93008750615713
A,SER,644,A_SER_644,15.833204064507905
A,SER,652,A_SER_652,9.885990574906497
A,VAL,650,A_VAL_650,16.492597573773786
