chain,resname,resnum,res_key,density
A,ALA,26,A_ALA_26,12.140326324598401
A,ARG,60,A_ARG_60,16.85698548280217
A,ASN,76,A_ASN_76,7.383420673962835
A,CYS,25,A_CYS_25,18.037370421980725
A,CYS,56,A_CYS_56,17.350614090291586
A,CYS,59,A_CYS_59,18.465027151996964
A,GLN,55,A_GLN_55,14.00727727137668
A,HIS,27,A_HIS_27,23.707912278580878
A,HIS,61,A_HIS_61,23.86893414019775
A,ILE,63,A_ILE_63,18.212345959618858
A,LEU,21,A_LEU_21,12.921672227605645
A,LEU,22,A_LEU_22,18.642962254373238
A,LEU,23,A_LEU_23,18.437130678068627
A,LEU,29,A_LEU_29,17.905637612664314
A,LEU,73,A_LEU_73,9.553656747438895
A,LYS,74,A_LYS_74,7.621857996435045
A,PHE,17,A_PHE_17,4.508446449515938
A,PHE,54,A_PHE_54,19.892123903729388
A,PRO,11,A_PRO_11,1.6193143205642901
A,PRO,24,A_PRO_24,15.172497723180168
A,PRO,57,A_PRO_57,15.574936538903476
A,SER,28,A_SER_28,15.478431304433338
A,THR,58,A_THR_58,16.63090601237347
A,THR,64,A_THR_64,15.196935711539453
A,VAL,62,A_VAL_62,16.24992336587085
