chain,resname,resnum,res_key,density
A,ALA,554,A_ALA_554,12.757081913042253
A,ALA,576,A_ALA_576,7.091677363415192
A,ARG,579,A_ARG_579,26.587773795896148
A,ARG,587,A_ARG_587,19.103919178319714
A,ASN,581,A_ASN_581,21.063477111809686
A,ASN,582,A_ASN_582,20.11991468122046
A,ASN,583,A_ASN_583,20.677125093760488
A,ASN,645,A_ASN_645,22.15137388800765
A,CYS,578,A_CYS_578,18.04174121789471
A,CYS,580,A_CYS_580,18.494925553824288
A,GLU,592,A_GLU_592,12.596246126329357
A,GLY,526,A_GLY_526,3.3610240138249705
A,GLY,549,A_GLY_549,6.022965505918083
A,ILE,547,A_ILE_547,3.920779153815894
A,ILE,555,A_ILE_555,6.270165031916416
A,ILE,568,A_ILE_568,5.134318413131084
A,ILE,593,A_ILE_593,5.772544714766989
A,ILE,595,A_ILE_595,16.101343105103584
A,LEU,577,A_LEU_577,17.646266447308918
A,PRO,594,A_PRO_594,9.350786959157253
A,PRO,597,A_PRO_597,5.5713549677488805
A,SER,550,A_SER_550,15.69890701180424
A,THR,551,A_THR_551,16.957984764230357
A,THR,642,A_THR_642,13.530569360806249
A,TRP,552,A_TRP_552,32.03084362746475
A,TRP,567,A_TRP_567,11.864165140350524
A,TRP,584,A_TRP_584,31.84814776007623
A,TRP,644,A_TRP_644,31.557921750107923
A,TYR,553,A_TYR_553,28.980809492955757
A,VAL,585,A_VAL_585,16.770790232676916
A,VAL,586,A_VAL_586,9.978602386310776
A,VAL,643,A_VAL_643,14.65801927607314
