chain,resname,resnum,res_key,density
A,ALA,554,A_ALA_554,10.72168162729644
A,ARG,508,A_ARG_508,24.67917352320053
A,ARG,579,A_ARG_579,7.065219081856945
A,ARG,602,A_ARG_602,9.477489641270534
A,ARG,603,A_ARG_603,4.795514348362357
A,ASN,503,A_ASN_503,2.616991116421125
A,ASN,645,A_ASN_645,22.15137388800765
A,ASP,502,A_ASP_502,2.9954787244601833
A,ASP,509,A_ASP_509,9.151248493057965
A,CYS,647,A_CYS_647,18.0453353490324
A,GLU,507,A_GLU_507,23.195416546567017
A,GLU,510,A_GLU_510,2.679062102018273
A,GLU,544,A_GLU_544,3.060489527355675
A,GLY,549,A_GLY_549,10.487956139467316
A,ILE,547,A_ILE_547,18.68769784470448
A,ILE,555,A_ILE_555,5.811221499976255
A,ILE,650,A_ILE_650,16.681810688109472
A,ILE,651,A_ILE_651,2.472131070154645
A,LEU,488,A_LEU_488,7.410871712986632
A,LEU,497,A_LEU_497,17.904123919955776
A,LEU,504,A_LEU_504,12.56852186198626
A,LEU,601,A_LEU_601,3.439058872157821
A,LEU,648,A_LEU_648,18.720460486189502
A,LYS,496,A_LYS_496,5.810302828145872
A,LYS,498,A_LYS_498,20.156501122349244
A,LYS,646,A_LYS_646,21.532062052835375
A,PHE,641,A_PHE_641,22.80829391449779
A,SER,500,A_SER_500,13.12633016710557
A,SER,548,A_SER_548,15.460356977528386
A,SER,550,A_SER_550,15.69890701180424
A,THR,505,A_THR_505,17.497752891194065
A,THR,551,A_THR_551,16.957984764230357
A,THR,642,A_THR_642,16.241087038482966
A,THR,649,A_THR_649,16.94279797750739
A,TRP,552,A_TRP_552,16.647716075850873
A,TRP,644,A_TRP_644,18.47753302931117
A,TYR,528,A_TYR_528,7.117558262901685
A,TYR,553,A_TYR_553,28.980809492955757
A,VAL,499,A_VAL_499,15.75655908350512
A,VAL,506,A_VAL_506,15.877381159312467
A,VAL,530,A_VAL_530,3.634177705190665
A,VAL,545,A_VAL_545,15.70882218590267
A,VAL,546,A_VAL_546,15.67467965320364
A,VAL,643,A_VAL_643,16.364584131638427
