chain,resname,resnum,res_key,density
A,ALA,210,A_ALA_210,12.250910110177612
A,ALA,234,A_ALA_234,11.725839767503594
A,ALA,241,A_ALA_241,11.710629299115384
A,ALA,283,A_ALA_283,12.174308167470667
A,ALA,294,A_ALA_294,12.68187063780153
A,ARG,233,A_ARG_233,26.792821789897243
A,ARG,282,A_ARG_282,16.17295548386397
A,ASN,263,A_ASN_263,20.77511658573342
A,ASP,290,A_ASP_290,21.16595734420384
A,CYS,232,A_CYS_232,17.467633605302666
A,CYS,281,A_CYS_281,18.20842470452278
A,GLN,215,A_GLN_215,10.439816424681196
A,GLN,293,A_GLN_293,11.983299770693588
A,GLU,239,A_GLU_239,4.642532781970211
A,GLU,265,A_GLU_265,23.61720644082218
A,GLU,291,A_GLU_291,15.033153631932729
A,GLY,236,A_GLY_236,2.663577616930147
A,GLY,261,A_GLY_261,9.627761196664542
A,ILE,211,A_ILE_211,18.365558894869004
A,ILE,242,A_ILE_242,18.371458988858226
A,ILE,251,A_ILE_251,1.6439814669250332
A,ILE,258,A_ILE_258,3.100686656113782
A,LEU,259,A_LEU_259,12.258022252983997
A,LEU,266,A_LEU_266,17.357356006105658
A,LYS,216,A_LYS_216,20.233446740595138
A,LYS,260,A_LYS_260,14.731885887890654
A,LYS,292,A_LYS_292,20.170709709470334
A,MET,213,A_MET_213,21.354521822708655
A,PHE,218,A_PHE_218,19.365812035007398
A,PHE,230,A_PHE_230,24.619103146328733
A,PHE,245,A_PHE_245,12.545171274435639
A,PHE,295,A_PHE_295,2.787016912481187
A,PRO,209,A_PRO_209,11.388593957464613
A,PRO,214,A_PRO_214,16.778434041255103
A,PRO,240,A_PRO_240,16.177538347151557
A,SER,212,A_SER_212,15.54037511515823
A,SER,217,A_SER_217,16.056510886935975
A,SER,231,A_SER_231,15.817944852455257
A,SER,235,A_SER_235,15.880201982473588
A,SER,243,A_SER_243,15.802493460044948
A,SER,262,A_SER_262,15.527033223396163
A,THR,229,A_THR_229,17.411514137769966
A,THR,264,A_THR_264,18.19554278382341
A,THR,267,A_THR_267,7.5097964065439236
A,THR,284,A_THR_284,4.5479710406372424
A,TRP,244,A_TRP_244,33.322276805366734
A,TYR,279,A_TYR_279,16.823222095649836
A,VAL,280,A_VAL_280,16.145680248980515
