chain,resname,resnum,res_key,density
A,ALA,430,A_ALA_430,10.043639519306229
A,ALA,477,A_ALA_477,12.091715613667692
A,ARG,435,A_ARG_435,26.822584273068816
A,ARG,436,A_ARG_436,16.45508931811643
A,ARG,456,A_ARG_456,7.529854401454745
A,ARG,472,A_ARG_472,13.72260362152663
A,ARG,484,A_ARG_484,16.356818860414336
A,ASN,474,A_ASN_474,20.06122785907326
A,ASN,479,A_ASN_479,2.4790708851967604
A,ASP,423,A_ASP_423,18.03825611137544
A,ASP,437,A_ASP_437,2.7218682135805015
A,CYS,422,A_CYS_422,17.728011100470294
A,CYS,475,A_CYS_475,18.040155567107618
A,GLN,407,A_GLN_407,6.065614086523919
A,GLN,486,A_GLN_486,22.388958022920562
A,GLU,487,A_GLU_487,22.359340441253185
A,GLY,471,A_GLY_471,3.072907469935489
A,GLY,482,A_GLY_482,3.22520078546987
A,HIS,433,A_HIS_433,23.893825882774372
A,ILE,404,A_ILE_404,8.20883380061052
A,ILE,420,A_ILE_420,18.41090579719656
A,ILE,432,A_ILE_432,18.242175678914997
A,ILE,459,A_ILE_459,16.475025571918206
A,ILE,489,A_ILE_489,8.877437882456011
A,LEU,439,A_LEU_439,8.165022954055669
A,LEU,441,A_LEU_441,17.277437374450383
A,LEU,460,A_LEU_460,17.971776198851934
A,LYS,402,A_LYS_402,10.54990376016891
A,LYS,425,A_LYS_425,2.562985072905926
A,LYS,438,A_LYS_438,10.586451967129147
A,LYS,457,A_LYS_457,14.913089417451568
A,MET,458,A_MET_458,21.550036293084258
A,PHE,403,A_PHE_403,24.963101245259296
A,PHE,485,A_PHE_485,24.949492398547385
A,PRO,401,A_PRO_401,16.155846024101653
A,PRO,442,A_PRO_442,2.6177076978996405
A,SER,405,A_SER_405,14.87970210140055
A,SER,421,A_SER_421,15.826024948716153
A,SER,431,A_SER_431,14.182519857347854
A,THR,408,A_THR_408,17.72512075256575
A,THR,451,A_THR_451,9.668226631857458
A,THR,476,A_THR_476,17.60744006615836
A,THR,478,A_THR_478,18.364064545267915
A,THR,483,A_THR_483,17.638810664299818
A,TRP,434,A_TRP_434,31.827591091843065
A,TYR,410,A_TYR_410,9.331300830838568
A,TYR,452,A_TYR_452,5.919982372818452
A,TYR,473,A_TYR_473,24.779217298378914
A,TYR,488,A_TYR_488,27.6205538638432
A,VAL,424,A_VAL_424,16.390411308669538
A,VAL,440,A_VAL_440,15.708051445497746
