chain,resname,resnum,res_key,density
A,ARG,160,A_ARG_160,16.10538846408282
A,ARG,171,A_ARG_171,12.252194790500448
A,ASP,167,A_ASP_167,8.570295947128773
A,CYS,119,A_CYS_119,8.257003481058888
A,CYS,134,A_CYS_134,17.639268891008605
A,CYS,137,A_CYS_137,16.741044684440674
A,CYS,142,A_CYS_142,2.888261032411659
A,CYS,145,A_CYS_145,7.08977091576737
A,GLN,120,A_GLN_120,22.662054697967402
A,GLU,138,A_GLU_138,23.796135331142384
A,GLY,158,A_GLY_158,10.672249206210042
A,HIS,150,A_HIS_150,20.418927168685027
A,HIS,159,A_HIS_159,24.330841949019185
A,ILE,162,A_ILE_162,15.843876270076036
A,ILE,165,A_ILE_165,5.193623926125992
A,ILE,170,A_ILE_170,18.965887353229213
A,LEU,146,A_LEU_146,18.369106993437658
A,LEU,161,A_LEU_161,18.73474457154016
A,LYS,132,A_LYS_132,12.704379634818634
A,LYS,182,A_LYS_182,4.35607680110036
A,PHE,121,A_PHE_121,22.285529380128725
A,PHE,156,A_PHE_156,25.696007356774697
A,PRO,155,A_PRO_155,5.7144777371046205
A,SER,140,A_SER_140,15.012765828720893
A,THR,133,A_THR_133,18.051458057688293
A,THR,136,A_THR_136,16.626586060666295
A,THR,149,A_THR_149,17.05293608500233
A,THR,157,A_THR_157,2.9211538894628473
A,TYR,141,A_TYR_141,28.782764865588348
A,VAL,135,A_VAL_135,16.740222498369207
A,VAL,139,A_VAL_139,16.50293006466977
