chain,resname,resnum,res_key,density
A,ALA,554,A_ALA_554,12.757081913042253
A,ALA,576,A_ALA_576,12.105053551037017
A,ARG,579,A_ARG_579,26.587773795896148
A,ARG,587,A_ARG_587,27.193240302925922
A,ASN,581,A_ASN_581,12.649639416348691
A,ASN,582,A_ASN_582,12.040150116893805
A,ASN,583,A_ASN_583,20.677125093760488
A,ASN,589,A_ASN_589,2.5760064917732373
A,ASN,645,A_ASN_645,3.446468981556925
A,CYS,578,A_CYS_578,18.04174121789471
A,CYS,580,A_CYS_580,18.494925553824288
A,GLU,592,A_GLU_592,23.231833527450867
A,GLU,596,A_GLU_596,7.691002907798271
A,GLY,556,A_GLY_556,9.910219071949584
A,GLY,569,A_GLY_569,9.61727987603241
A,HIS,588,A_HIS_588,12.569379192883547
A,ILE,547,A_ILE_547,8.00694970924456
A,ILE,555,A_ILE_555,17.993127204613913
A,ILE,568,A_ILE_568,17.61236589096408
A,ILE,593,A_ILE_593,18.40891433714987
A,ILE,595,A_ILE_595,18.133096247652606
A,ILE,606,A_ILE_606,3.209272966010943
A,LEU,557,A_LEU_557,6.158005899516166
A,LEU,577,A_LEU_577,17.646266447308918
A,LEU,601,A_LEU_601,5.901336825040168
A,LEU,626,A_LEU_626,15.333956149184653
A,LEU,648,A_LEU_648,6.331855844181527
A,LYS,570,A_LYS_570,4.7400983951613815
A,LYS,591,A_LYS_591,10.532532875323156
A,PHE,617,A_PHE_617,21.938473622480316
A,PHE,629,A_PHE_629,12.696088851315803
A,PHE,641,A_PHE_641,19.633557485306333
A,PRO,594,A_PRO_594,16.477480165474006
A,PRO,597,A_PRO_597,10.015515259545605
A,SER,527,A_SER_527,4.975771496960304
A,SER,550,A_SER_550,12.71426884470629
A,SER,574,A_SER_574,11.074308078838017
A,SER,590,A_SER_590,7.538999800084353
A,THR,551,A_THR_551,15.242345100852265
A,THR,640,A_THR_640,6.8786204617130675
A,THR,642,A_THR_642,18.13325951403159
A,TRP,552,A_TRP_552,32.03084362746475
A,TRP,567,A_TRP_567,31.185087116478204
A,TRP,575,A_TRP_575,15.22160157147592
A,TRP,584,A_TRP_584,31.84814776007623
A,TRP,644,A_TRP_644,25.376656986430515
A,TYR,528,A_TYR_528,3.1402816872132915
A,TYR,553,A_TYR_553,28.980809492955757
A,TYR,627,A_TYR_627,22.298535669043943
A,VAL,545,A_VAL_545,5.6738531789356585
A,VAL,585,A_VAL_585,16.770790232676916
A,VAL,586,A_VAL_586,15.651888183304978
A,VAL,604,A_VAL_604,8.028606629549003
A,VAL,643,A_VAL_643,13.024131542977738
