chain,resname,resnum,res_key,density
A,ALA,452,A_ALA_452,12.702862492782227
A,ALA,465,A_ALA_465,12.631093827713707
A,ALA,481,A_ALA_481,12.263219638937462
A,ALA,495,A_ALA_495,6.948120476439265
A,ARG,473,A_ARG_473,12.694543058029467
A,ARG,486,A_ARG_486,2.877037998230516
A,ASP,453,A_ASP_453,16.042639967931112
A,ASP,457,A_ASP_457,21.790036427714803
A,ASP,477,A_ASP_477,3.349563881778154
A,CYS,466,A_CYS_466,17.875245474184318
A,GLN,484,A_GLN_484,23.20998991900187
A,GLU,456,A_GLU_456,24.324017127073233
A,GLU,462,A_GLU_462,14.332386375536604
A,GLU,480,A_GLU_480,11.474334454297663
A,GLY,451,A_GLY_451,3.396324118675165
A,GLY,463,A_GLY_463,10.000977009878754
A,GLY,488,A_GLY_488,10.393053267753366
A,HIS,461,A_HIS_461,19.84755423491483
A,HIS,470,A_HIS_470,4.942399910349294
A,HIS,483,A_HIS_483,6.15034813057867
A,ILE,469,A_ILE_469,14.749844065243083
A,ILE,492,A_ILE_492,18.23043324877378
A,LEU,429,A_LEU_429,5.628720856995571
A,LEU,430,A_LEU_430,1.7596377937567698
A,LEU,433,A_LEU_433,13.034090535626902
A,LEU,441,A_LEU_441,11.11596039415664
A,LEU,443,A_LEU_443,13.582979907363638
A,LEU,455,A_LEU_455,18.25796367474673
A,LEU,459,A_LEU_459,18.178020704336184
A,LEU,482,A_LEU_482,10.45485684133196
A,LEU,493,A_LEU_493,18.47695621749057
A,LYS,489,A_LYS_489,16.432771242089434
A,PHE,458,A_PHE_458,21.142753849726795
A,PHE,485,A_PHE_485,25.619738669681308
A,PRO,491,A_PRO_491,16.027066594237027
A,SER,440,A_SER_440,5.8069477180586295
A,SER,454,A_SER_454,11.221692587613514
A,SER,468,A_SER_468,16.718930584213986
A,SER,487,A_SER_487,2.964762785816708
A,SER,490,A_SER_490,15.86376141255934
A,THR,442,A_THR_442,17.56702940575941
A,THR,467,A_THR_467,17.687748807917803
A,TYR,460,A_TYR_460,28.727959759078914
A,TYR,464,A_TYR_464,28.046662858263172
A,VAL,444,A_VAL_444,16.14036253812745
A,VAL,494,A_VAL_494,15.30893908410863
