chain,resname,resnum,res_key,density
A,ALA,248,A_ALA_248,11.893365565735643
A,ALA,251,A_ALA_251,1.7988188432410461
A,ARG,374,A_ARG_374,26.24407383425685
A,ASP,217,A_ASP_217,3.03077432821877
A,ASP,243,A_ASP_243,2.9137635289522827
A,ASP,337,A_ASP_337,20.63360473908543
A,ASP,366,A_ASP_366,18.87518203091844
A,CYS,315,A_CYS_315,13.731771452184539
A,CYS,339,A_CYS_339,17.510904759733805
A,GLN,263,A_GLN_263,9.1833645533168
A,GLU,247,A_GLU_247,12.48833254137438
A,GLU,364,A_GLU_364,2.6807862704815633
A,GLY,244,A_GLY_244,2.902457156835111
A,GLY,246,A_GLY_246,4.971602752291099
A,GLY,335,A_GLY_335,10.012192780191608
A,GLY,372,A_GLY_372,9.679074599742062
A,HIS,316,A_HIS_316,16.15254017287451
A,HIS,375,A_HIS_375,23.274349749473863
A,ILE,236,A_ILE_236,13.553380267731727
A,ILE,240,A_ILE_240,9.74401970201986
A,ILE,266,A_ILE_266,17.822448203698926
A,ILE,334,A_ILE_334,15.020880464328213
A,ILE,362,A_ILE_362,13.924649795437343
A,LEU,249,A_LEU_249,2.781747008252829
A,LEU,268,A_LEU_268,17.431688841951015
A,LEU,270,A_LEU_270,9.887725916721068
A,LEU,317,A_LEU_317,16.90628350299206
A,LEU,318,A_LEU_318,17.316686466091813
A,LEU,325,A_LEU_325,5.577386410189863
A,LEU,336,A_LEU_336,18.14487851615275
A,LEU,342,A_LEU_342,17.3112484529025
A,LEU,344,A_LEU_344,4.608242396226733
A,LYS,262,A_LYS_262,4.498997203124001
A,LYS,340,A_LYS_340,20.551734259332257
A,LYS,371,A_LYS_371,13.210156487438233
A,MET,329,A_MET_329,8.927460011414555
A,MET,368,A_MET_368,21.21754867644771
A,MET,377,A_MET_377,9.295033505749204
A,PHE,338,A_PHE_338,25.715456417836254
A,PHE,394,A_PHE_394,2.8338215687780246
A,PRO,245,A_PRO_245,7.4028404834581245
A,PRO,265,A_PRO_265,16.062133435155957
A,PRO,369,A_PRO_369,16.313253457585343
A,PRO,370,A_PRO_370,16.626415031243766
A,SER,267,A_SER_267,15.41348986630414
A,THR,367,A_THR_367,17.666044944679072
A,THR,376,A_THR_376,17.427460986014765
A,TYR,264,A_TYR_264,25.174548130168176
A,TYR,341,A_TYR_341,28.789866017187098
A,VAL,269,A_VAL_269,13.685583204489797
A,VAL,319,A_VAL_319,2.8434207249689623
A,VAL,343,A_VAL_343,13.976510465086362
A,VAL,363,A_VAL_363,16.931271340799828
A,VAL,373,A_VAL_373,16.16661831012031
