chain,resname,resnum,res_key,density
A,ALA,73,A_ALA_73,12.331472198766118
A,ALA,90,A_ALA_90,11.572168630899135
A,ASN,67,A_ASN_67,12.152940201341046
A,ASP,76,A_ASP_76,20.512692341257445
A,ASP,132,A_ASP_132,22.092472282874585
A,CYS,74,A_CYS_74,18.153125375244407
A,GLN,85,A_GLN_85,2.749581713690409
A,GLN,128,A_GLN_128,22.59413655560279
A,GLN,131,A_GLN_131,22.861136802282434
A,GLN,133,A_GLN_133,7.491156665038013
A,GLU,66,A_GLU_66,6.081991962830202
A,GLU,75,A_GLU_75,22.48939095983216
A,GLU,92,A_GLU_92,24.304542387761032
A,HIS,123,A_HIS_123,17.68520436323899
A,ILE,93,A_ILE_93,18.840827567469834
A,ILE,134,A_ILE_134,19.100694453824264
A,LEU,46,A_LEU_46,10.640767399706384
A,LEU,69,A_LEU_69,16.14287752158009
A,LEU,72,A_LEU_72,19.05360906856299
A,LEU,98,A_LEU_98,12.481822663145218
A,LEU,114,A_LEU_114,1.9021437985968668
A,LEU,125,A_LEU_125,17.529149600884423
A,LEU,130,A_LEU_130,19.265153722041752
A,LYS,78,A_LYS_78,21.060064025651325
A,LYS,79,A_LYS_79,20.64799705176717
A,LYS,89,A_LYS_89,21.685353757685025
A,LYS,91,A_LYS_91,5.324229070114473
A,LYS,129,A_LYS_129,13.051693115047527
A,MET,80,A_MET_80,21.190712578726504
A,MET,86,A_MET_86,18.94369552833509
A,MET,126,A_MET_126,21.217191721916677
A,MET,138,A_MET_138,6.90500863278851
A,PHE,70,A_PHE_70,25.30128106025747
A,PHE,77,A_PHE_77,25.034869227110796
A,PHE,97,A_PHE_97,24.413116621301345
A,PHE,127,A_PHE_127,27.14894870466078
A,PHE,135,A_PHE_135,12.834751004140978
A,PRO,122,A_PRO_122,1.6597161049691311
A,PRO,124,A_PRO_124,15.940166911670902
A,THR,96,A_THR_96,6.228672026439822
A,TRP,71,A_TRP_71,32.03103421283388
A,TYR,94,A_TYR_94,8.857384800147653
A,VAL,68,A_VAL_68,17.01420647312405
A,VAL,106,A_VAL_106,5.610627667851123
A,VAL,108,A_VAL_108,2.170289762030044
