chain,resname,resnum,res_key,density
A,ASN,29,A_ASN_29,20.44745755190286
A,ASN,33,A_ASN_33,20.514735738828044
A,ASN,58,A_ASN_58,21.142731423379452
A,ASP,24,A_ASP_24,3.4389985437575397
A,ASP,27,A_ASP_27,18.33333835348131
A,ASP,56,A_ASP_56,22.80747386991987
A,CYS,26,A_CYS_26,17.584508162733922
A,CYS,31,A_CYS_31,18.173744980686227
A,CYS,37,A_CYS_37,17.63104923004167
A,CYS,48,A_CYS_48,17.066859882211038
A,CYS,50,A_CYS_50,17.808097784490673
A,CYS,59,A_CYS_59,18.313810657780788
A,GLU,32,A_GLU_32,23.562675043132753
A,GLU,49,A_GLU_49,20.21634210867099
A,GLY,34,A_GLY_34,10.437481473214165
A,GLY,35,A_GLY_35,10.2674113673492
A,ILE,25,A_ILE_25,18.081045188112892
A,ILE,36,A_ILE_36,17.35262294992794
A,LEU,38,A_LEU_38,17.712033133157426
A,PHE,46,A_PHE_46,25.197128653269747
A,PHE,54,A_PHE_54,25.26492243211328
A,PRO,28,A_PRO_28,15.830153660014654
A,PRO,30,A_PRO_30,16.686307013334954
A,PRO,39,A_PRO_39,6.686542015257591
A,PRO,51,A_PRO_51,16.260197325570537
A,PRO,57,A_PRO_57,15.917328023095557
A,SER,45,A_SER_45,2.3559079083200616
A,SER,47,A_SER_47,16.33057767529411
A,SER,60,A_SER_60,15.487811450811972
A,SER,61,A_SER_61,10.580456444462191
A,THR,55,A_THR_55,10.584500177500964
