chain,resname,resnum,res_key,density
A,ALA,94,A_ALA_94,12.3120916921593
A,ARG,96,A_ARG_96,15.775990076215718
A,ARG,109,A_ARG_109,2.333027520761373
A,ASN,81,A_ASN_81,20.957127691057707
A,ASN,85,A_ASN_85,17.449453758033595
A,ASN,112,A_ASN_112,18.641427384296183
A,CYS,78,A_CYS_78,17.431105624744607
A,CYS,83,A_CYS_83,18.481348306081863
A,CYS,89,A_CYS_89,17.577021019939956
A,CYS,105,A_CYS_105,17.67989929781121
A,CYS,107,A_CYS_107,17.492465487007298
A,CYS,116,A_CYS_116,18.486067505185943
A,GLN,117,A_GLN_117,22.29877930385983
A,GLU,90,A_GLU_90,22.58747790367772
A,GLU,93,A_GLU_93,2.9076841526312167
A,GLY,86,A_GLY_86,10.707571594144994
A,GLY,87,A_GLY_87,10.704247193365068
A,GLY,102,A_GLY_102,10.430537232173869
A,GLY,113,A_GLY_113,10.429047376763041
A,HIS,84,A_HIS_84,24.76458430064124
A,HIS,115,A_HIS_115,23.890749177532975
A,HIS,118,A_HIS_118,14.476043553327887
A,ILE,91,A_ILE_91,16.762073779091523
A,ILE,101,A_ILE_101,18.636208769101394
A,ILE,114,A_ILE_114,17.15169577671679
A,LYS,106,A_LYS_106,20.782526747140103
A,PHE,111,A_PHE_111,18.41655583019081
A,PRO,77,A_PRO_77,11.041998134913854
A,PRO,80,A_PRO_80,6.306990655765905
A,PRO,82,A_PRO_82,16.190117984458926
A,PRO,108,A_PRO_108,16.305891238507133
A,SER,92,A_SER_92,15.532812633386985
A,THR,79,A_THR_79,2.7578239207609516
A,THR,88,A_THR_88,17.306539258031602
A,TYR,103,A_TYR_103,28.699115474237725
A,VAL,104,A_VAL_104,15.912002410700241
