chain,resname,resnum,res_key,density
A,ALA,75,A_ALA_75,12.632559584486852
A,ASN,81,A_ASN_81,20.957127691057707
A,CYS,78,A_CYS_78,17.431105624744607
A,CYS,83,A_CYS_83,18.481348306081863
A,CYS,89,A_CYS_89,17.577021019939956
A,CYS,105,A_CYS_105,17.67989929781121
A,GLU,90,A_GLU_90,22.58747790367772
A,GLY,76,A_GLY_76,10.821602466676936
A,GLY,86,A_GLY_86,6.062282936568791
A,GLY,87,A_GLY_87,10.704247193365068
A,GLY,102,A_GLY_102,10.430537232173869
A,HIS,84,A_HIS_84,4.869507795649002
A,HIS,115,A_HIS_115,21.082913696944363
A,ILE,91,A_ILE_91,18.668494235385943
A,ILE,101,A_ILE_101,12.007835754895561
A,ILE,114,A_ILE_114,3.0290043486790346
A,LYS,106,A_LYS_106,11.777112796995748
A,PRO,77,A_PRO_77,15.506215907005211
A,PRO,80,A_PRO_80,16.13412756970108
A,PRO,82,A_PRO_82,16.190117984458926
A,SER,74,A_SER_74,15.537694190756296
A,SER,92,A_SER_92,15.532812633386985
A,THR,73,A_THR_73,5.822188669598842
A,THR,79,A_THR_79,18.156343559324686
A,THR,88,A_THR_88,17.306539258031602
A,TYR,103,A_TYR_103,28.699115474237725
A,VAL,104,A_VAL_104,15.912002410700241
