chain,resname,resnum,res_key,density
A,ARG,579,A_ARG_579,16.83982095494468
A,ARG,587,A_ARG_587,15.749560164058535
A,CYS,537,A_CYS_537,17.478830564464317
A,CYS,539,A_CYS_539,17.926044410812498
A,CYS,564,A_CYS_564,6.843173025893316
A,CYS,585,A_CYS_585,18.30387395503691
A,GLN,546,A_GLN_546,20.236507522583974
A,GLU,540,A_GLU_540,23.063966340997574
A,GLU,547,A_GLU_547,17.888479257103715
A,GLU,584,A_GLU_584,23.554154931426233
A,HIS,569,A_HIS_569,9.415496174953098
A,HIS,586,A_HIS_586,24.061403163173225
A,ILE,536,A_ILE_536,18.41425943700766
A,LEU,542,A_LEU_542,17.961931520369568
A,LEU,580,A_LEU_580,17.56064491106704
A,PHE,514,A_PHE_514,8.539473117979941
A,PHE,535,A_PHE_535,7.253071749304353
A,PHE,541,A_PHE_541,25.539851083385607
A,PHE,544,A_PHE_544,20.85525348306377
A,PRO,567,A_PRO_567,10.096973519177954
A,SER,515,A_SER_515,4.544555511022053
A,SER,538,A_SER_538,16.53677426259592
A,SER,543,A_SER_543,16.46600379372727
A,SER,566,A_SER_566,10.98788055806433
A,SER,581,A_SER_581,15.849483849757902
A,SER,583,A_SER_583,14.961973428147662
A,THR,512,A_THR_512,3.2865996296922146
A,THR,513,A_THR_513,9.004387620809014
A,THR,545,A_THR_545,17.30484292207018
A,THR,588,A_THR_588,5.854154794740532
A,VAL,570,A_VAL_570,5.393834170685766
A,VAL,575,A_VAL_575,14.067927181614444
A,VAL,578,A_VAL_578,16.011849921883798
A,VAL,582,A_VAL_582,16.149432105080457
