chain,resname,resnum,res_key,density
A,ASN,442,A_ASN_442,2.5985393150926033
A,ASN,475,A_ASN_475,10.493975819460445
A,CYS,432,A_CYS_432,17.33743313284389
A,CYS,454,A_CYS_454,17.752919341073635
A,GLN,433,A_GLN_433,22.483528338002877
A,GLU,403,A_GLU_403,24.157754380548376
A,GLU,407,A_GLU_407,6.251040839909279
A,GLU,430,A_GLU_430,23.122524685817936
A,GLY,406,A_GLY_406,10.84281528795513
A,GLY,453,A_GLY_453,10.45925200204619
A,ILE,418,A_ILE_418,3.9409161525551446
A,ILE,420,A_ILE_420,3.8208689614099116
A,ILE,448,A_ILE_448,9.91745303605984
A,ILE,455,A_ILE_455,18.27693516227814
A,LEU,402,A_LEU_402,18.686777325889175
A,LEU,410,A_LEU_410,1.6682900661550486
A,LEU,441,A_LEU_441,17.834158730180754
A,LEU,443,A_LEU_443,12.39076092565786
A,LEU,459,A_LEU_459,12.286482618077597
A,LEU,462,A_LEU_462,7.183122852315726
A,LEU,474,A_LEU_474,17.817790032006716
A,LEU,476,A_LEU_476,12.410699879026698
A,LYS,404,A_LYS_404,11.141667408891195
A,LYS,457,A_LYS_457,20.539168716332437
A,MET,428,A_MET_428,21.377847164216345
A,MET,438,A_MET_438,10.982929598894575
A,PHE,425,A_PHE_425,14.595435316514227
A,PHE,472,A_PHE_472,3.5783265589451356
A,PRO,429,A_PRO_429,16.568393447856266
A,PRO,435,A_PRO_435,13.097733209689585
A,PRO,456,A_PRO_456,16.4665399258417
A,SER,401,A_SER_401,12.943663656382306
A,SER,427,A_SER_427,16.33993731097643
A,SER,450,A_SER_450,14.877344535803221
A,THR,405,A_THR_405,18.08259389211281
A,THR,431,A_THR_431,18.3333326972929
A,THR,446,A_THR_446,3.193688264312919
A,THR,452,A_THR_452,17.034883033573706
A,THR,458,A_THR_458,11.895905629066966
A,TRP,434,A_TRP_434,32.58350863626959
A,VAL,451,A_VAL_451,16.932265931913935
A,VAL,464,A_VAL_464,3.403597699473201
