chain,resname,resnum,res_key,density
A,CYS,432,A_CYS_432,17.33743313284389
A,CYS,454,A_CYS_454,17.752919341073635
A,GLN,433,A_GLN_433,22.483528338002877
A,GLU,403,A_GLU_403,24.157754380548376
A,GLU,407,A_GLU_407,22.773203306736114
A,GLU,430,A_GLU_430,23.122524685817936
A,GLU,436,A_GLU_436,4.48247021530185
A,GLY,406,A_GLY_406,10.84281528795513
A,GLY,453,A_GLY_453,10.45925200204619
A,ILE,418,A_ILE_418,1.8058256759318536
A,ILE,420,A_ILE_420,3.8208689614099116
A,ILE,455,A_ILE_455,18.27693516227814
A,LEU,402,A_LEU_402,18.686777325889175
A,LEU,409,A_LEU_409,16.838993273213667
A,LEU,410,A_LEU_410,12.243744421883012
A,LEU,441,A_LEU_441,7.259137832815501
A,LEU,443,A_LEU_443,5.541362218338099
A,LEU,459,A_LEU_459,3.54889894665659
A,LEU,474,A_LEU_474,5.878956229613891
A,LEU,476,A_LEU_476,1.6929874243892729
A,LYS,404,A_LYS_404,17.25382022112749
A,LYS,457,A_LYS_457,12.248682165871406
A,MET,428,A_MET_428,21.377847164216345
A,MET,438,A_MET_438,10.982929598894575
A,PHE,425,A_PHE_425,10.441005913742211
A,PRO,429,A_PRO_429,16.568393447856266
A,PRO,435,A_PRO_435,16.78642992437696
A,PRO,456,A_PRO_456,16.4665399258417
A,SER,401,A_SER_401,15.109346702994126
A,SER,427,A_SER_427,5.718249887555909
A,THR,405,A_THR_405,18.08259389211281
A,THR,408,A_THR_408,12.919040785853849
A,THR,431,A_THR_431,18.3333326972929
A,THR,452,A_THR_452,17.034883033573706
A,THR,458,A_THR_458,5.7478823179454945
A,TRP,434,A_TRP_434,32.58350863626959
A,VAL,451,A_VAL_451,10.437298234134015
