chain,resname,resnum,res_key,density
A,ARG,230,A_ARG_230,16.84467707280849
A,ARG,257,A_ARG_257,7.631174496152018
A,ASN,199,A_ASN_199,12.281776697001112
A,CYS,226,A_CYS_226,18.054762098299015
A,GLU,177,A_GLU_177,13.874595517084408
A,GLU,178,A_GLU_178,23.07566831406201
A,GLU,180,A_GLU_180,6.247277081929675
A,GLU,225,A_GLU_225,22.71309375874619
A,GLU,228,A_GLU_228,23.92044743708579
A,GLU,281,A_GLU_281,23.43889663102952
A,GLU,283,A_GLU_283,22.646492563647058
A,GLY,278,A_GLY_278,7.626452144476897
A,HIS,202,A_HIS_202,23.63599258044015
A,ILE,197,A_ILE_197,3.9134100910967575
A,ILE,204,A_ILE_204,18.2277943511367
A,ILE,251,A_ILE_251,18.256188777492625
A,ILE,276,A_ILE_276,7.648453658685119
A,LEU,176,A_LEU_176,5.695740532049809
A,LEU,179,A_LEU_179,16.189506309491648
A,LEU,203,A_LEU_203,17.4753878180005
A,LEU,205,A_LEU_205,16.200952834134974
A,LEU,227,A_LEU_227,17.627412255606266
A,LEU,229,A_LEU_229,15.354294224649744
A,LEU,250,A_LEU_250,18.2682450763282
A,LEU,273,A_LEU_273,1.8882475049697895
A,LEU,279,A_LEU_279,14.729043640765003
A,LEU,280,A_LEU_280,16.13290784866249
A,LEU,282,A_LEU_282,15.993715004279675
A,LYS,252,A_LYS_252,20.214921482483014
A,LYS,253,A_LYS_253,21.058140523259585
A,PHE,217,A_PHE_217,9.827657040700943
A,PHE,254,A_PHE_254,25.909808396295197
A,PHE,256,A_PHE_256,16.911247301578648
A,SER,201,A_SER_201,15.291273470901615
A,SER,222,A_SER_222,10.627682187053239
A,SER,223,A_SER_223,15.641194849720655
A,SER,249,A_SER_249,13.194166001243927
A,THR,221,A_THR_221,16.7199721867378
A,THR,255,A_THR_255,16.8006406436483
A,VAL,200,A_VAL_200,16.43651222799052
A,VAL,220,A_VAL_220,16.58192970246293
A,VAL,224,A_VAL_224,16.289465256420783
