chain,resname,resnum,res_key,density
A,ARG,1269,A_ARG_1269,23.118764082129026
A,ASP,1262,A_ASP_1262,20.86827685551033
A,ASP,1278,A_ASP_1278,22.373666690273684
A,ASP,1281,A_ASP_1281,19.9364935036074
A,CYS,1249,A_CYS_1249,18.515263732032732
A,CYS,1256,A_CYS_1256,17.62211519293889
A,CYS,1263,A_CYS_1263,17.9882861724044
A,CYS,1270,A_CYS_1270,2.7799805680353877
A,CYS,1276,A_CYS_1276,17.42195694411879
A,GLN,1253,A_GLN_1253,23.010262676990074
A,GLU,1260,A_GLU_1260,22.90131464188986
A,GLU,1275,A_GLU_1275,20.76155250457308
A,GLU,1277,A_GLU_1277,22.813669200131066
A,GLU,1282,A_GLU_1282,14.93279850022562
A,GLY,1259,A_GLY_1259,9.840068180691134
A,HIS,1279,A_HIS_1279,21.81002947336304
A,ILE,1261,A_ILE_1261,18.132163490356724
A,ILE,1264,A_ILE_1264,18.494001184383773
A,LEU,1283,A_LEU_1283,18.38481332994419
A,PHE,1254,A_PHE_1254,24.706780503958093
A,PHE,1257,A_PHE_1257,26.209111536069884
A,PHE,1273,A_PHE_1273,3.225428322217377
A,PRO,1247,A_PRO_1247,3.3439510607603173
A,PRO,1265,A_PRO_1265,15.951414383124566
A,SER,1250,A_SER_1250,6.3682626294839055
A,SER,1280,A_SER_1280,15.112347964641302
A,THR,1248,A_THR_1248,17.73409616198391
A,THR,1255,A_THR_1255,17.22919170215008
A,THR,1258,A_THR_1258,17.66876473362686
A,THR,1274,A_THR_1274,14.50065660860633
A,TRP,1268,A_TRP_1268,21.608966258470236
A,VAL,1266,A_VAL_1266,6.343275517267468
