chain,resname,resnum,res_key,density
A,ALA,1304,A_ALA_1304,12.410171649607479
A,ALA,1311,A_ALA_1311,12.582499793675021
A,ARG,1306,A_ARG_1306,26.40444227990012
A,ASN,1308,A_ASN_1308,21.514911983283337
A,ASN,1312,A_ASN_1312,20.51466806288561
A,ASN,1321,A_ASN_1321,20.795716946914027
A,ASP,1302,A_ASP_1302,18.039301107803915
A,ASP,1310,A_ASP_1310,20.950752307206425
A,ASP,1318,A_ASP_1318,20.791652952698858
A,CYS,1295,A_CYS_1295,5.44379558188352
A,CYS,1307,A_CYS_1307,18.111176046819857
A,CYS,1313,A_CYS_1313,11.590854694868643
A,CYS,1322,A_CYS_1322,17.522076125277923
A,CYS,1326,A_CYS_1326,14.922789028098288
A,CYS,1338,A_CYS_1338,7.154289820439338
A,GLN,1292,A_GLN_1292,2.6354400605309016
A,GLN,1294,A_GLN_1294,8.56590127672674
A,GLN,1330,A_GLN_1330,8.338548468735343
A,GLU,1319,A_GLU_1319,21.912646721854934
A,GLU,1323,A_GLU_1323,19.388453054867036
A,GLY,1303,A_GLY_1303,9.987325225154178
A,GLY,1309,A_GLY_1309,10.143338492189391
A,GLY,1336,A_GLY_1336,3.3223020829893497
A,ILE,1301,A_ILE_1301,17.823923198084437
A,LEU,1305,A_LEU_1305,17.411416395920117
A,LEU,1325,A_LEU_1325,16.150176473115863
A,LEU,1327,A_LEU_1327,12.959603247079244
A,LYS,1316,A_LYS_1316,13.240864676004424
A,LYS,1320,A_LYS_1320,18.627164894558977
A,PHE,1293,A_PHE_1293,24.494852036327643
A,SER,1317,A_SER_1317,14.411840221408537
A,VAL,1324,A_VAL_1324,16.293024597774526
