chain,resname,resnum,res_key,density
A,ALA,414,A_ALA_414,12.772030474918854
A,ALA,593,A_ALA_593,13.246949300244072
A,ALA,613,A_ALA_613,11.807731300198679
A,ARG,415,A_ARG_415,12.589686284497807
A,ARG,431,A_ARG_431,15.526283849198867
A,ARG,611,A_ARG_611,18.80865682990993
A,ASN,416,A_ASN_416,9.720970556946464
A,ASN,590,A_ASN_590,6.5902067790932675
A,ASN,596,A_ASN_596,21.183743470737255
A,ASP,623,A_ASP_623,21.510992650004262
A,CYS,592,A_CYS_592,17.326598033121225
A,CYS,599,A_CYS_599,17.990397249761592
A,CYS,603,A_CYS_603,16.209353324020213
A,CYS,612,A_CYS_612,16.944094877116505
A,CYS,614,A_CYS_614,17.016193713089063
A,CYS,627,A_CYS_627,17.527913949573247
A,GLU,594,A_GLU_594,14.339924302622356
A,GLU,595,A_GLU_595,24.364821614212666
A,GLU,619,A_GLU_619,5.625230393246109
A,GLY,597,A_GLY_597,9.812533922690257
A,GLY,598,A_GLY_598,10.656448177257625
A,GLY,609,A_GLY_609,5.8179550399583455
A,HIS,601,A_HIS_601,23.403341232146992
A,ILE,621,A_ILE_621,16.057383751679097
A,ILE,628,A_ILE_628,2.821630271612217
A,LEU,602,A_LEU_602,18.87710151371693
A,LEU,604,A_LEU_604,18.144254447763235
A,LEU,610,A_LEU_610,17.8938676407051
A,LEU,620,A_LEU_620,15.084052271849686
A,LYS,625,A_LYS_625,20.039700041690093
A,MET,436,A_MET_436,16.071262295574876
A,MET,624,A_MET_624,19.95514695645177
A,PRO,591,A_PRO_591,13.924584653535433
A,PRO,615,A_PRO_615,10.401869726621008
A,SER,600,A_SER_600,15.60186873621415
A,THR,626,A_THR_626,18.090918462989713
A,TYR,605,A_TYR_605,8.120190199308201
A,VAL,413,A_VAL_413,2.9689663441050613
