chain,resname,resnum,res_key,density
A,ALA,414,A_ALA_414,12.772030474918854
A,ALA,475,A_ALA_475,10.066671794921266
A,ALA,593,A_ALA_593,13.246949300244072
A,ALA,613,A_ALA_613,11.807731300198679
A,ARG,415,A_ARG_415,19.679810625941073
A,ARG,431,A_ARG_431,26.643041073111036
A,ARG,606,A_ARG_606,26.120880356722672
A,ARG,611,A_ARG_611,26.50304053682971
A,ASN,416,A_ASN_416,20.052364248559016
A,ASN,590,A_ASN_590,21.13541941140011
A,ASN,596,A_ASN_596,21.183743470737255
A,ASP,411,A_ASP_411,21.12870203286701
A,ASP,477,A_ASP_477,20.625035941973678
A,CYS,592,A_CYS_592,17.326598033121225
A,CYS,599,A_CYS_599,17.990397249761592
A,CYS,603,A_CYS_603,16.209353324020213
A,CYS,612,A_CYS_612,16.944094877116505
A,CYS,614,A_CYS_614,17.016193713089063
A,CYS,627,A_CYS_627,7.021469593784743
A,GLU,594,A_GLU_594,14.339924302622356
A,GLU,595,A_GLU_595,15.522517614820622
A,GLY,458,A_GLY_458,9.996012894072239
A,GLY,478,A_GLY_478,2.9736476791057034
A,GLY,597,A_GLY_597,9.812533922690257
A,GLY,598,A_GLY_598,10.656448177257625
A,GLY,609,A_GLY_609,10.664484869182575
A,HIS,601,A_HIS_601,23.403341232146992
A,LEU,417,A_LEU_417,10.26559043322109
A,LEU,432,A_LEU_432,4.2929448481226675
A,LEU,440,A_LEU_440,6.02062563640136
A,LEU,453,A_LEU_453,1.677070720691719
A,LEU,476,A_LEU_476,18.68914544868779
A,LEU,602,A_LEU_602,18.87710151371693
A,LEU,604,A_LEU_604,18.144254447763235
A,LEU,610,A_LEU_610,17.8938676407051
A,LEU,620,A_LEU_620,5.311818420170836
A,LYS,438,A_LYS_438,12.558157248640445
A,LYS,625,A_LYS_625,20.039700041690093
A,MET,436,A_MET_436,21.448601990885226
A,MET,624,A_MET_624,9.996438984836304
A,PRO,455,A_PRO_455,13.639406144699963
A,PRO,591,A_PRO_591,15.831635080624492
A,PRO,607,A_PRO_607,2.673088683591464
A,PRO,615,A_PRO_615,6.783306233884314
A,SER,589,A_SER_589,2.9224697114897396
A,SER,600,A_SER_600,15.60186873621415
A,THR,430,A_THR_430,12.804718067767604
A,THR,435,A_THR_435,9.367001043593106
A,THR,626,A_THR_626,4.924281050762628
A,TRP,412,A_TRP_412,11.125288106385774
A,TYR,418,A_TYR_418,14.62883772743222
A,TYR,605,A_TYR_605,27.39345729646162
A,VAL,413,A_VAL_413,16.315661607728142
A,VAL,429,A_VAL_429,16.276393935115077
