chain,resname,resnum,res_key,density
A,ALA,1087,A_ALA_1087,10.006899579657077
A,ARG,1042,A_ARG_1042,9.608468764716381
A,ARG,1227,A_ARG_1227,25.815523674226828
A,ASN,1039,A_ASN_1039,3.290169408218104
A,ASN,1211,A_ASN_1211,11.913537135755801
A,ASP,1089,A_ASP_1089,20.789420918139868
A,ASP,1239,A_ASP_1239,5.4254222144020385
A,CYS,1214,A_CYS_1214,17.87567086037813
A,CYS,1218,A_CYS_1218,16.901479925950266
A,CYS,1228,A_CYS_1228,17.352697109730027
A,CYS,1230,A_CYS_1230,17.673875654774562
A,CYS,1243,A_CYS_1243,17.481785687838652
A,GLN,1238,A_GLN_1238,2.5394024175814143
A,GLU,1240,A_GLU_1240,14.241121538879849
A,GLU,1245,A_GLU_1245,14.559323899757791
A,GLY,1049,A_GLY_1049,10.428637542117428
A,GLY,1090,A_GLY_1090,11.038040224837797
A,GLY,1213,A_GLY_1213,5.339577722355442
A,GLY,1244,A_GLY_1244,10.05532740638082
A,HIS,1216,A_HIS_1216,23.469736909899392
A,HIS,1233,A_HIS_1233,23.76692952911043
A,ILE,1038,A_ILE_1038,3.324564595374371
A,ILE,1217,A_ILE_1217,18.04462627923942
A,LEU,1052,A_LEU_1052,4.3891943865445
A,LEU,1088,A_LEU_1088,16.72799238391245
A,LEU,1219,A_LEU_1219,18.549620167361986
A,LEU,1234,A_LEU_1234,18.069385997769167
A,LEU,1236,A_LEU_1236,17.835571110755854
A,LEU,1237,A_LEU_1237,18.619591033004852
A,LEU,1241,A_LEU_1241,12.85806744600376
A,LYS,1221,A_LYS_1221,3.989421767401275
A,MET,1071,A_MET_1071,1.4883805076336885
A,MET,1232,A_MET_1232,21.87928795881167
A,PRO,1231,A_PRO_1231,16.79030604374785
A,PRO,1246,A_PRO_1246,12.650106988884161
A,PRO,1247,A_PRO_1247,1.7768725101567815
A,SER,1025,A_SER_1025,2.835989732111519
A,SER,1047,A_SER_1047,6.033395476723825
A,SER,1215,A_SER_1215,15.97847937311651
A,SER,1229,A_SER_1229,15.338085434128118
A,SER,1242,A_SER_1242,15.380769838468076
A,THR,1091,A_THR_1091,18.44151321457653
A,TYR,1027,A_TYR_1027,14.408997622836932
A,TYR,1029,A_TYR_1029,11.539309720992378
A,VAL,1040,A_VAL_1040,14.854435571160893
A,VAL,1048,A_VAL_1048,15.857135931303326
A,VAL,1050,A_VAL_1050,15.343752422287483
A,VAL,1051,A_VAL_1051,16.11451459888167
A,VAL,1235,A_VAL_1235,16.634243167264852
