chain,resname,resnum,res_key,density
A,ALA,1296,A_ALA_1296,7.5636347744631
A,ALA,1304,A_ALA_1304,2.8199299438342784
A,ARG,1269,A_ARG_1269,5.850261890660547
A,ARG,1306,A_ARG_1306,8.255588637444557
A,ASN,1284,A_ASN_1284,6.00527128145095
A,ASP,1302,A_ASP_1302,21.009652941487225
A,CYS,1270,A_CYS_1270,14.326879431204782
A,CYS,1285,A_CYS_1285,18.079396990425355
A,CYS,1288,A_CYS_1288,18.004868207715262
A,CYS,1295,A_CYS_1295,17.35238840316392
A,CYS,1300,A_CYS_1300,17.853025605728014
A,CYS,1313,A_CYS_1313,5.004362263652243
A,GLN,1292,A_GLN_1292,22.633359774337418
A,GLN,1294,A_GLN_1294,22.523184472136876
A,GLN,1299,A_GLN_1299,19.958181882266906
A,GLU,1290,A_GLU_1290,23.4926062286671
A,GLY,1298,A_GLY_1298,9.991265372616944
A,GLY,1303,A_GLY_1303,9.987325225154178
A,ILE,1301,A_ILE_1301,17.823923198084437
A,PHE,1293,A_PHE_1293,24.494852036327643
A,PRO,1286,A_PRO_1286,15.859641684507716
A,SER,1289,A_SER_1289,15.813512814296141
A,SER,1291,A_SER_1291,14.966347808192584
A,SER,1297,A_SER_1297,9.150273599664958
A,VAL,1287,A_VAL_1287,17.017466210177552
