chain,resname,resnum,res_key,density
A,ALA,1034,A_ALA_1034,11.959099666886388
A,ALA,1061,A_ALA_1061,11.052777525850118
A,ARG,968,A_ARG_968,15.710943297311621
A,ARG,1058,A_ARG_1058,26.88918431358712
A,ARG,1060,A_ARG_1060,25.66483096422503
A,ASN,987,A_ASN_987,21.3814421707491
A,ASN,1011,A_ASN_1011,3.157536771786668
A,ASN,1036,A_ASN_1036,21.73636653294795
A,ASN,1039,A_ASN_1039,20.25405150524422
A,ASN,1075,A_ASN_1075,5.643943320327163
A,ASP,983,A_ASP_983,3.0616602741692573
A,ASP,1018,A_ASP_1018,22.157412031683684
A,ASP,1057,A_ASP_1057,15.439751105420072
A,CYS,1032,A_CYS_1032,18.146879704708347
A,GLN,1015,A_GLN_1015,23.05657397119343
A,GLU,1013,A_GLU_1013,19.599372201801526
A,GLU,1033,A_GLU_1033,23.783263454764004
A,GLY,1049,A_GLY_1049,5.864973504202204
A,GLY,1054,A_GLY_1054,8.4119224186608
A,ILE,982,A_ILE_982,9.792798248207072
A,ILE,989,A_ILE_989,10.53022422396224
A,ILE,1014,A_ILE_1014,18.696224369230187
A,ILE,1028,A_ILE_1028,7.868478268728614
A,ILE,1038,A_ILE_1038,18.02192702664312
A,LEU,1012,A_LEU_1012,18.641551566543292
A,LEU,1019,A_LEU_1019,13.03797422801215
A,LEU,1052,A_LEU_1052,15.824087776461438
A,LEU,1076,A_LEU_1076,6.279854149034674
A,LYS,1053,A_LYS_1053,17.248348999222117
A,MET,988,A_MET_988,10.736745715567896
A,PHE,1073,A_PHE_1073,8.810975635215637
A,PRO,1016,A_PRO_1016,15.919820865380933
A,PRO,1059,A_PRO_1059,16.53260325123734
A,SER,984,A_SER_984,3.4406945641102844
A,SER,1005,A_SER_1005,9.952759025399535
A,SER,1020,A_SER_1020,2.6341562917690853
A,THR,1031,A_THR_1031,17.49256149601557
A,THR,1035,A_THR_1035,16.610842872897596
A,THR,1041,A_THR_1041,7.306205612408814
A,THR,1074,A_THR_1074,9.27612907187589
A,TRP,1030,A_TRP_1030,31.043531847521017
A,TYR,1017,A_TYR_1017,28.190773725006643
A,TYR,1029,A_TYR_1029,12.19088631234548
A,VAL,1003,A_VAL_1003,13.633496015046882
A,VAL,1004,A_VAL_1004,7.86334834687521
A,VAL,1037,A_VAL_1037,16.570430950989874
A,VAL,1040,A_VAL_1040,11.755963862861535
A,VAL,1050,A_VAL_1050,12.266930615218861
A,VAL,1051,A_VAL_1051,7.328038717164232
A,VAL,1062,A_VAL_1062,10.591678811015692
