chain,resname,resnum,res_key,density
A,ALA,1087,A_ALA_1087,12.557045415896136
A,ALA,1208,A_ALA_1208,12.56535137983657
A,ARG,1026,A_ARG_1026,16.586870418328346
A,ARG,1042,A_ARG_1042,10.936000257493466
A,ARG,1227,A_ARG_1227,25.815523674226828
A,ASN,1065,A_ASN_1065,10.776799201213386
A,ASN,1211,A_ASN_1211,21.726641281455866
A,ASP,1022,A_ASP_1022,21.380935931588084
A,ASP,1089,A_ASP_1089,20.789420918139868
A,ASP,1210,A_ASP_1210,20.931727609417987
A,CYS,1207,A_CYS_1207,17.26941521735805
A,CYS,1214,A_CYS_1214,17.87567086037813
A,CYS,1218,A_CYS_1218,16.901479925950266
A,CYS,1228,A_CYS_1228,17.352697109730027
A,CYS,1230,A_CYS_1230,17.673875654774562
A,CYS,1243,A_CYS_1243,9.576779664753374
A,GLN,1204,A_GLN_1204,3.0384853075584095
A,GLN,1209,A_GLN_1209,12.81113530568806
A,GLU,1067,A_GLU_1067,10.65818447008473
A,GLU,1240,A_GLU_1240,9.320406811717561
A,GLY,1069,A_GLY_1069,10.236912023078855
A,GLY,1090,A_GLY_1090,2.8801648704114697
A,GLY,1212,A_GLY_1212,9.709286275624354
A,GLY,1213,A_GLY_1213,10.171657301651187
A,GLY,1222,A_GLY_1222,2.4735441087560703
A,GLY,1224,A_GLY_1224,6.054236824192322
A,HIS,1205,A_HIS_1205,23.745978173215516
A,HIS,1216,A_HIS_1216,23.469736909899392
A,ILE,1021,A_ILE_1021,2.660407990783725
A,ILE,1023,A_ILE_1023,10.553242450536626
A,ILE,1028,A_ILE_1028,2.94838277255245
A,ILE,1217,A_ILE_1217,18.04462627923942
A,LEU,1088,A_LEU_1088,18.58984075774016
A,LEU,1219,A_LEU_1219,18.549620167361986
A,LEU,1236,A_LEU_1236,6.909071543089975
A,LEU,1241,A_LEU_1241,16.733545360109304
A,LYS,1068,A_LYS_1068,10.30412490920804
A,LYS,1221,A_LYS_1221,19.749321396752787
A,MET,1071,A_MET_1071,2.3667027367664235
A,PRO,1066,A_PRO_1066,16.101833093945732
A,PRO,1206,A_PRO_1206,16.026844143936643
A,PRO,1231,A_PRO_1231,8.675316798625747
A,SER,1025,A_SER_1025,15.102826187152774
A,SER,1215,A_SER_1215,15.97847937311651
A,SER,1229,A_SER_1229,15.338085434128118
A,SER,1242,A_SER_1242,10.473443071373161
A,THR,1091,A_THR_1091,3.5550416921284387
A,THR,1225,A_THR_1225,15.61755017916627
A,THR,1226,A_THR_1226,17.877293064269786
A,TYR,1024,A_TYR_1024,24.846795045351346
A,TYR,1027,A_TYR_1027,28.959970004282297
A,TYR,1029,A_TYR_1029,15.773151868495283
A,TYR,1070,A_TYR_1070,11.021822637773116
A,TYR,1202,A_TYR_1202,2.5947459142064067
A,VAL,1040,A_VAL_1040,4.972899872917448
A,VAL,1048,A_VAL_1048,7.459037070349793
A,VAL,1051,A_VAL_1051,3.726633613884905
A,VAL,1064,A_VAL_1064,5.839878205615343
A,VAL,1220,A_VAL_1220,16.494468564373683
