chain,resname,resnum,res_key,density
A,ALA,1208,A_ALA_1208,12.56535137983657
A,ARG,1026,A_ARG_1026,14.571002673905587
A,ARG,1042,A_ARG_1042,13.463283632678156
A,ARG,1227,A_ARG_1227,18.28851612725128
A,ASN,1211,A_ASN_1211,21.726641281455866
A,ASP,1022,A_ASP_1022,9.323734256951491
A,ASP,1089,A_ASP_1089,7.320395786602376
A,ASP,1210,A_ASP_1210,20.931727609417987
A,ASP,1239,A_ASP_1239,20.913476653070255
A,CYS,1207,A_CYS_1207,17.26941521735805
A,CYS,1214,A_CYS_1214,17.87567086037813
A,CYS,1218,A_CYS_1218,16.901479925950266
A,CYS,1228,A_CYS_1228,17.352697109730027
A,CYS,1230,A_CYS_1230,17.673875654774562
A,CYS,1243,A_CYS_1243,17.481785687838652
A,GLN,1209,A_GLN_1209,14.578878787877361
A,GLU,1240,A_GLU_1240,19.5853874561882
A,GLY,1212,A_GLY_1212,9.709286275624354
A,GLY,1213,A_GLY_1213,10.171657301651187
A,GLY,1244,A_GLY_1244,2.8638955558556805
A,HIS,1205,A_HIS_1205,10.632843779294365
A,HIS,1216,A_HIS_1216,23.469736909899392
A,ILE,1217,A_ILE_1217,18.04462627923942
A,LEU,1088,A_LEU_1088,3.72103436070108
A,LEU,1219,A_LEU_1219,18.549620167361986
A,LEU,1234,A_LEU_1234,1.745970157059117
A,LEU,1236,A_LEU_1236,14.586785024322952
A,LEU,1237,A_LEU_1237,16.632227122710386
A,LEU,1241,A_LEU_1241,16.733545360109304
A,PRO,1206,A_PRO_1206,16.026844143936643
A,PRO,1231,A_PRO_1231,6.644832722148514
A,SER,1025,A_SER_1025,15.102826187152774
A,SER,1215,A_SER_1215,15.97847937311651
A,SER,1229,A_SER_1229,15.338085434128118
A,SER,1242,A_SER_1242,15.380769838468076
A,THR,1225,A_THR_1225,5.719008528937349
A,THR,1226,A_THR_1226,17.877293064269786
A,TYR,1024,A_TYR_1024,9.449739207338478
A,TYR,1027,A_TYR_1027,21.229403842738332
A,TYR,1029,A_TYR_1029,3.162311803717463
A,VAL,1040,A_VAL_1040,1.3379301060379805
A,VAL,1048,A_VAL_1048,13.245807578128197
A,VAL,1220,A_VAL_1220,6.511728374463077
A,VAL,1235,A_VAL_1235,5.8753416113024475
