chain,resname,resnum,res_key,density
A,ALA,1267,A_ALA_1267,11.772937804079255
A,ARG,1269,A_ARG_1269,26.4460276907948
A,ASN,1284,A_ASN_1284,21.41728335631234
A,ASP,1271,A_ASP_1271,20.907816035818747
A,ASP,1281,A_ASP_1281,19.9364935036074
A,CYS,1270,A_CYS_1270,17.10685999924017
A,CYS,1276,A_CYS_1276,14.84550066203434
A,CYS,1285,A_CYS_1285,18.079396990425355
A,CYS,1288,A_CYS_1288,11.83200563705092
A,CYS,1295,A_CYS_1295,3.46327561230673
A,CYS,1300,A_CYS_1300,17.853025605728014
A,GLN,1253,A_GLN_1253,2.3610004353821408
A,GLN,1292,A_GLN_1292,3.0768357240374313
A,GLN,1294,A_GLN_1294,11.937007992228699
A,GLN,1299,A_GLN_1299,20.577978528213922
A,GLU,1275,A_GLU_1275,20.51909121170221
A,GLU,1282,A_GLU_1282,23.572155489527727
A,GLY,1272,A_GLY_1272,9.835075218826486
A,GLY,1298,A_GLY_1298,9.991265372616944
A,HIS,1279,A_HIS_1279,12.661462321545248
A,ILE,1264,A_ILE_1264,15.78268094275218
A,LEU,1283,A_LEU_1283,18.38481332994419
A,PHE,1254,A_PHE_1254,24.706780503958093
A,PHE,1273,A_PHE_1273,25.569475899139913
A,PRO,1265,A_PRO_1265,15.951414383124566
A,PRO,1286,A_PRO_1286,15.859641684507716
A,SER,1280,A_SER_1280,11.987883484047739
A,SER,1297,A_SER_1297,10.61768741449805
A,THR,1255,A_THR_1255,3.15069516709985
A,THR,1274,A_THR_1274,17.720777128871045
A,TRP,1268,A_TRP_1268,26.247509543134207
A,VAL,1266,A_VAL_1266,16.17476639353955
A,VAL,1287,A_VAL_1287,17.017466210177552
