chain,resname,resnum,res_key,density
A,ALA,1267,A_ALA_1267,2.6670844960506757
A,ARG,1269,A_ARG_1269,8.005414159153693
A,ASP,1262,A_ASP_1262,17.885748208165733
A,CYS,1249,A_CYS_1249,18.515263732032732
A,CYS,1256,A_CYS_1256,17.62211519293889
A,CYS,1263,A_CYS_1263,17.9882861724044
A,CYS,1276,A_CYS_1276,5.023578289652427
A,GLN,1252,A_GLN_1252,22.3056159895244
A,GLN,1253,A_GLN_1253,23.010262676990074
A,GLU,1245,A_GLU_1245,6.512349840913407
A,GLU,1260,A_GLU_1260,5.6402181688791835
A,ILE,1261,A_ILE_1261,18.132163490356724
A,ILE,1264,A_ILE_1264,18.494001184383773
A,PHE,1254,A_PHE_1254,24.706780503958093
A,PHE,1257,A_PHE_1257,7.0388675113323504
A,PRO,1246,A_PRO_1246,15.800531800178863
A,PRO,1247,A_PRO_1247,16.094151542631913
A,PRO,1251,A_PRO_1251,16.231047266058823
A,PRO,1265,A_PRO_1265,15.951414383124566
A,SER,1250,A_SER_1250,15.952503954163745
A,THR,1248,A_THR_1248,17.73409616198391
A,THR,1255,A_THR_1255,17.22919170215008
A,THR,1258,A_THR_1258,3.3877191515552783
A,VAL,1266,A_VAL_1266,16.17476639353955
