chain,resname,resnum,res_key,density
A,ALA,40,A_ALA_40,12.821591076766472
A,ALA,141,A_ALA_141,3.115079670655887
A,ASP,172,A_ASP_172,6.119717663785908
A,ASP,174,A_ASP_174,3.154815864835759
A,ASP,217,A_ASP_217,21.374745655153458
A,CYS,169,A_CYS_169,17.467778669671926
A,CYS,173,A_CYS_173,2.8966478237873736
A,CYS,211,A_CYS_211,17.677522002000874
A,GLN,212,A_GLN_212,22.96778935837543
A,GLN,213,A_GLN_213,23.125513470189883
A,GLU,204,A_GLU_204,15.10065335435933
A,GLU,214,A_GLU_214,22.93656901635304
A,GLY,36,A_GLY_36,3.4704579126045836
A,GLY,171,A_GLY_171,10.25397190621469
A,GLY,205,A_GLY_205,10.393512050382306
A,HIS,170,A_HIS_170,12.061010312615576
A,HIS,208,A_HIS_208,12.397040593720384
A,ILE,44,A_ILE_44,7.9128649163727465
A,LEU,142,A_LEU_142,17.577278687348848
A,LEU,167,A_LEU_167,1.5712046519889182
A,LYS,201,A_LYS_201,15.897789632702644
A,LYS,219,A_LYS_219,7.097066172981417
A,MET,206,A_MET_206,22.25093904004666
A,MET,207,A_MET_207,13.285243618770851
A,MET,215,A_MET_215,21.95414194487842
A,MET,216,A_MET_216,21.868192708638723
A,PHE,26,A_PHE_26,6.3788755084026025
A,PHE,41,A_PHE_41,6.765752969968217
A,PHE,118,A_PHE_118,13.595036315976742
A,SER,143,A_SER_143,10.122380785393982
A,SER,209,A_SER_209,16.28216409734774
A,SER,210,A_SER_210,16.300794698387204
A,THR,202,A_THR_202,12.727507350792287
A,TRP,37,A_TRP_37,15.185392525339028
A,TYR,203,A_TYR_203,27.793618961773454
A,VAL,218,A_VAL_218,13.042584534601279
