chain,resname,resnum,res_key,density
A,ALA,1019,A_ALA_1019,11.892700463087145
A,ALA,1020,A_ALA_1020,12.394669299819265
A,ALA,1021,A_ALA_1021,6.5787760047575405
A,ARG,1016,A_ARG_1016,26.172112588524012
A,ASN,1013,A_ASN_1013,10.1774001778136
A,CYS,1017,A_CYS_1017,18.551347230935548
A,GLU,1014,A_GLU_1014,22.730747541235566
A,GLY,1015,A_GLY_1015,10.314568740260345
A,MET,1018,A_MET_1018,21.857714339691604
