chain,resname,resnum,res_key,density
A,ALA,594,A_ALA_594,12.9597459491483
A,ALA,603,A_ALA_603,12.18199082690931
A,ALA,605,A_ALA_605,11.932886288811114
A,ARG,523,A_ARG_523,14.388552206524878
A,ARG,526,A_ARG_526,14.585632104215678
A,ARG,544,A_ARG_544,16.75621393945343
A,ASP,530,A_ASP_530,3.0273891983624672
A,ASP,560,A_ASP_560,7.815613619577399
A,ASP,561,A_ASP_561,20.828765894045254
A,ASP,574,A_ASP_574,8.337244372076366
A,ASP,575,A_ASP_575,20.187739755144733
A,ASP,599,A_ASP_599,3.6853472680002515
A,ASP,601,A_ASP_601,20.641284583925284
A,CYS,543,A_CYS_543,17.960106332375027
A,CYS,592,A_CYS_592,17.7361400886526
A,GLN,540,A_GLN_540,5.6549881869017895
A,GLN,600,A_GLN_600,23.166815742212552
A,GLU,529,A_GLU_529,10.185382086068284
A,GLU,542,A_GLU_542,14.8610180386535
A,GLU,562,A_GLU_562,8.498030374140235
A,GLU,573,A_GLU_573,5.909622748698256
A,ILE,524,A_ILE_524,18.429351903681905
A,ILE,566,A_ILE_566,3.805426089456839
A,ILE,579,A_ILE_579,1.839404799444589
A,LEU,541,A_LEU_541,17.614545786362967
A,LEU,553,A_LEU_553,5.296969378325571
A,LEU,558,A_LEU_558,18.236380030820566
A,LEU,564,A_LEU_564,17.45545043864621
A,LEU,577,A_LEU_577,16.63473332235266
A,LEU,602,A_LEU_602,18.450867481573347
A,LYS,546,A_LYS_546,6.158988911413187
A,LYS,559,A_LYS_559,14.093515368197584
A,LYS,571,A_LYS_571,3.349833587956804
A,LYS,572,A_LYS_572,14.217939953740153
A,LYS,604,A_LYS_604,21.150040508451717
A,MET,527,A_MET_527,19.989136012486192
A,PRO,528,A_PRO_528,15.99819265467091
A,PRO,563,A_PRO_563,9.22118112718264
A,SER,556,A_SER_556,15.650934272676427
A,SER,576,A_SER_576,15.215638317214038
A,SER,589,A_SER_589,15.756445526567564
A,SER,595,A_SER_595,16.20010704428018
A,THR,522,A_THR_522,15.06284312889763
A,THR,554,A_THR_554,14.362101470442347
A,THR,578,A_THR_578,2.6302745850918794
A,THR,591,A_THR_591,17.02094583714964
A,THR,596,A_THR_596,2.717598830069995
A,TRP,557,A_TRP_557,31.040138083480457
A,TYR,525,A_TYR_525,15.44222538836767
A,TYR,590,A_TYR_590,25.284500393016344
A,TYR,606,A_TYR_606,4.386047356655341
A,VAL,545,A_VAL_545,15.958044603087831
A,VAL,555,A_VAL_555,16.384777679403342
A,VAL,593,A_VAL_593,16.052620467533707
