chain,resname,resnum,res_key,density
A,ALA,1340,A_ALA_1340,8.803477183325061
A,ALA,1714,A_ALA_1714,9.01433676997467
A,ARG,1336,A_ARG_1336,26.801561132630933
A,ASN,1702,A_ASN_1702,16.1650500543414
A,ASN,1709,A_ASN_1709,21.123359396248954
A,ASP,1706,A_ASP_1706,21.311197718660736
A,CYS,1708,A_CYS_1708,18.777961167914057
A,GLN,1350,A_GLN_1350,19.76557244544627
A,GLY,1746,A_GLY_1746,10.500107254291189
A,ILE,1351,A_ILE_1351,3.729188806740529
A,LEU,1333,A_LEU_1333,18.449452940995346
A,LEU,1337,A_LEU_1337,18.637379178221096
A,LEU,1700,A_LEU_1700,5.731938793926554
A,LEU,1742,A_LEU_1742,3.1533108494373856
A,LEU,1743,A_LEU_1743,15.656810524777939
A,MET,1707,A_MET_1707,21.432110288892304
A,PHE,1329,A_PHE_1329,6.6159564280801195
A,PHE,1672,A_PHE_1672,16.14367625511496
A,PHE,1703,A_PHE_1703,25.419252734551417
A,PRO,1713,A_PRO_1713,16.796985367369622
A,SER,1671,A_SER_1671,3.4650801432115714
A,SER,1701,A_SER_1701,12.268206648459726
A,THR,1715,A_THR_1715,11.6780736832592
A,THR,1750,A_THR_1750,8.72360337813129
A,TRP,1334,A_TRP_1334,2.8026277675880236
A,TRP,1705,A_TRP_1705,30.806681708363794
A,TRP,1747,A_TRP_1747,12.555886228567026
A,TYR,1710,A_TYR_1710,28.79161025228325
A,TYR,1754,A_TYR_1754,5.207178417365224
A,VAL,1668,A_VAL_1668,11.65082408954802
A,VAL,1704,A_VAL_1704,17.022774852180465
A,VAL,1711,A_VAL_1711,16.137164626792273
A,VAL,1712,A_VAL_1712,16.30543682949302
