chain,resname,resnum,res_key,density
A,ARG,496,A_ARG_496,3.2306336519143737
A,ARG,500,A_ARG_500,18.724052403267965
A,ASN,349,A_ASN_349,5.641025995666546
A,ASN,356,A_ASN_356,20.331234308439118
A,ASN,506,A_ASN_506,20.219696571546358
A,ASN,508,A_ASN_508,2.4011788908903804
A,ASP,348,A_ASP_348,17.986829419367105
A,ASP,357,A_ASP_357,12.193720734921689
A,CYS,355,A_CYS_355,17.847117479741865
A,CYS,504,A_CYS_504,17.251380555899566
A,GLU,503,A_GLU_503,23.2223577010054
A,GLY,381,A_GLY_381,7.577893598200382
A,HIS,410,A_HIS_410,18.1734845178662
A,ILE,498,A_ILE_498,14.505975555963008
A,LEU,358,A_LEU_358,17.974398902623584
A,LEU,362,A_LEU_362,7.98234184451051
A,LEU,375,A_LEU_375,14.992424659820053
A,LEU,378,A_LEU_378,15.08243039883902
A,LEU,379,A_LEU_379,17.94268768493532
A,LEU,406,A_LEU_406,7.055564880171675
A,LEU,507,A_LEU_507,17.627270909682583
A,LYS,360,A_LYS_360,2.7663903132142122
A,LYS,376,A_LYS_376,21.30624809864083
A,LYS,509,A_LYS_509,8.169858794026812
A,LYS,531,A_LYS_531,4.0725179115809835
A,MET,359,A_MET_359,22.104034421835284
A,MET,502,A_MET_502,21.524008590071464
A,PHE,409,A_PHE_409,7.491843181827724
A,PHE,501,A_PHE_501,25.170547976741034
A,PRO,353,A_PRO_353,15.138977674503131
A,PRO,377,A_PRO_377,9.830058528904555
A,SER,350,A_SER_350,15.917874779309187
A,SER,499,A_SER_499,15.810176880013756
A,THR,351,A_THR_351,17.359564092685225
A,THR,352,A_THR_352,17.84717886498166
A,THR,497,A_THR_497,6.835646151411115
A,TRP,372,A_TRP_372,26.499145541431936
A,TYR,347,A_TYR_347,4.281132165146879
A,TYR,354,A_TYR_354,28.01660317881925
A,VAL,380,A_VAL_380,16.720808720521692
A,VAL,505,A_VAL_505,16.074858550788964
