chain,resname,resnum,res_key,density
A,ARG,1283,A_ARG_1283,25.99839699132712
A,CYS,1281,A_CYS_1281,17.48388079326147
A,GLN,1279,A_GLN_1279,22.62219041918043
A,LEU,1282,A_LEU_1282,18.320520316942776
A,LYS,1278,A_LYS_1278,14.643976980007642
A,PRO,1284,A_PRO_1284,16.586550258088202
A,SER,1280,A_SER_1280,14.584990995598586
