chain,resname,resnum,res_key,density
A,ALA,653,A_ALA_653,12.341808337275605
A,ALA,743,A_ALA_743,11.866663467742406
A,ALA,746,A_ALA_746,12.361681850706214
A,ALA,747,A_ALA_747,12.225703122857999
A,ALA,748,A_ALA_748,12.685192077155797
A,ARG,742,A_ARG_742,14.66077068172282
A,ASN,744,A_ASN_744,18.62850063626155
A,CYS,733,A_CYS_733,17.997032457631697
A,CYS,749,A_CYS_749,17.972585953556326
A,GLN,732,A_GLN_732,8.976533298684707
A,GLY,750,A_GLY_750,10.296095471581555
A,GLY,751,A_GLY_751,10.518767158102591
A,ILE,649,A_ILE_649,13.167996160673123
A,ILE,655,A_ILE_655,2.5351236685072194
A,ILE,656,A_ILE_656,17.86097809568505
A,ILE,736,A_ILE_736,17.939280935291702
A,ILE,752,A_ILE_752,18.712208839364063
A,ILE,753,A_ILE_753,18.12602997644473
A,LEU,735,A_LEU_735,5.6725207448666115
A,LEU,739,A_LEU_739,17.724235823011742
A,LEU,745,A_LEU_745,19.208600848862826
A,LEU,757,A_LEU_757,9.991671848662499
A,LEU,1353,A_LEU_1353,1.885821580213775
A,LEU,1775,A_LEU_1775,8.135133327431758
A,LYS,657,A_LYS_657,12.832602344463295
A,PHE,740,A_PHE_740,24.722527918804293
A,PHE,755,A_PHE_755,17.424870667970303
A,PHE,1357,A_PHE_1357,6.254595132132083
A,PHE,1663,A_PHE_1663,12.33428410945268
A,PHE,1667,A_PHE_1667,13.095510866250631
A,SER,737,A_SER_737,13.119779821208756
A,SER,741,A_SER_741,7.225888094873709
A,SER,1764,A_SER_1764,5.781626275291571
A,SER,1772,A_SER_1772,16.13367406906453
A,THR,738,A_THR_738,5.241935546480782
A,THR,756,A_THR_756,14.079319206701964
A,THR,1765,A_THR_1765,5.607983283815743
A,THR,1771,A_THR_1771,18.500119025127212
A,TYR,650,A_TYR_650,3.194745432782709
A,TYR,754,A_TYR_754,20.9953108781096
A,TYR,1767,A_TYR_1767,19.256819449746423
A,VAL,652,A_VAL_652,15.55305044877026
A,VAL,654,A_VAL_654,4.682422096019229
A,VAL,660,A_VAL_660,5.841262715802108
A,VAL,1768,A_VAL_1768,16.289927173410828
A,VAL,1769,A_VAL_1769,15.500727981623406
A,VAL,1773,A_VAL_1773,2.965966914181077
