chain,resname,resnum,res_key,density
A,ALA,1462,A_ALA_1462,11.145862897071666
A,ALA,1481,A_ALA_1481,12.083842784712905
A,ALA,1518,A_ALA_1518,9.013508014921866
A,ASP,1507,A_ASP_1507,16.66112179539484
A,CYS,626,A_CYS_626,17.391395271038704
A,CYS,1463,A_CYS_1463,17.424581873048307
A,CYS,1465,A_CYS_1465,18.11825640987731
A,CYS,1477,A_CYS_1477,17.383085309038155
A,GLN,1464,A_GLN_1464,22.657728939864757
A,GLN,1515,A_GLN_1515,22.5844640258971
A,GLU,53,A_GLU_53,10.601222100103225
A,GLY,1480,A_GLY_1480,10.28101871620388
A,GLY,1482,A_GLY_1482,10.088773083987432
A,GLY,1483,A_GLY_1483,10.325396790032764
A,ILE,1445,A_ILE_1445,5.658454788123941
A,ILE,1516,A_ILE_1516,11.37413994057192
A,ILE,1517,A_ILE_1517,13.396647671638323
A,LEU,1448,A_LEU_1448,3.8892264370353784
A,LEU,1474,A_LEU_1474,17.93668518228156
A,LEU,1509,A_LEU_1509,8.531406905037302
A,LYS,1472,A_LYS_1472,12.567442067476225
A,LYS,1511,A_LYS_1511,20.398477019680925
A,LYS,1519,A_LYS_1519,2.7890166747542784
A,MET,1473,A_MET_1473,2.3589421928385077
A,PHE,1449,A_PHE_1449,3.8834694457575516
A,PRO,625,A_PRO_625,12.969514659973434
A,PRO,1461,A_PRO_1461,15.846505201255937
A,PRO,1475,A_PRO_1475,15.75057543792289
A,PRO,1478,A_PRO_1478,16.3880664059369
A,PRO,1479,A_PRO_1479,15.953412932533983
A,SER,1460,A_SER_1460,15.554142004170725
A,SER,1466,A_SER_1466,2.594321652518104
A,THR,1512,A_THR_1512,18.043637659815424
A,TRP,1454,A_TRP_1454,2.035067548598984
A,TYR,1508,A_TYR_1508,10.319995841214336
A,TYR,1513,A_TYR_1513,21.230722064502903
A,VAL,1476,A_VAL_1476,15.637197966107644
A,VAL,1510,A_VAL_1510,16.26009704571603
A,VAL,1514,A_VAL_1514,16.220977810845866
