chain,resname,resnum,res_key,density
A,ALA,1462,A_ALA_1462,11.145862897071666
A,ARG,83,A_ARG_83,13.816336300347837
A,ASP,629,A_ASP_629,2.6928500175018497
A,ASP,1468,A_ASP_1468,20.96484279671939
A,CYS,54,A_CYS_54,2.3165487965516656
A,CYS,626,A_CYS_626,17.391395271038704
A,CYS,1463,A_CYS_1463,17.424581873048307
A,CYS,1465,A_CYS_1465,18.11825640987731
A,CYS,1477,A_CYS_1477,17.383085309038155
A,GLN,51,A_GLN_51,13.13100320865123
A,GLN,1464,A_GLN_1464,22.657728939864757
A,GLU,50,A_GLU_50,23.20441549825252
A,GLU,53,A_GLU_53,22.997861502552862
A,HIS,52,A_HIS_52,19.14090082868579
A,ILE,1470,A_ILE_1470,18.670849946513837
A,LEU,1474,A_LEU_1474,17.93668518228156
A,LYS,1469,A_LYS_1469,12.181191473270065
A,LYS,1471,A_LYS_1471,17.91053580692118
A,LYS,1472,A_LYS_1472,19.654471006482975
A,LYS,1511,A_LYS_1511,12.417017357992304
A,MET,1473,A_MET_1473,19.152715653799156
A,PRO,625,A_PRO_625,16.438777428419343
A,PRO,1461,A_PRO_1461,5.46563797122948
A,PRO,1475,A_PRO_1475,15.75057543792289
A,PRO,1478,A_PRO_1478,6.448035065581361
A,SER,1466,A_SER_1466,15.141672256580033
A,SER,1467,A_SER_1467,15.568909093301414
A,TYR,49,A_TYR_49,5.106399268337896
A,TYR,624,A_TYR_624,5.559220064899099
A,TYR,627,A_TYR_627,20.454640422446342
A,TYR,712,A_TYR_712,3.0746495577035415
A,VAL,628,A_VAL_628,16.608623518359312
A,VAL,1476,A_VAL_1476,15.637197966107644
A,VAL,1510,A_VAL_1510,9.727321209193082
A,VAL,1514,A_VAL_1514,5.638395922370217
