chain,resname,resnum,res_key,density
A,ALA,223,A_ALA_223,4.722517661240709
A,ALA,225,A_ALA_225,3.8703920168535237
A,ARG,219,A_ARG_219,23.787979935764007
A,ASN,196,A_ASN_196,20.446774723453355
A,ASP,208,A_ASP_208,17.990025514842344
A,CYS,195,A_CYS_195,17.75062263303164
A,CYS,215,A_CYS_215,18.085329070142535
A,GLN,209,A_GLN_209,13.992641512510843
A,GLU,210,A_GLU_210,14.111199610389708
A,GLU,213,A_GLU_213,23.38437029154647
A,GLU,220,A_GLU_220,5.582037576909306
A,GLU,226,A_GLU_226,3.0410326640269965
A,GLY,197,A_GLY_197,7.322989635421832
A,GLY,207,A_GLY_207,5.837139292232241
A,GLY,216,A_GLY_216,10.667934815492496
A,HIS,190,A_HIS_190,5.179598817803898
A,LEU,158,A_LEU_158,1.596858389348145
A,LEU,162,A_LEU_162,11.00178405653497
A,LEU,164,A_LEU_164,7.735969104702487
A,LEU,191,A_LEU_191,17.877161507237016
A,LEU,194,A_LEU_194,18.001741773311483
A,LEU,206,A_LEU_206,15.124156707968998
A,LEU,214,A_LEU_214,17.92440959266601
A,LEU,217,A_LEU_217,17.35958180677635
A,LEU,222,A_LEU_222,17.192016858729772
A,LYS,221,A_LYS_221,16.172819450645758
A,MET,172,A_MET_172,8.590544306406255
A,PRO,218,A_PRO_218,15.489183447018675
A,SER,193,A_SER_193,16.364161110853566
A,SER,200,A_SER_200,9.897576643580233
A,SER,212,A_SER_212,15.222751468240379
A,THR,168,A_THR_168,1.8737330271586328
A,THR,192,A_THR_192,16.957475027177956
A,VAL,211,A_VAL_211,16.279362128592858
