chain,resname,resnum,res_key,density
A,ALA,786,A_ALA_786,12.929117237785807
A,ALA,795,A_ALA_795,12.057313966663955
A,ARG,638,A_ARG_638,14.23853069093404
A,ASN,820,A_ASN_820,10.85520681771032
A,CYS,791,A_CYS_791,17.587671475583356
A,GLU,792,A_GLU_792,23.40923394725256
A,GLU,798,A_GLU_798,17.434771259521952
A,GLU,799,A_GLU_799,2.2802640639703644
A,GLY,788,A_GLY_788,10.538956728028513
A,GLY,790,A_GLY_790,10.520442950553024
A,GLY,803,A_GLY_803,2.4854402392651216
A,LEU,39,A_LEU_39,1.669823411134542
A,LEU,633,A_LEU_633,8.985068978409382
A,LEU,642,A_LEU_642,13.84337842668278
A,LEU,646,A_LEU_646,2.851248509658367
A,LEU,700,A_LEU_700,3.9010829311109436
A,LEU,704,A_LEU_704,7.585446833486983
A,LEU,709,A_LEU_709,5.203276107270802
A,LEU,710,A_LEU_710,12.254861637795791
A,LEU,722,A_LEU_722,18.758171826966844
A,LEU,796,A_LEU_796,18.77965171793116
A,LEU,809,A_LEU_809,1.863099471449066
A,LEU,821,A_LEU_821,18.219998593295134
A,MET,636,A_MET_636,21.925975970820478
A,MET,640,A_MET_640,22.151266816375305
A,MET,644,A_MET_644,21.4834395345198
A,MET,828,A_MET_828,10.733385205136544
A,PHE,36,A_PHE_36,7.539189887953725
A,PHE,643,A_PHE_643,18.67637114050737
A,PHE,719,A_PHE_719,2.3117365811604698
A,PHE,721,A_PHE_721,26.045005559478316
A,PHE,725,A_PHE_725,18.403946193297404
A,PHE,787,A_PHE_787,24.248962246456664
A,PHE,789,A_PHE_789,25.567141578270046
A,PHE,794,A_PHE_794,24.59328604516937
A,PHE,797,A_PHE_797,19.45964272596338
A,PHE,819,A_PHE_819,12.959300862345263
A,PRO,641,A_PRO_641,15.974613225465244
A,PRO,784,A_PRO_784,12.260227101752804
A,PRO,813,A_PRO_813,5.33629134650278
A,SER,637,A_SER_637,16.097234978858154
A,SER,639,A_SER_639,15.275500768966722
A,SER,713,A_SER_713,5.021866798015469
A,SER,780,A_SER_780,2.8386227775969846
A,SER,783,A_SER_783,6.0311776286119745
A,SER,824,A_SER_824,14.861379220925752
A,THR,645,A_THR_645,14.552957836411569
A,THR,822,A_THR_822,2.6605739242132307
A,THR,823,A_THR_823,2.2522086460144175
A,TRP,648,A_TRP_648,6.0487803347404
A,TYR,325,A_TYR_325,3.215532939044894
A,TYR,758,A_TYR_758,16.352233491135497
A,TYR,761,A_TYR_761,25.4580384637745
A,TYR,793,A_TYR_793,29.060778833046303
A,VAL,635,A_VAL_635,5.948845064082626
A,VAL,717,A_VAL_717,9.762576561891382
A,VAL,718,A_VAL_718,16.28259634903042
A,VAL,720,A_VAL_720,2.985264788263375
A,VAL,762,A_VAL_762,2.690317915711522
A,VAL,765,A_VAL_765,5.9386051982061625
A,VAL,785,A_VAL_785,16.626363816493544
A,VAL,804,A_VAL_804,9.748374258169214
A,VAL,825,A_VAL_825,8.622014010208078
