chain,resname,resnum,res_key,density
A,ARG,496,A_ARG_496,3.2306336519143737
A,ARG,500,A_ARG_500,24.071126216577454
A,ASN,349,A_ASN_349,15.57650049965756
A,ASN,356,A_ASN_356,20.331234308439118
A,ASN,361,A_ASN_361,21.494864177203702
A,ASN,506,A_ASN_506,6.146099396268219
A,ASP,348,A_ASP_348,21.050503130481257
A,ASP,357,A_ASP_357,21.523089656381366
A,CYS,355,A_CYS_355,17.847117479741865
A,CYS,504,A_CYS_504,17.251380555899566
A,GLU,363,A_GLU_363,17.665598153828437
A,GLU,503,A_GLU_503,23.2223577010054
A,ILE,498,A_ILE_498,6.2591509604364095
A,LEU,358,A_LEU_358,17.974398902623584
A,LEU,362,A_LEU_362,18.51608257560705
A,LEU,379,A_LEU_379,15.239552921146993
A,LYS,360,A_LYS_360,20.535010159023333
A,LYS,376,A_LYS_376,15.3348882129629
A,MET,359,A_MET_359,22.104034421835284
A,MET,502,A_MET_502,14.370629827290976
A,PHE,346,A_PHE_346,5.556687431254158
A,PHE,501,A_PHE_501,25.170547976741034
A,PRO,353,A_PRO_353,15.138977674503131
A,SER,350,A_SER_350,15.917874779309187
A,SER,499,A_SER_499,7.794649676048699
A,THR,351,A_THR_351,17.359564092685225
A,THR,352,A_THR_352,17.84717886498166
A,THR,497,A_THR_497,8.775621363037233
A,TRP,372,A_TRP_372,20.856799376444663
A,TYR,347,A_TYR_347,29.192540864277163
A,TYR,354,A_TYR_354,28.01660317881925
A,VAL,380,A_VAL_380,10.55375164214136
A,VAL,505,A_VAL_505,16.074858550788964
