chain,resname,resnum,res_key,density
A,ALA,580,A_ALA_580,12.260207845482295
A,ARG,83,A_ARG_83,25.650895093921186
A,ARG,579,A_ARG_579,10.177600701312295
A,ASN,58,A_ASN_58,2.5223850946068014
A,ASN,78,A_ASN_78,2.9362984288871443
A,ASN,79,A_ASN_79,20.35900468286936
A,ASN,1595,A_ASN_1595,6.11358469212033
A,ASN,1596,A_ASN_1596,13.3814315510505
A,ASP,581,A_ASP_581,2.423998090948839
A,ASP,1507,A_ASP_1507,4.630340072161895
A,CYS,54,A_CYS_54,17.100333389203655
A,CYS,81,A_CYS_81,17.866581576518257
A,CYS,626,A_CYS_626,17.391395271038704
A,CYS,1465,A_CYS_1465,5.434184075623225
A,GLN,51,A_GLN_51,20.795226964766883
A,GLN,620,A_GLN_620,16.066552394850476
A,GLN,621,A_GLN_621,21.170348831341027
A,GLU,50,A_GLU_50,5.906625344562288
A,GLU,53,A_GLU_53,22.997861502552862
A,GLU,89,A_GLU_89,15.285893151758586
A,GLY,315,A_GLY_315,5.623411300254086
A,GLY,316,A_GLY_316,10.271656906106507
A,GLY,577,A_GLY_577,9.431810702636671
A,HIS,52,A_HIS_52,23.758464480372773
A,HIS,55,A_HIS_55,21.52950186921385
A,ILE,319,A_ILE_319,17.58580454521048
A,LEU,317,A_LEU_317,17.616965433965493
A,LEU,1474,A_LEU_1474,1.6121032056734386
A,LEU,1509,A_LEU_1509,15.975993394637275
A,LYS,59,A_LYS_59,2.4383090070952287
A,LYS,318,A_LYS_318,10.6691726041692
A,LYS,320,A_LYS_320,8.30055378175435
A,LYS,1511,A_LYS_1511,2.7572124710678523
A,MET,622,A_MET_622,19.243764300948477
A,PHE,56,A_PHE_56,24.544138618897204
A,PHE,82,A_PHE_82,24.641658553031007
A,PHE,1594,A_PHE_1594,3.3189068064614
A,PRO,57,A_PRO_57,15.983198753758124
A,PRO,80,A_PRO_80,16.190025007330217
A,PRO,85,A_PRO_85,15.66805558997096
A,PRO,576,A_PRO_576,6.250339359811046
A,PRO,578,A_PRO_578,15.307314633573396
A,PRO,623,A_PRO_623,15.67027296617839
A,PRO,625,A_PRO_625,16.438777428419343
A,PRO,1475,A_PRO_1475,3.6300758852215376
A,SER,1506,A_SER_1506,15.923048966943519
A,THR,86,A_THR_86,17.240216676514795
A,TRP,1593,A_TRP_1593,6.354791768709308
A,TYR,84,A_TYR_84,27.784321616512777
A,TYR,624,A_TYR_624,27.783858584569963
A,TYR,627,A_TYR_627,27.638178493273777
A,TYR,1513,A_TYR_1513,18.552262652846373
A,VAL,628,A_VAL_628,2.9467481900317334
A,VAL,1510,A_VAL_1510,16.26009704571603
