chain,resname,resnum,res_key,density
A,ALA,216,A_ALA_216,12.480855155231058
A,ALA,237,A_ALA_237,12.710791522137058
A,ALA,238,A_ALA_238,11.751763222363815
A,ARG,222,A_ARG_222,26.97868282519027
A,ARG,224,A_ARG_224,26.035243733800353
A,ARG,244,A_ARG_244,18.999514028957577
A,ARG,252,A_ARG_252,21.034728741236602
A,ASN,234,A_ASN_234,21.305146613315504
A,ASP,230,A_ASP_230,22.513130566943783
A,ASP,247,A_ASP_247,21.298676704602986
A,CYS,215,A_CYS_215,18.523173086967862
A,CYS,219,A_CYS_219,18.152043930057843
A,CYS,223,A_CYS_223,18.15949756459841
A,CYS,231,A_CYS_231,17.845787503027275
A,CYS,232,A_CYS_232,17.63447300169701
A,CYS,236,A_CYS_236,18.396019199649714
A,CYS,240,A_CYS_240,17.903102405838393
A,CYS,248,A_CYS_248,18.311409042456532
A,CYS,251,A_CYS_251,7.522555430477357
A,CYS,260,A_CYS_260,16.92600401106046
A,GLN,141,A_GLN_141,5.09708947583214
A,GLN,217,A_GLN_217,5.461410072497172
A,GLN,218,A_GLN_218,12.904047117754848
A,GLN,235,A_GLN_235,22.552642116935175
A,GLU,142,A_GLU_142,5.906657571082086
A,GLU,245,A_GLU_245,20.51505731770197
A,GLY,221,A_GLY_221,10.212624685514267
A,GLY,225,A_GLY_225,10.306330864015358
A,GLY,239,A_GLY_239,10.359740368457967
A,GLY,242,A_GLY_242,10.621866227816753
A,HIS,233,A_HIS_233,24.170490430890982
A,ILE,213,A_ILE_213,2.875416040354989
A,ILE,214,A_ILE_214,9.844352048480276
A,LEU,210,A_LEU_210,5.321044713604943
A,LEU,249,A_LEU_249,18.201236183197217
A,LYS,212,A_LYS_212,16.292071868591965
A,LYS,226,A_LYS_226,10.455831364529377
A,PRO,228,A_PRO_228,15.659917327441743
A,PRO,243,A_PRO_243,15.710938402451898
A,SER,220,A_SER_220,15.336213439306984
A,SER,227,A_SER_227,15.937722424640304
A,SER,229,A_SER_229,15.635462407239528
A,SER,246,A_SER_246,15.818994846140114
A,THR,211,A_THR_211,16.902168981184033
A,THR,241,A_THR_241,17.716254568957087
A,VAL,250,A_VAL_250,12.215317350975148
