chain,resname,resnum,res_key,density
A,ALA,202,A_ALA_202,12.738755399081889
A,ARG,98,A_ARG_98,2.5798656571954552
A,ARG,138,A_ARG_138,23.526577027680627
A,ASN,139,A_ASN_139,7.037135419205305
A,ASN,158,A_ASN_158,21.549704365644132
A,ASN,182,A_ASN_182,2.292283315071183
A,ASN,196,A_ASN_196,17.225292694813657
A,ASN,206,A_ASN_206,20.983116176461028
A,ASP,191,A_ASP_191,21.64032883186038
A,CYS,157,A_CYS_157,16.94412495349382
A,CYS,187,A_CYS_187,14.855715863340414
A,CYS,190,A_CYS_190,17.88150138626284
A,CYS,194,A_CYS_194,19.08451806055465
A,CYS,199,A_CYS_199,18.459397949840337
A,CYS,207,A_CYS_207,17.28715368616675
A,GLN,163,A_GLN_163,22.54479372715764
A,GLN,188,A_GLN_188,20.350229495070423
A,GLN,208,A_GLN_208,22.30278222479692
A,GLU,134,A_GLU_134,23.433548436428463
A,GLU,160,A_GLU_160,23.344795522213403
A,GLU,204,A_GLU_204,14.785278963829063
A,GLU,205,A_GLU_205,23.83969141667238
A,GLY,197,A_GLY_197,10.394792513387756
A,GLY,201,A_GLY_201,10.402711083780225
A,GLY,203,A_GLY_203,10.574175746310756
A,ILE,162,A_ILE_162,18.812708434491118
A,ILE,167,A_ILE_167,3.767611904862406
A,LEU,135,A_LEU_135,16.305003316880498
A,LEU,140,A_LEU_140,12.697613253589399
A,LEU,156,A_LEU_156,14.557770236297559
A,LEU,210,A_LEU_210,11.758528114018436
A,LYS,133,A_LYS_133,5.463367714281495
A,LYS,189,A_LYS_189,15.59942303581292
A,LYS,209,A_LYS_209,19.74245244978083
A,MET,137,A_MET_137,19.687292613438217
A,PHE,150,A_PHE_150,4.256245362030938
A,PHE,180,A_PHE_180,7.870956986527954
A,PRO,136,A_PRO_136,16.08418739576671
A,PRO,192,A_PRO_192,15.492692241307308
A,PRO,195,A_PRO_195,16.913732700232575
A,SER,161,A_SER_161,16.31912750883501
A,SER,193,A_SER_193,16.121970114807485
A,SER,198,A_SER_198,15.078901451809676
A,TRP,164,A_TRP_164,24.23049763859356
A,TRP,200,A_TRP_200,32.418521484014505
A,VAL,159,A_VAL_159,17.221955637899505
