chain,resname,resnum,res_key,density
A,ALA,566,A_ALA_566,2.477605929830355
A,ALA,583,A_ALA_583,12.054518261975087
A,ARG,547,A_ARG_547,25.905621028226896
A,ARG,574,A_ARG_574,12.443262299839107
A,ASN,540,A_ASN_540,6.030959037943457
A,ASN,568,A_ASN_568,6.079247418208275
A,ASN,578,A_ASN_578,20.210105365025573
A,ASP,577,A_ASP_577,18.501368308017305
A,CYS,558,A_CYS_558,17.45718010314892
A,CYS,562,A_CYS_562,17.70693277179148
A,CYS,571,A_CYS_571,18.0835170082595
A,CYS,579,A_CYS_579,18.51208517342703
A,CYS,582,A_CYS_582,17.681183790639192
A,CYS,591,A_CYS_591,17.438169245892496
A,GLN,557,A_GLN_557,20.10908964545738
A,GLN,565,A_GLN_565,22.717673189000216
A,GLN,581,A_GLN_581,22.951899681564328
A,GLU,545,A_GLU_545,17.776922654005
A,GLU,548,A_GLU_548,13.820294393179413
A,GLU,561,A_GLU_561,24.389469433692774
A,GLY,544,A_GLY_544,2.9967382371011984
A,GLY,573,A_GLY_573,10.51153397894869
A,GLY,575,A_GLY_575,11.267833086607007
A,HIS,559,A_HIS_559,23.658645623262736
A,HIS,584,A_HIS_584,24.1211060500066
A,HIS,590,A_HIS_590,12.821630192236256
A,ILE,556,A_ILE_556,5.8667053528309925
A,ILE,569,A_ILE_569,17.13753829357709
A,ILE,580,A_ILE_580,18.525878157340344
A,ILE,586,A_ILE_586,11.866013109516224
A,LEU,541,A_LEU_541,7.563709948894495
A,LEU,563,A_LEU_563,18.879742780860088
A,LYS,593,A_LYS_593,13.075636730249935
A,PHE,549,A_PHE_549,14.818328688560623
A,PRO,546,A_PRO_546,16.26014413006421
A,PRO,560,A_PRO_560,15.309972491838927
A,PRO,564,A_PRO_564,14.800413305487067
A,PRO,576,A_PRO_576,16.064456586794684
A,PRO,589,A_PRO_589,5.934808539587127
A,THR,570,A_THR_570,16.895317457751133
A,THR,572,A_THR_572,17.743665261454147
A,TYR,585,A_TYR_585,13.454498738081348
A,VAL,592,A_VAL_592,16.25951526823527
