chain,resname,resnum,res_key,density
A,ALA,597,A_ALA_597,12.554690239439973
A,ALA,611,A_ALA_611,12.093652610843325
A,ASN,623,A_ASN_623,12.61584877383406
A,ASN,639,A_ASN_639,2.774531012989799
A,ASP,612,A_ASP_612,6.4155289389315655
A,CYS,595,A_CYS_595,17.884831362763673
A,CYS,617,A_CYS_617,18.230973809406432
A,CYS,620,A_CYS_620,17.857349886166467
A,CYS,624,A_CYS_624,17.57541125616087
A,CYS,628,A_CYS_628,16.716198087277345
A,CYS,636,A_CYS_636,17.76409725596981
A,GLU,634,A_GLU_634,19.733110441282584
A,GLY,598,A_GLY_598,6.893531894012053
A,GLY,627,A_GLY_627,10.719379168676582
A,GLY,630,A_GLY_630,10.037446802332553
A,GLY,632,A_GLY_632,10.370438818253369
A,GLY,635,A_GLY_635,10.018698742205288
A,HIS,618,A_HIS_618,16.748155693339875
A,HIS,621,A_HIS_621,23.159656981766656
A,LEU,606,A_LEU_606,9.508057800683616
A,LEU,619,A_LEU_619,18.366631305699777
A,LEU,633,A_LEU_633,15.528213166389827
A,LYS,609,A_LYS_609,18.790491888427443
A,PRO,596,A_PRO_596,15.072467707008766
A,PRO,622,A_PRO_622,15.04694697288026
A,PRO,631,A_PRO_631,16.601379449638774
A,PRO,637,A_PRO_637,16.179428390842748
A,THR,625,A_THR_625,16.798597762812737
A,THR,629,A_THR_629,17.015582827499905
A,THR,638,A_THR_638,11.606398620640265
A,TRP,608,A_TRP_608,30.318960535525992
A,TYR,610,A_TYR_610,27.56288199829054
A,TYR,626,A_TYR_626,20.35920517961371
A,VAL,599,A_VAL_599,2.4272437997194447
A,VAL,607,A_VAL_607,13.734825185676089
A,VAL,616,A_VAL_616,5.738111887777199
