chain,resname,resnum,res_key,density
A,ARG,531,A_ARG_531,26.889109291052836
A,ARG,547,A_ARG_547,25.905621028226896
A,ASN,528,A_ASN_528,21.266512808706143
A,ASN,540,A_ASN_540,21.20145477515241
A,ASN,552,A_ASN_552,8.893329103428778
A,ASN,568,A_ASN_568,6.079247418208275
A,ASP,537,A_ASP_537,21.683409912955295
A,CYS,526,A_CYS_526,6.942760660321147
A,CYS,535,A_CYS_535,11.756955554454146
A,CYS,539,A_CYS_539,17.095821041898446
A,CYS,555,A_CYS_555,18.08882641737945
A,CYS,558,A_CYS_558,11.875387959494738
A,CYS,571,A_CYS_571,14.096821965689628
A,GLN,557,A_GLN_557,19.496633512916915
A,GLU,534,A_GLU_534,10.164517990983521
A,GLU,543,A_GLU_543,23.476255616710603
A,GLU,545,A_GLU_545,15.77834484473816
A,GLU,548,A_GLU_548,23.32830126407935
A,GLU,551,A_GLU_551,12.834700719215993
A,GLU,554,A_GLU_554,16.40485904788338
A,GLY,532,A_GLY_532,9.81353742577571
A,GLY,544,A_GLY_544,10.420110133028608
A,ILE,556,A_ILE_556,17.95159325036674
A,ILE,569,A_ILE_569,13.959615935939413
A,LEU,509,A_LEU_509,5.930340236438997
A,LEU,541,A_LEU_541,17.441688502894785
A,LEU,542,A_LEU_542,18.084952672896666
A,LYS,538,A_LYS_538,20.241911108324878
A,PHE,549,A_PHE_549,24.070585344158136
A,PRO,546,A_PRO_546,16.26014413006421
A,SER,530,A_SER_530,15.670935348004019
A,SER,553,A_SER_553,15.435881634042982
A,THR,570,A_THR_570,9.630766120183809
A,VAL,529,A_VAL_529,15.578188367732533
A,VAL,536,A_VAL_536,16.10080507343175
A,VAL,550,A_VAL_550,15.71530509141084
