chain,resname,resnum,res_key,density
A,ALA,216,A_ALA_216,12.480855155231058
A,ALA,237,A_ALA_237,3.562769381249567
A,ALA,238,A_ALA_238,5.165358343710867
A,ARG,165,A_ARG_165,5.903180160179807
A,ARG,222,A_ARG_222,26.97868282519027
A,ARG,224,A_ARG_224,21.001536434049395
A,ASP,166,A_ASP_166,21.30514641712146
A,ASP,230,A_ASP_230,22.513130566943783
A,CYS,215,A_CYS_215,18.523173086967862
A,CYS,219,A_CYS_219,18.152043930057843
A,CYS,223,A_CYS_223,18.15949756459841
A,CYS,231,A_CYS_231,17.845787503027275
A,CYS,232,A_CYS_232,17.63447300169701
A,CYS,240,A_CYS_240,8.259361061226816
A,GLN,163,A_GLN_163,3.2087441129206637
A,GLN,217,A_GLN_217,22.788621956509523
A,GLN,218,A_GLN_218,23.374472431805444
A,GLY,221,A_GLY_221,10.212624685514267
A,GLY,225,A_GLY_225,10.306330864015358
A,GLY,239,A_GLY_239,6.9363724801770825
A,HIS,233,A_HIS_233,2.8486370724491303
A,ILE,213,A_ILE_213,18.040247841946435
A,ILE,214,A_ILE_214,18.54643238736723
A,LEU,210,A_LEU_210,17.079572827623377
A,LYS,209,A_LYS_209,5.392830538999913
A,LYS,212,A_LYS_212,20.512892912209658
A,LYS,226,A_LYS_226,20.132166795482412
A,PRO,228,A_PRO_228,15.659917327441743
A,SER,220,A_SER_220,15.336213439306984
A,SER,227,A_SER_227,15.937722424640304
A,SER,229,A_SER_229,15.635462407239528
A,THR,211,A_THR_211,16.902168981184033
