chain,resname,resnum,res_key,density
A,ALA,155,A_ALA_155,11.669984344506744
A,ALA,202,A_ALA_202,12.738755399081889
A,ASN,153,A_ASN_153,6.324378701571246
A,ASN,158,A_ASN_158,21.549704365644132
A,ASN,182,A_ASN_182,20.56625082309528
A,ASP,191,A_ASP_191,2.80872721445929
A,CYS,157,A_CYS_157,16.94412495349382
A,CYS,187,A_CYS_187,17.513173098685083
A,CYS,190,A_CYS_190,17.88150138626284
A,CYS,199,A_CYS_199,15.685032956985829
A,GLN,181,A_GLN_181,6.167194436119484
A,GLN,188,A_GLN_188,22.675526686309457
A,GLU,97,A_GLU_97,13.803957423555484
A,GLU,134,A_GLU_134,20.11030477920179
A,GLU,160,A_GLU_160,20.015116665300766
A,GLY,131,A_GLY_131,2.905863856022106
A,GLY,185,A_GLY_185,10.427162477324124
A,GLY,197,A_GLY_197,3.2453509179592817
A,GLY,201,A_GLY_201,10.402711083780225
A,GLY,203,A_GLY_203,2.6166416874070317
A,HIS,183,A_HIS_183,12.577908239229501
A,LEU,132,A_LEU_132,6.0574594932958785
A,LEU,135,A_LEU_135,2.4738656788156095
A,LEU,156,A_LEU_156,17.313175559854358
A,LEU,184,A_LEU_184,17.430047440401353
A,LYS,133,A_LYS_133,20.783024544588653
A,LYS,189,A_LYS_189,19.68625292740107
A,PHE,180,A_PHE_180,7.007546128810334
A,PRO,154,A_PRO_154,8.1094183248586
A,SER,161,A_SER_161,10.686987489760112
A,SER,186,A_SER_186,15.201676685054125
A,TRP,200,A_TRP_200,10.87039614862061
A,VAL,159,A_VAL_159,11.634944494960024
