chain,resname,resnum,res_key,density
A,ALA,472,A_ALA_472,10.76343403326143
A,ALA,501,A_ALA_501,2.6395295472220623
A,ALA,508,A_ALA_508,11.836784976677674
A,ARG,521,A_ARG_521,14.49803224722518
A,ARG,527,A_ARG_527,17.88258750961073
A,ASN,473,A_ASN_473,13.110090791849302
A,ASN,476,A_ASN_476,2.4824046506457154
A,ASP,522,A_ASP_522,21.338441528986074
A,CYS,470,A_CYS_470,17.80071546096769
A,CYS,499,A_CYS_499,17.969299568240597
A,CYS,506,A_CYS_506,17.67168207298127
A,CYS,510,A_CYS_510,17.950078364472347
A,CYS,515,A_CYS_515,16.912894687949837
A,CYS,523,A_CYS_523,18.408881527284255
A,CYS,526,A_CYS_526,9.383614330128195
A,CYS,535,A_CYS_535,17.11604047512686
A,GLN,504,A_GLN_504,22.93612023847373
A,GLU,496,A_GLU_496,10.95132255408737
A,GLU,513,A_GLU_513,14.047880634029546
A,GLU,519,A_GLU_519,23.09647736554526
A,GLY,503,A_GLY_503,10.130804387146927
A,GLY,514,A_GLY_514,10.253040417211853
A,GLY,517,A_GLY_517,10.392332211877712
A,HIS,507,A_HIS_507,23.055008189204973
A,ILE,475,A_ILE_475,19.040111867957805
A,LEU,448,A_LEU_448,2.7293016825476872
A,LEU,509,A_LEU_509,18.043178090813033
A,LYS,500,A_LYS_500,20.026408368055943
A,PRO,512,A_PRO_512,15.19026717770683
A,PRO,518,A_PRO_518,15.595020303917998
A,PRO,520,A_PRO_520,15.124706976983532
A,SER,447,A_SER_447,9.900115679175109
A,SER,511,A_SER_511,16.548828097680566
A,SER,525,A_SER_525,12.76937576444684
A,THR,446,A_THR_446,5.27332251687172
A,THR,474,A_THR_474,17.125339319814017
A,THR,502,A_THR_502,5.737917404014423
A,TRP,516,A_TRP_516,24.950859163584173
A,TYR,471,A_TYR_471,27.762622396839156
A,VAL,505,A_VAL_505,16.305755445939536
A,VAL,524,A_VAL_524,16.55379530712196
