chain,resname,resnum,res_key,density
A,ALA,185,A_ALA_185,12.560208310494087
A,ALA,187,A_ALA_187,12.134359665872768
A,ARG,179,A_ARG_179,19.21798429681137
A,ARG,214,A_ARG_214,4.774323534494654
A,CYS,145,A_CYS_145,17.1888685814171
A,CYS,177,A_CYS_177,17.425148923498725
A,GLN,143,A_GLN_143,22.935589567503595
A,GLN,178,A_GLN_178,23.33113161941324
A,GLU,180,A_GLU_180,23.090089075331836
A,GLU,183,A_GLU_183,9.640219542315869
A,GLU,186,A_GLU_186,14.098347596481494
A,GLU,192,A_GLU_192,7.574583755772309
A,GLY,142,A_GLY_142,10.26793959850932
A,GLY,144,A_GLY_144,10.026068221042049
A,GLY,184,A_GLY_184,2.535884277343343
A,HIS,149,A_HIS_149,24.228406100110742
A,LEU,151,A_LEU_151,4.782767342746384
A,LEU,152,A_LEU_152,5.528624477140475
A,LYS,141,A_LYS_141,7.3376833183612815
A,LYS,188,A_LYS_188,18.29417147802539
A,PRO,146,A_PRO_146,15.704935342157638
A,PRO,176,A_PRO_176,15.59217602408798
A,PRO,182,A_PRO_182,15.645346893713103
A,PRO,189,A_PRO_189,16.700103876690918
A,SER,147,A_SER_147,15.65042403308237
A,SER,175,A_SER_175,14.848635465030533
A,THR,148,A_THR_148,17.97490291472999
A,THR,181,A_THR_181,17.858419051282905
A,TRP,190,A_TRP_190,30.838172133781168
A,TYR,191,A_TYR_191,2.5383438554681153
A,TYR,217,A_TYR_217,17.46508042345959
A,VAL,150,A_VAL_150,16.144570891842807
