chain,resname,resnum,res_key,density
A,ARG,209,A_ARG_209,7.840844022448316
A,ARG,211,A_ARG_211,14.833376464465527
A,ARG,212,A_ARG_212,17.199046806920993
A,ARG,213,A_ARG_213,23.244828409215696
A,ARG,219,A_ARG_219,11.51502212063803
A,ASN,210,A_ASN_210,19.90061670143858
A,CYS,215,A_CYS_215,17.870545050662667
A,CYS,217,A_CYS_217,18.025193366777287
A,HIS,208,A_HIS_208,3.474945269334569
A,LYS,216,A_LYS_216,21.191916250680624
A,PRO,218,A_PRO_218,16.593410518685975
A,PRO,220,A_PRO_220,4.577943421577226
A,VAL,214,A_VAL_214,16.341304874436215
