chain,resname,resnum,res_key,density
A,ALA,117,A_ALA_117,11.552805061851233
A,ARG,25,A_ARG_25,13.970304406582558
A,ASP,96,A_ASP_96,5.234660133425802
A,CYS,43,A_CYS_43,18.055904308279672
A,CYS,54,A_CYS_54,17.49717065764877
A,CYS,115,A_CYS_115,17.541545203318694
A,GLN,23,A_GLN_23,20.820653918318754
A,GLN,44,A_GLN_44,14.27844669600945
A,GLN,59,A_GLN_59,8.39618118458873
A,GLY,53,A_GLY_53,10.24592364158778
A,HIS,127,A_HIS_127,23.5903710021468
A,ILE,122,A_ILE_122,3.276530710996874
A,LEU,29,A_LEU_29,2.0098723953972857
A,LEU,41,A_LEU_41,18.34703486633797
A,LEU,46,A_LEU_46,8.910146378623143
A,LEU,47,A_LEU_47,11.835580669835869
A,LEU,57,A_LEU_57,17.89025563043415
A,LEU,70,A_LEU_70,18.479679508640594
A,LEU,71,A_LEU_71,16.239181581984493
A,LEU,73,A_LEU_73,18.035257228046422
A,LEU,100,A_LEU_100,17.56934500828093
A,LEU,118,A_LEU_118,12.14952968158288
A,LYS,42,A_LYS_42,14.156140607527188
A,LYS,92,A_LYS_92,3.4072727028171603
A,MET,123,A_MET_123,21.065241602237275
A,PHE,24,A_PHE_24,25.349947229579993
A,PHE,58,A_PHE_58,17.01265738394504
A,PHE,69,A_PHE_69,21.933810283062414
A,PHE,98,A_PHE_98,24.548808016376288
A,PHE,114,A_PHE_114,24.755339856840045
A,PHE,125,A_PHE_125,26.592934631936167
A,PHE,128,A_PHE_128,24.697414797524747
A,PRO,50,A_PRO_50,1.7547809196988906
A,PRO,67,A_PRO_67,8.686288556974882
A,PRO,130,A_PRO_130,2.7914738179855667
A,SER,22,A_SER_22,11.580300092801815
A,SER,27,A_SER_27,13.111916610759959
A,SER,55,A_SER_55,14.359936803831044
A,SER,116,A_SER_116,16.10394678257168
A,SER,119,A_SER_119,2.2057792995147407
A,SER,126,A_SER_126,16.13874310796492
A,THR,51,A_THR_51,2.995451263300705
A,THR,68,A_THR_68,10.396045621240937
A,THR,97,A_THR_97,14.57007438910155
A,TRP,56,A_TRP_56,30.43951510064165
A,TYR,72,A_TYR_72,20.428514895403584
A,TYR,112,A_TYR_112,15.020529715762716
A,TYR,113,A_TYR_113,26.568270143222446
A,TYR,124,A_TYR_124,20.173751108395845
A,VAL,26,A_VAL_26,15.915156248862042
A,VAL,45,A_VAL_45,16.52328640523307
A,VAL,99,A_VAL_99,14.441727569645533
A,VAL,129,A_VAL_129,16.50728791447748
A,VAL,131,A_VAL_131,1.6933448532980628
