chain,resname,resnum,res_key,density
A,CYS,455,A_CYS_455,18.28422554643778
A,GLN,452,A_GLN_452,11.95701136472109
A,ILE,458,A_ILE_458,22.248630126732603
A,LYS,453,A_LYS_453,21.628647429884
A,PHE,451,A_PHE_451,4.54442306211809
A,PRO,457,A_PRO_457,16.280504493805104
A,SER,456,A_SER_456,14.909109429003546
A,THR,454,A_THR_454,17.712614099829093
