chain,resname,resnum,res_key,density
A,ALA,117,A_ALA_117,11.552805061851233
A,ARG,25,A_ARG_25,23.261194893017507
A,ARG,93,A_ARG_93,26.592895727681704
A,ASP,96,A_ASP_96,21.279051162395902
A,CYS,43,A_CYS_43,18.055904308279672
A,CYS,54,A_CYS_54,17.49717065764877
A,CYS,115,A_CYS_115,17.541545203318694
A,GLN,23,A_GLN_23,12.468297215463958
A,GLN,44,A_GLN_44,22.35400693860125
A,GLU,40,A_GLU_40,23.130410620410583
A,GLY,53,A_GLY_53,10.24592364158778
A,GLY,91,A_GLY_91,4.567551238132433
A,GLY,95,A_GLY_95,10.698734801546506
A,HIS,127,A_HIS_127,19.18660704313764
A,LEU,29,A_LEU_29,10.043873980366834
A,LEU,41,A_LEU_41,18.34703486633797
A,LEU,46,A_LEU_46,18.793419530314477
A,LEU,47,A_LEU_47,11.835580669835869
A,LEU,57,A_LEU_57,16.12159386112358
A,LEU,71,A_LEU_71,8.034940321906985
A,LEU,73,A_LEU_73,18.035257228046422
A,LEU,94,A_LEU_94,17.938223677551463
A,LEU,100,A_LEU_100,17.56934500828093
A,LYS,42,A_LYS_42,20.83331355343608
A,LYS,92,A_LYS_92,19.187906617623
A,PHE,24,A_PHE_24,25.349947229579993
A,PHE,98,A_PHE_98,24.548808016376288
A,PHE,114,A_PHE_114,20.443423633339947
A,PHE,125,A_PHE_125,13.204299948324483
A,PHE,128,A_PHE_128,9.867725766778662
A,PRO,28,A_PRO_28,16.249051341919746
A,PRO,50,A_PRO_50,3.8576280438301227
A,SER,22,A_SER_22,13.544577915472239
A,SER,27,A_SER_27,15.517375157172273
A,SER,55,A_SER_55,14.359936803831044
A,SER,74,A_SER_74,2.781120620554023
A,SER,90,A_SER_90,2.757160899836947
A,SER,116,A_SER_116,16.10394678257168
A,SER,126,A_SER_126,16.13874310796492
A,THR,51,A_THR_51,2.995451263300705
A,THR,97,A_THR_97,17.45780617795203
A,THR,101,A_THR_101,7.666544104535094
A,TRP,56,A_TRP_56,30.43951510064165
A,TYR,72,A_TYR_72,4.393069888285103
A,TYR,113,A_TYR_113,17.343591388672664
A,TYR,124,A_TYR_124,7.229115877606296
A,VAL,26,A_VAL_26,15.915156248862042
A,VAL,45,A_VAL_45,16.52328640523307
A,VAL,99,A_VAL_99,16.352667461955495
A,VAL,129,A_VAL_129,16.50728791447748
