chain,resname,resnum,res_key,density
A,ALA,180,A_ALA_180,13.040464294303346
A,ALA,187,A_ALA_187,9.911796162493687
A,ARG,175,A_ARG_175,5.579121329267688
A,ASP,178,A_ASP_178,21.14402490568125
A,ASP,182,A_ASP_182,21.257838562160728
A,CYS,181,A_CYS_181,18.256565478793554
A,GLY,176,A_GLY_176,9.883700981856741
A,ILE,183,A_ILE_183,18.023431105319677
A,ILE,185,A_ILE_185,19.015742782106
A,LEU,177,A_LEU_177,18.307480662189466
A,LEU,189,A_LEU_189,4.663738761675588
A,PHE,179,A_PHE_179,26.08285616611592
A,PRO,188,A_PRO_188,10.23181487189295
A,THR,174,A_THR_174,5.789894652853441
A,TRP,186,A_TRP_186,32.82960618983135
A,TYR,184,A_TYR_184,27.4734109449241
