chain,resname,resnum,res_key,density
A,ALA,337,A_ALA_337,12.323206410593949
A,ALA,339,A_ALA_339,12.277411402147314
A,ARG,238,A_ARG_238,12.317381126928716
A,ASP,341,A_ASP_341,18.314556769540342
A,CYS,336,A_CYS_336,17.99822063933491
A,GLN,331,A_GLN_331,12.746730343953196
A,GLN,340,A_GLN_340,22.471040662417675
A,GLU,329,A_GLU_329,7.54963430458538
A,GLU,333,A_GLU_333,23.466985047672047
A,GLU,334,A_GLU_334,23.936308192957117
A,GLU,338,A_GLU_338,23.688353095673374
A,GLY,342,A_GLY_342,4.689991758108886
A,LEU,330,A_LEU_330,9.66027369948025
A,LEU,332,A_LEU_332,18.134589280575597
A,PRO,328,A_PRO_328,3.2655169687105197
A,SER,335,A_SER_335,15.94486633474602
