chain,resname,resnum,res_key,density
A,ASP,104,A_ASP_104,12.847705837043486
A,CYS,103,A_CYS_103,12.684172912454029
A,CYS,109,A_CYS_109,17.742243275180478
A,CYS,112,A_CYS_112,17.76277466458813
A,HIS,107,A_HIS_107,24.82098305477154
A,LYS,101,A_LYS_101,10.24106305941582
A,LYS,105,A_LYS_105,11.478572469412912
A,PRO,110,A_PRO_110,16.392620449208163
A,PRO,111,A_PRO_111,15.964297803851757
A,PRO,113,A_PRO_113,16.231327491823915
A,SER,102,A_SER_102,3.194602428612541
A,THR,106,A_THR_106,15.186441778443891
A,THR,108,A_THR_108,17.69067969341196
