chain,resname,resnum,res_key,density
A,ALA,114,A_ALA_114,12.82048204124445
A,ALA,213,A_ALA_213,1.773773407351107
A,CYS,109,A_CYS_109,17.742243275180478
A,CYS,112,A_CYS_112,17.76277466458813
A,GLU,116,A_GLU_116,17.675523834313804
A,LEU,117,A_LEU_117,6.688877007387583
A,LYS,101,A_LYS_101,2.458261183435994
A,PRO,110,A_PRO_110,16.392620449208163
A,PRO,111,A_PRO_111,15.964297803851757
A,PRO,113,A_PRO_113,16.231327491823915
A,PRO,115,A_PRO_115,16.333008548067696
A,PRO,212,A_PRO_212,3.855638617315665
A,THR,108,A_THR_108,10.079519280851448
