chain,resname,resnum,res_key,density
A,ALA,170,A_ALA_170,12.130988774237252
A,ARG,184,A_ARG_184,26.007228910290475
A,ASN,159,A_ASN_159,12.03688599061148
A,CYS,144,A_CYS_144,17.61837276370684
A,CYS,204,A_CYS_204,16.65310130437588
A,GLU,141,A_GLU_141,22.622493414092492
A,GLU,176,A_GLU_176,3.250713077002415
A,GLU,216,A_GLU_216,14.947564899182824
A,ILE,215,A_ILE_215,17.604925400003065
A,ILE,219,A_ILE_219,19.34013143515625
A,LEU,125,A_LEU_125,18.39739435565973
A,LEU,189,A_LEU_189,17.738315163757985
A,LYS,157,A_LYS_157,10.688994971850011
A,LYS,171,A_LYS_171,12.598093295878417
A,LYS,173,A_LYS_173,20.286458136346813
A,LYS,203,A_LYS_203,14.151295560033635
A,LYS,205,A_LYS_205,14.672706112086603
A,LYS,217,A_LYS_217,21.204746283009293
A,PHE,124,A_PHE_124,25.16313106818087
A,PHE,126,A_PHE_126,24.911590909499335
A,PHE,158,A_PHE_158,24.656271351251085
A,PRO,121,A_PRO_121,8.119940331258368
A,PRO,127,A_PRO_127,16.375965800740914
A,PRO,128,A_PRO_128,7.641827546697257
A,PRO,174,A_PRO_174,3.267863410175967
A,SER,122,A_SER_122,12.98748889263949
A,SER,187,A_SER_187,14.83703492991034
A,SER,207,A_SER_207,7.777526457734536
A,THR,143,A_THR_143,17.811176942105327
A,THR,172,A_THR_172,17.289860405335595
A,THR,190,A_THR_190,4.75321717750265
A,THR,218,A_THR_218,16.08075043929194
A,TRP,160,A_TRP_160,32.68353842924003
A,TRP,196,A_TRP_196,2.353042575693242
A,TYR,161,A_TYR_161,10.061471615287928
A,TYR,183,A_TYR_183,3.2963072277735117
A,TYR,202,A_TYR_202,18.507454881171284
A,VAL,123,A_VAL_123,16.17234011790023
A,VAL,142,A_VAL_142,16.868831058684403
A,VAL,145,A_VAL_145,15.41996469324636
A,VAL,146,A_VAL_146,15.462909869286872
A,VAL,147,A_VAL_147,15.989723381764176
A,VAL,149,A_VAL_149,1.6922234135667047
A,VAL,156,A_VAL_156,13.324306752741556
A,VAL,167,A_VAL_167,2.0723222153450465
A,VAL,185,A_VAL_185,16.353160742689976
A,VAL,186,A_VAL_186,16.301985760833887
A,VAL,188,A_VAL_188,16.054271067665674
A,VAL,191,A_VAL_191,1.7948156258759318
A,VAL,206,A_VAL_206,15.952818652918246
