chain,resname,resnum,res_key,density
A,ALA,235,A_ALA_235,12.197174189262793
A,ALA,342,A_ALA_342,3.459160138316715
A,ARG,258,A_ARG_258,18.543166992937675
A,ARG,364,A_ARG_364,26.44416729274364
A,ASN,236,A_ASN_236,19.142624370970935
A,ASP,242,A_ASP_242,10.183446288973766
A,ASP,245,A_ASP_245,7.730759175952621
A,ASP,284,A_ASP_284,10.68938135931224
A,ASP,352,A_ASP_352,22.156782475458495
A,ASP,356,A_ASP_356,21.47319957350714
A,ASP,360,A_ASP_360,22.336641452571072
A,CYS,353,A_CYS_353,17.930553763625525
A,CYS,363,A_CYS_363,18.563984474551255
A,GLU,350,A_GLU_350,14.553063098788112
A,GLY,347,A_GLY_347,2.657512600386943
A,GLY,351,A_GLY_351,11.04378512664366
A,HIS,234,A_HIS_234,24.014623713841743
A,ILE,256,A_ILE_256,13.428151924038135
A,LEU,232,A_LEU_232,3.353234255293378
A,LEU,246,A_LEU_246,14.88392431266532
A,LYS,358,A_LYS_358,14.993394776888909
A,MET,349,A_MET_349,21.12073132688752
A,MET,365,A_MET_365,21.274221053544405
A,PHE,237,A_PHE_237,8.975120256390603
A,PHE,346,A_PHE_346,25.19661856096319
A,PRO,354,A_PRO_354,16.4840267055632
A,SER,355,A_SER_355,16.084466272792493
A,SER,361,A_SER_361,15.682114320124033
A,THR,248,A_THR_248,8.047527583116738
A,THR,286,A_THR_286,5.56666629270166
A,THR,359,A_THR_359,17.010172170762832
A,THR,362,A_THR_362,18.62706048456148
A,THR,367,A_THR_367,2.826003604721594
A,TRP,357,A_TRP_357,31.68655590379433
A,TYR,247,A_TYR_247,20.54984923654126
A,TYR,282,A_TYR_282,12.313215241484981
A,VAL,233,A_VAL_233,11.451495858406343
A,VAL,257,A_VAL_257,1.9525318160432947
A,VAL,366,A_VAL_366,16.428852201748416
