chain,resname,resnum,res_key,density
A,ALA,183,A_ALA_183,3.3374650101472305
A,ARG,85,A_ARG_85,21.036970908278356
A,ARG,87,A_ARG_87,15.130137140419802
A,ARG,185,A_ARG_185,18.522116472122818
A,ASN,46,A_ASN_46,2.84230872497915
A,ASP,184,A_ASP_184,19.135625869488962
A,CYS,91,A_CYS_91,17.274957617722816
A,CYS,188,A_CYS_188,17.926391434829373
A,GLN,193,A_GLN_193,13.77896140558886
A,GLU,92,A_GLU_92,19.751278187104365
A,GLU,93,A_GLU_93,22.626571358653806
A,GLU,187,A_GLU_187,23.782002913060087
A,GLU,192,A_GLU_192,22.476869208945185
A,GLU,194,A_GLU_194,22.932207329546394
A,GLY,89,A_GLY_89,9.539677476660787
A,GLY,186,A_GLY_186,10.4368198798131
A,GLY,191,A_GLY_191,10.4306681960063
A,LEU,68,A_LEU_68,10.006218221867357
A,LYS,43,A_LYS_43,8.8870191795031
A,LYS,88,A_LYS_88,5.343344304397778
A,PRO,155,A_PRO_155,1.9312815178483012
A,PRO,190,A_PRO_190,14.930204581789328
A,PRO,195,A_PRO_195,10.171682262656944
A,SER,66,A_SER_66,16.032755843229786
A,SER,83,A_SER_83,15.762472694106226
A,THR,64,A_THR_64,17.553318634506834
A,THR,67,A_THR_67,17.32847453209245
A,THR,82,A_THR_82,9.235737162648398
A,THR,84,A_THR_84,18.627283618832784
A,THR,94,A_THR_94,5.035113375099336
A,TRP,44,A_TRP_44,5.710741580976956
A,TRP,86,A_TRP_86,31.580775840237695
A,TYR,45,A_TYR_45,19.713060324232764
A,VAL,65,A_VAL_65,16.5204323841172
A,VAL,69,A_VAL_69,6.867728485192899
A,VAL,90,A_VAL_90,16.159361115043257
A,VAL,189,A_VAL_189,16.281979141373366
