chain,resname,resnum,res_key,density
A,ALA,32,A_ALA_32,12.922817961337929
A,ALA,74,A_ALA_74,12.928219405046704
A,ALA,79,A_ALA_79,12.28415754995055
A,ALA,83,A_ALA_83,12.168375270536028
A,ARG,34,A_ARG_34,14.453193370101735
A,ASN,85,A_ASN_85,20.59224830003988
A,ASP,80,A_ASP_80,22.082606172236652
A,ASP,87,A_ASP_87,21.86222022794968
A,CYS,77,A_CYS_77,18.535715093458936
A,CYS,86,A_CYS_86,17.26791396481292
A,GLU,30,A_GLU_30,20.841919591158323
A,GLU,69,A_GLU_69,5.820512867535708
A,GLU,72,A_GLU_72,23.292473155093738
A,GLU,81,A_GLU_81,22.768326835104364
A,GLU,84,A_GLU_84,15.44486212040215
A,HIS,27,A_HIS_27,14.55074858293784
A,HIS,33,A_HIS_33,19.702304319360326
A,LEU,90,A_LEU_90,6.607561548476585
A,LEU,93,A_LEU_93,9.409171724582455
A,LEU,275,A_LEU_275,1.6734778639285781
A,LYS,28,A_LYS_28,17.83940322895402
A,LYS,36,A_LYS_36,18.129338742999643
A,LYS,75,A_LYS_75,20.968845434318887
A,LYS,88,A_LYS_88,16.147534850431594
A,PHE,35,A_PHE_35,26.01615801081674
A,PHE,43,A_PHE_43,12.526832113860367
A,PHE,73,A_PHE_73,25.136899058314903
A,SER,29,A_SER_29,16.56155075240873
A,SER,82,A_SER_82,17.095416874886475
A,SER,89,A_SER_89,8.05020547439073
A,THR,71,A_THR_71,17.582980746817405
A,THR,76,A_THR_76,18.31866658562051
A,VAL,31,A_VAL_31,16.12530050920916
A,VAL,70,A_VAL_70,14.349191675169326
A,VAL,78,A_VAL_78,16.231964339140696
