chain,resname,resnum,res_key,density
A,ALA,535,A_ALA_535,13.274376114081615
A,ALA,576,A_ALA_576,3.228935122828167
A,ALA,577,A_ALA_577,7.665779785645524
A,ALA,585,A_ALA_585,12.27124303292009
A,ALA,593,A_ALA_593,12.395787762100044
A,ASP,536,A_ASP_536,3.1224376040556248
A,ASP,574,A_ASP_574,3.5504812484210304
A,ASP,586,A_ASP_586,20.708825760720302
A,ASP,587,A_ASP_587,21.490310508381416
A,CYS,538,A_CYS_538,12.014629440858211
A,CYS,582,A_CYS_582,17.41754534489041
A,CYS,583,A_CYS_583,17.184160090547536
A,CYS,591,A_CYS_591,18.190698545841556
A,GLU,580,A_GLU_580,12.454214402449038
A,GLU,589,A_GLU_589,22.793478231947105
A,GLU,594,A_GLU_594,23.252345478733904
A,GLU,595,A_GLU_595,23.18368301430451
A,GLY,596,A_GLY_596,10.635820122655073
A,HIS,534,A_HIS_534,23.835262614402552
A,ILE,537,A_ILE_537,7.081216034662674
A,LEU,599,A_LEU_599,12.67457704615449
A,LYS,581,A_LYS_581,20.587713567798662
A,LYS,584,A_LYS_584,16.436156908413686
A,LYS,588,A_LYS_588,20.87044568869383
A,LYS,597,A_LYS_597,20.26714814477004
A,LYS,598,A_LYS_598,17.191462684832757
A,PHE,531,A_PHE_531,2.953070302941842
A,PHE,533,A_PHE_533,16.67595360696599
A,PHE,575,A_PHE_575,3.3455953519839134
A,PHE,578,A_PHE_578,25.941411113817242
A,PHE,592,A_PHE_592,24.53526423907222
A,THR,532,A_THR_532,8.071676279504935
A,THR,590,A_THR_590,17.91610695583976
A,VAL,579,A_VAL_579,16.98850605890067
