chain,resname,resnum,res_key,density
A,ALA,888,A_ALA_888,12.520042787906258
A,ALA,891,A_ALA_891,9.101993411353158
A,ARG,518,A_ARG_518,23.87557394774638
A,ARG,808,A_ARG_808,15.957882798387075
A,ARG,827,A_ARG_827,26.46659791287162
A,ARG,832,A_ARG_832,22.85982567856758
A,ARG,870,A_ARG_870,13.898821597867062
A,ARG,879,A_ARG_879,16.62957151589888
A,ASN,880,A_ASN_880,18.431623267268016
A,ASP,821,A_ASP_821,5.487697931131223
A,ASP,887,A_ASP_887,21.899500456141176
A,ASP,889,A_ASP_889,21.10384101351146
A,ASP,890,A_ASP_890,22.140066673001144
A,CYS,885,A_CYS_885,18.17113938158311
A,GLN,804,A_GLN_804,20.524843815226742
A,GLN,840,A_GLN_840,5.220874335924691
A,GLN,884,A_GLN_884,23.024872409095423
A,GLU,522,A_GLU_522,8.991567003490019
A,GLU,693,A_GLU_693,3.395056051934495
A,GLU,882,A_GLU_882,23.900747560538665
A,HIS,834,A_HIS_834,2.864319952825138
A,LEU,811,A_LEU_811,1.9760149539704235
A,LEU,874,A_LEU_874,1.6969756766021498
A,LEU,883,A_LEU_883,17.93329391907181
A,LEU,886,A_LEU_886,18.475808286332086
A,LYS,826,A_LYS_826,15.253151851705356
A,LYS,829,A_LYS_829,12.882775199883532
A,MET,833,A_MET_833,21.03826972469836
A,PHE,836,A_PHE_836,20.288757206497387
A,PHE,878,A_PHE_878,22.097545195631444
A,PRO,820,A_PRO_820,3.021560987462682
A,PRO,823,A_PRO_823,16.611361853608788
A,SER,517,A_SER_517,1.9387273564797107
A,THR,830,A_THR_830,2.2797366508424943
A,THR,837,A_THR_837,2.9781446310718995
A,TYR,519,A_TYR_519,8.657152297194926
A,TYR,824,A_TYR_824,27.743270499988782
A,VAL,822,A_VAL_822,16.22707398874489
A,VAL,825,A_VAL_825,16.364619341914445
A,VAL,828,A_VAL_828,16.724839327444283
A,VAL,881,A_VAL_881,16.383566781493485
