chain,resname,resnum,res_key,density
A,CYS,89,A_CYS_89,17.81985991035147
A,GLU,93,A_GLU_93,17.843199187929635
A,GLY,84,A_GLY_84,10.412789367255094
A,GLY,87,A_GLY_87,10.269738432921592
A,GLY,91,A_GLY_91,10.320069112658441
A,ILE,83,A_ILE_83,15.441902239456823
A,LEU,86,A_LEU_86,17.360256363757117
A,LYS,90,A_LYS_90,20.572099491552063
A,MET,82,A_MET_82,22.280434762588122
A,PHE,81,A_PHE_81,12.171103472869085
A,PRO,94,A_PRO_94,10.348539191642478
A,TYR,85,A_TYR_85,28.358516812958523
A,TYR,88,A_TYR_88,28.284544285477928
A,VAL,92,A_VAL_92,16.214557395481496
