chain,resname,resnum,res_key,density
A,ALA,13,A_ALA_13,11.786249145567636
A,ALA,16,A_ALA_16,13.071405828663053
A,CYS,14,A_CYS_14,18.42349525110285
A,LEU,10,A_LEU_10,6.23194696477246
A,LEU,11,A_LEU_11,18.192312003481195
A,LEU,15,A_LEU_15,18.58435043801987
A,SER,12,A_SER_12,15.479416636178206
A,SER,18,A_SER_18,4.46255413631637
A,VAL,17,A_VAL_17,16.729527500696904
