chain,resname,resnum,res_key,density
A,ALA,102,A_ALA_102,2.5406177115441477
A,ARG,100,A_ARG_100,26.61097289660318
A,CYS,98,A_CYS_98,17.625506269840837
A,GLU,97,A_GLU_97,23.301055825862075
A,GLU,99,A_GLU_99,23.67869588825063
A,LEU,101,A_LEU_101,18.21399209548803
A,LYS,95,A_LYS_95,14.445270526299359
A,PRO,94,A_PRO_94,5.839639311576814
A,THR,96,A_THR_96,16.938738001878377
