chain,resname,resnum,res_key,density
A,ALA,286,A_ALA_286,5.789768467023226
A,ALA,304,A_ALA_304,12.211261061434392
A,ALA,307,A_ALA_307,12.873519222819755
A,ARG,282,A_ARG_282,10.358346921930028
A,ARG,334,A_ARG_334,26.761731723083756
A,ASN,288,A_ASN_288,2.7982477467521107
A,ASN,325,A_ASN_325,21.493485576679674
A,ASP,306,A_ASP_306,21.969871727377107
A,ASP,342,A_ASP_342,15.013749626454134
A,CYS,287,A_CYS_287,18.31355249315645
A,CYS,312,A_CYS_312,17.59207122056732
A,CYS,333,A_CYS_333,17.831045170084316
A,CYS,337,A_CYS_337,17.66593572583065
A,GLN,301,A_GLN_301,2.8118466280936962
A,GLU,330,A_GLU_330,23.333030212898308
A,GLU,332,A_GLU_332,22.75190250817516
A,GLU,335,A_GLU_335,15.086237217472558
A,GLY,310,A_GLY_310,10.693036287561778
A,GLY,324,A_GLY_324,2.9447286844596414
A,GLY,338,A_GLY_338,10.757326502085087
A,GLY,341,A_GLY_341,7.291620916457712
A,ILE,291,A_ILE_291,11.81312871071199
A,LEU,289,A_LEU_289,3.1458194398052868
A,LEU,302,A_LEU_302,12.035597511561196
A,LEU,314,A_LEU_314,18.585155264005778
A,LYS,309,A_LYS_309,20.666850378894928
A,LYS,311,A_LYS_311,20.614264669793435
A,LYS,326,A_LYS_326,12.219701340771987
A,LYS,331,A_LYS_331,14.274986403139422
A,PHE,305,A_PHE_305,25.092434245828983
A,PHE,315,A_PHE_315,24.697269553409587
A,PHE,327,A_PHE_327,25.138774434780444
A,PRO,340,A_PRO_340,16.555742224492004
A,SER,329,A_SER_329,15.695196486416842
A,TRP,303,A_TRP_303,30.94738223337256
A,TYR,328,A_TYR_328,10.27890244674759
A,TYR,336,A_TYR_336,16.31482812864879
A,VAL,308,A_VAL_308,12.522246635761942
A,VAL,313,A_VAL_313,15.711717515353257
A,VAL,339,A_VAL_339,16.2166957424467
