chain,resname,resnum,res_key,density
A,ALA,285,A_ALA_285,12.647927735895802
A,ALA,286,A_ALA_286,12.676057882012643
A,ALA,304,A_ALA_304,12.211261061434392
A,ALA,307,A_ALA_307,12.873519222819755
A,ARG,282,A_ARG_282,23.930312268110757
A,ARG,334,A_ARG_334,26.761731723083756
A,ASN,288,A_ASN_288,20.32518004423061
A,ASN,325,A_ASN_325,21.493485576679674
A,ASP,306,A_ASP_306,18.723946275204558
A,CYS,287,A_CYS_287,18.31355249315645
A,CYS,312,A_CYS_312,17.59207122056732
A,CYS,333,A_CYS_333,17.831045170084316
A,CYS,337,A_CYS_337,17.66593572583065
A,GLU,330,A_GLU_330,20.050250975423324
A,GLU,332,A_GLU_332,22.75190250817516
A,GLU,335,A_GLU_335,23.948136136561928
A,GLY,310,A_GLY_310,10.693036287561778
A,GLY,324,A_GLY_324,7.772007320847319
A,GLY,338,A_GLY_338,10.757326502085087
A,GLY,341,A_GLY_341,4.35890904854112
A,ILE,291,A_ILE_291,1.7302820029524686
A,LEU,289,A_LEU_289,15.373246509901248
A,LYS,309,A_LYS_309,10.431951867890081
A,LYS,311,A_LYS_311,16.240012818445635
A,LYS,326,A_LYS_326,10.459177484700245
A,LYS,331,A_LYS_331,14.274986403139422
A,PHE,305,A_PHE_305,25.092434245828983
A,PHE,327,A_PHE_327,22.087542223619664
A,PRO,340,A_PRO_340,16.555742224492004
A,SER,329,A_SER_329,9.063791780987863
A,THR,283,A_THR_283,16.34514290938101
A,TRP,303,A_TRP_303,17.450326625498235
A,TYR,336,A_TYR_336,28.231981426164577
A,VAL,284,A_VAL_284,16.43507947585379
A,VAL,308,A_VAL_308,2.8888112389987586
A,VAL,313,A_VAL_313,15.711717515353257
A,VAL,339,A_VAL_339,16.2166957424467
