chain,resname,resnum,res_key,density
A,ALA,421,A_ALA_421,5.838020826200614
A,ALA,459,A_ALA_459,12.461587071564995
A,ARG,458,A_ARG_458,27.521015835504915
A,ARG,460,A_ARG_460,6.7358569143721665
A,ARG,468,A_ARG_468,18.6231008516293
A,ASP,402,A_ASP_402,6.139884485035839
A,ASP,434,A_ASP_434,22.132120243926245
A,ASP,450,A_ASP_450,2.9065383309620727
A,CYS,403,A_CYS_403,17.898135730249713
A,CYS,419,A_CYS_419,16.89056802313025
A,CYS,431,A_CYS_431,17.36964825727166
A,CYS,457,A_CYS_457,18.26954251767942
A,GLN,420,A_GLN_420,12.916898256094605
A,GLU,428,A_GLU_428,22.7308690641304
A,GLU,443,A_GLU_443,5.829300697848195
A,GLU,465,A_GLU_465,4.821495965412624
A,GLY,405,A_GLY_405,9.708423920777566
A,GLY,435,A_GLY_435,10.686620223073424
A,GLY,442,A_GLY_442,4.15574993363543
A,GLY,453,A_GLY_453,10.410186902995626
A,ILE,441,A_ILE_441,18.6475631791482
A,LEU,398,A_LEU_398,9.450645565657943
A,LEU,429,A_LEU_429,16.91038896433336
A,LEU,432,A_LEU_432,18.68672447522565
A,LEU,439,A_LEU_439,17.901422966958336
A,LEU,451,A_LEU_451,14.216552327575332
A,LEU,456,A_LEU_456,18.07151473609428
A,LYS,430,A_LYS_430,20.754331408974092
A,LYS,433,A_LYS_433,20.278082190104875
A,LYS,469,A_LYS_469,16.04020894652411
A,MET,418,A_MET_418,13.257345831096952
A,PHE,437,A_PHE_437,19.86585235151873
A,PRO,404,A_PRO_404,12.959817340263069
A,PRO,417,A_PRO_417,15.624644531249777
A,PRO,427,A_PRO_427,6.256100481489495
A,PRO,438,A_PRO_438,15.661303242191353
A,PRO,440,A_PRO_440,16.518589379688574
A,THR,436,A_THR_436,16.563649962514347
A,THR,454,A_THR_454,17.35651443511658
A,THR,467,A_THR_467,17.92556597694678
A,THR,471,A_THR_471,10.396750857314009
A,TRP,407,A_TRP_407,12.619241962078593
A,TRP,409,A_TRP_409,4.0974978145933365
A,TYR,455,A_TYR_455,28.574817882016397
A,VAL,466,A_VAL_466,7.409433028573588
A,VAL,470,A_VAL_470,16.517795405767668
A,VAL,472,A_VAL_472,10.972564680194274
