chain,resname,resnum,res_key,density
A,ALA,62,A_ALA_62,9.505116848917588
A,ALA,69,A_ALA_69,12.668282690218863
A,ARG,63,A_ARG_63,26.441203607920915
A,ASN,50,A_ASN_50,20.753544378596605
A,ASN,82,A_ASN_82,4.0332416578321215
A,ASP,65,A_ASP_65,21.390313315967454
A,ASP,66,A_ASP_66,14.323110434031841
A,ASP,78,A_ASP_78,22.749329249912883
A,ASP,79,A_ASP_79,21.21023081678232
A,CYS,48,A_CYS_48,16.82685853069732
A,CYS,64,A_CYS_64,10.23274786484834
A,CYS,75,A_CYS_75,17.100373153232788
A,CYS,486,A_CYS_486,3.274312369102008
A,GLN,55,A_GLN_55,9.116631977842609
A,GLU,68,A_GLU_68,23.12295984692915
A,GLU,81,A_GLU_81,17.029141279093594
A,GLY,46,A_GLY_46,10.482478808025702
A,GLY,74,A_GLY_74,11.241675809446072
A,ILE,80,A_ILE_80,18.1563946255601
A,LEU,54,A_LEU_54,17.75538389973023
A,LEU,67,A_LEU_67,17.861773362896994
A,LEU,70,A_LEU_70,18.766592687533638
A,LYS,71,A_LYS_71,20.92132889832324
A,LYS,72,A_LYS_72,16.117742736969895
A,LYS,73,A_LYS_73,20.736056540497284
A,MET,58,A_MET_58,5.619750582853158
A,PHE,53,A_PHE_53,25.512993236755943
A,PRO,76,A_PRO_76,16.04182055923847
A,PRO,77,A_PRO_77,15.532813931361495
A,SER,51,A_SER_51,15.689063814773707
A,THR,49,A_THR_49,17.45021815718171
A,THR,52,A_THR_52,17.636069419967264
A,TRP,47,A_TRP_47,25.87369415781816
