chain,resname,resnum,res_key,density
A,ALA,201,A_ALA_201,9.638734313177652
A,ARG,204,A_ARG_204,16.560325005941316
A,ARG,240,A_ARG_240,26.420242199695796
A,ASN,205,A_ASN_205,20.051691481438638
A,ASN,212,A_ASN_212,21.115305448741285
A,ASN,244,A_ASN_244,15.349807738521942
A,CYS,207,A_CYS_207,17.811533345559656
A,CYS,213,A_CYS_213,17.574526081224377
A,GLN,211,A_GLN_211,23.645204002338502
A,GLN,239,A_GLN_239,20.17328209579566
A,GLU,160,A_GLU_160,2.8965574247203585
A,GLU,210,A_GLU_210,14.565611523187897
A,GLY,243,A_GLY_243,10.21461644462688
A,ILE,241,A_ILE_241,19.341935309857494
A,LEU,151,A_LEU_151,18.546342327138646
A,LEU,159,A_LEU_159,6.060732828892883
A,LEU,203,A_LEU_203,13.951783286926467
A,LYS,156,A_LYS_156,20.690595535815063
A,LYS,202,A_LYS_202,21.59445256945384
A,LYS,238,A_LYS_238,5.608436464668852
A,MET,155,A_MET_155,5.781046884259444
A,PHE,217,A_PHE_217,19.699635241722454
A,PRO,200,A_PRO_200,2.914991918187991
A,PRO,206,A_PRO_206,16.022943559950544
A,PRO,216,A_PRO_216,15.919431529033325
A,SER,152,A_SER_152,16.918537139594413
A,SER,154,A_SER_154,2.7017658410815026
A,SER,209,A_SER_209,15.289371657383372
A,SER,215,A_SER_215,15.796085918098902
A,SER,242,A_SER_242,14.790170674553622
A,THR,208,A_THR_208,18.443812271094462
A,THR,214,A_THR_214,17.244038697537526
A,TYR,153,A_TYR_153,27.237485157745596
A,VAL,188,A_VAL_188,6.14043384373694
