chain,resname,resnum,res_key,density
A,ALA,201,A_ALA_201,12.238667058960134
A,ARG,204,A_ARG_204,14.325300475743672
A,ARG,240,A_ARG_240,19.066003535719155
A,ASN,205,A_ASN_205,20.051691481438638
A,ASN,212,A_ASN_212,21.115305448741285
A,ASN,244,A_ASN_244,20.218761866702454
A,CYS,207,A_CYS_207,17.811533345559656
A,CYS,213,A_CYS_213,17.574526081224377
A,GLN,211,A_GLN_211,23.645204002338502
A,GLU,210,A_GLU_210,23.02565753116465
A,GLY,243,A_GLY_243,10.21461644462688
A,ILE,196,A_ILE_196,10.48519278827198
A,ILE,241,A_ILE_241,19.341935309857494
A,LEU,151,A_LEU_151,6.144951554117595
A,LEU,203,A_LEU_203,15.57709550827601
A,LEU,245,A_LEU_245,17.874742698299407
A,LYS,156,A_LYS_156,12.35507771428562
A,LYS,202,A_LYS_202,21.59445256945384
A,PRO,200,A_PRO_200,5.73244281656404
A,PRO,206,A_PRO_206,16.022943559950544
A,PRO,216,A_PRO_216,12.50575613726192
A,SER,152,A_SER_152,16.918537139594413
A,SER,154,A_SER_154,4.59093144539849
A,SER,197,A_SER_197,15.41805803865537
A,SER,209,A_SER_209,15.289371657383372
A,SER,215,A_SER_215,15.796085918098902
A,SER,242,A_SER_242,14.790170674553622
A,THR,199,A_THR_199,11.842262238046555
A,THR,208,A_THR_208,18.443812271094462
A,THR,214,A_THR_214,17.244038697537526
A,TYR,153,A_TYR_153,27.237485157745596
A,TYR,195,A_TYR_195,3.4658502407613296
A,VAL,188,A_VAL_188,6.14043384373694
