chain,resname,resnum,res_key,density
A,ALA,601,A_ALA_601,6.74652546564505
A,ARG,610,A_ARG_610,12.682641656274939
A,ASN,608,A_ASN_608,10.168019497214456
A,ASP,595,A_ASP_595,21.143823106975226
A,CYS,592,A_CYS_592,15.248503114819757
A,CYS,599,A_CYS_599,17.2490677729794
A,CYS,607,A_CYS_607,18.243936710225046
A,CYS,613,A_CYS_613,17.792539286860325
A,CYS,615,A_CYS_615,17.874798186253578
A,CYS,618,A_CYS_618,18.09165368724272
A,CYS,620,A_CYS_620,18.916345707333647
A,CYS,630,A_CYS_630,12.817498123017625
A,GLN,605,A_GLN_605,12.779561075517233
A,GLN,628,A_GLN_628,19.190990304797598
A,GLU,600,A_GLU_600,19.80213814921269
A,GLU,614,A_GLU_614,24.046126568883942
A,GLY,609,A_GLY_609,10.083145602617877
A,GLY,611,A_GLY_611,9.944845753729826
A,GLY,616,A_GLY_616,10.229515885013972
A,GLY,627,A_GLY_627,5.859053658306786
A,ILE,606,A_ILE_606,17.383034049859297
A,ILE,612,A_ILE_612,17.536812678863402
A,LEU,594,A_LEU_594,17.894852573692223
A,LYS,619,A_LYS_619,20.972618287908404
A,SER,593,A_SER_593,16.22832274929377
A,SER,597,A_SER_597,16.02657769790109
A,THR,586,A_THR_586,3.049679148146732
A,THR,596,A_THR_596,17.040031654878042
A,THR,598,A_THR_598,17.411649137650347
A,THR,621,A_THR_621,12.126966324903396
A,THR,629,A_THR_629,17.403751396400896
A,VAL,617,A_VAL_617,15.968484347236028
