chain,resname,resnum,res_key,density
A,ALA,641,A_ALA_641,12.027157046438628
A,ALA,651,A_ALA_651,11.771086241652071
A,ARG,650,A_ARG_650,27.18624005161072
A,ASN,653,A_ASN_653,18.746800615933335
A,ASN,669,A_ASN_669,10.78491446253447
A,ASP,659,A_ASP_659,10.772031721004083
A,CYS,640,A_CYS_640,13.001312286063719
A,CYS,646,A_CYS_646,17.193441988064116
A,CYS,649,A_CYS_649,16.121759021185547
A,CYS,661,A_CYS_661,17.132364008679634
A,CYS,665,A_CYS_665,17.524873129464318
A,CYS,691,A_CYS_691,7.2569873066963275
A,GLN,648,A_GLN_648,23.435913017373903
A,GLN,663,A_GLN_663,12.934841783566693
A,GLU,642,A_GLU_642,22.617526539841887
A,GLU,645,A_GLU_645,23.29776178831422
A,GLU,656,A_GLU_656,20.044270457036617
A,GLU,664,A_GLU_664,22.89810153062451
A,GLU,693,A_GLU_693,11.959809504383447
A,GLY,638,A_GLY_638,3.2182337061093853
A,GLY,655,A_GLY_655,10.48671681518805
A,HIS,643,A_HIS_643,23.637699549816297
A,HIS,716,A_HIS_716,8.662593959565566
A,ILE,670,A_ILE_670,18.667452855074472
A,LYS,644,A_LYS_644,20.81436299081828
A,LYS,654,A_LYS_654,14.353069371796538
A,LYS,657,A_LYS_657,21.09785869867332
A,LYS,658,A_LYS_658,17.106016757018526
A,LYS,694,A_LYS_694,3.248246404449095
A,MET,714,A_MET_714,5.794562924317114
A,PHE,652,A_PHE_652,25.427976718808953
A,PHE,668,A_PHE_668,24.96303151722431
A,PHE,701,A_PHE_701,15.366497283297553
A,PHE,703,A_PHE_703,22.589798074932684
A,SER,666,A_SER_666,15.800084552971821
A,THR,660,A_THR_660,17.829277779898366
A,THR,662,A_THR_662,17.60676504453732
A,THR,671,A_THR_671,2.7010188722153012
A,THR,704,A_THR_704,5.955260144639986
A,TYR,667,A_TYR_667,29.24420028000681
A,TYR,705,A_TYR_705,22.508360274963113
A,VAL,639,A_VAL_639,9.453476261925328
A,VAL,647,A_VAL_647,17.413893293478516
A,VAL,713,A_VAL_713,11.432324476107373
A,VAL,715,A_VAL_715,16.08589321173335
A,VAL,717,A_VAL_717,10.138614977008997
