chain,resname,resnum,res_key,density
A,ALA,601,A_ALA_601,12.754595309310073
A,ARG,610,A_ARG_610,12.682641656274939
A,ASN,603,A_ASN_603,21.282870290532074
A,ASN,608,A_ASN_608,21.914789298823848
A,ASP,595,A_ASP_595,21.143823106975226
A,CYS,599,A_CYS_599,17.2490677729794
A,CYS,607,A_CYS_607,18.243936710225046
A,CYS,613,A_CYS_613,17.792539286860325
A,CYS,615,A_CYS_615,17.874798186253578
A,CYS,618,A_CYS_618,18.09165368724272
A,CYS,620,A_CYS_620,15.621933992536198
A,CYS,630,A_CYS_630,18.279374329763684
A,GLN,605,A_GLN_605,20.386670105121894
A,GLN,626,A_GLN_626,5.399271263481296
A,GLN,628,A_GLN_628,22.156312914884044
A,GLU,600,A_GLU_600,22.82386242211293
A,GLU,614,A_GLU_614,17.680169063485863
A,GLU,631,A_GLU_631,17.857401674815158
A,GLY,604,A_GLY_604,10.037711282036497
A,GLY,609,A_GLY_609,10.083145602617877
A,GLY,611,A_GLY_611,9.944845753729826
A,GLY,616,A_GLY_616,10.229515885013972
A,GLY,627,A_GLY_627,10.828076283379142
A,ILE,606,A_ILE_606,17.383034049859297
A,ILE,612,A_ILE_612,15.675143589935944
A,LEU,594,A_LEU_594,11.801173124947113
A,LYS,619,A_LYS_619,16.834220163616187
A,SER,593,A_SER_593,16.22832274929377
A,SER,597,A_SER_597,16.02657769790109
A,SER,602,A_SER_602,16.421704598445046
A,THR,596,A_THR_596,17.040031654878042
A,THR,598,A_THR_598,17.411649137650347
A,THR,629,A_THR_629,17.403751396400896
A,VAL,617,A_VAL_617,15.968484347236028
