chain,resname,resnum,res_key,density
A,ARG,137,A_ARG_137,12.700504674675585
A,ARG,413,A_ARG_413,15.652480865576702
A,ARG,446,A_ARG_446,5.2887039869877075
A,ASN,376,A_ASN_376,3.469911526008766
A,ASN,403,A_ASN_403,20.11556644003564
A,ASN,406,A_ASN_406,20.54608163218611
A,ASN,411,A_ASN_411,19.974188311028907
A,ASN,417,A_ASN_417,21.4016516203048
A,ASP,422,A_ASP_422,21.181901164555562
A,CYS,401,A_CYS_401,17.91194320496945
A,CYS,415,A_CYS_415,17.992711732916632
A,GLN,425,A_GLN_425,14.16181647011386
A,GLU,381,A_GLU_381,23.288111095027116
A,GLU,385,A_GLU_385,2.807002787253122
A,GLU,410,A_GLU_410,7.835707478039721
A,GLU,423,A_GLU_423,14.439402247845747
A,GLU,427,A_GLU_427,2.894911580479828
A,GLY,404,A_GLY_404,10.295664414062346
A,GLY,407,A_GLY_407,10.044734834644837
A,GLY,409,A_GLY_409,3.4835849318496517
A,GLY,412,A_GLY_412,9.901970887813013
A,ILE,383,A_ILE_383,17.65894639223976
A,ILE,418,A_ILE_418,17.17179716602751
A,LEU,133,A_LEU_133,9.138492435056481
A,LEU,378,A_LEU_378,7.3275287127905635
A,LEU,384,A_LEU_384,17.805997947835507
A,LEU,448,A_LEU_448,15.72615459675206
A,LYS,134,A_LYS_134,10.23347527788939
A,LYS,136,A_LYS_136,6.717356562023355
A,LYS,354,A_LYS_354,7.853567726371499
A,LYS,398,A_LYS_398,13.719051840210183
A,LYS,402,A_LYS_402,21.763179884272688
A,LYS,414,A_LYS_414,20.43419350148244
A,PHE,135,A_PHE_135,24.114647359673405
A,PHE,426,A_PHE_426,23.856843535797726
A,PHE,450,A_PHE_450,10.461229241851967
A,PRO,447,A_PRO_447,16.25701019783894
A,SER,377,A_SER_377,6.11849393148024
A,SER,379,A_SER_379,12.707548160715433
A,SER,380,A_SER_380,15.901666330094063
A,SER,399,A_SER_399,15.73591778444767
A,SER,416,A_SER_416,15.513737801742508
A,SER,419,A_SER_419,14.50558447947304
A,THR,408,A_THR_408,10.562970324471568
A,TYR,397,A_TYR_397,15.654381688436201
A,TYR,400,A_TYR_400,20.613870581858027
A,VAL,382,A_VAL_382,16.247428109089824
A,VAL,405,A_VAL_405,16.590760431868272
A,VAL,424,A_VAL_424,16.453477164327833
