chain,resname,resnum,res_key,density
A,ARG,413,A_ARG_413,12.047949495149611
A,ASN,403,A_ASN_403,20.11556644003564
A,ASN,406,A_ASN_406,20.54608163218611
A,ASN,411,A_ASN_411,19.974188311028907
A,ASN,417,A_ASN_417,21.4016516203048
A,ASP,422,A_ASP_422,21.181901164555562
A,CYS,401,A_CYS_401,17.91194320496945
A,CYS,415,A_CYS_415,17.992711732916632
A,GLN,425,A_GLN_425,22.62720531268784
A,GLU,381,A_GLU_381,14.385790220247197
A,GLU,423,A_GLU_423,23.285130178914844
A,GLU,427,A_GLU_427,10.132628932847162
A,GLY,404,A_GLY_404,10.295664414062346
A,GLY,407,A_GLY_407,10.044734834644837
A,GLY,412,A_GLY_412,9.901970887813013
A,ILE,383,A_ILE_383,4.617136640016681
A,ILE,418,A_ILE_418,17.17179716602751
A,LEU,133,A_LEU_133,7.208951941617663
A,LEU,384,A_LEU_384,3.5795790649119374
A,LYS,134,A_LYS_134,10.813475539951039
A,LYS,136,A_LYS_136,4.5506366741886906
A,LYS,398,A_LYS_398,20.138626607946335
A,LYS,402,A_LYS_402,21.763179884272688
A,LYS,414,A_LYS_414,18.042666602609067
A,PHE,135,A_PHE_135,17.60649754971061
A,PHE,426,A_PHE_426,23.856843535797726
A,SER,380,A_SER_380,8.088296454767644
A,SER,399,A_SER_399,15.73591778444767
A,SER,416,A_SER_416,15.513737801742508
A,SER,419,A_SER_419,7.541879379965425
A,THR,132,A_THR_132,1.7395496415570173
A,THR,408,A_THR_408,6.531381323595395
A,TYR,397,A_TYR_397,5.863093417273495
A,TYR,400,A_TYR_400,28.03870966882916
A,VAL,382,A_VAL_382,16.247428109089824
A,VAL,405,A_VAL_405,16.590760431868272
A,VAL,424,A_VAL_424,16.453477164327833
