chain,resname,resnum,res_key,density
A,ALA,651,A_ALA_651,11.771086241652071
A,ARG,650,A_ARG_650,27.18624005161072
A,ASN,653,A_ASN_653,21.133963200263043
A,ASN,669,A_ASN_669,2.579380106617042
A,ASP,659,A_ASP_659,22.00224014516944
A,ASP,695,A_ASP_695,14.62492305492454
A,CYS,646,A_CYS_646,17.193441988064116
A,CYS,649,A_CYS_649,16.121759021185547
A,CYS,661,A_CYS_661,17.132364008679634
A,CYS,665,A_CYS_665,17.524873129464318
A,GLN,648,A_GLN_648,23.435913017373903
A,GLN,663,A_GLN_663,12.934841783566693
A,GLU,642,A_GLU_642,5.486165812209736
A,GLU,645,A_GLU_645,23.29776178831422
A,GLU,656,A_GLU_656,20.044270457036617
A,GLU,664,A_GLU_664,22.89810153062451
A,GLY,655,A_GLY_655,10.48671681518805
A,HIS,643,A_HIS_643,17.148630422064652
A,ILE,670,A_ILE_670,18.667452855074472
A,LYS,644,A_LYS_644,18.19822669678851
A,LYS,654,A_LYS_654,20.57265937023613
A,LYS,657,A_LYS_657,21.09785869867332
A,LYS,658,A_LYS_658,21.707897928202517
A,LYS,672,A_LYS_672,8.423695692552288
A,LYS,694,A_LYS_694,5.920143529528128
A,PHE,652,A_PHE_652,25.427976718808953
A,PHE,668,A_PHE_668,22.752114296168354
A,PHE,701,A_PHE_701,15.366497283297553
A,PHE,703,A_PHE_703,15.079102754532816
A,SER,666,A_SER_666,12.631686667171735
A,THR,660,A_THR_660,17.829277779898366
A,THR,662,A_THR_662,17.60676504453732
A,THR,671,A_THR_671,2.7010188722153012
A,TYR,667,A_TYR_667,14.680777599572323
A,VAL,647,A_VAL_647,17.413893293478516
A,VAL,696,A_VAL_696,10.920601207729206
A,VAL,715,A_VAL_715,5.203895122402468
A,VAL,717,A_VAL_717,7.249842735598586
A,VAL,718,A_VAL_718,3.2723186651083753
