chain,resname,resnum,res_key,density
A,ALA,641,A_ALA_641,12.027157046438628
A,ARG,676,A_ARG_676,27.2030704814561
A,ASP,695,A_ASP_695,2.8724295590467688
A,CYS,636,A_CYS_636,3.3450324083554155
A,CYS,640,A_CYS_640,18.215625622751173
A,CYS,646,A_CYS_646,4.929055552613617
A,CYS,691,A_CYS_691,18.650630087171063
A,CYS,699,A_CYS_699,3.2313899443573786
A,GLN,634,A_GLN_634,10.196084975318897
A,GLN,648,A_GLN_648,6.958242364510396
A,GLN,681,A_GLN_681,4.804962544714257
A,GLU,642,A_GLU_642,12.048914600878131
A,GLU,645,A_GLU_645,4.586041035033623
A,GLU,693,A_GLU_693,21.567083593788833
A,GLY,638,A_GLY_638,10.119768788553902
A,HIS,643,A_HIS_643,23.637699549816297
A,HIS,690,A_HIS_690,23.82952270803317
A,HIS,716,A_HIS_716,17.067861090910043
A,ILE,670,A_ILE_670,1.8404514827506522
A,LEU,637,A_LEU_637,4.325223758032227
A,LEU,679,A_LEU_679,18.507201083788953
A,LYS,644,A_LYS_644,20.81436299081828
A,LYS,692,A_LYS_692,20.172844413524732
A,LYS,694,A_LYS_694,13.874481665591054
A,MET,714,A_MET_714,5.794562924317114
A,PHE,652,A_PHE_652,6.368484047807419
A,PHE,668,A_PHE_668,2.32388869843377
A,PHE,701,A_PHE_701,25.780695214587126
A,PHE,703,A_PHE_703,25.74685873698428
A,PRO,680,A_PRO_680,15.767123050695115
A,PRO,682,A_PRO_682,6.090068162648755
A,PRO,687,A_PRO_687,5.313050232911822
A,SER,689,A_SER_689,15.377695444059041
A,SER,706,A_SER_706,12.642544091483174
A,THR,704,A_THR_704,18.314180234799334
A,TRP,700,A_TRP_700,26.986024918498597
A,TYR,702,A_TYR_702,28.85235427965846
A,TYR,705,A_TYR_705,25.723139891203758
A,VAL,639,A_VAL_639,16.514349883232665
A,VAL,647,A_VAL_647,17.413893293478516
A,VAL,673,A_VAL_673,1.588097668772634
A,VAL,688,A_VAL_688,16.397416761937105
A,VAL,715,A_VAL_715,16.08589321173335
A,VAL,717,A_VAL_717,15.636781029257026
A,VAL,718,A_VAL_718,15.87844916166136
