chain,resname,resnum,res_key,density
A,ALA,20,A_ALA_20,11.718896660443024
A,CYS,16,A_CYS_16,17.57721495015982
A,CYS,17,A_CYS_17,18.286111555866402
A,GLN,21,A_GLN_21,23.47298504978845
A,GLY,10,A_GLY_10,10.48025973385568
A,ILE,9,A_ILE_9,14.169116245216292
A,ILE,12,A_ILE_12,18.41531192713184
A,LEU,11,A_LEU_11,16.226299909238225
A,PHE,19,A_PHE_19,25.196407217116647
A,SER,13,A_SER_13,14.849731200756516
A,SER,14,A_SER_14,15.335167128427265
A,THR,22,A_THR_22,2.6889958566098597
A,TRP,8,A_TRP_8,5.861127315127776
A,VAL,15,A_VAL_15,15.531302021263667
A,VAL,18,A_VAL_18,16.724628866119183
