chain,resname,resnum,res_key,density
A,ALA,41,A_ALA_41,12.925844746999841
A,ARG,26,A_ARG_26,2.702050691137851
A,ARG,122,A_ARG_122,2.465778562943858
A,ARG,124,A_ARG_124,19.10377723352515
A,ASN,433,A_ASN_433,20.597662428479925
A,ASP,439,A_ASP_439,22.038135924353785
A,ASP,441,A_ASP_441,12.644036536996792
A,CYS,35,A_CYS_35,5.698533494058379
A,CYS,38,A_CYS_38,11.356128487053912
A,CYS,435,A_CYS_435,17.28164203523451
A,CYS,462,A_CYS_462,18.326460099589223
A,CYS,464,A_CYS_464,2.7372228842701847
A,GLN,40,A_GLN_40,23.324981751275484
A,GLN,459,A_GLN_459,12.585191082591075
A,GLN,467,A_GLN_467,3.386904123958868
A,GLU,37,A_GLU_37,20.128159171595815
A,GLU,127,A_GLU_127,2.840215599214184
A,GLU,391,A_GLU_391,23.57035911275281
A,GLU,463,A_GLU_463,22.63180256982884
A,GLY,36,A_GLY_36,10.569486927403233
A,GLY,42,A_GLY_42,9.831897944534559
A,GLY,126,A_GLY_126,7.452870308300686
A,GLY,392,A_GLY_392,10.185600778228581
A,ILE,39,A_ILE_39,17.744052505842134
A,ILE,461,A_ILE_461,17.462507672315915
A,LEU,123,A_LEU_123,18.800869055358906
A,LEU,458,A_LEU_458,13.644125821117754
A,LYS,434,A_LYS_434,19.771592903462096
A,LYS,437,A_LYS_437,20.90774435601222
A,LYS,438,A_LYS_438,16.055954365373676
A,PRO,436,A_PRO_436,15.84472458817064
A,SER,34,A_SER_34,3.193972005951442
A,SER,125,A_SER_125,15.724560013487759
A,SER,390,A_SER_390,15.402722612509715
A,SER,432,A_SER_432,15.16141681892071
A,SER,440,A_SER_440,13.42394795613731
A,THR,394,A_THR_394,3.102365156645052
A,THR,431,A_THR_431,9.196794988909657
A,TYR,460,A_TYR_460,28.200221417879092
A,VAL,393,A_VAL_393,16.250573455212656
