chain,resname,resnum,res_key,density
A,ALA,514,A_ALA_514,10.667169820443856
A,ARG,498,A_ARG_498,15.169702375749864
A,ARG,517,A_ARG_517,18.508119355625155
A,ARG,539,A_ARG_539,16.346095974281372
A,ASN,527,A_ASN_527,18.51182193439932
A,ASN,528,A_ASN_528,20.21138472220311
A,ASP,513,A_ASP_513,21.101373564636035
A,CYS,502,A_CYS_502,5.420835865384461
A,CYS,516,A_CYS_516,16.735683721107417
A,CYS,525,A_CYS_525,18.19149741803224
A,CYS,531,A_CYS_531,17.196610991773767
A,CYS,533,A_CYS_533,18.125915303443534
A,CYS,536,A_CYS_536,17.61791650383877
A,CYS,538,A_CYS_538,17.996078669541113
A,CYS,553,A_CYS_553,17.424273434513207
A,CYS,555,A_CYS_555,12.148177319377503
A,GLN,55,A_GLN_55,9.65396912353302
A,GLN,535,A_GLN_535,23.26076321282639
A,GLU,56,A_GLU_56,22.487679426777554
A,GLU,501,A_GLU_501,5.925653727208603
A,GLU,523,A_GLU_523,9.837246649909318
A,GLU,530,A_GLU_530,23.695725715607715
A,GLU,554,A_GLU_554,24.19868025348243
A,GLY,57,A_GLY_57,10.160741943224377
A,GLY,497,A_GLY_497,7.381790282633995
A,GLY,529,A_GLY_529,10.003116116498314
A,GLY,534,A_GLY_534,10.099989793544902
A,GLY,550,A_GLY_550,10.287788059728658
A,ILE,524,A_ILE_524,18.677161429131235
A,LYS,518,A_LYS_518,12.757942791909676
A,LYS,540,A_LYS_540,2.5902067077495343
A,LYS,551,A_LYS_551,18.782908535924165
A,MET,58,A_MET_58,19.094136824046902
A,MET,512,A_MET_512,19.951027478778954
A,PHE,552,A_PHE_552,25.052379296732155
A,PRO,59,A_PRO_59,16.194015216276227
A,SER,521,A_SER_521,3.294370896181965
A,SER,526,A_SER_526,15.960544959898964
A,SER,549,A_SER_549,15.211488635845434
A,THR,60,A_THR_60,2.40798381423009
A,TYR,515,A_TYR_515,19.33870063150888
A,TYR,548,A_TYR_548,20.632737741261256
A,VAL,532,A_VAL_532,16.686221156340604
A,VAL,537,A_VAL_537,15.519169079904973
