chain,resname,resnum,res_key,density
A,ALA,137,A_ALA_137,11.975701523993676
A,ALA,143,A_ALA_143,12.608370893261032
A,ARG,139,A_ARG_139,12.707430662563109
A,ARG,154,A_ARG_154,13.103088913783438
A,ARG,168,A_ARG_168,27.165819841376585
A,ARG,222,A_ARG_222,24.418801034583744
A,ASN,146,A_ASN_146,19.57878461374623
A,ASP,136,A_ASP_136,9.92853422750035
A,ASP,169,A_ASP_169,2.522001941111074
A,CYS,224,A_CYS_224,17.285535112277884
A,GLN,140,A_GLN_140,23.13286818886066
A,GLN,225,A_GLN_225,22.261404708518445
A,GLN,227,A_GLN_227,20.21817404722406
A,GLU,123,A_GLU_123,3.262446812755267
A,GLU,125,A_GLU_125,12.751041754684701
A,GLU,138,A_GLU_138,13.916029367272321
A,GLY,145,A_GLY_145,9.921363581036033
A,GLY,149,A_GLY_149,9.947381339984481
A,HIS,70,A_HIS_70,2.0819200249305903
A,HIS,148,A_HIS_148,10.965886375535181
A,ILE,153,A_ILE_153,18.251073817511973
A,LEU,132,A_LEU_132,9.764168828155391
A,LEU,141,A_LEU_141,18.735321460705496
A,LEU,142,A_LEU_142,16.17722596520429
A,LEU,152,A_LEU_152,17.4458365692011
A,LEU,165,A_LEU_165,8.414203132693409
A,LEU,220,A_LEU_220,15.014063742879499
A,LYS,130,A_LYS_130,2.4141955500236527
A,LYS,228,A_LYS_228,4.669440899968327
A,PHE,128,A_PHE_128,19.688487186069995
A,PHE,129,A_PHE_129,24.777035841114515
A,PHE,151,A_PHE_151,26.199364714622
A,PRO,126,A_PRO_126,15.068756310449112
A,PRO,144,A_PRO_144,14.07044549742553
A,PRO,223,A_PRO_223,16.15218693722344
A,SER,133,A_SER_133,3.5427009482705016
A,SER,150,A_SER_150,17.258193434667795
A,SER,164,A_SER_164,3.2473869658747656
A,SER,166,A_SER_166,15.684282655600777
A,SER,221,A_SER_221,15.417750255938202
A,THR,147,A_THR_147,18.383344949940245
A,THR,226,A_THR_226,17.87295224447984
A,TRP,127,A_TRP_127,28.363764908122924
A,VAL,167,A_VAL_167,15.55479398942503
A,VAL,178,A_VAL_178,7.96797380821123
A,VAL,206,A_VAL_206,4.161726320568528
