chain,resname,resnum,res_key,density
A,ALA,371,A_ALA_371,13.126846840391552
A,ALA,372,A_ALA_372,12.623212108546221
A,ALA,375,A_ALA_375,13.023803535352993
A,ALA,376,A_ALA_376,12.092584651266769
A,ALA,394,A_ALA_394,11.017045235930844
A,ALA,407,A_ALA_407,12.359273208863403
A,ARG,161,A_ARG_161,17.578927655531704
A,ARG,252,A_ARG_252,12.000095967383645
A,ARG,392,A_ARG_392,5.999105320953482
A,ASN,346,A_ASN_346,13.55690516267057
A,ASN,366,A_ASN_366,9.251151738339082
A,ASN,395,A_ASN_395,12.528872581363629
A,ASN,400,A_ASN_400,18.938446625121415
A,ASP,158,A_ASP_158,12.402687216757833
A,ASP,324,A_ASP_324,21.356071992190564
A,ASP,369,A_ASP_369,23.011593434265016
A,CYS,404,A_CYS_404,17.888443845407245
A,GLN,328,A_GLN_328,2.883331183045251
A,GLN,373,A_GLN_373,23.677946630134223
A,GLU,343,A_GLU_343,14.602729641871973
A,GLU,521,A_GLU_521,3.3641587632522
A,GLY,348,A_GLY_348,10.543060678070589
A,GLY,377,A_GLY_377,10.101868739552708
A,GLY,399,A_GLY_399,11.009428647868807
A,GLY,401,A_GLY_401,10.264706522113736
A,HIS,323,A_HIS_323,20.823199314386446
A,HIS,388,A_HIS_388,3.024234473487505
A,ILE,396,A_ILE_396,18.106773346461654
A,ILE,403,A_ILE_403,18.36719882619259
A,ILE,406,A_ILE_406,17.94820821136883
A,LEU,326,A_LEU_326,17.928633076122665
A,LEU,350,A_LEU_350,17.783963253142606
A,LEU,351,A_LEU_351,4.444448337996141
A,LEU,354,A_LEU_354,8.818214372045055
A,LEU,362,A_LEU_362,5.817996894085276
A,LEU,367,A_LEU_367,14.400483283572742
A,LEU,391,A_LEU_391,5.704499635387174
A,LEU,397,A_LEU_397,18.61393523889251
A,LEU,402,A_LEU_402,19.230447757417142
A,LEU,455,A_LEU_455,7.397227969561655
A,LEU,459,A_LEU_459,9.738717620637951
A,LEU,520,A_LEU_520,1.5655629608594173
A,LYS,325,A_LYS_325,21.10738378508701
A,LYS,347,A_LYS_347,21.4546143563999
A,LYS,405,A_LYS_405,20.34623821448699
A,MET,345,A_MET_345,21.886191151252195
A,MET,370,A_MET_370,22.274911721343788
A,MET,378,A_MET_378,14.006977156670601
A,PHE,353,A_PHE_353,22.28454730555302
A,PHE,409,A_PHE_409,4.249704971602386
A,PHE,452,A_PHE_452,6.3817551149576035
A,PRO,365,A_PRO_365,3.0918000408979283
A,SER,349,A_SER_349,16.219571242255647
A,SER,393,A_SER_393,13.410980108161397
A,TYR,344,A_TYR_344,6.119320582879704
A,VAL,327,A_VAL_327,15.3112454119385
A,VAL,368,A_VAL_368,11.361643887065703
A,VAL,374,A_VAL_374,16.771156085849135
A,VAL,398,A_VAL_398,16.012244621895228
