chain,resname,resnum,res_key,density
A,ARG,464,A_ARG_464,5.1441537931199335
A,ASP,490,A_ASP_490,21.070197312805444
A,CYS,487,A_CYS_487,17.393108779692124
A,CYS,491,A_CYS_491,16.79201028447284
A,GLN,489,A_GLN_489,21.91368762310855
A,GLU,458,A_GLU_458,10.307189625312196
A,GLU,497,A_GLU_497,23.92829148302796
A,GLY,453,A_GLY_453,3.196691003219674
A,HIS,496,A_HIS_496,22.891577059623557
A,ILE,493,A_ILE_493,17.918518381027273
A,ILE,500,A_ILE_500,6.538051429703948
A,LEU,362,A_LEU_362,3.164238611519191
A,LEU,364,A_LEU_364,18.882177940253705
A,LEU,367,A_LEU_367,18.388128623089486
A,LEU,455,A_LEU_455,2.993664433679052
A,LEU,456,A_LEU_456,18.216382953796472
A,LEU,459,A_LEU_459,14.221287285283132
A,LEU,495,A_LEU_495,18.31121667849065
A,LEU,498,A_LEU_498,12.804205866122306
A,LEU,520,A_LEU_520,1.8826745439442154
A,LYS,363,A_LYS_363,8.0983922550497
A,LYS,462,A_LYS_462,13.141142293382229
A,MET,485,A_MET_485,9.953683557119081
A,MET,499,A_MET_499,18.710766435214403
A,PHE,519,A_PHE_519,4.1532517752280125
A,PHE,524,A_PHE_524,8.263276733605776
A,PRO,365,A_PRO_365,6.547757143917974
A,PRO,486,A_PRO_486,15.239527767264327
A,PRO,488,A_PRO_488,16.247647111899155
A,PRO,492,A_PRO_492,16.210071177936957
A,SER,494,A_SER_494,16.381783368739608
A,THR,457,A_THR_457,18.42513917808741
A,THR,461,A_THR_461,17.705677605790004
A,TRP,503,A_TRP_503,6.433923102954261
A,TYR,523,A_TYR_523,15.98841616142842
A,VAL,368,A_VAL_368,10.7276291993397
A,VAL,460,A_VAL_460,16.397972657460514
