chain,resname,resnum,res_key,density
A,ALA,187,A_ALA_187,12.07336881421525
A,ALA,271,A_ALA_271,12.63387828064077
A,ALA,279,A_ALA_279,3.5320565605978795
A,ARG,188,A_ARG_188,15.226203906598272
A,ARG,224,A_ARG_224,26.630075923518405
A,ARG,253,A_ARG_253,9.577789457042083
A,ARG,275,A_ARG_275,25.646234600366455
A,ASN,225,A_ASN_225,17.52572067413674
A,ASN,269,A_ASN_269,11.321005009424907
A,ASP,258,A_ASP_258,21.003559781865363
A,ASP,270,A_ASP_270,22.371612502079635
A,ASP,274,A_ASP_274,21.777207585424367
A,CYS,259,A_CYS_259,17.656417117395144
A,CYS,273,A_CYS_273,17.56204593053759
A,GLN,183,A_GLN_183,22.44475754160243
A,GLN,255,A_GLN_255,4.4721296792519745
A,GLU,257,A_GLU_257,23.105929208157583
A,GLY,222,A_GLY_222,10.10396291068195
A,GLY,256,A_GLY_256,10.648067401765216
A,HIS,186,A_HIS_186,23.687990079090856
A,ILE,221,A_ILE_221,12.307244015814394
A,LEU,198,A_LEU_198,7.299915077896434
A,LEU,223,A_LEU_223,12.580299153350474
A,LEU,226,A_LEU_226,8.791198902046464
A,LEU,277,A_LEU_277,17.105098166663616
A,LYS,182,A_LYS_182,14.074676346653344
A,LYS,276,A_LYS_276,17.832070530767457
A,MET,261,A_MET_261,22.15772267982453
A,PHE,232,A_PHE_232,6.273473987881544
A,PHE,272,A_PHE_272,26.331994451440835
A,SER,219,A_SER_219,5.436682552626279
A,SER,254,A_SER_254,16.238873761549065
A,TRP,184,A_TRP_184,32.18513905046248
A,TRP,220,A_TRP_220,31.441543901078198
A,TRP,280,A_TRP_280,2.009411020532625
A,TYR,189,A_TYR_189,6.939525986029119
A,VAL,185,A_VAL_185,16.026163934769656
A,VAL,235,A_VAL_235,2.0129540125418957
A,VAL,260,A_VAL_260,15.905178743706688
