chain,resname,resnum,res_key,density
A,ALA,187,A_ALA_187,12.07336881421525
A,ALA,190,A_ALA_190,12.115936281876222
A,ALA,279,A_ALA_279,8.225654063771907
A,ARG,188,A_ARG_188,26.574912726188245
A,ARG,284,A_ARG_284,26.645692504266556
A,ASP,192,A_ASP_192,21.424593139831213
A,ASP,193,A_ASP_193,20.268401195644042
A,ASP,236,A_ASP_236,7.036971110694566
A,ASP,283,A_ASP_283,21.740765839940618
A,CYS,174,A_CYS_174,9.594757168549396
A,CYS,191,A_CYS_191,17.529287673427493
A,CYS,282,A_CYS_282,17.594773055702564
A,GLN,183,A_GLN_183,5.99811880532275
A,GLN,197,A_GLN_197,23.02657081328209
A,GLU,143,A_GLU_143,3.124392811323431
A,GLU,195,A_GLU_195,23.32692998071406
A,GLY,178,A_GLY_178,10.398897085118284
A,GLY,196,A_GLY_196,10.268708756741246
A,GLY,222,A_GLY_222,10.10396291068195
A,HIS,186,A_HIS_186,16.8473769518296
A,ILE,221,A_ILE_221,11.851384344954074
A,LEU,198,A_LEU_198,17.34785281952309
A,LEU,285,A_LEU_285,2.5857613832009765
A,LYS,166,A_LYS_166,2.9897184055421273
A,LYS,179,A_LYS_179,10.582571380327789
A,LYS,182,A_LYS_182,12.508765209737179
A,MET,194,A_MET_194,21.804094174179383
A,PHE,177,A_PHE_177,12.599086339374633
A,PRO,164,A_PRO_164,1.6311023916142466
A,SER,200,A_SER_200,4.598447884889982
A,TRP,167,A_TRP_167,23.244608085303266
A,TRP,184,A_TRP_184,32.18513905046248
A,TRP,220,A_TRP_220,16.623713780045787
A,TRP,280,A_TRP_280,32.30620698592756
A,TYR,175,A_TYR_175,15.969625454932151
A,TYR,176,A_TYR_176,28.40036353705205
A,TYR,189,A_TYR_189,28.480605810752568
A,VAL,185,A_VAL_185,14.055202312193966
A,VAL,199,A_VAL_199,16.65841035182384
A,VAL,235,A_VAL_235,16.70878467851735
A,VAL,281,A_VAL_281,15.668573057209183
