chain,resname,resnum,res_key,density
A,ALA,142,A_ALA_142,13.18248162359165
A,ALA,143,A_ALA_143,12.232809954630014
A,ALA,284,A_ALA_284,6.251826795058236
A,ARG,135,A_ARG_135,16.95158574653687
A,ARG,151,A_ARG_151,26.18729148684534
A,ARG,163,A_ARG_163,27.31297591285585
A,ASN,157,A_ASN_157,7.872489087149581
A,ASP,133,A_ASP_133,13.289721491135612
A,ASP,282,A_ASP_282,20.93182900086277
A,CYS,139,A_CYS_139,18.84948283971985
A,CYS,153,A_CYS_153,17.845963513934755
A,CYS,154,A_CYS_154,17.875565050969435
A,CYS,165,A_CYS_165,17.258084075982765
A,GLN,140,A_GLN_140,23.144619704684764
A,GLN,145,A_GLN_145,2.9739144562152955
A,GLU,150,A_GLU_150,22.1890235203467
A,GLU,160,A_GLU_160,24.027755132181618
A,GLU,280,A_GLU_280,12.452538580135663
A,GLY,148,A_GLY_148,11.112019777331852
A,HIS,161,A_HIS_161,11.0698446544565
A,LEU,134,A_LEU_134,10.549008945706925
A,LEU,137,A_LEU_137,16.508503344445707
A,LEU,144,A_LEU_144,15.661168483254169
A,LEU,281,A_LEU_281,18.132012211866044
A,LYS,283,A_LYS_283,7.297394961066619
A,MET,141,A_MET_141,14.025936993517103
A,PRO,155,A_PRO_155,15.629323254846375
A,SER,132,A_SER_132,13.835420472447508
A,SER,136,A_SER_136,14.020630868792232
A,SER,138,A_SER_138,16.26017745282163
A,SER,149,A_SER_149,15.306017008336585
A,SER,164,A_SER_164,12.545284732967838
A,THR,152,A_THR_152,17.270771815295312
A,THR,279,A_THR_279,17.535208850932
A,TRP,158,A_TRP_158,31.119631178334583
A,TYR,166,A_TYR_166,8.600758865810475
A,VAL,156,A_VAL_156,16.64570565136216
A,VAL,159,A_VAL_159,12.670775918989982
