chain,resname,resnum,res_key,density
A,ALA,92,A_ALA_92,5.808059702923435
A,ALA,181,A_ALA_181,13.07430357714274
A,ALA,186,A_ALA_186,12.220281316824565
A,ARG,175,A_ARG_175,14.126768583336503
A,ASN,103,A_ASN_103,20.555679806449263
A,ASN,183,A_ASN_183,20.525606072952797
A,ASN,187,A_ASN_187,21.802838296497512
A,ASP,192,A_ASP_192,20.734995228080226
A,CYS,106,A_CYS_106,18.3536584217009
A,CYS,184,A_CYS_184,18.250630222542327
A,CYS,190,A_CYS_190,17.35649480832918
A,CYS,191,A_CYS_191,17.756682662229125
A,GLN,179,A_GLN_179,5.646392927014666
A,GLU,107,A_GLU_107,19.23671644660355
A,GLU,180,A_GLU_180,22.922621145337537
A,GLU,188,A_GLU_188,23.4634925020852
A,GLY,102,A_GLY_102,10.207711404026496
A,HIS,93,A_HIS_93,24.083291999854264
A,HIS,178,A_HIS_178,2.3979119693809112
A,ILE,94,A_ILE_94,4.568301672049887
A,ILE,182,A_ILE_182,14.667937517251811
A,LYS,97,A_LYS_97,13.048087602951192
A,LYS,305,A_LYS_305,8.049798151634722
A,MET,96,A_MET_96,7.450841836638007
A,MET,98,A_MET_98,21.36844968537992
A,PHE,89,A_PHE_89,3.283619252049389
A,PHE,101,A_PHE_101,18.925296350683983
A,PHE,104,A_PHE_104,10.736277944708833
A,PHE,193,A_PHE_193,17.11974719109006
A,PHE,194,A_PHE_194,25.249193344664867
A,THR,100,A_THR_100,16.78690756533895
A,THR,110,A_THR_110,9.80229616831333
A,THR,189,A_THR_189,18.308799063149504
A,TRP,99,A_TRP_99,31.60779123320113
A,TRP,105,A_TRP_105,12.303678834003374
A,TRP,109,A_TRP_109,16.4574773622988
A,TYR,174,A_TYR_174,9.314662161547092
A,TYR,185,A_TYR_185,28.913753051593392
