chain,resname,resnum,res_key,density
A,ALA,139,A_ALA_139,12.757567861592314
A,ALA,145,A_ALA_145,13.39112870472857
A,ALA,150,A_ALA_150,10.568846510367706
A,ALA,152,A_ALA_152,12.734166167892184
A,ALA,225,A_ALA_225,12.3669597705318
A,ARG,141,A_ARG_141,13.319304546417591
A,ARG,156,A_ARG_156,12.569322003408068
A,ARG,170,A_ARG_170,26.524604047397986
A,ASN,148,A_ASN_148,19.956535637171022
A,ASP,138,A_ASP_138,9.459883060423532
A,ASP,171,A_ASP_171,2.5996514139902183
A,CYS,226,A_CYS_226,18.282542326716772
A,GLN,142,A_GLN_142,22.422149421373746
A,GLN,212,A_GLN_212,5.334114877095879
A,GLU,127,A_GLU_127,10.091152413774878
A,GLU,128,A_GLU_128,22.79236562322216
A,GLU,140,A_GLU_140,12.809687762347046
A,GLU,223,A_GLU_223,17.57889139615328
A,GLY,147,A_GLY_147,10.21801765498833
A,GLY,151,A_GLY_151,10.726489231444932
A,ILE,134,A_ILE_134,9.840821280226429
A,ILE,155,A_ILE_155,18.315133082653727
A,ILE,180,A_ILE_180,7.757291867079644
A,ILE,208,A_ILE_208,6.47051569802572
A,ILE,227,A_ILE_227,18.284840225423036
A,LEU,143,A_LEU_143,18.657285535684345
A,LEU,144,A_LEU_144,15.995502131017004
A,LEU,154,A_LEU_154,18.21447261268382
A,LEU,167,A_LEU_167,10.100415421010473
A,LEU,222,A_LEU_222,15.420095725005051
A,LYS,132,A_LYS_132,2.583473538283895
A,LYS,224,A_LYS_224,20.80794785517168
A,LYS,230,A_LYS_230,4.578115703694278
A,PHE,130,A_PHE_130,18.512585904560595
A,PHE,131,A_PHE_131,24.995302391734462
A,PHE,153,A_PHE_153,25.451040058439034
A,PRO,146,A_PRO_146,13.974196124784282
A,PRO,229,A_PRO_229,15.96806979336745
A,SER,149,A_SER_149,15.22656031429156
A,SER,166,A_SER_166,3.1530605134050296
A,SER,168,A_SER_168,14.863965086331149
A,SER,228,A_SER_228,15.660181822546164
A,THR,135,A_THR_135,3.557666009277273
A,TRP,129,A_TRP_129,30.39122884977697
A,TYR,72,A_TYR_72,8.187578824573492
A,VAL,169,A_VAL_169,15.392953069524305
