chain,resname,resnum,res_key,density
A,ALA,399,A_ALA_399,12.105232732754889
A,ALA,411,A_ALA_411,12.401687105865456
A,ALA,414,A_ALA_414,12.784608214777151
A,ALA,484,A_ALA_484,11.848514894353404
A,ARG,29,A_ARG_29,2.9983926924102966
A,ARG,366,A_ARG_366,26.51500794001773
A,ARG,390,A_ARG_390,4.942717143082126
A,ARG,487,A_ARG_487,12.785329251787196
A,ASN,416,A_ASN_416,20.209788114434126
A,ASP,425,A_ASP_425,18.774281912063376
A,CYS,419,A_CYS_419,18.3438722798022
A,GLU,28,A_GLU_28,3.2490300035147577
A,GLU,413,A_GLU_413,24.0277238732667
A,GLU,482,A_GLU_482,5.65098742133789
A,GLU,485,A_GLU_485,5.697805720240138
A,GLY,418,A_GLY_418,10.624546277365216
A,ILE,31,A_ILE_31,12.813080819996099
A,ILE,364,A_ILE_364,12.757961658772837
A,ILE,415,A_ILE_415,18.298563656988684
A,ILE,422,A_ILE_422,14.788104204808294
A,LYS,423,A_LYS_423,16.16578459481873
A,LYS,483,A_LYS_483,5.069807139038759
A,PHE,405,A_PHE_405,12.903613198231476
A,PHE,417,A_PHE_417,25.093647537017386
A,PHE,420,A_PHE_420,25.88829916806609
A,PRO,412,A_PRO_412,16.580272227984732
A,SER,424,A_SER_424,15.678386972643391
A,SER,428,A_SER_428,3.1013749090458465
A,THR,27,A_THR_27,4.044112684533375
A,THR,30,A_THR_30,17.951140208796097
A,THR,398,A_THR_398,8.828152423221166
A,THR,410,A_THR_410,17.17804424533914
A,THR,421,A_THR_421,17.80888936167822
A,TRP,409,A_TRP_409,3.448024907789189
A,TRP,427,A_TRP_427,9.850750878856667
A,TYR,32,A_TYR_32,8.8054957335621
A,TYR,397,A_TYR_397,5.834732269116813
A,VAL,33,A_VAL_33,16.326855602614373
A,VAL,426,A_VAL_426,2.2973159034534065
