chain,resname,resnum,res_key,density
A,ASN,461,A_ASN_461,21.39852425120948
A,CYS,457,A_CYS_457,18.39857070585009
A,HIS,453,A_HIS_453,25.07271512499735
A,HIS,458,A_HIS_458,24.15554441878475
A,ILE,462,A_ILE_462,14.482529201554541
A,LEU,43,A_LEU_43,5.654626317318737
A,LEU,454,A_LEU_454,18.187610624089423
A,LEU,455,A_LEU_455,18.434530335652664
A,LYS,449,A_LYS_449,6.4005197915566665
A,LYS,452,A_LYS_452,18.708493177616575
A,LYS,460,A_LYS_460,20.38532774719622
A,MET,456,A_MET_456,21.007241243758262
A,PHE,451,A_PHE_451,12.131335689579767
A,SER,47,A_SER_47,3.466821100256434
A,THR,450,A_THR_450,14.802650430833362
A,TYR,459,A_TYR_459,28.57455715896945
A,VAL,46,A_VAL_46,5.9374808818227365
A,VAL,50,A_VAL_50,6.228387052707767
