chain,resname,resnum,res_key,density
A,ALA,117,A_ALA_117,12.531604066232692
A,ALA,124,A_ALA_124,2.8870901889116607
A,ALA,164,A_ALA_164,12.300164671122882
A,ALA,166,A_ALA_166,12.47694564261863
A,ALA,168,A_ALA_168,11.885424918367239
A,ALA,169,A_ALA_169,12.230729617352662
A,ALA,173,A_ALA_173,9.056857824021025
A,ARG,177,A_ARG_177,9.633000834367156
A,ASN,111,A_ASN_111,3.637532959517255
A,ASN,200,A_ASN_200,3.787389202101278
A,ASP,190,A_ASP_190,2.8022842439352242
A,CYS,167,A_CYS_167,17.508138003012704
A,GLU,122,A_GLU_122,24.018142685850478
A,GLY,114,A_GLY_114,10.821336914719812
A,GLY,120,A_GLY_120,10.331002168947194
A,GLY,121,A_GLY_121,10.315529685846398
A,GLY,174,A_GLY_174,5.185545129329471
A,GLY,188,A_GLY_188,7.208031285019009
A,HIS,211,A_HIS_211,24.056371913965506
A,ILE,123,A_ILE_123,17.27701745238762
A,ILE,189,A_ILE_189,18.21299863478198
A,ILE,205,A_ILE_205,10.07907328972188
A,LEU,119,A_LEU_119,17.60476817283719
A,LEU,125,A_LEU_125,14.759592029506223
A,LEU,165,A_LEU_165,18.868465928855407
A,LEU,172,A_LEU_172,17.39392118114082
A,MET,163,A_MET_163,21.786583390652908
A,MET,207,A_MET_207,21.664778343117163
A,PHE,115,A_PHE_115,25.48752043537533
A,PHE,116,A_PHE_116,10.272395011936196
A,PHE,159,A_PHE_159,5.492500009235046
A,PHE,203,A_PHE_203,24.769882377495584
A,PHE,208,A_PHE_208,18.978609457227375
A,PHE,212,A_PHE_212,11.637550876995133
A,PRO,170,A_PRO_170,15.991788754674992
A,PRO,171,A_PRO_171,15.716187497743563
A,PRO,215,A_PRO_215,5.3274122320047
A,SER,176,A_SER_176,15.665479482320995
A,SER,202,A_SER_202,6.064844183128901
A,THR,118,A_THR_118,18.340364367148595
A,THR,160,A_THR_160,7.610426116060999
A,TRP,126,A_TRP_126,26.51253960741224
A,TRP,161,A_TRP_161,14.590458603837208
A,TRP,175,A_TRP_175,31.15707246544279
A,TRP,265,A_TRP_265,8.165856782331026
A,TYR,178,A_TYR_178,21.59737547773175
A,TYR,206,A_TYR_206,28.813294125907547
A,TYR,268,A_TYR_268,5.036389682438729
A,VAL,162,A_VAL_162,15.97888628813204
A,VAL,204,A_VAL_204,16.195216324961926
A,VAL,209,A_VAL_209,10.062852740117085
A,VAL,210,A_VAL_210,16.40731374614894
