chain,resname,resnum,res_key,density
A,ALA,411,A_ALA_411,11.817575424043884
A,ARG,280,A_ARG_280,24.3279957643124
A,ARG,412,A_ARG_412,26.15819504418259
A,ARG,413,A_ARG_413,4.783423088512807
A,ASN,256,A_ASN_256,12.233121846033415
A,ASN,257,A_ASN_257,20.56078653831305
A,ASN,285,A_ASN_285,21.03071997030091
A,ASN,371,A_ASN_371,8.701235291376909
A,ASN,375,A_ASN_375,9.592154881312707
A,ASN,405,A_ASN_405,5.582596155416079
A,ASP,190,A_ASP_190,9.191434939345989
A,ASP,414,A_ASP_414,12.313253271463212
A,CYS,282,A_CYS_282,17.618898612982406
A,CYS,409,A_CYS_409,17.869207280057452
A,GLU,254,A_GLU_254,2.9894536253134243
A,GLU,410,A_GLU_410,23.667551162446486
A,GLY,287,A_GLY_287,10.36341798650001
A,GLY,408,A_GLY_408,10.655360034141935
A,HIS,289,A_HIS_289,23.454303904992763
A,ILE,259,A_ILE_259,16.16272020997032
A,ILE,284,A_ILE_284,18.7656278822356
A,ILE,377,A_ILE_377,1.9218520155694423
A,LEU,288,A_LEU_288,10.66747876041891
A,LYS,189,A_LYS_189,9.749924979178015
A,MET,292,A_MET_292,7.126600701266284
A,PHE,196,A_PHE_196,4.150950543038415
A,PHE,258,A_PHE_258,24.821450807244723
A,PHE,281,A_PHE_281,21.463353270081807
A,SER,255,A_SER_255,5.548434782442754
A,SER,283,A_SER_283,14.926844557030266
A,SER,286,A_SER_286,12.266236709952985
A,SER,290,A_SER_290,14.91640231318989
A,SER,406,A_SER_406,15.723884562024248
A,SER,407,A_SER_407,15.364312796315168
A,TYR,260,A_TYR_260,7.351054281434243
A,TYR,291,A_TYR_291,7.397327886541716
A,TYR,416,A_TYR_416,19.57263988846104
