chain,resname,resnum,res_key,density
A,ALA,82,A_ALA_82,3.975468860076509
A,ALA,322,A_ALA_322,8.336784064288862
A,ALA,371,A_ALA_371,5.500110059354491
A,ALA,386,A_ALA_386,12.376916665614516
A,ARG,379,A_ARG_379,25.455066948080994
A,ARG,384,A_ARG_384,27.17459783145365
A,ASN,373,A_ASN_373,19.637387457571855
A,ASP,382,A_ASP_382,21.380312430754813
A,CYS,378,A_CYS_378,17.94717782068497
A,GLN,388,A_GLN_388,19.314027263121684
A,GLY,75,A_GLY_75,7.452667094301708
A,GLY,389,A_GLY_389,2.634760037023721
A,ILE,97,A_ILE_97,4.0434129069862115
A,ILE,328,A_ILE_328,7.702261041860251
A,ILE,329,A_ILE_329,8.223001812258916
A,ILE,375,A_ILE_375,18.510637124535073
A,ILE,376,A_ILE_376,18.767288971541216
A,LEU,78,A_LEU_78,15.960050898620562
A,LEU,89,A_LEU_89,5.52055763909253
A,LEU,326,A_LEU_326,2.639169236527629
A,LEU,391,A_LEU_391,6.01165474884584
A,LYS,321,A_LYS_321,7.672307920278506
A,LYS,324,A_LYS_324,6.275154569837072
A,LYS,385,A_LYS_385,18.95858769646326
A,PHE,372,A_PHE_372,12.882430061220433
A,PHE,383,A_PHE_383,25.660261119197706
A,PHE,387,A_PHE_387,25.7906541401155
A,PRO,374,A_PRO_374,16.32628483373485
A,PRO,381,A_PRO_381,15.9992791778062
A,SER,380,A_SER_380,14.845898228114375
A,THR,325,A_THR_325,18.062645483809455
A,TYR,377,A_TYR_377,27.838794050650126
A,VAL,79,A_VAL_79,16.642094038169027
