chain,resname,resnum,res_key,density
A,ALA,1108,A_ALA_1108,5.582499217497126
A,ARG,1148,A_ARG_1148,26.461490068533863
A,CYS,1107,A_CYS_1107,6.962478759719073
A,CYS,1146,A_CYS_1146,16.975971729386586
A,GLN,1067,A_GLN_1067,10.332446489929827
A,GLU,1150,A_GLU_1150,14.739820497135184
A,GLY,1072,A_GLY_1072,10.332116685001019
A,GLY,1095,A_GLY_1095,1.8315983841132786
A,GLY,1128,A_GLY_1128,11.025480020355069
A,GLY,1144,A_GLY_1144,10.068576130668044
A,GLY,1151,A_GLY_1151,9.92501820428423
A,HIS,1068,A_HIS_1068,10.431654851336464
A,ILE,1053,A_ILE_1053,1.898655861195556
A,ILE,1071,A_ILE_1071,18.79980386160561
A,ILE,1077,A_ILE_1077,12.111363731792952
A,ILE,1129,A_ILE_1129,6.713256375349275
A,ILE,1145,A_ILE_1145,18.028266767150225
A,LEU,1055,A_LEU_1055,7.342845445621873
A,LEU,1058,A_LEU_1058,1.6684456542185544
A,LEU,1076,A_LEU_1076,17.589130117278337
A,LEU,1097,A_LEU_1097,14.257899905511236
A,LEU,1098,A_LEU_1098,5.807668190340152
A,LEU,1112,A_LEU_1112,4.564423972463496
A,LEU,1125,A_LEU_1125,18.645558282168306
A,LEU,1142,A_LEU_1142,12.265380311749801
A,LEU,1143,A_LEU_1143,16.074538765160817
A,LEU,1147,A_LEU_1147,17.417655699784596
A,LEU,1154,A_LEU_1154,17.240929201693234
A,LEU,1157,A_LEU_1157,13.759220923253341
A,LYS,1110,A_LYS_1110,13.52184696711551
A,PHE,1080,A_PHE_1080,8.761718259998624
A,PHE,1124,A_PHE_1124,20.34639090444489
A,PRO,1073,A_PRO_1073,15.010172148499853
A,PRO,1153,A_PRO_1153,15.176818885075408
A,SER,1074,A_SER_1074,15.507221351472806
A,SER,1075,A_SER_1075,15.08837017904176
A,SER,1111,A_SER_1111,12.145789473559175
A,SER,1149,A_SER_1149,15.00998796480584
A,SER,1152,A_SER_1152,15.965081990005245
A,THR,1096,A_THR_1096,5.693250755659478
A,TYR,1093,A_TYR_1093,1.8399742186422838
A,VAL,1066,A_VAL_1066,15.288447719728925
A,VAL,1069,A_VAL_1069,16.399962593259065
A,VAL,1070,A_VAL_1070,15.772212621141515
A,VAL,1078,A_VAL_1078,13.353379164188985
A,VAL,1109,A_VAL_1109,15.972401921905453
A,VAL,1121,A_VAL_1121,1.7388150817665038
A,VAL,1155,A_VAL_1155,15.333048452746032
A,VAL,1156,A_VAL_1156,16.385856373641577
