chain,resname,resnum,res_key,density
A,ALA,343,A_ALA_343,4.496141317525293
A,ALA,368,A_ALA_368,11.758890233173808
A,ALA,371,A_ALA_371,9.214525336778484
A,ASN,363,A_ASN_363,20.179740341414565
A,ASN,369,A_ASN_369,21.227597783856584
A,ASN,373,A_ASN_373,15.60029831227579
A,ASP,104,A_ASP_104,9.128117614560821
A,CYS,336,A_CYS_336,18.136297920981093
A,GLY,331,A_GLY_331,10.456291479611837
A,GLY,366,A_GLY_366,10.485797905680162
A,ILE,146,A_ILE_146,10.20476603789333
A,ILE,328,A_ILE_328,8.398073169542203
A,ILE,329,A_ILE_329,14.768947903440758
A,ILE,376,A_ILE_376,4.16212169242859
A,LEU,149,A_LEU_149,3.693893680864526
A,LEU,237,A_LEU_237,7.760072093768027
A,LEU,335,A_LEU_335,18.52078088031802
A,LEU,338,A_LEU_338,18.462828936735654
A,LEU,342,A_LEU_342,10.897220826747342
A,LEU,358,A_LEU_358,3.2944588145123164
A,LEU,365,A_LEU_365,17.849030057595915
A,MET,107,A_MET_107,1.5426413010752682
A,MET,240,A_MET_240,7.59601010334639
A,MET,330,A_MET_330,12.399206989820472
A,PHE,233,A_PHE_233,14.097300145463638
A,PHE,333,A_PHE_333,25.495568653164003
A,PHE,340,A_PHE_340,25.60572690101573
A,PHE,341,A_PHE_341,25.96699983076118
A,PHE,359,A_PHE_359,5.8000341691126724
A,PHE,361,A_PHE_361,26.4197661257067
A,PHE,362,A_PHE_362,25.58938740674772
A,PHE,372,A_PHE_372,25.484171121840532
A,PRO,339,A_PRO_339,16.104641703191735
A,SER,145,A_SER_145,5.193547612887344
A,SER,370,A_SER_370,15.010142938026144
A,THR,334,A_THR_334,18.42825386763884
A,TRP,337,A_TRP_337,31.22205124561559
A,TRP,364,A_TRP_364,20.114247065058215
A,TYR,367,A_TYR_367,25.773035556810928
A,VAL,142,A_VAL_142,13.66204218052021
A,VAL,332,A_VAL_332,16.22194378473053
A,VAL,360,A_VAL_360,6.03194350234899
