chain,resname,resnum,res_key,density
A,ARG,521,A_ARG_521,26.624138972507627
A,ARG,547,A_ARG_547,13.70354517474656
A,ASP,543,A_ASP_543,21.472831946111032
A,ASP,587,A_ASP_587,2.995233748857519
A,CYS,520,A_CYS_520,16.632944531674163
A,CYS,526,A_CYS_526,17.62992925158411
A,CYS,529,A_CYS_529,18.494698463810785
A,CYS,538,A_CYS_538,17.213213214719747
A,CYS,541,A_CYS_541,18.395802160199445
A,CYS,545,A_CYS_545,16.91652754278969
A,CYS,551,A_CYS_551,16.941361799092952
A,CYS,561,A_CYS_561,12.545527219487457
A,GLN,524,A_GLN_524,10.412414468363595
A,GLN,537,A_GLN_537,6.051181246458318
A,GLN,558,A_GLN_558,16.074145163044445
A,GLN,559,A_GLN_559,2.7300144261749315
A,GLU,549,A_GLU_549,14.630148591789567
A,GLU,550,A_GLU_550,24.190921009512586
A,GLY,539,A_GLY_539,10.286229938971502
A,GLY,554,A_GLY_554,10.360527337522202
A,HIS,542,A_HIS_542,23.83581774692786
A,ILE,560,A_ILE_560,14.314090083290147
A,LEU,530,A_LEU_530,11.847431495768017
A,LEU,552,A_LEU_552,18.515783243660323
A,LYS,544,A_LYS_544,20.824989848257157
A,PHE,523,A_PHE_523,16.085394431740422
A,SER,525,A_SER_525,13.088778349409996
A,SER,527,A_SER_527,2.890796507930353
A,SER,548,A_SER_548,15.423236920488012
A,SER,553,A_SER_553,15.816554114541379
A,THR,555,A_THR_555,17.417999062008374
A,THR,557,A_THR_557,17.881047170421013
A,TRP,540,A_TRP_540,30.494073014964624
A,TRP,556,A_TRP_556,31.24398884797311
A,VAL,546,A_VAL_546,16.418920552349494
