chain,resname,resnum,res_key,density
A,ALA,144,A_ALA_144,12.079349621863443
A,ALA,153,A_ALA_153,12.471412659236158
A,ALA,241,A_ALA_241,12.464307846043013
A,ARG,156,A_ARG_156,19.928170990984967
A,ASP,155,A_ASP_155,21.913061769042464
A,CYS,150,A_CYS_150,18.43664378517774
A,CYS,238,A_CYS_238,18.52161293937906
A,GLU,147,A_GLU_147,23.069331063574847
A,GLY,327,A_GLY_327,4.933056359006807
A,GLY,331,A_GLY_331,2.802719298146555
A,ILE,97,A_ILE_97,6.659043589641614
A,ILE,146,A_ILE_146,17.929298503414305
A,ILE,152,A_ILE_152,19.046151003028623
A,ILE,185,A_ILE_185,5.604909622849917
A,ILE,239,A_ILE_239,18.58780744768038
A,ILE,329,A_ILE_329,12.146892058415458
A,LEU,100,A_LEU_100,12.532583410724026
A,LEU,149,A_LEU_149,19.08806055429908
A,LEU,154,A_LEU_154,18.36099636405191
A,LEU,158,A_LEU_158,8.9616963376453
A,LEU,178,A_LEU_178,15.720069607987323
A,LEU,237,A_LEU_237,18.874076406058848
A,LEU,245,A_LEU_245,2.8515123866746723
A,LEU,326,A_LEU_326,15.906942923711716
A,MET,240,A_MET_240,22.035478221753984
A,MET,330,A_MET_330,21.35641653497479
A,PHE,96,A_PHE_96,25.349496637619733
A,PHE,233,A_PHE_233,19.18375277158154
A,PHE,242,A_PHE_242,19.245176014285192
A,PHE,333,A_PHE_333,16.823647364877896
A,PRO,236,A_PRO_236,16.617907542690077
A,SER,99,A_SER_99,4.934223130663591
A,SER,145,A_SER_145,16.119255147913826
A,SER,186,A_SER_186,4.832690486933984
A,SER,232,A_SER_232,7.482626840366432
A,THR,93,A_THR_93,5.215325568387457
A,THR,143,A_THR_143,15.176456747143483
A,THR,148,A_THR_148,17.14450783011543
A,THR,181,A_THR_181,2.4424939282967815
A,THR,334,A_THR_334,8.013299169976662
A,TRP,183,A_TRP_183,2.8415774711134123
A,TYR,157,A_TYR_157,15.850807037115983
A,TYR,234,A_TYR_234,10.287236788686968
A,TYR,244,A_TYR_244,28.759423076022582
A,VAL,142,A_VAL_142,5.96195214746897
A,VAL,151,A_VAL_151,16.827610598062357
A,VAL,179,A_VAL_179,10.52449614525906
A,VAL,182,A_VAL_182,16.816295530529718
A,VAL,231,A_VAL_231,6.020742480375512
A,VAL,235,A_VAL_235,17.21964772784338
A,VAL,243,A_VAL_243,16.431180611216142
A,VAL,247,A_VAL_247,8.76392169702846
