chain,resname,resnum,res_key,density
A,ALA,789,A_ALA_789,12.542028630018969
A,ARG,774,A_ARG_774,26.14416626866645
A,ARG,793,A_ARG_793,18.424183639460303
A,ASN,768,A_ASN_768,9.096130506641854
A,ASP,824,A_ASP_824,10.06762150378993
A,CYS,790,A_CYS_790,16.839112860969177
A,CYS,800,A_CYS_800,18.72991932096211
A,CYS,801,A_CYS_801,17.68241231068409
A,GLN,791,A_GLN_791,21.959702441670057
A,GLU,797,A_GLU_797,5.906224768409345
A,GLY,762,A_GLY_762,10.449649838307595
A,HIS,792,A_HIS_792,24.07947632356241
A,ILE,747,A_ILE_747,2.100681726372406
A,ILE,760,A_ILE_760,17.924521875967574
A,ILE,777,A_ILE_777,6.2164817227576386
A,ILE,798,A_ILE_798,13.60570498824555
A,ILE,799,A_ILE_799,18.58413782052064
A,LEU,767,A_LEU_767,18.049381599980027
A,LEU,823,A_LEU_823,18.07588599737736
A,LYS,912,A_LYS_912,2.5945567218093406
A,MET,775,A_MET_775,21.159592884851826
A,MET,822,A_MET_822,21.408965396799367
A,PHE,786,A_PHE_786,5.795800709178543
A,PHE,820,A_PHE_820,9.98870856160262
A,PHE,821,A_PHE_821,24.606291978535175
A,PRO,742,A_PRO_742,1.7165543843187645
A,PRO,773,A_PRO_773,16.366894135903067
A,PRO,804,A_PRO_804,4.341749464073192
A,SER,758,A_SER_758,5.678121097611847
A,SER,771,A_SER_771,15.634615804764785
A,SER,794,A_SER_794,6.00975307050532
A,SER,828,A_SER_828,3.1638973116013718
A,THR,759,A_THR_759,17.624332831852044
A,THR,761,A_THR_761,16.550945330904455
A,THR,787,A_THR_787,18.28039631868994
A,THR,802,A_THR_802,17.16388980116543
A,THR,803,A_THR_803,14.032806150693295
A,VAL,744,A_VAL_744,5.634736189855958
A,VAL,763,A_VAL_763,2.789382507276138
A,VAL,770,A_VAL_770,15.929505881782836
A,VAL,772,A_VAL_772,16.543636506174465
A,VAL,776,A_VAL_776,14.637063146629597
A,VAL,788,A_VAL_788,16.149900378781464
