chain,resname,resnum,res_key,density
A,ALA,153,A_ALA_153,6.273653817608899
A,ALA,241,A_ALA_241,12.464307846043013
A,ARG,246,A_ARG_246,6.980797727347915
A,CYS,150,A_CYS_150,18.43664378517774
A,CYS,238,A_CYS_238,18.52161293937906
A,GLU,147,A_GLU_147,8.11218809960475
A,ILE,146,A_ILE_146,15.238156484301127
A,ILE,239,A_ILE_239,18.58780744768038
A,LEU,149,A_LEU_149,12.2850209456632
A,LEU,154,A_LEU_154,8.864113828839288
A,LEU,237,A_LEU_237,18.874076406058848
A,LEU,245,A_LEU_245,15.2462350795746
A,LEU,338,A_LEU_338,9.891595607668119
A,MET,240,A_MET_240,22.035478221753984
A,MET,330,A_MET_330,18.55345132620421
A,PHE,233,A_PHE_233,25.323279676490984
A,PHE,242,A_PHE_242,25.759711934735957
A,PHE,333,A_PHE_333,4.06215341408321
A,PRO,236,A_PRO_236,16.617907542690077
A,SER,229,A_SER_229,6.2975606752252595
A,SER,232,A_SER_232,10.426046554495514
A,THR,334,A_THR_334,18.42825386763884
A,TYR,234,A_TYR_234,28.53436732891742
A,TYR,244,A_TYR_244,18.876292226282953
A,VAL,151,A_VAL_151,2.7514482502441493
A,VAL,230,A_VAL_230,16.956214522832603
A,VAL,231,A_VAL_231,10.89406422890918
A,VAL,235,A_VAL_235,17.21964772784338
A,VAL,243,A_VAL_243,16.431180611216142
