chain,resname,resnum,res_key,density
A,ALA,119,A_ALA_119,12.809286934205183
A,ALA,182,A_ALA_182,2.076732021891951
A,ARG,138,A_ARG_138,13.865487839573689
A,ARG,143,A_ARG_143,26.2739676271004
A,ARG,217,A_ARG_217,15.98204040931591
A,ARG,218,A_ARG_218,5.720552890238956
A,ASN,115,A_ASN_115,11.98350514813944
A,ASN,117,A_ASN_117,20.213112153715834
A,ASN,137,A_ASN_137,20.698998591422907
A,ASN,199,A_ASN_199,5.476882649252097
A,ASP,123,A_ASP_123,1.8632175794356247
A,ASP,174,A_ASP_174,20.02847990644968
A,ASP,224,A_ASP_224,12.815169941834363
A,CYS,98,A_CYS_98,17.579471318491844
A,CYS,133,A_CYS_133,17.872491807608025
A,CYS,141,A_CYS_141,17.577350654512234
A,CYS,160,A_CYS_160,17.389722532896187
A,CYS,172,A_CYS_172,12.247705251097955
A,CYS,175,A_CYS_175,18.174672448626087
A,GLN,99,A_GLN_99,2.8905089589249617
A,GLN,129,A_GLN_129,18.89465138120075
A,GLN,142,A_GLN_142,22.488344427414013
A,GLY,134,A_GLY_134,10.742455451834157
A,GLY,139,A_GLY_139,10.25354819004173
A,GLY,225,A_GLY_225,9.830868365409788
A,HIS,144,A_HIS_144,23.55617416179826
A,HIS,159,A_HIS_159,18.962868003857302
A,ILE,70,A_ILE_70,4.141742266563595
A,ILE,116,A_ILE_116,6.112016722257345
A,ILE,131,A_ILE_131,18.352164223409787
A,ILE,161,A_ILE_161,18.41461366826944
A,LEU,120,A_LEU_120,16.317716101832723
A,LEU,130,A_LEU_130,17.130114952003886
A,LEU,211,A_LEU_211,1.828410595510335
A,LEU,219,A_LEU_219,13.860572361731482
A,LYS,220,A_LYS_220,2.643293379884604
A,LYS,223,A_LYS_223,9.596156829786159
A,MET,118,A_MET_118,14.472444971891475
A,MET,227,A_MET_227,2.79860420827955
A,PHE,162,A_PHE_162,25.432671289601764
A,PHE,195,A_PHE_195,16.89331811394747
A,PHE,226,A_PHE_226,25.81475206520132
A,PRO,97,A_PRO_97,15.690304279858282
A,PRO,173,A_PRO_173,12.198483259582664
A,SER,132,A_SER_132,15.971907337623794
A,SER,135,A_SER_135,15.445040101406642
A,SER,163,A_SER_163,12.140533359616573
A,SER,178,A_SER_178,10.672653904004713
A,THR,86,A_THR_86,14.59462413358611
A,THR,140,A_THR_140,17.286484232760525
A,TYR,84,A_TYR_84,9.80211673947207
A,VAL,89,A_VAL_89,1.9443126996671367
A,VAL,121,A_VAL_121,15.748646297175274
A,VAL,122,A_VAL_122,2.6512258538957463
A,VAL,136,A_VAL_136,16.66941203917812
A,VAL,145,A_VAL_145,2.6342265604081407
A,VAL,158,A_VAL_158,16.294256953123824
A,VAL,176,A_VAL_176,15.586868337983823
A,VAL,177,A_VAL_177,15.513918693098871
A,VAL,184,A_VAL_184,7.660510783766391
A,VAL,197,A_VAL_197,5.651734049220341
