chain,resname,resnum,res_key,density
A,ARG,1022,A_ARG_1022,26.279966152264684
A,ASN,1018,A_ASN_1018,12.439768956225151
A,CYS,1021,A_CYS_1021,17.105389505649292
A,GLN,1023,A_GLN_1023,23.134624758987886
A,GLY,1019,A_GLY_1019,10.038308295695412
A,SER,1020,A_SER_1020,15.581548037447623
A,VAL,1024,A_VAL_1024,14.667500294369264
