chain,resname,resnum,res_key,density
A,ALA,319,A_ALA_319,12.331716954226971
A,ALA,320,A_ALA_320,12.730207938734447
A,ALA,347,A_ALA_347,11.762413861367389
A,ALA,361,A_ALA_361,11.224203655738279
A,ALA,364,A_ALA_364,11.81744952137728
A,ALA,453,A_ALA_453,3.254237544683813
A,ARG,359,A_ARG_359,3.4897016569828456
A,ARG,426,A_ARG_426,25.988330328984883
A,ARG,469,A_ARG_469,20.952493344758008
A,ASN,315,A_ASN_315,10.177100252231144
A,ASP,428,A_ASP_428,21.633204603659657
A,CYS,298,A_CYS_298,17.243220046820216
A,CYS,363,A_CYS_363,18.097407669715306
A,GLN,318,A_GLN_318,10.7713818612622
A,GLN,332,A_GLN_332,3.0152493962513356
A,GLN,348,A_GLN_348,2.7138719788957433
A,GLN,425,A_GLN_425,14.493313424878938
A,GLU,297,A_GLU_297,20.799610768972908
A,GLU,312,A_GLU_312,5.313566446344614
A,GLY,344,A_GLY_344,10.010470188702097
A,GLY,432,A_GLY_432,4.3945160917244745
A,ILE,278,A_ILE_278,1.6459375026779737
A,ILE,299,A_ILE_299,18.12687159458059
A,ILE,316,A_ILE_316,9.725961137064774
A,ILE,333,A_ILE_333,18.275350922915997
A,ILE,341,A_ILE_341,18.94033442766738
A,ILE,367,A_ILE_367,4.807340880004234
A,ILE,442,A_ILE_442,17.027812412064797
A,LEU,262,A_LEU_262,5.773978036684332
A,LEU,296,A_LEU_296,18.92304833819659
A,LEU,300,A_LEU_300,16.40862004691784
A,LEU,317,A_LEU_317,18.17107213468933
A,LEU,329,A_LEU_329,7.299080458393087
A,LEU,342,A_LEU_342,18.02027498632794
A,LEU,424,A_LEU_424,18.757687901341132
A,LEU,429,A_LEU_429,17.893771228166457
A,LEU,439,A_LEU_439,8.956255925724374
A,LEU,455,A_LEU_455,5.732934187975677
A,MET,362,A_MET_362,20.666186087381142
A,MET,431,A_MET_431,10.849872673766637
A,PHE,314,A_PHE_314,24.51661608035371
A,PHE,343,A_PHE_343,25.36960389394832
A,PHE,346,A_PHE_346,25.065482884179296
A,PHE,365,A_PHE_365,26.037546988846305
A,PHE,430,A_PHE_430,25.374948301523595
A,PHE,434,A_PHE_434,8.16746981486096
A,PRO,295,A_PRO_295,5.386365723905151
A,PRO,366,A_PRO_366,15.888064938238795
A,SER,360,A_SER_360,15.619930839280183
A,SER,441,A_SER_441,6.141442307633303
A,SER,468,A_SER_468,10.272279434521414
A,THR,276,A_THR_276,6.47167233907716
A,THR,301,A_THR_301,7.390789924882707
A,THR,444,A_THR_444,6.987359401555383
A,THR,451,A_THR_451,1.7675393580543557
A,TYR,321,A_TYR_321,12.523777084079144
A,TYR,369,A_TYR_369,2.052558769678515
A,VAL,313,A_VAL_313,9.218585825367386
A,VAL,322,A_VAL_322,6.405836850042623
A,VAL,345,A_VAL_345,16.869587376113316
A,VAL,370,A_VAL_370,1.9421292044633742
A,VAL,427,A_VAL_427,16.070690846596555
A,VAL,467,A_VAL_467,16.47214728426893
