chain,resname,resnum,res_key,density
A,ALA,345,A_ALA_345,3.732844309508418
A,ALA,404,A_ALA_404,11.95399028924366
A,ARG,454,A_ARG_454,23.06718637169938
A,ARG,471,A_ARG_471,27.57926131935086
A,ARG,476,A_ARG_476,13.282906135756857
A,ARG,480,A_ARG_480,27.521359277229845
A,ASN,467,A_ASN_467,19.6314805931351
A,ASN,475,A_ASN_475,20.55131409943998
A,ASP,418,A_ASP_418,18.795721992016396
A,CYS,472,A_CYS_472,17.861864954205142
A,GLN,487,A_GLN_487,3.011295233783099
A,GLU,352,A_GLU_352,2.9206410286957047
A,GLU,406,A_GLU_406,9.295144362185674
A,GLU,464,A_GLU_464,5.514705664675966
A,GLU,478,A_GLU_478,10.618485256751566
A,GLU,479,A_GLU_479,20.608901495780852
A,GLU,484,A_GLU_484,2.9113338632627945
A,GLY,423,A_GLY_423,9.91657827894649
A,ILE,415,A_ILE_415,15.619149197715181
A,ILE,424,A_ILE_424,18.418966589963375
A,ILE,468,A_ILE_468,18.807923643326752
A,ILE,486,A_ILE_486,18.96900689870656
A,LEU,361,A_LEU_361,9.391115930237591
A,LEU,425,A_LEU_425,16.57201127275216
A,LEU,426,A_LEU_426,18.10047190543557
A,LEU,449,A_LEU_449,3.5540501289581234
A,LEU,465,A_LEU_465,16.62666498169349
A,LEU,490,A_LEU_490,6.1085118070182585
A,LYS,401,A_LYS_401,3.2852735604723353
A,LYS,416,A_LYS_416,21.252914334679065
A,LYS,474,A_LYS_474,20.886786675430336
A,MET,348,A_MET_348,4.932472497179409
A,MET,427,A_MET_427,10.122166278810175
A,MET,455,A_MET_455,9.84995066602187
A,MET,469,A_MET_469,21.694303966835808
A,MET,470,A_MET_470,21.425174803135146
A,PHE,422,A_PHE_422,24.885624502538782
A,PHE,483,A_PHE_483,25.607054317920515
A,PRO,405,A_PRO_405,8.588230222037074
A,PRO,477,A_PRO_477,15.89115950923825
A,PRO,481,A_PRO_481,15.505432620611609
A,SER,417,A_SER_417,15.729504131677292
A,SER,421,A_SER_421,17.106587354155828
A,THR,403,A_THR_403,10.259992826457998
A,THR,414,A_THR_414,6.865341246494339
A,THR,482,A_THR_482,17.736371520357636
A,TRP,402,A_TRP_402,12.115163349767734
A,TRP,420,A_TRP_420,32.03433573214822
A,TRP,473,A_TRP_473,31.434946685570758
A,TYR,437,A_TYR_437,7.359582434797337
A,TYR,453,A_TYR_453,3.236810619393056
A,TYR,466,A_TYR_466,27.754089344252563
A,TYR,485,A_TYR_485,28.923143906875318
A,VAL,419,A_VAL_419,16.373067484818133
A,VAL,489,A_VAL_489,6.213265149581922
