chain,resname,resnum,res_key,density
A,ALA,145,A_ALA_145,12.334162667514061
A,ARG,141,A_ARG_141,26.105654781765956
A,ASP,144,A_ASP_144,21.523392434309052
A,CYS,35,A_CYS_35,17.06094217522441
A,CYS,142,A_CYS_142,18.0918315324789
A,GLN,137,A_GLN_137,7.720567300650308
A,GLY,110,A_GLY_110,3.14880412776529
A,GLY,126,A_GLY_126,5.37938107931889
A,GLY,138,A_GLY_138,8.66215859421672
A,HIS,34,A_HIS_34,24.31602195589851
A,HIS,140,A_HIS_140,23.248372539252134
A,LEU,128,A_LEU_128,18.25053738569158
A,LEU,130,A_LEU_130,17.885945052185832
A,PRO,33,A_PRO_33,16.426554631557174
A,PRO,146,A_PRO_146,9.02476005685622
A,SER,32,A_SER_32,3.074759585821751
A,SER,136,A_SER_136,3.283823966704716
A,SER,143,A_SER_143,15.499469946054175
A,THR,36,A_THR_36,17.095144736336334
A,THR,37,A_THR_37,17.555916931313355
A,THR,127,A_THR_127,17.696461043052466
A,THR,132,A_THR_132,10.017116097242907
A,TRP,139,A_TRP_139,19.077360194579196
A,VAL,38,A_VAL_38,16.481085933781305
A,VAL,44,A_VAL_44,1.8534018594867778
A,VAL,129,A_VAL_129,15.629960183356669
A,VAL,131,A_VAL_131,7.00945381733341
