chain,resname,resnum,res_key,density
A,ALA,217,A_ALA_217,12.551692114783366
A,ALA,218,A_ALA_218,12.487012298832314
A,ARG,212,A_ARG_212,16.540841369615794
A,ASN,215,A_ASN_215,21.396176223517255
A,ASP,213,A_ASP_213,12.851580716685076
A,ASP,224,A_ASP_224,9.758063313270313
A,CYS,219,A_CYS_219,18.249912659574147
A,GLN,65,A_GLN_65,2.7570984885092673
A,GLU,223,A_GLU_223,23.058626169958643
A,GLY,63,A_GLY_63,7.323023254686118
A,LYS,214,A_LYS_214,14.342049006413593
A,PRO,64,A_PRO_64,16.103158363245917
A,SER,216,A_SER_216,15.313684172852954
A,TRP,211,A_TRP_211,16.77811700809918
A,TYR,222,A_TYR_222,28.1857698305958
A,VAL,220,A_VAL_220,17.093045017737893
A,VAL,221,A_VAL_221,16.62514076963313
