chain,resname,resnum,res_key,density
A,ALA,145,A_ALA_145,12.334162667514061
A,ARG,141,A_ARG_141,18.215267724682743
A,ASN,45,A_ASN_45,12.516615155510884
A,ASP,108,A_ASP_108,3.552108773994865
A,ASP,144,A_ASP_144,21.523392434309052
A,CYS,35,A_CYS_35,17.06094217522441
A,CYS,142,A_CYS_142,18.0918315324789
A,GLN,31,A_GLN_31,21.637343485404806
A,GLY,110,A_GLY_110,9.929811694678733
A,GLY,126,A_GLY_126,9.665205295106215
A,HIS,34,A_HIS_34,24.31602195589851
A,HIS,140,A_HIS_140,16.698847963114424
A,ILE,46,A_ILE_46,15.119603915076782
A,LEU,104,A_LEU_104,1.568383679707929
A,LEU,128,A_LEU_128,18.25053738569158
A,LEU,130,A_LEU_130,17.885945052185832
A,MET,101,A_MET_101,5.432270173112655
A,PRO,33,A_PRO_33,16.426554631557174
A,PRO,146,A_PRO_146,16.248251662713606
A,PRO,147,A_PRO_147,4.569691302694219
A,SER,32,A_SER_32,16.163847767028773
A,SER,43,A_SER_43,3.5793833679643576
A,SER,125,A_SER_125,15.11764809159218
A,SER,143,A_SER_143,15.499469946054175
A,THR,36,A_THR_36,17.095144736336334
A,THR,37,A_THR_37,17.555916931313355
A,THR,47,A_THR_47,5.788960005471142
A,THR,109,A_THR_109,12.07216701387211
A,THR,111,A_THR_111,17.11476598596163
A,THR,113,A_THR_113,2.740108133918517
A,THR,127,A_THR_127,17.696461043052466
A,THR,132,A_THR_132,1.868715473324343
A,TYR,112,A_TYR_112,23.2031124546233
A,VAL,38,A_VAL_38,16.481085933781305
A,VAL,44,A_VAL_44,16.90694675210866
A,VAL,129,A_VAL_129,15.629960183356669
A,VAL,131,A_VAL_131,10.723361998510667
