chain,resname,resnum,res_key,density
A,ALA,113,A_ALA_113,6.270672847171529
A,ALA,144,A_ALA_144,12.934663706410086
A,ALA,174,A_ALA_174,1.684334086529617
A,ALA,178,A_ALA_178,12.043439750285813
A,ALA,265,A_ALA_265,12.01035859369306
A,ALA,268,A_ALA_268,9.679471849912373
A,ARG,121,A_ARG_121,24.519234720256833
A,ARG,134,A_ARG_134,15.764195108417614
A,ARG,145,A_ARG_145,26.00880912467495
A,ASN,117,A_ASN_117,21.166270853204836
A,ASN,122,A_ASN_122,21.107902366444836
A,ASN,135,A_ASN_135,12.906837794668222
A,ASP,118,A_ASP_118,22.600286315513028
A,ASP,142,A_ASP_142,22.227278711142667
A,CYS,119,A_CYS_119,17.30395816697758
A,CYS,182,A_CYS_182,4.810323059085375
A,GLN,181,A_GLN_181,22.56107670945328
A,GLY,129,A_GLY_129,3.1216327500275174
A,GLY,143,A_GLY_143,10.191418145875236
A,HIS,133,A_HIS_133,12.691755972317992
A,ILE,125,A_ILE_125,17.946030510625143
A,LEU,132,A_LEU_132,17.92451636323377
A,LEU,188,A_LEU_188,7.618755326699269
A,LEU,189,A_LEU_189,5.550604829725705
A,LYS,126,A_LYS_126,2.7048053492260866
A,LYS,147,A_LYS_147,18.415740336028115
A,LYS,176,A_LYS_176,11.720653960641897
A,MET,180,A_MET_180,21.35943510184586
A,PHE,114,A_PHE_114,25.701215023315303
A,PRO,179,A_PRO_179,16.15453804565706
A,PRO,264,A_PRO_264,5.884266246693245
A,SER,115,A_SER_115,15.81747725511935
A,SER,120,A_SER_120,15.806571901656342
A,SER,140,A_SER_140,2.7872110630112488
A,SER,267,A_SER_267,9.241570961247923
A,THR,116,A_THR_116,17.94525139073105
A,THR,131,A_THR_131,5.551129852512815
A,THR,141,A_THR_141,7.7542912043733025
A,THR,146,A_THR_146,17.133085593560924
A,THR,175,A_THR_175,3.406454333480771
A,TYR,124,A_TYR_124,22.929353552300558
A,TYR,263,A_TYR_263,7.896585621964907
A,VAL,123,A_VAL_123,16.747467730764
A,VAL,266,A_VAL_266,17.088434460790648
A,VAL,275,A_VAL_275,3.187788296082206
