chain,resname,resnum,res_key,density
A,ALA,138,A_ALA_138,10.546213449968977
A,ALA,144,A_ALA_144,2.9533738349909546
A,ALA,178,A_ALA_178,9.681763404640302
A,ALA,187,A_ALA_187,12.69154597977457
A,ALA,268,A_ALA_268,12.289105720041434
A,ARG,121,A_ARG_121,23.831730949043553
A,ARG,134,A_ARG_134,15.286957631504126
A,ARG,145,A_ARG_145,2.6683432964379326
A,ARG,177,A_ARG_177,3.1751342148694093
A,ASN,122,A_ASN_122,21.107902366444836
A,ASP,142,A_ASP_142,22.227278711142667
A,ASP,192,A_ASP_192,14.156250072462225
A,CYS,119,A_CYS_119,7.6226993000221
A,CYS,182,A_CYS_182,18.278164248112695
A,GLN,139,A_GLN_139,22.959605788830913
A,GLN,181,A_GLN_181,22.56107670945328
A,GLN,183,A_GLN_183,23.262300457786843
A,GLY,143,A_GLY_143,10.191418145875236
A,GLY,184,A_GLY_184,10.666279840654415
A,GLY,190,A_GLY_190,4.707708942317588
A,ILE,137,A_ILE_137,12.837020968580124
A,LEU,188,A_LEU_188,18.35872280265271
A,LEU,189,A_LEU_189,17.45506543574743
A,MET,180,A_MET_180,21.35943510184586
A,PRO,179,A_PRO_179,16.15453804565706
A,SER,120,A_SER_120,15.806571901656342
A,SER,140,A_SER_140,15.192923842813148
A,SER,191,A_SER_191,15.508872601199991
A,SER,195,A_SER_195,3.1496486930147567
A,SER,267,A_SER_267,15.720129139962653
A,THR,141,A_THR_141,17.425881351539967
A,THR,167,A_THR_167,3.224276599771135
A,TYR,185,A_TYR_185,28.50415173822277
A,TYR,270,A_TYR_270,2.832214771408101
A,VAL,123,A_VAL_123,8.711875441656886
A,VAL,168,A_VAL_168,12.555360237917212
A,VAL,170,A_VAL_170,1.7154028751829156
A,VAL,186,A_VAL_186,16.8076741497267
A,VAL,266,A_VAL_266,5.867375832429243
A,VAL,269,A_VAL_269,15.364719374870601
