chain,resname,resnum,res_key,density
A,ALA,174,A_ALA_174,12.490402527235288
A,ALA,178,A_ALA_178,6.175892512658178
A,ALA,265,A_ALA_265,4.710881288341106
A,ARG,145,A_ARG_145,20.188308676935982
A,ARG,177,A_ARG_177,26.911022567670628
A,ASP,118,A_ASP_118,9.310318757554871
A,ASP,193,A_ASP_193,2.9802647703334952
A,ASP,235,A_ASP_235,6.120572005364442
A,CYS,261,A_CYS_261,18.128993070138684
A,GLN,194,A_GLN_194,22.688583436123334
A,GLU,152,A_GLU_152,23.799468049292372
A,GLU,237,A_GLU_237,2.931766908952451
A,GLY,149,A_GLY_149,10.397600063200105
A,GLY,153,A_GLY_153,9.71590726574288
A,GLY,172,A_GLY_172,5.628476945159775
A,HIS,112,A_HIS_112,4.467670022221492
A,HIS,155,A_HIS_155,12.832081135609355
A,ILE,148,A_ILE_148,17.838620626687536
A,ILE,173,A_ILE_173,17.824319092809954
A,LEU,234,A_LEU_234,15.202183896866957
A,LEU,257,A_LEU_257,15.590519525094276
A,LEU,262,A_LEU_262,17.729921717647553
A,LYS,147,A_LYS_147,10.565978336058711
A,LYS,176,A_LYS_176,20.74526319309206
A,LYS,259,A_LYS_259,16.720052100078604
A,MET,236,A_MET_236,20.491236077463405
A,PHE,150,A_PHE_150,25.084537698122528
A,PRO,258,A_PRO_258,16.3434058006614
A,PRO,264,A_PRO_264,15.889502840940747
A,SER,151,A_SER_151,15.394504264202222
A,SER,195,A_SER_195,7.006185367992975
A,THR,146,A_THR_146,15.296183259154077
A,THR,175,A_THR_175,18.250992642603357
A,TRP,157,A_TRP_157,5.785944853091337
A,TRP,196,A_TRP_196,14.727715895291926
A,TYR,263,A_TYR_263,27.59102532829054
A,VAL,260,A_VAL_260,16.54621516960917
