chain,resname,resnum,res_key,density
A,ALA,748,A_ALA_748,12.495706781950155
A,ALA,752,A_ALA_752,2.7083973005516992
A,ALA,814,A_ALA_814,12.648117449982074
A,ARG,727,A_ARG_727,14.638906896599474
A,ARG,736,A_ARG_736,27.51986050902666
A,ARG,740,A_ARG_740,12.33540322687695
A,ARG,815,A_ARG_815,26.43637580274807
A,ASN,737,A_ASN_737,21.274853547447307
A,ASP,738,A_ASP_738,20.790362987945656
A,ASP,823,A_ASP_823,9.117584343311346
A,CYS,733,A_CYS_733,18.22517657328109
A,GLN,726,A_GLN_726,12.634382267716735
A,GLN,746,A_GLN_746,5.610698276491238
A,GLN,785,A_GLN_785,12.125365806661573
A,GLU,741,A_GLU_741,11.34772510949987
A,GLU,837,A_GLU_837,8.497765201202025
A,GLY,725,A_GLY_725,5.758292153145957
A,GLY,749,A_GLY_749,8.574315535241007
A,ILE,768,A_ILE_768,17.603312194855057
A,LEU,722,A_LEU_722,1.7991008293045907
A,LEU,730,A_LEU_730,19.327812505370787
A,LEU,747,A_LEU_747,17.494642267908866
A,LEU,764,A_LEU_764,5.624036586995827
A,LEU,771,A_LEU_771,13.199371029409345
A,LEU,783,A_LEU_783,17.793508792187573
A,LEU,784,A_LEU_784,16.669343240190504
A,LEU,810,A_LEU_810,18.12290643918475
A,LEU,813,A_LEU_813,2.885652399686467
A,LYS,728,A_LYS_728,14.353438770126278
A,LYS,735,A_LYS_735,20.903335668739114
A,LYS,739,A_LYS_739,17.436854388903956
A,LYS,743,A_LYS_743,8.52908950814534
A,MET,754,A_MET_754,21.912235244805455
A,MET,809,A_MET_809,21.81134364367191
A,PHE,731,A_PHE_731,23.872816938025412
A,PHE,734,A_PHE_734,25.992073153867626
A,PHE,818,A_PHE_818,22.314156570067098
A,PHE,828,A_PHE_828,2.255869150153754
A,PRO,820,A_PRO_820,1.5829833988856006
A,PRO,838,A_PRO_838,1.6357944448110708
A,SER,750,A_SER_750,15.511116683304978
A,SER,755,A_SER_755,9.76228455050374
A,SER,811,A_SER_811,16.022995685320627
A,SER,812,A_SER_812,7.186043747238062
A,THR,732,A_THR_732,17.206867327483092
A,THR,808,A_THR_808,18.0491271987067
A,TYR,841,A_TYR_841,15.52354870938839
A,VAL,729,A_VAL_729,16.52335998585112
A,VAL,742,A_VAL_742,16.43850147949448
A,VAL,744,A_VAL_744,5.575808669692969
A,VAL,751,A_VAL_751,16.21741494920829
A,VAL,836,A_VAL_836,5.132978779522519
