chain,resname,resnum,res_key,density
A,ALA,330,A_ALA_330,6.410433222114497
A,ALA,366,A_ALA_366,6.884953065529742
A,ALA,401,A_ALA_401,9.40537068937199
A,ALA,402,A_ALA_402,8.962003038118587
A,ARG,268,A_ARG_268,26.371848052664564
A,ASN,365,A_ASN_365,19.747778804355015
A,ASP,272,A_ASP_272,21.334590284732815
A,CYS,300,A_CYS_300,17.731907834193976
A,CYS,392,A_CYS_392,6.638869650181867
A,CYS,405,A_CYS_405,7.177856074022176
A,GLN,292,A_GLN_292,20.40548222980206
A,GLN,309,A_GLN_309,12.171954061532878
A,GLN,310,A_GLN_310,20.87381925506837
A,GLU,291,A_GLU_291,23.762185044400173
A,GLU,298,A_GLU_298,23.138317793388936
A,GLY,248,A_GLY_248,7.814910386444957
A,GLY,266,A_GLY_266,6.142917084992121
A,HIS,290,A_HIS_290,24.27183498519078
A,HIS,325,A_HIS_325,2.9702152310854637
A,HIS,359,A_HIS_359,2.7955313816860903
A,ILE,289,A_ILE_289,17.57896433279058
A,ILE,311,A_ILE_311,18.648531836988855
A,ILE,333,A_ILE_333,9.513530842339101
A,ILE,362,A_ILE_362,18.192313142675467
A,ILE,399,A_ILE_399,2.732235412487692
A,ILE,407,A_ILE_407,3.73695634236019
A,LEU,275,A_LEU_275,12.969431845332043
A,LEU,286,A_LEU_286,7.3655866462068555
A,LEU,301,A_LEU_301,18.01619949484891
A,LEU,394,A_LEU_394,11.095231033769197
A,LYS,251,A_LYS_251,4.779663796959776
A,LYS,287,A_LYS_287,14.844499459742133
A,MET,273,A_MET_273,2.7801125354832132
A,MET,303,A_MET_303,13.180650920814006
A,MET,360,A_MET_360,21.457432108350808
A,PHE,267,A_PHE_267,25.51335947207644
A,PHE,308,A_PHE_308,6.5476294919673155
A,PHE,313,A_PHE_313,18.340667982550222
A,PHE,363,A_PHE_363,25.097838866137206
A,PHE,398,A_PHE_398,25.790601162498067
A,SER,269,A_SER_269,12.934017334245482
A,SER,304,A_SER_304,2.562644479110455
A,SER,312,A_SER_312,16.38610463043353
A,SER,395,A_SER_395,2.7341529670528306
A,THR,302,A_THR_302,17.070803185658246
A,TRP,297,A_TRP_297,20.439087899256993
A,TRP,361,A_TRP_361,30.746725181962965
A,TYR,270,A_TYR_270,27.811023368337818
A,TYR,274,A_TYR_274,24.484156865679495
A,VAL,271,A_VAL_271,16.015476086973052
A,VAL,288,A_VAL_288,15.77046772216898
A,VAL,293,A_VAL_293,10.298668278522836
A,VAL,299,A_VAL_299,15.492035432935124
A,VAL,326,A_VAL_326,13.905781481618932
A,VAL,329,A_VAL_329,16.074366922606742
A,VAL,364,A_VAL_364,16.523742618833662
