chain,resname,resnum,res_key,density
A,ALA,853,A_ALA_853,12.664875267514343
A,ARG,713,A_ARG_713,10.163157574128556
A,ARG,929,A_ARG_929,10.004699721691031
A,ASN,711,A_ASN_711,20.5510041598939
A,ASN,851,A_ASN_851,5.95307517563116
A,ASN,866,A_ASN_866,5.955166651581173
A,ASN,998,A_ASN_998,14.975378395446368
A,ASP,710,A_ASP_710,5.77526146270236
A,CYS,862,A_CYS_862,17.83923923397939
A,CYS,997,A_CYS_997,18.939367319072964
A,GLN,726,A_GLN_726,7.835504409459049
A,GLU,712,A_GLU_712,10.471578937612614
A,GLU,854,A_GLU_854,23.097284515291264
A,GLY,721,A_GLY_721,10.039546843811806
A,GLY,852,A_GLY_852,10.478838316481616
A,GLY,855,A_GLY_855,10.6890137993619
A,GLY,857,A_GLY_857,10.365004519990805
A,GLY,859,A_GLY_859,10.23906918546145
A,ILE,715,A_ILE_715,18.51529216832451
A,ILE,856,A_ILE_856,18.779370960176216
A,ILE,864,A_ILE_864,18.097979941410706
A,ILE,1018,A_ILE_1018,7.863263629527341
A,LEU,722,A_LEU_722,10.376399694361307
A,LEU,849,A_LEU_849,6.74114729443144
A,LEU,995,A_LEU_995,4.306219531312762
A,LEU,1002,A_LEU_1002,17.313068515196754
A,LEU,1009,A_LEU_1009,14.494252522222839
A,LYS,662,A_LYS_662,4.413716491127456
A,LYS,723,A_LYS_723,15.453268194394981
A,LYS,863,A_LYS_863,21.399721772494395
A,LYS,1010,A_LYS_1010,11.441617756660952
A,LYS,1011,A_LYS_1011,18.439020157117334
A,MET,718,A_MET_718,6.950498820831433
A,MET,1000,A_MET_1000,20.62509046127761
A,PHE,1003,A_PHE_1003,25.316653550296152
A,PRO,716,A_PRO_716,16.460684960936618
A,PRO,865,A_PRO_865,15.690889203275322
A,SER,714,A_SER_714,15.73481091841403
A,SER,717,A_SER_717,10.946768129041796
A,SER,861,A_SER_861,15.040477817970906
A,SER,999,A_SER_999,15.247544274140473
A,THR,858,A_THR_858,10.30328602801022
A,THR,996,A_THR_996,15.501552764288881
A,TRP,860,A_TRP_860,32.14804384103842
A,TYR,1012,A_TYR_1012,23.46806133456295
A,VAL,848,A_VAL_848,16.509007433862134
A,VAL,1001,A_VAL_1001,16.85154737431201
