chain,resname,resnum,res_key,density
A,ALA,396,A_ALA_396,6.1924585174547175
A,ALA,699,A_ALA_699,12.080356107935078
A,ALA,755,A_ALA_755,11.765406784210896
A,ALA,758,A_ALA_758,12.465548999255564
A,ALA,782,A_ALA_782,12.828704958079534
A,ALA,789,A_ALA_789,12.426871674348792
A,ALA,795,A_ALA_795,12.61080858821847
A,ALA,797,A_ALA_797,12.430417618782215
A,ALA,799,A_ALA_799,9.099276456095593
A,ALA,801,A_ALA_801,6.407189787779291
A,ARG,775,A_ARG_775,2.8591178158419166
A,ASN,757,A_ASN_757,21.289124207522143
A,ASP,762,A_ASP_762,17.579691639198632
A,ASP,768,A_ASP_768,8.420222381767246
A,ASP,781,A_ASP_781,9.120922335559815
A,CYS,785,A_CYS_785,17.626368122301827
A,GLN,395,A_GLN_395,5.380032084944764
A,GLN,800,A_GLN_800,2.8184326293498376
A,GLU,384,A_GLU_384,10.02629083418425
A,GLU,764,A_GLU_764,11.224786822617899
A,GLU,766,A_GLU_766,5.64045718379281
A,GLU,790,A_GLU_790,23.0689152762489
A,GLY,385,A_GLY_385,10.854472266150356
A,GLY,392,A_GLY_392,10.640130163958688
A,GLY,427,A_GLY_427,3.5489558347300827
A,GLY,791,A_GLY_791,10.636873101835327
A,GLY,792,A_GLY_792,10.327264473028986
A,GLY,794,A_GLY_794,10.506474329756696
A,HIS,787,A_HIS_787,24.060922540124512
A,ILE,391,A_ILE_391,11.021897643840658
A,ILE,770,A_ILE_770,10.544894816890174
A,LEU,393,A_LEU_393,18.48309196803834
A,LEU,697,A_LEU_697,10.317456117554578
A,LEU,767,A_LEU_767,18.505171784652603
A,LEU,796,A_LEU_796,17.793786465548486
A,LEU,798,A_LEU_798,18.262545151063314
A,LYS,386,A_LYS_386,11.120361040602116
A,LYS,760,A_LYS_760,4.850394386057291
A,LYS,784,A_LYS_784,21.067135753823614
A,LYS,793,A_LYS_793,14.467097563620616
A,PHE,759,A_PHE_759,19.223081304998615
A,SER,387,A_SER_387,6.33224062401886
A,SER,430,A_SER_430,13.02426049988652
A,SER,771,A_SER_771,9.812218473687558
A,THR,388,A_THR_388,17.40984302270605
A,THR,389,A_THR_389,19.272537424012732
A,THR,390,A_THR_390,10.03089689398851
A,THR,700,A_THR_700,19.334770852117273
A,THR,763,A_THR_763,3.2920036150750356
A,THR,786,A_THR_786,16.849305247701324
A,TRP,788,A_TRP_788,27.618966589668
A,TYR,429,A_TYR_429,2.1952906912888728
A,VAL,374,A_VAL_374,1.7508915591213543
A,VAL,394,A_VAL_394,3.1552319264844475
A,VAL,696,A_VAL_696,10.531477720211699
A,VAL,698,A_VAL_698,16.670415985311372
A,VAL,701,A_VAL_701,8.695641178537704
A,VAL,753,A_VAL_753,11.59170825775627
A,VAL,754,A_VAL_754,16.058514584532578
A,VAL,756,A_VAL_756,17.01959390785056
A,VAL,783,A_VAL_783,16.344039821984577
A,VAL,802,A_VAL_802,1.9240916858892025
