chain,resname,resnum,res_key,density
A,ALA,179,A_ALA_179,2.601605320718884
A,ALA,215,A_ALA_215,13.34748794487368
A,ALA,257,A_ALA_257,2.4232174638207553
A,ARG,173,A_ARG_173,4.959032982828468
A,ASN,239,A_ASN_239,19.01861332233704
A,ASP,235,A_ASP_235,21.27660492115045
A,ASP,255,A_ASP_255,20.54594103180626
A,CYS,147,A_CYS_147,10.479576052824669
A,CYS,152,A_CYS_152,19.119209135999945
A,CYS,236,A_CYS_236,17.940525262700667
A,GLN,218,A_GLN_218,13.880769260540898
A,GLU,220,A_GLU_220,4.723597393011915
A,GLY,9,A_GLY_9,4.474170579383747
A,GLY,151,A_GLY_151,10.49151231791454
A,GLY,172,A_GLY_172,10.233802534285397
A,GLY,178,A_GLY_178,10.358332500674011
A,GLY,217,A_GLY_217,11.122727374225962
A,GLY,237,A_GLY_237,10.10648136516898
A,GLY,254,A_GLY_254,9.663467327067995
A,GLY,273,A_GLY_273,10.508350861430328
A,GLY,274,A_GLY_274,10.54478320660112
A,GLY,276,A_GLY_276,11.17530293617717
A,ILE,156,A_ILE_156,6.868034915422252
A,ILE,176,A_ILE_176,18.165352288273155
A,ILE,232,A_ILE_232,5.741949017767868
A,ILE,234,A_ILE_234,18.528815508392533
A,ILE,238,A_ILE_238,19.249188052377022
A,ILE,268,A_ILE_268,13.356938155395863
A,LEU,7,A_LEU_7,6.137490653460352
A,LEU,153,A_LEU_153,4.6083974934972085
A,LEU,155,A_LEU_155,13.196643156533428
A,LEU,185,A_LEU_185,1.8526380239092288
A,LEU,212,A_LEU_212,17.679695784620623
A,LYS,150,A_LYS_150,10.189908953595403
A,MET,181,A_MET_181,17.883514355209428
A,MET,221,A_MET_221,4.802019716781022
A,MET,278,A_MET_278,14.355754169498718
A,PRO,146,A_PRO_146,5.788501889897395
A,PRO,149,A_PRO_149,15.511149265465425
A,PRO,180,A_PRO_180,4.580992681218156
A,PRO,219,A_PRO_219,7.093472012213274
A,PRO,270,A_PRO_270,15.825682620075998
A,PRO,272,A_PRO_272,15.778663960472986
A,PRO,277,A_PRO_277,12.461313525327133
A,SER,174,A_SER_174,15.61374952993277
A,THR,148,A_THR_148,17.67091907102336
A,THR,216,A_THR_216,16.811396121676626
A,THR,269,A_THR_269,17.349226517362137
A,THR,279,A_THR_279,14.911530368580793
A,TYR,52,A_TYR_52,7.691744229360613
A,TYR,258,A_TYR_258,5.6281533730133475
A,VAL,169,A_VAL_169,5.537582965680898
A,VAL,170,A_VAL_170,16.379297177792505
A,VAL,171,A_VAL_171,16.407206403223043
A,VAL,177,A_VAL_177,15.484861325280677
A,VAL,213,A_VAL_213,16.55070261307761
A,VAL,214,A_VAL_214,15.421605435295831
A,VAL,222,A_VAL_222,8.682527786666451
A,VAL,233,A_VAL_233,16.49147275312876
A,VAL,252,A_VAL_252,5.831837462080623
A,VAL,253,A_VAL_253,14.710055746962635
A,VAL,256,A_VAL_256,16.486960975052565
A,VAL,271,A_VAL_271,16.151084650431557
A,VAL,275,A_VAL_275,16.24980395723845
