chain,resname,resnum,res_key,density
A,ALA,574,A_ALA_574,5.668986067997185
A,ALA,669,A_ALA_669,4.137975732588143
A,ALA,897,A_ALA_897,2.8730962045750386
A,ARG,585,A_ARG_585,7.525681981400165
A,ARG,653,A_ARG_653,19.473712135359314
A,ARG,686,A_ARG_686,27.470179151713005
A,ASN,646,A_ASN_646,20.523432902843158
A,ASN,682,A_ASN_682,20.4321897187941
A,ASP,368,A_ASP_368,2.9160607487208563
A,ASP,652,A_ASP_652,21.207559765858843
A,CYS,685,A_CYS_685,18.42296886802223
A,CYS,691,A_CYS_691,18.12425086618638
A,GLN,813,A_GLN_813,12.341437583935758
A,GLU,668,A_GLU_668,3.6607335545717192
A,GLU,678,A_GLU_678,22.912602069447768
A,GLY,676,A_GLY_676,5.914281047433906
A,GLY,689,A_GLY_689,10.958669871980465
A,GLY,898,A_GLY_898,2.9721827286862914
A,HIS,644,A_HIS_644,22.150995673085035
A,HIS,693,A_HIS_693,11.195519013038998
A,ILE,649,A_ILE_649,18.59337974801834
A,ILE,650,A_ILE_650,2.5570843947117625
A,ILE,675,A_ILE_675,3.548560332159842
A,ILE,683,A_ILE_683,18.195380344015685
A,ILE,750,A_ILE_750,7.3470365918398475
A,ILE,862,A_ILE_862,3.2043895436636487
A,LEU,575,A_LEU_575,18.47022830262105
A,LEU,656,A_LEU_656,5.791476415920581
A,LEU,690,A_LEU_690,18.585144181582237
A,LEU,814,A_LEU_814,17.911961708757367
A,LEU,815,A_LEU_815,6.1368491535856915
A,LEU,818,A_LEU_818,5.375688475092578
A,LYS,679,A_LYS_679,14.55771165379989
A,LYS,684,A_LYS_684,20.46413141529788
A,MET,677,A_MET_677,20.091346870103564
A,PHE,680,A_PHE_680,25.82333001235272
A,PHE,681,A_PHE_681,25.095432246893335
A,PHE,748,A_PHE_748,22.511004993466535
A,PHE,812,A_PHE_812,25.768880648814807
A,PHE,899,A_PHE_899,1.9711887606457155
A,PRO,692,A_PRO_692,15.852353095274234
A,PRO,861,A_PRO_861,7.438532850637053
A,SER,647,A_SER_647,11.794419354778558
A,SER,648,A_SER_648,10.062564363627173
A,SER,688,A_SER_688,14.822031754905007
A,THR,576,A_THR_576,8.587031477718481
A,THR,577,A_THR_577,8.93657549204015
A,THR,667,A_THR_667,7.084775970290701
A,TYR,371,A_TYR_371,26.840935578035896
A,TYR,687,A_TYR_687,27.66650521555095
A,TYR,816,A_TYR_816,12.503717037447158
A,VAL,372,A_VAL_372,10.123610261951725
A,VAL,373,A_VAL_373,9.620605346382604
A,VAL,694,A_VAL_694,3.248492714994853
A,VAL,695,A_VAL_695,1.656895424323671
