chain,resname,resnum,res_key,density
A,ALA,394,A_ALA_394,12.675287012203484
A,ALA,395,A_ALA_395,11.810059225642688
A,ARG,426,A_ARG_426,25.322968406508643
A,ASP,418,A_ASP_418,21.83361811117059
A,ASP,453,A_ASP_453,21.095870033172474
A,CYS,420,A_CYS_420,17.552132755159
A,CYS,454,A_CYS_454,17.255330300534446
A,GLN,383,A_GLN_383,22.05747976070574
A,GLN,425,A_GLN_425,22.594119432361442
A,GLU,110,A_GLU_110,3.0972628316113644
A,GLU,419,A_GLU_419,22.7121123386006
A,GLU,451,A_GLU_451,22.958572322623766
A,GLY,396,A_GLY_396,7.415542569335891
A,GLY,416,A_GLY_416,10.733645466451016
A,GLY,417,A_GLY_417,10.40694072461655
A,GLY,423,A_GLY_423,10.279418716918856
A,GLY,450,A_GLY_450,10.128822044428937
A,HIS,124,A_HIS_124,1.7645336285549666
A,ILE,413,A_ILE_413,1.834505899895855
A,LEU,108,A_LEU_108,1.84420654237859
A,LYS,393,A_LYS_393,20.79282915913027
A,MET,427,A_MET_427,22.488317966722263
A,PHE,361,A_PHE_361,12.292149749814357
A,PHE,415,A_PHE_415,17.922253327552916
A,PHE,424,A_PHE_424,24.789936854425502
A,PHE,448,A_PHE_448,12.434727287232496
A,PHE,457,A_PHE_457,25.060997463893358
A,PHE,458,A_PHE_458,8.160817598086936
A,SER,129,A_SER_129,3.0074617561704384
A,SER,421,A_SER_421,16.104946099181724
A,SER,422,A_SER_422,15.240737853603324
A,SER,428,A_SER_428,15.462778897576628
A,THR,145,A_THR_145,1.9254211212575634
A,THR,147,A_THR_147,6.990671522782923
A,THR,455,A_THR_455,17.3064676479517
A,TYR,152,A_TYR_152,17.493588665471012
A,TYR,359,A_TYR_359,17.40749175133633
A,TYR,414,A_TYR_414,5.339923234804878
A,TYR,456,A_TYR_456,28.242908078568675
A,VAL,150,A_VAL_150,5.416833231426445
A,VAL,381,A_VAL_381,7.695407538889359
A,VAL,429,A_VAL_429,14.362383781906301
A,VAL,452,A_VAL_452,17.06709353378896
