chain,resname,resnum,res_key,density
A,ALA,234,A_ALA_234,10.23131091689508
A,ALA,281,A_ALA_281,12.47437740293303
A,ALA,302,A_ALA_302,11.888370700714578
A,ARG,238,A_ARG_238,15.76859351505776
A,ARG,266,A_ARG_266,27.32554329239257
A,ARG,307,A_ARG_307,26.33233895449319
A,ASN,305,A_ASN_305,22.021989236921907
A,ASN,747,A_ASN_747,15.168683662467068
A,ASN,751,A_ASN_751,8.519369055277105
A,ASP,200,A_ASP_200,2.5200680632447985
A,ASP,244,A_ASP_244,20.828946634017647
A,ASP,273,A_ASP_273,12.67329509412038
A,ASP,276,A_ASP_276,20.545273811723494
A,ASP,746,A_ASP_746,20.856342470940977
A,CYS,235,A_CYS_235,10.282817871224132
A,CYS,275,A_CYS_275,18.36958443387961
A,CYS,306,A_CYS_306,18.002430776010883
A,GLN,247,A_GLN_247,2.7484920773056998
A,GLU,267,A_GLU_267,2.624263383241022
A,GLU,309,A_GLU_309,20.49674229950078
A,GLU,744,A_GLU_744,12.374372088508544
A,GLU,745,A_GLU_745,5.473331540147678
A,GLY,246,A_GLY_246,9.782437469752846
A,GLY,270,A_GLY_270,6.592348433025451
A,GLY,277,A_GLY_277,11.020717621485888
A,HIS,278,A_HIS_278,24.47765409922302
A,ILE,310,A_ILE_310,6.385216882900023
A,LEU,207,A_LEU_207,9.613253444383046
A,LEU,236,A_LEU_236,17.68958455904749
A,LEU,272,A_LEU_272,18.23117956681465
A,LEU,300,A_LEU_300,7.534494200400175
A,LYS,271,A_LYS_271,20.408190113756355
A,LYS,303,A_LYS_303,21.059033659223612
A,PHE,243,A_PHE_243,25.131852655357086
A,PHE,274,A_PHE_274,24.8816133898367
A,PRO,280,A_PRO_280,16.610566325442736
A,SER,279,A_SER_279,14.508038040184397
A,SER,304,A_SER_304,15.599969768345211
A,THR,205,A_THR_205,6.868896581699891
A,THR,283,A_THR_283,14.906962840126344
A,TYR,264,A_TYR_264,12.56247170785311
A,TYR,308,A_TYR_308,27.25576630012537
A,VAL,237,A_VAL_237,2.443575968081769
A,VAL,245,A_VAL_245,16.276185786508776
A,VAL,265,A_VAL_265,16.647956755348638
A,VAL,282,A_VAL_282,15.896721149007574
