chain,resname,resnum,res_key,density
A,ALA,1923,A_ALA_1923,2.6149607016255842
A,ALA,1931,A_ALA_1931,12.049148907249013
A,ARG,1922,A_ARG_1922,26.338302944253986
A,ARG,1943,A_ARG_1943,13.599785606161108
A,ASP,1898,A_ASP_1898,21.112010632102162
A,ASP,1899,A_ASP_1899,17.97212769056779
A,ASP,1932,A_ASP_1932,10.938903735320359
A,ASP,1934,A_ASP_1934,2.847881404847739
A,ASP,1936,A_ASP_1936,10.322979294693019
A,CYS,1903,A_CYS_1903,18.31026745533098
A,CYS,1917,A_CYS_1917,17.782445363785357
A,CYS,1927,A_CYS_1927,18.100548810043147
A,CYS,1942,A_CYS_1942,17.930850303532196
A,GLU,1896,A_GLU_1896,23.198731265473242
A,GLU,1915,A_GLU_1915,12.157566685891695
A,GLU,1916,A_GLU_1916,16.721564801802373
A,GLU,1920,A_GLU_1920,12.48821113126026
A,GLU,1938,A_GLU_1938,20.182138894260493
A,GLY,1900,A_GLY_1900,10.622866476671945
A,GLY,1940,A_GLY_1940,10.352978030215787
A,HIS,1937,A_HIS_1937,12.340114983630738
A,HIS,1944,A_HIS_1944,18.56750270392351
A,ILE,1908,A_ILE_1908,11.387665811380028
A,ILE,1918,A_ILE_1918,18.26905251518404
A,ILE,1919,A_ILE_1919,17.78193336150234
A,LEU,1925,A_LEU_1925,17.76038919706454
A,LYS,1912,A_LYS_1912,3.124134200903057
A,LYS,1924,A_LYS_1924,18.141312989994525
A,PHE,1905,A_PHE_1905,23.989711070759483
A,PHE,1907,A_PHE_1907,24.468375287432167
A,PHE,1909,A_PHE_1909,25.63941113556786
A,PHE,1941,A_PHE_1941,25.233508933846487
A,PRO,1894,A_PRO_1894,13.119519750228456
A,PRO,1895,A_PRO_1895,16.012910815967942
A,PRO,1902,A_PRO_1902,15.735845205617391
A,PRO,1906,A_PRO_1906,12.22896855190934
A,SER,1913,A_SER_1913,2.445558849682735
A,SER,1921,A_SER_1921,13.11267611553389
A,SER,1928,A_SER_1928,14.47130021003756
A,THR,1897,A_THR_1897,18.58169199412058
A,THR,1929,A_THR_1929,17.229041013780456
A,THR,1930,A_THR_1930,16.484877876535826
A,TRP,1926,A_TRP_1926,30.45152692034706
A,TRP,1939,A_TRP_1939,31.344694184974493
A,TYR,1914,A_TYR_1914,26.96859253346434
A,TYR,1933,A_TYR_1933,28.275898052747152
A,VAL,1901,A_VAL_1901,16.296354513182628
A,VAL,1904,A_VAL_1904,15.90479335120381
