chain,resname,resnum,res_key,density
A,ALA,1536,A_ALA_1536,11.711678185367706
A,ALA,1565,A_ALA_1565,12.908916113236577
A,ALA,1577,A_ALA_1577,9.1838560158606
A,ARG,1535,A_ARG_1535,25.74357140570067
A,ARG,1571,A_ARG_1571,27.23132568978879
A,ASN,1556,A_ASN_1556,20.783354750237933
A,ASN,1558,A_ASN_1558,20.8380717433865
A,CYS,1559,A_CYS_1559,17.01885294228716
A,CYS,1566,A_CYS_1566,17.820989503096634
A,GLN,1569,A_GLN_1569,12.389376711360327
A,GLU,1555,A_GLU_1555,23.07310977964165
A,GLU,1557,A_GLU_1557,23.525247845346378
A,GLY,1534,A_GLY_1534,5.9606479625269895
A,GLY,1537,A_GLY_1537,11.266024306959684
A,GLY,1554,A_GLY_1554,10.0992291227173
A,GLY,1562,A_GLY_1562,9.993533230074629
A,GLY,1564,A_GLY_1564,10.091630949077928
A,GLY,1568,A_GLY_1568,10.662990809973962
A,GLY,1575,A_GLY_1575,10.16264034436682
A,GLY,1595,A_GLY_1595,1.843568929585448
A,ILE,1552,A_ILE_1552,2.6401395900388653
A,ILE,1572,A_ILE_1572,18.24059960164846
A,LEU,1547,A_LEU_1547,7.016402532406374
A,LYS,1576,A_LYS_1576,14.420791171362351
A,MET,1550,A_MET_1550,20.759950170127237
A,PHE,1538,A_PHE_1538,10.400298718175783
A,PHE,1567,A_PHE_1567,21.861795625221053
A,PRO,1560,A_PRO_1560,16.246501466752964
A,PRO,1561,A_PRO_1561,15.030916467185513
A,SER,1551,A_SER_1551,14.94121365057207
A,SER,1573,A_SER_1573,15.577760616019345
A,SER,1596,A_SER_1596,8.354866508779068
A,SER,1608,A_SER_1608,2.8617647249216183
A,THR,1539,A_THR_1539,11.22077569968873
A,THR,1570,A_THR_1570,15.561339714897725
A,TYR,1549,A_TYR_1549,28.458182611419407
A,TYR,1592,A_TYR_1592,11.464802817884603
A,VAL,1548,A_VAL_1548,16.291886338461318
A,VAL,1563,A_VAL_1563,16.628164978398207
A,VAL,1574,A_VAL_1574,16.53325781346029
