chain,resname,resnum,res_key,density
A,ALA,317,A_ALA_317,11.685247909508956
A,ARG,182,A_ARG_182,26.439498214544912
A,ARG,256,A_ARG_256,12.576064792527573
A,ARG,259,A_ARG_259,18.56930852257685
A,ARG,292,A_ARG_292,13.971975524885
A,ARG,293,A_ARG_293,12.044451988469325
A,ARG,320,A_ARG_320,24.95808579147119
A,ASN,187,A_ASN_187,2.5321967112337846
A,ASP,178,A_ASP_178,15.713980900128679
A,ASP,185,A_ASP_185,22.25181027619646
A,ASP,258,A_ASP_258,21.611799697942036
A,ASP,321,A_ASP_321,20.946429221428648
A,ASP,336,A_ASP_336,2.7608546767510354
A,ASP,472,A_ASP_472,6.039915288739346
A,CYS,174,A_CYS_174,5.752330732447431
A,CYS,288,A_CYS_288,17.619744292143942
A,CYS,318,A_CYS_318,17.291454013314414
A,GLN,334,A_GLN_334,22.165843132589718
A,GLN,335,A_GLN_335,22.904316872478013
A,GLU,180,A_GLU_180,3.2817437038067614
A,GLU,291,A_GLU_291,10.03204478263496
A,GLU,294,A_GLU_294,14.181397867561744
A,GLU,315,A_GLU_315,22.984387579911687
A,GLU,469,A_GLU_469,3.455695192925179
A,GLY,295,A_GLY_295,7.364766931307592
A,HIS,184,A_HIS_184,24.37934668635375
A,HIS,319,A_HIS_319,23.701715103524403
A,ILE,313,A_ILE_313,16.66039963714147
A,LEU,181,A_LEU_181,5.943971394676286
A,LEU,186,A_LEU_186,17.44760480393185
A,LEU,189,A_LEU_189,10.548681043198638
A,LEU,252,A_LEU_252,4.976970592508229
A,LEU,254,A_LEU_254,9.839785595460295
A,LEU,260,A_LEU_260,18.160535953421014
A,LYS,183,A_LYS_183,17.97087321218956
A,LYS,257,A_LYS_257,19.808561391028526
A,LYS,470,A_LYS_470,6.914969269818215
A,PHE,177,A_PHE_177,12.25820451378513
A,PHE,286,A_PHE_286,24.75993933982795
A,PRO,188,A_PRO_188,8.493398086170508
A,PRO,289,A_PRO_289,15.115972255521637
A,SER,290,A_SER_290,14.962137979117196
A,THR,285,A_THR_285,5.821565268448381
A,THR,314,A_THR_314,17.24634793952928
A,TRP,312,A_TRP_312,14.275369559090857
A,TYR,175,A_TYR_175,8.5390532644397
A,TYR,316,A_TYR_316,26.560935022794318
A,TYR,322,A_TYR_322,2.6778001801228215
A,VAL,176,A_VAL_176,14.735577593345473
A,VAL,261,A_VAL_261,2.689678569105955
A,VAL,287,A_VAL_287,15.44304623011295
A,VAL,337,A_VAL_337,1.9783382539511296
