chain,resname,resnum,res_key,density
A,ALA,1074,A_ALA_1074,12.145522332257848
A,ALA,1076,A_ALA_1076,11.618047511090639
A,ALA,1138,A_ALA_1138,6.805387962192686
A,ARG,1039,A_ARG_1039,25.801819533217582
A,ASN,561,A_ASN_561,8.187725443742734
A,ASN,1043,A_ASN_1043,20.652973301999857
A,ASP,590,A_ASP_590,2.9474495785682113
A,ASP,1044,A_ASP_1044,20.907600739958813
A,ASP,1045,A_ASP_1045,20.875529159207453
A,CYS,586,A_CYS_586,11.860264025946332
A,CYS,1042,A_CYS_1042,17.69737062850946
A,CYS,1077,A_CYS_1077,17.809231749444262
A,GLN,1156,A_GLN_1156,2.3920300412584363
A,GLU,610,A_GLU_610,13.299647282395831
A,GLU,1016,A_GLU_1016,11.471976349329605
A,GLU,1070,A_GLU_1070,20.027366923535318
A,GLU,1072,A_GLU_1072,22.627552660303706
A,GLY,1017,A_GLY_1017,9.867862486937188
A,GLY,1049,A_GLY_1049,10.280309936708006
A,GLY,1136,A_GLY_1136,2.3650606296026986
A,HIS,612,A_HIS_612,24.010823727906335
A,ILE,1019,A_ILE_1019,17.615641446796793
A,LEU,947,A_LEU_947,3.4338890449533697
A,LEU,950,A_LEU_950,3.6861475270409825
A,LEU,1013,A_LEU_1013,2.0473455193770995
A,LEU,1075,A_LEU_1075,17.89672714006435
A,LYS,587,A_LYS_587,16.7925875547118
A,LYS,1052,A_LYS_1052,4.559512403320967
A,PHE,943,A_PHE_943,5.96176812778701
A,PHE,945,A_PHE_945,14.09402492528358
A,PHE,1018,A_PHE_1018,25.222511559177228
A,PHE,1040,A_PHE_1040,24.806704175134225
A,PHE,1071,A_PHE_1071,23.2363904297684
A,PRO,588,A_PRO_588,4.428372591104045
A,PRO,1050,A_PRO_1050,7.288911061602138
A,PRO,1079,A_PRO_1079,15.514908864869872
A,SER,1014,A_SER_1014,3.1204273153905957
A,SER,1048,A_SER_1048,7.37051224885205
A,SER,1080,A_SER_1080,8.758936765658117
A,SER,1137,A_SER_1137,15.383099387229947
A,THR,613,A_THR_613,2.5481826199496664
A,THR,1015,A_THR_1015,3.024760553325682
A,THR,1020,A_THR_1020,2.8365661907431288
A,THR,1073,A_THR_1073,18.311763654362945
A,TRP,611,A_TRP_611,5.327126588795241
A,TYR,1047,A_TYR_1047,18.93547079207064
A,VAL,585,A_VAL_585,16.086327984123212
A,VAL,1041,A_VAL_1041,15.647661128718585
A,VAL,1046,A_VAL_1046,16.76026903051279
A,VAL,1078,A_VAL_1078,16.026943219128476
