chain,resname,resnum,res_key,density
A,ALA,649,A_ALA_649,11.653588327641186
A,ALA,678,A_ALA_678,12.344311197600756
A,ALA,682,A_ALA_682,12.57727995588132
A,ALA,724,A_ALA_724,10.619801583073068
A,ARG,710,A_ARG_710,6.08208444105881
A,ARG,723,A_ARG_723,25.85888951296352
A,ASN,662,A_ASN_662,19.791328215667175
A,ASN,690,A_ASN_690,20.765272143070348
A,ASP,658,A_ASP_658,21.868952532245213
A,ASP,675,A_ASP_675,12.245816226507042
A,CYS,672,A_CYS_672,17.75697794083942
A,CYS,679,A_CYS_679,17.248674187279242
A,GLN,673,A_GLN_673,22.274394792665532
A,GLN,680,A_GLN_680,21.75232804044258
A,GLU,653,A_GLU_653,4.291605020500966
A,GLU,686,A_GLU_686,7.844563093000994
A,GLU,745,A_GLU_745,3.2849653581443214
A,GLY,648,A_GLY_648,7.739160367789909
A,GLY,665,A_GLY_665,4.983379974953302
A,GLY,677,A_GLY_677,10.334561168628728
A,GLY,692,A_GLY_692,10.850720914416593
A,GLY,711,A_GLY_711,6.153124210197097
A,GLY,712,A_GLY_712,10.697090773347707
A,ILE,661,A_ILE_661,17.937230343404487
A,ILE,727,A_ILE_727,3.544301820111751
A,LEU,691,A_LEU_691,18.35929874573055
A,LEU,693,A_LEU_693,16.03850513743653
A,LEU,726,A_LEU_726,2.5773263528238854
A,LYS,651,A_LYS_651,19.55254638454384
A,LYS,656,A_LYS_656,5.350820775905462
A,LYS,683,A_LYS_683,2.5118093402105206
A,LYS,687,A_LYS_687,12.752992193089556
A,PHE,659,A_PHE_659,25.02920597506959
A,PHE,752,A_PHE_752,13.979381385760288
A,PRO,666,A_PRO_666,14.282604682972934
A,PRO,671,A_PRO_671,15.739962720296413
A,PRO,674,A_PRO_674,13.846651837741922
A,PRO,740,A_PRO_740,3.398025287441108
A,SER,668,A_SER_668,15.256673046580707
A,SER,670,A_SER_670,15.761120676881013
A,SER,676,A_SER_676,15.49954436842897
A,SER,694,A_SER_694,9.105479539147591
A,SER,748,A_SER_748,2.964985091574618
A,THR,654,A_THR_654,7.519731822393393
A,THR,688,A_THR_688,17.38815028717435
A,THR,713,A_THR_713,17.025801151166668
A,THR,725,A_THR_725,17.50166359870496
A,THR,749,A_THR_749,2.6548246277782694
A,TRP,689,A_TRP_689,30.791296293644976
A,TYR,650,A_TYR_650,16.528635749855003
A,TYR,657,A_TYR_657,24.24978492563881
A,TYR,660,A_TYR_660,27.554316145768443
A,TYR,709,A_TYR_709,28.020727308374024
A,TYR,742,A_TYR_742,9.89317824774076
A,TYR,750,A_TYR_750,27.689665081205398
A,VAL,652,A_VAL_652,16.23477816850186
A,VAL,663,A_VAL_663,2.7752107840645173
A,VAL,667,A_VAL_667,16.300823450034112
A,VAL,669,A_VAL_669,15.456604902178553
A,VAL,681,A_VAL_681,15.696585364161749
