chain,resname,resnum,res_key,density
A,ARG,1118,A_ARG_1118,2.8354325473998747
A,ARG,1181,A_ARG_1181,18.83552998731187
A,ARG,1185,A_ARG_1185,23.412976501327528
A,ASN,1151,A_ASN_1151,13.357584513300978
A,ASN,1173,A_ASN_1173,14.24304820814401
A,ASN,1179,A_ASN_1179,17.93225344682439
A,ASP,1175,A_ASP_1175,18.983738085012398
A,ASP,1203,A_ASP_1203,21.05482390904371
A,ASP,1630,A_ASP_1630,10.633763926042713
A,CYS,1177,A_CYS_1177,18.006272840865755
A,CYS,1205,A_CYS_1205,17.518383605565212
A,CYS,1634,A_CYS_1634,2.7019749400408952
A,GLN,1180,A_GLN_1180,23.154509394637756
A,GLN,1202,A_GLN_1202,22.304428868141947
A,GLN,1632,A_GLN_1632,22.041114510546638
A,GLU,1206,A_GLU_1206,22.796789763891994
A,GLY,1153,A_GLY_1153,7.73210576443307
A,GLY,1174,A_GLY_1174,10.690760163299029
A,GLY,1178,A_GLY_1178,10.236371583347758
A,GLY,1204,A_GLY_1204,9.946822574158436
A,LEU,1143,A_LEU_1143,5.527678140493694
A,LEU,1152,A_LEU_1152,17.420059519188403
A,LEU,1201,A_LEU_1201,12.996570172504134
A,LEU,1604,A_LEU_1604,7.26734253635625
A,LYS,1176,A_LYS_1176,18.583999602390506
A,LYS,1601,A_LYS_1601,7.844267253178431
A,LYS,1607,A_LYS_1607,4.720905929680741
A,MET,1170,A_MET_1170,8.459710363572105
A,PHE,1120,A_PHE_1120,6.236503179624584
A,PHE,1182,A_PHE_1182,25.23516647627183
A,PHE,1199,A_PHE_1199,6.243819836900837
A,PHE,1209,A_PHE_1209,6.123911307968958
A,PHE,1637,A_PHE_1637,4.207412474316477
A,SER,1141,A_SER_1141,5.321054290807668
A,SER,1183,A_SER_1183,15.392309627034969
A,THR,1184,A_THR_1184,17.826488792881058
A,THR,1633,A_THR_1633,17.999944495580756
A,THR,1635,A_THR_1635,4.888849279432348
A,TRP,1150,A_TRP_1150,29.05502700419403
A,TYR,1171,A_TYR_1171,12.12753970051369
A,TYR,1207,A_TYR_1207,28.23978803691808
A,VAL,1172,A_VAL_1172,14.08794967084489
A,VAL,1208,A_VAL_1208,16.31853531833444
