chain,resname,resnum,res_key,density
A,ALA,2276,A_ALA_2276,12.813741107032492
A,ARG,1768,A_ARG_1768,3.485835862590208
A,ARG,2006,A_ARG_2006,12.386236179564811
A,ASP,2219,A_ASP_2219,12.195776669299146
A,ASP,2221,A_ASP_2221,20.776540289973862
A,ASP,2223,A_ASP_2223,6.200913659944954
A,ASP,2249,A_ASP_2249,21.03482119421904
A,ASP,2254,A_ASP_2254,11.008568017494346
A,CYS,1766,A_CYS_1766,3.263435180340947
A,CYS,2248,A_CYS_2248,17.755174910885536
A,CYS,2278,A_CYS_2278,17.273262229216897
A,GLN,2218,A_GLN_2218,10.281888198364802
A,GLU,1788,A_GLU_1788,8.958827435045864
A,GLU,1790,A_GLU_1790,13.142746143753069
A,GLU,2253,A_GLU_2253,10.947154506403534
A,GLY,2220,A_GLY_2220,9.666646456385056
A,GLY,2255,A_GLY_2255,6.994775287260515
A,GLY,2281,A_GLY_2281,10.149318271789332
A,HIS,1765,A_HIS_1765,9.044394134587858
A,HIS,2247,A_HIS_2247,23.340749410701314
A,ILE,2153,A_ILE_2153,1.8795054272186844
A,LEU,2011,A_LEU_2011,1.8550348458355919
A,LEU,2150,A_LEU_2150,3.304266951421379
A,LEU,2217,A_LEU_2217,1.8000432379308269
A,LEU,2222,A_LEU_2222,17.642782380373514
A,LEU,2251,A_LEU_2251,19.07363310583925
A,LEU,2280,A_LEU_2280,17.03379933809822
A,LYS,1767,A_LYS_1767,12.324673761698161
A,LYS,1776,A_LYS_1776,6.170137511634292
A,PHE,2148,A_PHE_2148,15.059478789431775
A,PHE,2245,A_PHE_2245,11.595980441217701
A,PHE,2246,A_PHE_2246,24.302844597921737
A,PRO,2250,A_PRO_2250,15.37108251266574
A,PRO,2279,A_PRO_2279,16.00439818571575
A,SER,2271,A_SER_2271,9.952292063216312
A,SER,2275,A_SER_2275,16.601803403774024
A,THR,2274,A_THR_2274,17.786426781334914
A,TRP,2272,A_TRP_2272,22.37034987762918
A,TYR,2273,A_TYR_2273,28.519045730447246
A,VAL,2252,A_VAL_2252,16.38207401741823
A,VAL,2277,A_VAL_2277,16.233700457790995
A,VAL,2282,A_VAL_2282,11.04377035708642
