chain,resname,resnum,res_key,density
A,ALA,1161,A_ALA_1161,3.8656424933114097
A,ALA,1162,A_ALA_1162,2.814422698675994
A,ALA,1191,A_ALA_1191,11.87624117401583
A,ALA,1216,A_ALA_1216,12.002921754517772
A,ARG,1212,A_ARG_1212,16.529814914784644
A,ARG,1221,A_ARG_1221,2.653859507043138
A,ARG,1233,A_ARG_1233,26.670274015103363
A,ARG,1615,A_ARG_1615,13.955010245221125
A,ASN,1092,A_ASN_1092,20.716022573141565
A,ASN,1164,A_ASN_1164,20.937637801753553
A,ASN,1306,A_ASN_1306,13.642470057753124
A,ASP,1088,A_ASP_1088,13.303572150358153
A,ASP,1095,A_ASP_1095,22.050366857036572
A,ASP,1231,A_ASP_1231,18.170985831662254
A,CYS,1084,A_CYS_1084,3.320492393691732
A,CYS,1190,A_CYS_1190,17.535838620610484
A,CYS,1217,A_CYS_1217,17.027195830319137
A,CYS,1614,A_CYS_1614,3.2185081620194778
A,GLN,1085,A_GLN_1085,6.407131941450015
A,GLN,1192,A_GLN_1192,22.61570064774349
A,GLU,1093,A_GLU_1093,22.972540170047452
A,GLU,1189,A_GLU_1189,23.18879790976939
A,GLU,1215,A_GLU_1215,23.027390638133863
A,GLY,1098,A_GLY_1098,4.40951829073787
A,GLY,1165,A_GLY_1165,10.275776981171624
A,GLY,1195,A_GLY_1195,2.9838838156730327
A,GLY,1235,A_GLY_1235,2.836161051922199
A,HIS,1234,A_HIS_1234,23.123213987594777
A,HIS,1641,A_HIS_1641,11.305585599588465
A,ILE,1193,A_ILE_1193,11.88362846763793
A,LEU,1096,A_LEU_1096,17.56255966539208
A,LEU,1099,A_LEU_1099,10.003390842044032
A,LEU,1167,A_LEU_1167,18.334808292702853
A,PHE,1188,A_PHE_1188,25.204849309896783
A,PRO,1218,A_PRO_1218,16.666370944036263
A,PRO,1232,A_PRO_1232,15.414483196503793
A,SER,1166,A_SER_1166,14.843604454896235
A,SER,1168,A_SER_1168,2.738837111320914
A,SER,1194,A_SER_1194,12.435442342215575
A,THR,1087,A_THR_1087,7.50096742756406
A,THR,1097,A_THR_1097,2.54151981238718
A,THR,1187,A_THR_1187,2.217609391334521
A,THR,1213,A_THR_1213,17.825184051541015
A,TRP,1211,A_TRP_1211,10.993562990405213
A,TYR,1094,A_TYR_1094,27.48327892193425
A,TYR,1304,A_TYR_1304,6.399760388514842
A,TYR,1387,A_TYR_1387,17.041880770144225
A,VAL,1086,A_VAL_1086,14.57036690986979
A,VAL,1214,A_VAL_1214,15.691205042612962
A,VAL,1219,A_VAL_1219,16.086009019530664
A,VAL,1220,A_VAL_1220,16.319728569953703
A,VAL,1613,A_VAL_1613,1.8861384293136154
