chain,resname,resnum,res_key,density
A,ALA,1161,A_ALA_1161,6.224360603950655
A,ALA,1216,A_ALA_1216,12.002921754517772
A,ARG,897,A_ARG_897,22.826710002343688
A,ARG,1233,A_ARG_1233,10.402029200271729
A,ASN,793,A_ASN_793,3.3308879852013953
A,ASN,899,A_ASN_899,20.698796373674234
A,ASN,917,A_ASN_917,3.08967755154393
A,ASN,1126,A_ASN_1126,19.98084090906218
A,ASN,1306,A_ASN_1306,12.327336864080701
A,ASP,1083,A_ASP_1083,21.29452116156448
A,ASP,1095,A_ASP_1095,22.050366857036572
A,CYS,1084,A_CYS_1084,17.58997867502609
A,CYS,1125,A_CYS_1125,17.443577277012285
A,CYS,1217,A_CYS_1217,3.2502400548092605
A,GLN,1085,A_GLN_1085,22.645922590886798
A,GLN,1156,A_GLN_1156,8.25823384731531
A,GLN,1160,A_GLN_1160,13.80770905863853
A,GLU,1093,A_GLU_1093,20.531479327617287
A,GLU,1215,A_GLU_1215,23.027390638133863
A,GLY,791,A_GLY_791,1.6630080711715354
A,GLY,792,A_GLY_792,3.5627612558993755
A,GLY,1098,A_GLY_1098,9.846188380925199
A,HIS,901,A_HIS_901,22.23757238467256
A,ILE,1169,A_ILE_1169,18.003779162013856
A,ILE,1186,A_ILE_1186,1.8885837813466644
A,LEU,898,A_LEU_898,13.414212237088936
A,LEU,1096,A_LEU_1096,17.56255966539208
A,LEU,1099,A_LEU_1099,17.13512889480419
A,LEU,1167,A_LEU_1167,12.26164963185062
A,LYS,785,A_LYS_785,4.477746692395408
A,MET,1157,A_MET_1157,11.587706091024627
A,MET,1170,A_MET_1170,2.750889373291553
A,PHE,1188,A_PHE_1188,14.529068813890195
A,PRO,902,A_PRO_902,14.106212620259743
A,PRO,1081,A_PRO_1081,13.283803407723978
A,PRO,1127,A_PRO_1127,4.5253450083454805
A,PRO,1159,A_PRO_1159,15.381323751706136
A,SER,900,A_SER_900,16.273650919540557
A,SER,1080,A_SER_1080,6.525224474702075
A,SER,1100,A_SER_1100,16.109423532608375
A,SER,1123,A_SER_1123,12.050276711596801
A,SER,1158,A_SER_1158,15.40208525533076
A,SER,1168,A_SER_1168,9.785867430898719
A,THR,1087,A_THR_1087,17.173016636140147
A,THR,1097,A_THR_1097,16.576029225821134
A,THR,1101,A_THR_1101,11.76331171786385
A,THR,1213,A_THR_1213,1.681717734022564
A,TRP,794,A_TRP_794,20.19464230722238
A,TRP,916,A_TRP_916,8.239913792296429
A,TRP,1106,A_TRP_1106,2.566321408909202
A,TRP,1211,A_TRP_1211,3.8737988997268076
A,TYR,795,A_TYR_795,23.66290666138684
A,TYR,1094,A_TYR_1094,22.053221042204086
A,TYR,1171,A_TYR_1171,11.82661763003303
A,VAL,1082,A_VAL_1082,16.11120374251169
A,VAL,1086,A_VAL_1086,16.224840949567916
A,VAL,1124,A_VAL_1124,16.31551808063756
A,VAL,1155,A_VAL_1155,13.558603529826243
A,VAL,1219,A_VAL_1219,4.004005377509974
