chain,resname,resnum,res_key,density
A,ALA,1161,A_ALA_1161,1.5963734670214789
A,ALA,1162,A_ALA_1162,10.338413437705102
A,ALA,1191,A_ALA_1191,11.87624117401583
A,ALA,1216,A_ALA_1216,12.002921754517772
A,ARG,1212,A_ARG_1212,26.067032268540583
A,ARG,1233,A_ARG_1233,26.670274015103363
A,ARG,1615,A_ARG_1615,26.063377160964485
A,ASN,1092,A_ASN_1092,6.838377107598051
A,ASN,1164,A_ASN_1164,20.937637801753553
A,ASP,1088,A_ASP_1088,2.695533329823381
A,ASP,1095,A_ASP_1095,10.99437977657367
A,CYS,1190,A_CYS_1190,17.535838620610484
A,CYS,1217,A_CYS_1217,17.027195830319137
A,CYS,1614,A_CYS_1614,17.889469578392053
A,CYS,1646,A_CYS_1646,5.045044771492022
A,GLN,1192,A_GLN_1192,22.61570064774349
A,GLN,1586,A_GLN_1586,6.551865606580327
A,GLU,1093,A_GLU_1093,5.787595446208853
A,GLU,1189,A_GLU_1189,23.18879790976939
A,GLU,1215,A_GLU_1215,23.027390638133863
A,GLU,1617,A_GLU_1617,6.208444449823222
A,GLY,1165,A_GLY_1165,10.275776981171624
A,GLY,1195,A_GLY_1195,10.227453953448682
A,HIS,1234,A_HIS_1234,8.998550099822062
A,HIS,1641,A_HIS_1641,23.25062240022129
A,ILE,1193,A_ILE_1193,18.12541673861189
A,ILE,1210,A_ILE_1210,13.169448261231144
A,ILE,1627,A_ILE_1627,3.8639039020711667
A,LEU,1096,A_LEU_1096,11.73367342370729
A,LEU,1099,A_LEU_1099,5.256491708064363
A,LEU,1167,A_LEU_1167,18.334808292702853
A,PHE,1188,A_PHE_1188,25.204849309896783
A,PHE,1612,A_PHE_1612,5.594940384589607
A,PRO,1218,A_PRO_1218,16.666370944036263
A,PRO,1232,A_PRO_1232,5.830272602746098
A,PRO,1616,A_PRO_1616,9.605645899228705
A,SER,1166,A_SER_1166,14.843604454896235
A,SER,1168,A_SER_1168,2.738837111320914
A,SER,1194,A_SER_1194,15.502397197280029
A,SER,1639,A_SER_1639,9.560130616333268
A,THR,1187,A_THR_1187,14.45172945227529
A,THR,1213,A_THR_1213,17.825184051541015
A,THR,1621,A_THR_1621,3.2120712108640768
A,THR,1642,A_THR_1642,6.152192935731766
A,TRP,1211,A_TRP_1211,22.277650838871384
A,TRP,1640,A_TRP_1640,10.280082127859252
A,TYR,1094,A_TYR_1094,24.29273523407847
A,TYR,1387,A_TYR_1387,15.308097235344547
A,VAL,1214,A_VAL_1214,15.691205042612962
A,VAL,1219,A_VAL_1219,9.000938673486202
A,VAL,1220,A_VAL_1220,1.8960328443837846
A,VAL,1587,A_VAL_1587,1.7652250505976654
A,VAL,1613,A_VAL_1613,15.391035942577547
