chain,resname,resnum,res_key,density
A,ALA,829,A_ALA_829,5.8819724659674755
A,ALA,874,A_ALA_874,12.459071116707731
A,ARG,881,A_ARG_881,26.6645102246066
A,ARG,888,A_ARG_888,26.094963897517697
A,ASN,849,A_ASN_849,20.50407412580754
A,ASN,871,A_ASN_871,10.034930122526099
A,ASN,907,A_ASN_907,20.316903177162665
A,ASP,879,A_ASP_879,12.316809141278291
A,ASP,1348,A_ASP_1348,6.097239402349166
A,CYS,875,A_CYS_875,18.1024567081418
A,CYS,910,A_CYS_910,17.850630386445033
A,GLN,831,A_GLN_831,14.95126506144878
A,GLN,882,A_GLN_882,14.846044497709276
A,GLU,868,A_GLU_868,10.780112023855006
A,GLU,909,A_GLU_909,24.417421342479948
A,GLY,851,A_GLY_851,7.3730857064400865
A,GLY,872,A_GLY_872,10.350013738331747
A,GLY,880,A_GLY_880,9.73853556516827
A,ILE,847,A_ILE_847,17.96919993350459
A,LEU,850,A_LEU_850,17.919227665567547
A,LEU,906,A_LEU_906,18.58529862667006
A,LYS,1344,A_LYS_1344,4.5008143536235075
A,PHE,904,A_PHE_904,6.064972679392159
A,PHE,914,A_PHE_914,5.952555197730592
A,SER,873,A_SER_873,16.26539792877898
A,SER,878,A_SER_878,15.492411449854389
A,SER,913,A_SER_913,15.955997625534085
A,SER,1347,A_SER_1347,12.208346912021671
A,THR,876,A_THR_876,17.82833131102563
A,THR,877,A_THR_877,18.373315242185758
A,THR,883,A_THR_883,17.291877129705703
A,THR,884,A_THR_884,16.800236085141723
A,THR,886,A_THR_886,18.107302801461206
A,THR,887,A_THR_887,16.218682099810238
A,THR,1346,A_THR_1346,8.529131297945417
A,TRP,908,A_TRP_908,31.668714967873726
A,TYR,809,A_TYR_809,11.386720095590546
A,TYR,869,A_TYR_869,12.081251035575097
A,TYR,885,A_TYR_885,28.41463274857347
A,TYR,1323,A_TYR_1323,3.086146528525868
A,VAL,870,A_VAL_870,14.02860511046248
A,VAL,911,A_VAL_911,16.613050858928194
A,VAL,912,A_VAL_912,16.23708129660677
