chain,resname,resnum,res_key,density
A,ALA,1737,A_ALA_1737,5.905843380601379
A,ARG,1768,A_ARG_1768,26.01171330902439
A,ASN,1656,A_ASN_1656,21.059611789511056
A,ASN,1738,A_ASN_1738,20.626500286245715
A,ASP,1662,A_ASP_1662,13.251023965834344
A,ASP,1797,A_ASP_1797,21.72847436881249
A,ASP,1808,A_ASP_1808,18.517458792289965
A,ASP,2249,A_ASP_2249,2.8374161427786406
A,CYS,1766,A_CYS_1766,17.636420736260902
A,CYS,1795,A_CYS_1795,18.11409246296454
A,GLN,1810,A_GLN_1810,23.401905815386943
A,GLU,1739,A_GLU_1739,13.738492209001937
A,GLU,1790,A_GLU_1790,13.941104782130553
A,GLU,1798,A_GLU_1798,19.422494325978793
A,GLU,1809,A_GLU_1809,19.436352742280945
A,GLY,1769,A_GLY_1769,9.53737787896993
A,HIS,1765,A_HIS_1765,22.424845009535215
A,HIS,1878,A_HIS_1878,14.88704480534619
A,ILE,1660,A_ILE_1660,11.034237358124473
A,ILE,1740,A_ILE_1740,12.271784426821934
A,LEU,1663,A_LEU_1663,12.60571410537867
A,LEU,1666,A_LEU_1666,5.283497507912545
A,LEU,1733,A_LEU_1733,4.009578699229599
A,LEU,1811,A_LEU_1811,16.800877526140123
A,LEU,1812,A_LEU_1812,12.656927338372645
A,LEU,2251,A_LEU_2251,1.7560207102115684
A,LYS,1767,A_LYS_1767,18.2476056620646
A,MET,1772,A_MET_1772,18.762669791114472
A,PHE,1764,A_PHE_1764,18.628082256324383
A,PRO,1665,A_PRO_1665,1.669201422188443
A,PRO,1792,A_PRO_1792,15.716189607430456
A,PRO,1796,A_PRO_1796,15.986543826240284
A,SER,1659,A_SER_1659,9.509993831883708
A,SER,1771,A_SER_1771,8.674990462393106
A,THR,1397,A_THR_1397,1.601068742552396
A,THR,1791,A_THR_1791,16.949020009279373
A,TRP,1789,A_TRP_1789,8.61917783997553
A,VAL,1654,A_VAL_1654,5.904298447850955
A,VAL,1661,A_VAL_1661,17.044480095169362
A,VAL,1770,A_VAL_1770,7.587641718938141
A,VAL,1793,A_VAL_1793,17.14550350645667
A,VAL,1794,A_VAL_1794,15.583901490578702
A,VAL,1799,A_VAL_1799,5.038363091327046
