chain,resname,resnum,res_key,density
A,ALA,55,A_ALA_55,11.492077967380164
A,ALA,82,A_ALA_82,12.04303902330397
A,ARG,91,A_ARG_91,5.0248964489558805
A,ASN,61,A_ASN_61,3.5189718252040154
A,ASN,67,A_ASN_67,20.523075196959365
A,ASN,112,A_ASN_112,6.086785402414298
A,ASP,57,A_ASP_57,2.5865048420103887
A,ASP,73,A_ASP_73,14.855937881267824
A,ASP,87,A_ASP_87,15.780698033479862
A,ASP,98,A_ASP_98,21.251006996660923
A,CYS,77,A_CYS_77,17.618854146920032
A,CYS,84,A_CYS_84,16.974515808065714
A,GLN,76,A_GLN_76,22.26442139914878
A,GLN,127,A_GLN_127,10.661620973579808
A,GLU,54,A_GLU_54,22.665195072969247
A,GLY,70,A_GLY_70,9.859512735898258
A,GLY,78,A_GLY_78,10.24166641865758
A,GLY,97,A_GLY_97,9.87025520642199
A,HIS,86,A_HIS_86,23.771886819695037
A,HIS,94,A_HIS_94,24.070249095803923
A,HIS,151,A_HIS_151,18.39732728696449
A,ILE,66,A_ILE_66,18.402849523038793
A,ILE,68,A_ILE_68,4.800133935130257
A,ILE,74,A_ILE_74,18.43376692212977
A,ILE,130,A_ILE_130,4.022587046490619
A,LEU,63,A_LEU_63,17.786546929001933
A,LEU,88,A_LEU_88,8.412175378889973
A,LYS,65,A_LYS_65,20.47048034337788
A,MET,85,A_MET_85,21.188615467918506
A,PHE,111,A_PHE_111,22.473111408235543
A,PHE,143,A_PHE_143,3.93849147022168
A,PHE,153,A_PHE_153,12.258741924550913
A,PRO,79,A_PRO_79,12.71377400559284
A,PRO,141,A_PRO_141,1.8232826780239582
A,SER,71,A_SER_71,15.395251531613045
A,SER,80,A_SER_80,16.094343091227067
A,SER,81,A_SER_81,14.968695072240704
A,SER,95,A_SER_95,14.64148070858658
A,SER,99,A_SER_99,9.247029048272744
A,SER,128,A_SER_128,16.29219588917718
A,THR,52,A_THR_52,16.8664491794784
A,THR,92,A_THR_92,16.24325482590861
A,THR,113,A_THR_113,10.764847060693523
A,TRP,53,A_TRP_53,16.60192744296276
A,TYR,64,A_TYR_64,27.624999936985066
A,TYR,93,A_TYR_93,28.070911982171296
A,VAL,56,A_VAL_56,6.567022676624579
A,VAL,62,A_VAL_62,16.153278713547035
A,VAL,72,A_VAL_72,15.979985412442492
A,VAL,75,A_VAL_75,12.176884256133217
A,VAL,83,A_VAL_83,15.545566184251232
A,VAL,96,A_VAL_96,15.910889003183446
A,VAL,115,A_VAL_115,3.8959415590120066
A,VAL,126,A_VAL_126,3.6849558253863055
