chain,resname,resnum,res_key,density
A,ALA,1536,A_ALA_1536,5.429943917242731
A,ALA,1540,A_ALA_1540,12.35878213612259
A,ALA,1541,A_ALA_1541,7.046219224255444
A,ALA,1565,A_ALA_1565,12.908916113236577
A,ALA,1577,A_ALA_1577,6.2736635705374795
A,ARG,1535,A_ARG_1535,5.6677803067029595
A,ARG,1571,A_ARG_1571,27.23132568978879
A,ASN,1556,A_ASN_1556,20.783354750237933
A,ASN,1558,A_ASN_1558,20.8380717433865
A,ASP,1594,A_ASP_1594,5.697663598333985
A,CYS,1559,A_CYS_1559,17.01885294228716
A,CYS,1566,A_CYS_1566,17.820989503096634
A,CYS,1634,A_CYS_1634,2.849263367630423
A,GLN,1569,A_GLN_1569,20.15370524681417
A,GLU,1555,A_GLU_1555,14.505080883164009
A,GLU,1557,A_GLU_1557,14.535896535916649
A,GLY,1537,A_GLY_1537,11.266024306959684
A,GLY,1546,A_GLY_1546,7.328568694999367
A,GLY,1554,A_GLY_1554,5.746323734998712
A,GLY,1562,A_GLY_1562,9.993533230074629
A,GLY,1564,A_GLY_1564,10.091630949077928
A,GLY,1568,A_GLY_1568,10.662990809973962
A,GLY,1575,A_GLY_1575,10.16264034436682
A,GLY,1595,A_GLY_1595,10.605860719200443
A,ILE,1552,A_ILE_1552,2.6401395900388653
A,ILE,1572,A_ILE_1572,18.24059960164846
A,ILE,1610,A_ILE_1610,4.043293146739573
A,LEU,1547,A_LEU_1547,17.187703654372132
A,LEU,1626,A_LEU_1626,7.313191417106494
A,LEU,1629,A_LEU_1629,3.532767176756648
A,LEU,1636,A_LEU_1636,16.961115720394506
A,LYS,1576,A_LYS_1576,14.420791171362351
A,LYS,1593,A_LYS_1593,3.3744631181601954
A,LYS,1607,A_LYS_1607,10.431893636703592
A,MET,1550,A_MET_1550,22.193615838715655
A,PHE,1538,A_PHE_1538,12.237252343769182
A,PHE,1567,A_PHE_1567,26.17515225409938
A,PHE,1638,A_PHE_1638,12.472874814422799
A,PRO,1560,A_PRO_1560,16.246501466752964
A,PRO,1561,A_PRO_1561,11.476823008016751
A,PRO,1624,A_PRO_1624,1.8880738665462824
A,SER,1551,A_SER_1551,14.94121365057207
A,SER,1573,A_SER_1573,15.577760616019345
A,SER,1596,A_SER_1596,16.769669643227278
A,SER,1608,A_SER_1608,15.643699710382684
A,THR,1539,A_THR_1539,17.11118984038817
A,THR,1570,A_THR_1570,17.202549952452443
A,TYR,1542,A_TYR_1542,20.206191251708013
A,TYR,1549,A_TYR_1549,28.458182611419407
A,TYR,1592,A_TYR_1592,24.55031791508823
A,TYR,1606,A_TYR_1606,27.9883126519011
A,VAL,1548,A_VAL_1548,16.291886338461318
A,VAL,1563,A_VAL_1563,16.628164978398207
A,VAL,1574,A_VAL_1574,16.53325781346029
A,VAL,1609,A_VAL_1609,2.5492048878263125
