chain,resname,resnum,res_key,density
A,ALA,345,A_ALA_345,12.648347095555476
A,ALA,380,A_ALA_380,1.8365661623866922
A,ALA,465,A_ALA_465,6.75926672450049
A,ARG,397,A_ARG_397,3.364752228875018
A,ARG,404,A_ARG_404,12.177330825664935
A,ASN,364,A_ASN_364,13.224846443940809
A,ASN,400,A_ASN_400,10.581075436656487
A,ASP,340,A_ASP_340,20.351671275534564
A,CYS,328,A_CYS_328,17.550670665907543
A,CYS,366,A_CYS_366,18.159209723697906
A,GLN,346,A_GLN_346,2.5711478451113976
A,GLN,401,A_GLN_401,23.372339595507817
A,GLU,324,A_GLU_324,12.098191439725387
A,GLU,368,A_GLU_368,2.343097343072443
A,GLY,367,A_GLY_367,10.113590313911931
A,HIS,399,A_HIS_399,13.64138365957411
A,ILE,339,A_ILE_339,17.99541757958946
A,ILE,413,A_ILE_413,11.865679920400021
A,ILE,430,A_ILE_430,11.073708743377574
A,LEU,323,A_LEU_323,5.833810610634602
A,LEU,330,A_LEU_330,17.857019683904458
A,LEU,341,A_LEU_341,17.787452675357414
A,LEU,344,A_LEU_344,18.236466283427205
A,LEU,403,A_LEU_403,17.873662181832636
A,LEU,410,A_LEU_410,15.562484679674755
A,LEU,412,A_LEU_412,18.42290550988468
A,LYS,326,A_LYS_326,15.553045161185755
A,PHE,432,A_PHE_432,13.724397798061606
A,PRO,343,A_PRO_343,16.198394937380282
A,SER,325,A_SER_325,15.001479171846116
A,SER,329,A_SER_329,16.41727095113259
A,SER,331,A_SER_331,16.19072888826323
A,SER,338,A_SER_338,12.79912908476381
A,THR,327,A_THR_327,17.87677693194548
A,THR,342,A_THR_342,17.952827288629315
A,THR,402,A_THR_402,16.881914526798095
A,THR,411,A_THR_411,10.402173125161953
A,THR,462,A_THR_462,1.711817475873211
A,TRP,460,A_TRP_460,8.215948718793944
A,TYR,398,A_TYR_398,27.234323614472597
A,TYR,405,A_TYR_405,6.777910968215934
A,TYR,414,A_TYR_414,22.755018034625675
A,TYR,464,A_TYR_464,16.989253127520914
A,VAL,365,A_VAL_365,16.926446802212713
