chain,resname,resnum,res_key,density
A,ALA,1842,A_ALA_1842,12.00643652642221
A,ARG,1868,A_ARG_1868,12.582929463627032
A,ASN,1816,A_ASN_1816,20.87475507668666
A,ASP,1802,A_ASP_1802,13.491511834527518
A,ASP,1852,A_ASP_1852,7.979306028571171
A,CYS,1804,A_CYS_1804,17.57476475629955
A,CYS,1839,A_CYS_1839,18.035449109729836
A,GLN,1870,A_GLN_1870,14.097363691967473
A,GLU,2361,A_GLU_2361,8.239862773377068
A,GLY,1803,A_GLY_1803,10.905884145192402
A,GLY,1837,A_GLY_1837,10.171287376069287
A,GLY,1853,A_GLY_1853,10.045631611460934
A,GLY,1854,A_GLY_1854,10.35075680258488
A,GLY,1867,A_GLY_1867,6.054793854819826
A,ILE,1953,A_ILE_1953,15.840881536287728
A,LEU,1806,A_LEU_1806,6.580341618726705
A,LEU,1817,A_LEU_1817,18.450506767773135
A,LEU,1820,A_LEU_1820,17.742854524723615
A,LEU,1869,A_LEU_1869,16.83075272046626
A,LEU,1874,A_LEU_1874,11.647005535292278
A,LEU,1885,A_LEU_1885,17.373796788572886
A,LYS,1873,A_LYS_1873,10.079272486783527
A,MET,1801,A_MET_1801,10.99050699837018
A,MET,1872,A_MET_1872,21.613909058193293
A,PHE,1815,A_PHE_1815,5.338989361075535
A,PHE,1825,A_PHE_1825,10.939950894931297
A,PHE,1841,A_PHE_1841,25.511153761001086
A,PHE,1955,A_PHE_1955,13.098055863116473
A,SER,1818,A_SER_1818,14.468603715396874
A,SER,1819,A_SER_1819,15.755384396608598
A,SER,1821,A_SER_1821,15.558290450917001
A,SER,1823,A_SER_1823,15.57580110802217
A,SER,1835,A_SER_1835,6.0629494172411
A,SER,1871,A_SER_1871,10.51241019150331
A,SER,1886,A_SER_1886,10.24179375135014
A,SER,1951,A_SER_1951,2.6964084361674394
A,THR,1805,A_THR_1805,17.140980316789946
A,THR,1822,A_THR_1822,18.39523481905612
A,THR,1824,A_THR_1824,14.576459491160113
A,THR,1840,A_THR_1840,16.760248211602814
A,TRP,1981,A_TRP_1981,12.194227641545279
A,TYR,1887,A_TYR_1887,24.961323525378823
A,VAL,1836,A_VAL_1836,15.705068778523476
A,VAL,1838,A_VAL_1838,17.180759332586774
A,VAL,1843,A_VAL_1843,2.6399563996862767
A,VAL,1855,A_VAL_1855,10.936233747630329
A,VAL,1883,A_VAL_1883,1.946769288369736
A,VAL,1884,A_VAL_1884,5.26641778801357
A,VAL,1985,A_VAL_1985,2.0353782392860627
