chain,resname,resnum,res_key,density
A,ASP,1203,A_ASP_1203,9.134645182004594
A,ASP,1594,A_ASP_1594,10.459080307682491
A,ASP,1630,A_ASP_1630,20.95557465015774
A,CYS,1598,A_CYS_1598,17.012777918814038
A,CYS,1634,A_CYS_1634,16.76139044702557
A,GLN,1180,A_GLN_1180,3.1416716374424425
A,GLN,1632,A_GLN_1632,19.53833060282331
A,GLY,1575,A_GLY_1575,2.4848892244331235
A,GLY,1595,A_GLY_1595,10.605860719200443
A,GLY,1603,A_GLY_1603,10.278522655284702
A,ILE,1572,A_ILE_1572,15.22907834444794
A,LEU,1604,A_LEU_1604,17.42749014779586
A,LEU,1629,A_LEU_1629,8.163272069118944
A,LEU,1636,A_LEU_1636,6.1178743084523175
A,LYS,1601,A_LYS_1601,19.958590856216283
A,LYS,1607,A_LYS_1607,18.31933789769508
A,LYS,1631,A_LYS_1631,17.824972270637797
A,PHE,1567,A_PHE_1567,11.120252659921398
A,PRO,1597,A_PRO_1597,16.154432135123958
A,PRO,1599,A_PRO_1599,15.214665052123333
A,SER,1573,A_SER_1573,15.577760616019345
A,SER,1596,A_SER_1596,16.769669643227278
A,SER,1600,A_SER_1600,15.303804165976661
A,SER,1602,A_SER_1602,15.232332446283154
A,SER,1605,A_SER_1605,15.786589180765727
A,THR,1633,A_THR_1633,17.999944495580756
A,THR,1635,A_THR_1635,16.804290281907154
A,TYR,1606,A_TYR_1606,27.9883126519011
A,VAL,1574,A_VAL_1574,14.523222172334606
