chain,resname,resnum,res_key,density
A,ALA,1752,A_ALA_1752,12.230462044893894
A,ALA,2264,A_ALA_2264,2.0211908088809873
A,ASN,1757,A_ASN_1757,20.521154238614052
A,ASP,1723,A_ASP_1723,20.961174473158245
A,ASP,1753,A_ASP_1753,21.768769682340977
A,ASP,1784,A_ASP_1784,20.58805283949802
A,CYS,1750,A_CYS_1750,17.080324859109183
A,CYS,1783,A_CYS_1783,17.815719175957362
A,GLU,1745,A_GLU_1745,4.349477182929491
A,GLU,1782,A_GLU_1782,22.660050002798876
A,GLY,1725,A_GLY_1725,2.635821065247968
A,HIS,1755,A_HIS_1755,22.78280181924622
A,ILE,1722,A_ILE_1722,17.54814341687599
A,ILE,1724,A_ILE_1724,16.843727185405367
A,LEU,1751,A_LEU_1751,17.441800531648123
A,LYS,1714,A_LYS_1714,9.707149053436009
A,LYS,1754,A_LYS_1754,20.313876723522476
A,PHE,1756,A_PHE_1756,25.297487707306587
A,PHE,1785,A_PHE_1785,15.165905228642563
A,PRO,1749,A_PRO_1749,16.224670290331343
A,SER,1746,A_SER_1746,16.026974687072364
A,SER,1747,A_SER_1747,15.315614825379654
A,SER,1760,A_SER_1760,5.744417859278984
A,SER,1781,A_SER_1781,14.888300933414294
A,THR,1748,A_THR_1748,16.786118019645617
A,THR,1759,A_THR_1759,17.33500749172151
A,TYR,1758,A_TYR_1758,28.065012493960065
