chain,resname,resnum,res_key,density
A,ALA,145,A_ALA_145,12.867877078509235
A,ALA,157,A_ALA_157,12.231360135802163
A,ALA,171,A_ALA_171,12.644296140011134
A,ALA,208,A_ALA_208,12.233891909535068
A,ALA,218,A_ALA_218,2.7466483116576614
A,ARG,146,A_ARG_146,27.132007539304535
A,ARG,149,A_ARG_149,27.096274319804774
A,ARG,210,A_ARG_210,15.26242056482612
A,ASN,179,A_ASN_179,7.125129107290055
A,ASN,213,A_ASN_213,21.032875643969646
A,ASP,150,A_ASP_150,21.470372692214404
A,ASP,156,A_ASP_156,16.121760543321702
A,CYS,148,A_CYS_148,18.115670928377988
A,GLU,143,A_GLU_143,22.690692069302543
A,GLY,142,A_GLY_142,10.148994482371487
A,GLY,155,A_GLY_155,9.906292960503047
A,GLY,178,A_GLY_178,7.536352808325937
A,HIS,153,A_HIS_153,23.664949691348887
A,ILE,147,A_ILE_147,18.445048154453165
A,ILE,154,A_ILE_154,18.348295303717606
A,ILE,160,A_ILE_160,12.553839829004652
A,ILE,180,A_ILE_180,18.426987112050583
A,LEU,151,A_LEU_151,18.205199739600502
A,LEU,182,A_LEU_182,5.746173730100978
A,LEU,209,A_LEU_209,17.9402003479226
A,LEU,212,A_LEU_212,18.860553894102164
A,LEU,227,A_LEU_227,7.616559191171753
A,LEU,235,A_LEU_235,3.555959387772586
A,LEU,251,A_LEU_251,3.80076075741684
A,LYS,168,A_LYS_168,5.741943543262027
A,LYS,217,A_LYS_217,15.20128816004819
A,MET,139,A_MET_139,8.887479600234895
A,PHE,144,A_PHE_144,25.108619810714455
A,PHE,169,A_PHE_169,24.824760324368988
A,PHE,207,A_PHE_207,21.289987734898396
A,PHE,214,A_PHE_214,21.678075783773842
A,PHE,215,A_PHE_215,25.459877811947567
A,PRO,140,A_PRO_140,6.016040039121716
A,SER,141,A_SER_141,12.63098392075306
A,SER,152,A_SER_152,16.29645109412921
A,SER,170,A_SER_170,12.471546385193168
A,SER,172,A_SER_172,2.802472255329996
A,THR,216,A_THR_216,18.516869621934017
A,THR,219,A_THR_219,11.19381392922796
A,TYR,211,A_TYR_211,16.696098325326354
A,TYR,239,A_TYR_239,10.131337057507768
A,VAL,158,A_VAL_158,16.415499275280954
A,VAL,159,A_VAL_159,10.10715665106296
A,VAL,225,A_VAL_225,5.578537753366679
A,VAL,237,A_VAL_237,5.517866673222391
