chain,resname,resnum,res_key,density
A,ALA,274,A_ALA_274,11.73126845923731
A,ALA,280,A_ALA_280,12.05956502115428
A,ALA,1285,A_ALA_1285,12.137537457379446
A,ALA,1364,A_ALA_1364,1.8141439698592627
A,ARG,1259,A_ARG_1259,6.044039203128742
A,ARG,1283,A_ARG_1283,26.524361671833443
A,ARG,1358,A_ARG_1358,17.22440479264672
A,ASN,268,A_ASN_268,5.54310590228015
A,ASP,1305,A_ASP_1305,5.9704338010429705
A,CYS,276,A_CYS_276,17.779038817650633
A,GLN,270,A_GLN_270,14.698177299000399
A,GLN,958,A_GLN_958,16.127237490058796
A,GLN,1280,A_GLN_1280,22.891431876018945
A,GLN,1281,A_GLN_1281,15.318007968705757
A,GLN,1309,A_GLN_1309,7.867730101150348
A,GLU,278,A_GLU_278,23.71702781500008
A,GLU,279,A_GLU_279,23.269447851630666
A,GLU,282,A_GLU_282,15.125808583240094
A,GLU,1172,A_GLU_1172,10.802745230814278
A,GLY,1287,A_GLY_1287,9.905798752099662
A,ILE,269,A_ILE_269,15.593254055263339
A,LEU,957,A_LEU_957,15.318597516940375
A,LEU,1258,A_LEU_1258,18.276706935051656
A,LEU,1260,A_LEU_1260,7.800823715162438
A,LEU,1279,A_LEU_1279,18.01019229766368
A,LEU,1304,A_LEU_1304,3.3711882673674323
A,LYS,273,A_LYS_273,20.482065196039866
A,LYS,283,A_LYS_283,4.457225051935104
A,LYS,1284,A_LYS_1284,20.020059002460776
A,MET,281,A_MET_281,17.742829594557186
A,MET,961,A_MET_961,1.4043101485225349
A,PHE,1286,A_PHE_1286,21.21044508327884
A,PHE,1294,A_PHE_1294,8.66911024540132
A,PHE,1296,A_PHE_1296,1.9297978868902155
A,PRO,1290,A_PRO_1290,2.0400243888429617
A,PRO,1306,A_PRO_1306,14.75539618531994
A,SER,271,A_SER_271,15.832590988433902
A,SER,1362,A_SER_1362,15.06313848962704
A,THR,1278,A_THR_1278,11.453893101778117
A,TRP,277,A_TRP_277,31.64586318975103
A,TRP,1282,A_TRP_1282,19.153567260435082
A,TYR,275,A_TYR_275,29.25498618140836
A,TYR,1307,A_TYR_1307,22.94934136099164
A,VAL,272,A_VAL_272,16.57371541144414
A,VAL,1288,A_VAL_1288,16.51727262885124
