chain,resname,resnum,res_key,density
A,ALA,96,A_ALA_96,12.756078130395533
A,ALA,223,A_ALA_223,13.2120329536077
A,ALA,309,A_ALA_309,3.196374626612352
A,ALA,349,A_ALA_349,12.095791148836955
A,ARG,347,A_ARG_347,28.324957581772697
A,ASP,924,A_ASP_924,10.71265070633037
A,CYS,225,A_CYS_225,8.636857221603567
A,CYS,343,A_CYS_343,17.58385458937051
A,GLN,98,A_GLN_98,2.5363620177207373
A,GLN,207,A_GLN_207,15.022545631818392
A,GLY,213,A_GLY_213,2.754750891739515
A,GLY,226,A_GLY_226,10.851637074847915
A,GLY,228,A_GLY_228,2.9330632703591664
A,GLY,314,A_GLY_314,10.539877462901007
A,GLY,921,A_GLY_921,9.614187299530656
A,ILE,215,A_ILE_215,18.99766349106064
A,ILE,336,A_ILE_336,14.240446141476337
A,ILE,340,A_ILE_340,18.707473742603785
A,ILE,344,A_ILE_344,18.452893158311795
A,ILE,918,A_ILE_918,5.56649380629586
A,LEU,100,A_LEU_100,2.647118127436885
A,LEU,210,A_LEU_210,6.659716128508416
A,LEU,211,A_LEU_211,18.87205113275769
A,LEU,214,A_LEU_214,16.464911591036735
A,LEU,218,A_LEU_218,8.16506701461346
A,LEU,219,A_LEU_219,7.8011098477987275
A,LEU,227,A_LEU_227,18.511623418844156
A,LEU,230,A_LEU_230,18.17047085679267
A,LEU,233,A_LEU_233,1.594157331398721
A,LEU,320,A_LEU_320,12.25681644922166
A,LEU,346,A_LEU_346,18.245909558206098
A,LYS,95,A_LYS_95,9.20810796156656
A,LYS,335,A_LYS_335,6.2794253751044025
A,MET,212,A_MET_212,21.646159966777184
A,MET,348,A_MET_348,19.765635665406275
A,PHE,224,A_PHE_224,2.881347583828646
A,PHE,229,A_PHE_229,22.07869790740857
A,PHE,310,A_PHE_310,22.97251940690943
A,PHE,311,A_PHE_311,5.350371803176992
A,PHE,312,A_PHE_312,5.705499476530683
A,PHE,315,A_PHE_315,16.884379577645014
A,PHE,316,A_PHE_316,12.453637986301514
A,PHE,319,A_PHE_319,13.272529464935138
A,PHE,337,A_PHE_337,25.245228106874464
A,PHE,342,A_PHE_342,25.496996191846687
A,PRO,99,A_PRO_99,16.126736312986775
A,SER,222,A_SER_222,5.651927318131236
A,SER,313,A_SER_313,16.470981642670775
A,SER,321,A_SER_321,15.454253081726918
A,SER,341,A_SER_341,15.891612018075035
A,THR,338,A_THR_338,16.83336048001243
A,THR,339,A_THR_339,17.34261221956586
A,THR,351,A_THR_351,12.58427052566847
A,THR,925,A_THR_925,5.47955237118196
A,TRP,216,A_TRP_216,2.5574275655297423
A,TYR,917,A_TYR_917,3.3991764656857844
A,VAL,208,A_VAL_208,16.636764417569726
A,VAL,317,A_VAL_317,17.09775850595163
A,VAL,318,A_VAL_318,16.784799078063163
A,VAL,322,A_VAL_322,10.993495491170677
A,VAL,345,A_VAL_345,15.951243339946613
A,VAL,350,A_VAL_350,13.815978293100784
A,VAL,920,A_VAL_920,5.445520589954208
A,VAL,922,A_VAL_922,17.159492641149313
