chain,resname,resnum,res_key,density
A,ALA,554,A_ALA_554,11.356000393211673
A,ALA,559,A_ALA_559,13.103253945555029
A,ALA,561,A_ALA_561,12.398165819125536
A,ALA,566,A_ALA_566,1.601382231142586
A,ALA,1067,A_ALA_1067,12.674441433992449
A,ARG,553,A_ARG_553,10.607922383184658
A,ARG,555,A_ARG_555,14.40639939998767
A,ARG,560,A_ARG_560,26.02731593239447
A,ARG,600,A_ARG_600,8.61849864497696
A,ASN,505,A_ASN_505,3.1010806799201767
A,ASP,572,A_ASP_572,22.073352545680493
A,CYS,491,A_CYS_491,16.565845292809914
A,CYS,524,A_CYS_524,7.390819217469625
A,CYS,590,A_CYS_590,5.363574671763236
A,GLN,493,A_GLN_493,22.25400907854029
A,GLN,552,A_GLN_552,3.070859579973901
A,GLY,550,A_GLY_550,2.9572485345320545
A,GLY,576,A_GLY_576,4.556092494351001
A,GLY,1061,A_GLY_1061,7.928889362257889
A,ILE,488,A_ILE_488,13.177894735984381
A,ILE,497,A_ILE_497,8.548740028635663
A,ILE,506,A_ILE_506,3.168929910396284
A,ILE,556,A_ILE_556,14.353942855198078
A,ILE,586,A_ILE_586,2.098783814291351
A,ILE,601,A_ILE_601,15.784751688524441
A,LEU,468,A_LEU_468,18.095426269954377
A,LEU,558,A_LEU_558,17.912608991991984
A,LEU,568,A_LEU_568,11.420637725338382
A,LEU,570,A_LEU_570,18.220612064814684
A,LEU,571,A_LEU_571,19.209578898978005
A,LEU,578,A_LEU_578,1.8602073398456622
A,LEU,602,A_LEU_602,17.273762596014123
A,LEU,1065,A_LEU_1065,4.64260575400409
A,LYS,464,A_LYS_464,2.9860274705503556
A,LYS,564,A_LYS_564,15.16915319925042
A,LYS,1060,A_LYS_1060,2.8546361740216972
A,MET,469,A_MET_469,13.023838787370817
A,MET,472,A_MET_472,10.593162199818064
A,MET,595,A_MET_595,8.708114561093641
A,PHE,490,A_PHE_490,25.104176837723156
A,PHE,494,A_PHE_494,21.010140119514407
A,PHE,508,A_PHE_508,12.645655203878995
A,PHE,575,A_PHE_575,22.447410336170787
A,PHE,1068,A_PHE_1068,19.58754143635182
A,PRO,574,A_PRO_574,16.115169193557477
A,SER,489,A_SER_489,15.591228691596434
A,SER,492,A_SER_492,15.618668649596465
A,SER,495,A_SER_495,16.26696731124114
A,SER,557,A_SER_557,15.63447421269359
A,SER,573,A_SER_573,15.749576329153992
A,THR,465,A_THR_465,18.390970326201582
A,THR,599,A_THR_599,2.9214004625742036
A,THR,604,A_THR_604,2.869806520997187
A,THR,1064,A_THR_1064,17.872504102330947
A,TRP,496,A_TRP_496,23.779238384642372
A,TRP,1063,A_TRP_1063,23.0222709186508
A,TYR,563,A_TYR_563,9.094825255034735
A,TYR,569,A_TYR_569,28.77016179920378
A,TYR,577,A_TYR_577,4.404651989088183
A,VAL,562,A_VAL_562,17.442972206346038
A,VAL,591,A_VAL_591,6.232389109608276
A,VAL,603,A_VAL_603,15.61003926432393
