chain,resname,resnum,res_key,density
A,ALA,274,A_ALA_274,9.218369827064318
A,ALA,1319,A_ALA_1319,6.810649090150579
A,ALA,1357,A_ALA_1357,11.49979675347759
A,ARG,1358,A_ARG_1358,27.4003020248321
A,ASN,1303,A_ASN_1303,20.3752420488384
A,ASP,1305,A_ASP_1305,4.974878390026782
A,ASP,1370,A_ASP_1370,11.73517071248166
A,CYS,1355,A_CYS_1355,18.04760536551673
A,GLN,1291,A_GLN_1291,12.087629748494379
A,GLN,1352,A_GLN_1352,22.469164776814875
A,GLU,1371,A_GLU_1371,10.64155602570726
A,GLY,1287,A_GLY_1287,9.905798752099662
A,GLY,1323,A_GLY_1323,2.634098910784399
A,GLY,1342,A_GLY_1342,2.8928122718801768
A,GLY,1349,A_GLY_1349,10.072186513611966
A,HIS,1348,A_HIS_1348,21.72570221780254
A,HIS,1350,A_HIS_1350,17.307180463683082
A,ILE,1289,A_ILE_1289,17.879686851740306
A,ILE,1295,A_ILE_1295,18.969258342009685
A,ILE,1328,A_ILE_1328,2.0423455159068857
A,ILE,1384,A_ILE_1384,18.88852532634456
A,LEU,1304,A_LEU_1304,18.74099647477374
A,LEU,1324,A_LEU_1324,12.251203061147875
A,LEU,1339,A_LEU_1339,1.859691866172027
A,LEU,1346,A_LEU_1346,7.395258817257266
A,LEU,1353,A_LEU_1353,17.82052142013779
A,LEU,1356,A_LEU_1356,18.490244236897468
A,LEU,1361,A_LEU_1361,18.070344012182602
A,LEU,1367,A_LEU_1367,11.839094273145431
A,LEU,1368,A_LEU_1368,12.090461341142857
A,LEU,1369,A_LEU_1369,18.133575564825495
A,LEU,1376,A_LEU_1376,7.957174013026909
A,LYS,1292,A_LYS_1292,14.40738099023581
A,LYS,1302,A_LYS_1302,5.59215079289935
A,LYS,1351,A_LYS_1351,21.255215945581668
A,LYS,1363,A_LYS_1363,2.9260517369829753
A,MET,1354,A_MET_1354,22.272106810285596
A,PHE,1286,A_PHE_1286,6.151151667641903
A,PHE,1294,A_PHE_1294,24.677085590003205
A,PHE,1296,A_PHE_1296,7.142857715452021
A,PHE,1300,A_PHE_1300,10.001407564961397
A,PHE,1392,A_PHE_1392,12.645603827489028
A,PRO,1290,A_PRO_1290,15.802847627049285
A,PRO,1306,A_PRO_1306,5.940044605471927
A,PRO,1372,A_PRO_1372,16.355089924625375
A,SER,271,A_SER_271,15.832590988433902
A,SER,1347,A_SER_1347,6.399897771685782
A,SER,1359,A_SER_1359,15.510289923713781
A,SER,1362,A_SER_1362,11.99278547788669
A,SER,1373,A_SER_1373,4.7115302726000845
A,THR,1380,A_THR_1380,1.7270288236304452
A,THR,1387,A_THR_1387,6.703856222982585
A,TRP,277,A_TRP_277,19.348696558386653
A,TYR,275,A_TYR_275,29.25498618140836
A,VAL,272,A_VAL_272,2.6082814542964035
A,VAL,1288,A_VAL_1288,16.51727262885124
A,VAL,1293,A_VAL_1293,15.048609298813076
A,VAL,1318,A_VAL_1318,12.79875000276872
A,VAL,1322,A_VAL_1322,16.900039890721413
A,VAL,1360,A_VAL_1360,16.435615040403384
