chain,resname,resnum,res_key,density
A,ALA,26,A_ALA_26,12.24053359915877
A,ALA,777,A_ALA_777,2.7474191308823523
A,ARG,144,A_ARG_144,7.463041582204744
A,ARG,180,A_ARG_180,6.514803767763816
A,ASN,184,A_ASN_184,21.307745514790433
A,ASP,29,A_ASP_29,12.640189124912913
A,ASP,130,A_ASP_130,20.926022963297104
A,CYS,131,A_CYS_131,10.719669149816237
A,CYS,136,A_CYS_136,17.828145264541554
A,CYS,751,A_CYS_751,2.902368786182577
A,CYS,812,A_CYS_812,2.572194287128497
A,GLN,138,A_GLN_138,22.774377041376532
A,GLN,750,A_GLN_750,22.332525969399903
A,GLN,775,A_GLN_775,6.1795739202907916
A,GLN,811,A_GLN_811,22.585216348485947
A,GLU,140,A_GLU_140,24.033567605426853
A,GLU,748,A_GLU_748,23.359843784202866
A,GLU,772,A_GLU_772,9.058224837060841
A,GLY,31,A_GLY_31,2.5336773166096553
A,GLY,107,A_GLY_107,7.443025904410984
A,GLY,134,A_GLY_134,10.785522866297768
A,HIS,27,A_HIS_27,23.862551638013493
A,HIS,30,A_HIS_30,23.225472006377473
A,HIS,108,A_HIS_108,7.77081754184337
A,ILE,25,A_ILE_25,13.881054451854412
A,ILE,181,A_ILE_181,18.245485438530377
A,ILE,188,A_ILE_188,12.714539238022706
A,ILE,749,A_ILE_749,11.989075881957962
A,LEU,143,A_LEU_143,14.941695836118573
A,LEU,155,A_LEU_155,1.9575508982682837
A,LEU,746,A_LEU_746,8.66089173265747
A,LYS,159,A_LYS_159,4.5137844697768355
A,LYS,785,A_LYS_785,15.121172895705255
A,MET,156,A_MET_156,3.338457675024677
A,MET,781,A_MET_781,10.720226252748667
A,PHE,782,A_PHE_782,10.352414789959212
A,PHE,809,A_PHE_809,7.620267388476207
A,PRO,810,A_PRO_810,8.123796551168537
A,SER,133,A_SER_133,16.069775386587665
A,SER,774,A_SER_774,8.610261857386762
A,THR,139,A_THR_139,18.424172398509327
A,THR,141,A_THR_141,18.625535843131853
A,THR,779,A_THR_779,2.7663293988171485
A,TYR,192,A_TYR_192,4.776820240126165
A,VAL,28,A_VAL_28,16.648002041071095
A,VAL,109,A_VAL_109,10.734772758065542
A,VAL,127,A_VAL_127,13.251111285935758
A,VAL,128,A_VAL_128,14.85122092975985
A,VAL,129,A_VAL_129,16.085393055186238
A,VAL,132,A_VAL_132,12.161144076757676
A,VAL,135,A_VAL_135,16.388755809676752
A,VAL,137,A_VAL_137,17.00588753758773
A,VAL,142,A_VAL_142,16.755402521449852
A,VAL,185,A_VAL_185,16.82725328634704
A,VAL,747,A_VAL_747,8.003897780479038
A,VAL,776,A_VAL_776,13.468542019024305
A,VAL,783,A_VAL_783,15.89536285751429
A,VAL,784,A_VAL_784,10.51936753520436
A,VAL,813,A_VAL_813,4.063736138347913
