chain,resname,resnum,res_key,density
A,ALA,508,A_ALA_508,13.145423715920584
A,ALA,528,A_ALA_528,12.056732638125085
A,ALA,547,A_ALA_547,12.650070617315485
A,ALA,549,A_ALA_549,2.4651351451123924
A,ARG,506,A_ARG_506,27.90852128063979
A,ARG,526,A_ARG_526,15.153600435581966
A,ASP,531,A_ASP_531,21.398707553262
A,CYS,536,A_CYS_536,17.44484075367143
A,CYS,557,A_CYS_557,17.55011181627731
A,GLN,535,A_GLN_535,22.29660358312738
A,GLU,510,A_GLU_510,2.55080714992513
A,GLU,522,A_GLU_522,10.516406134788795
A,GLU,539,A_GLU_539,20.337953839079812
A,GLU,543,A_GLU_543,12.443217145288479
A,GLY,523,A_GLY_523,11.239386964850787
A,GLY,542,A_GLY_542,5.456287113926277
A,GLY,548,A_GLY_548,10.700626405746442
A,HIS,544,A_HIS_544,23.725639289325496
A,HIS,553,A_HIS_553,9.778731951989261
A,HIS,565,A_HIS_565,8.222294743123198
A,ILE,537,A_ILE_537,17.410243868923224
A,ILE,538,A_ILE_538,18.060201845981055
A,ILE,545,A_ILE_545,17.984491466418298
A,ILE,546,A_ILE_546,18.59037713593146
A,LEU,520,A_LEU_520,16.053956827608125
A,LEU,524,A_LEU_524,18.637724123229827
A,LEU,527,A_LEU_527,18.105485581350198
A,LEU,554,A_LEU_554,12.884576665340342
A,LEU,558,A_LEU_558,9.08603839612137
A,LEU,561,A_LEU_561,12.794367284371182
A,LYS,481,A_LYS_481,10.168565386306057
A,LYS,519,A_LYS_519,3.2855379515150585
A,LYS,525,A_LYS_525,20.71838114887051
A,LYS,529,A_LYS_529,17.036033092068642
A,MET,533,A_MET_533,14.164413139669838
A,PRO,503,A_PRO_503,15.741590649355835
A,PRO,532,A_PRO_532,10.260012916398177
A,SER,530,A_SER_530,9.199105615151229
A,VAL,480,A_VAL_480,13.268421522992144
A,VAL,505,A_VAL_505,6.241550365198388
A,VAL,507,A_VAL_507,13.76293571521507
A,VAL,509,A_VAL_509,17.491827345205426
A,VAL,521,A_VAL_521,17.02344356243073
A,VAL,534,A_VAL_534,15.260363039079865
