chain,resname,resnum,res_key,density
A,ASN,156,A_ASN_156,3.2847212182142513
A,ASN,216,A_ASN_216,20.542549489290995
A,CYS,218,A_CYS_218,18.175137390673015
A,CYS,241,A_CYS_241,18.68092729969956
A,GLN,146,A_GLN_146,8.871671710930796
A,GLN,150,A_GLN_150,10.436869772070999
A,GLN,244,A_GLN_244,23.506349671669525
A,GLU,149,A_GLU_149,7.1615008322095655
A,GLU,215,A_GLU_215,9.629331195239011
A,GLU,240,A_GLU_240,22.47044237875217
A,GLU,245,A_GLU_245,4.571917400428399
A,GLY,243,A_GLY_243,10.592682159901688
A,ILE,145,A_ILE_145,18.47405619106441
A,ILE,209,A_ILE_209,1.828888348083992
A,LEU,187,A_LEU_187,5.933181237715613
A,LYS,191,A_LYS_191,14.434897091708537
A,MET,242,A_MET_242,21.307939264641462
A,PHE,148,A_PHE_148,26.122052238628076
A,PHE,219,A_PHE_219,26.074030263712885
A,PRO,238,A_PRO_238,15.93721738666678
A,SER,147,A_SER_147,12.499990522832249
A,SER,192,A_SER_192,15.533665080756894
A,SER,193,A_SER_193,4.6519049536510755
A,SER,194,A_SER_194,3.5735686879001274
A,SER,220,A_SER_220,15.13302929810659
A,SER,237,A_SER_237,11.26657439968044
A,TRP,190,A_TRP_190,31.342861032890486
A,TYR,188,A_TYR_188,5.8381958059039505
A,TYR,189,A_TYR_189,17.784376899909788
A,TYR,217,A_TYR_217,25.198159939184148
A,VAL,155,A_VAL_155,5.662395019080246
A,VAL,157,A_VAL_157,7.903036640387014
A,VAL,211,A_VAL_211,1.867725182168743
A,VAL,221,A_VAL_221,2.89955527972058
A,VAL,239,A_VAL_239,15.886709585648175
