chain,resname,resnum,res_key,density
A,ALA,41,A_ALA_41,1.8711137105705693
A,ALA,105,A_ALA_105,12.6758076508946
A,ARG,106,A_ARG_106,12.650397866407854
A,ASN,43,A_ASN_43,3.42802188201276
A,ASP,86,A_ASP_86,21.376663416526757
A,ASP,90,A_ASP_90,21.050379158693467
A,ASP,93,A_ASP_93,18.093045835162652
A,CYS,81,A_CYS_81,18.02148417547852
A,CYS,89,A_CYS_89,17.290990679206768
A,GLN,69,A_GLN_69,14.207925948179394
A,GLU,56,A_GLU_56,23.09654233093729
A,GLU,58,A_GLU_58,2.5839254524232533
A,GLU,88,A_GLU_88,24.15237122354266
A,GLU,94,A_GLU_94,19.870382704931917
A,ILE,54,A_ILE_54,18.338789000708417
A,ILE,70,A_ILE_70,18.213800729818438
A,ILE,95,A_ILE_95,12.516081032936029
A,LEU,44,A_LEU_44,19.1363847604471
A,LEU,55,A_LEU_55,17.74677251415601
A,LEU,91,A_LEU_91,18.387820325709704
A,LEU,104,A_LEU_104,5.910028113339733
A,LYS,47,A_LYS_47,18.129202506660363
A,LYS,52,A_LYS_52,17.936749584766513
A,LYS,60,A_LYS_60,2.439777144562815
A,LYS,78,A_LYS_78,9.737301776937958
A,LYS,80,A_LYS_80,20.4196185324689
A,PHE,51,A_PHE_51,3.3384727052192464
A,PHE,82,A_PHE_82,26.113084922690263
A,PHE,108,A_PHE_108,5.52310756100343
A,PHE,132,A_PHE_132,4.167562396602525
A,SER,48,A_SER_48,10.369957441860564
A,SER,79,A_SER_79,12.516272998927489
A,SER,129,A_SER_129,10.164043235809643
A,THR,45,A_THR_45,14.10864003722929
A,THR,53,A_THR_53,17.89172777902398
A,THR,67,A_THR_67,17.482794980219463
A,THR,84,A_THR_84,17.763277258740672
A,THR,85,A_THR_85,10.104447609673436
A,THR,87,A_THR_87,17.34977488937233
A,THR,92,A_THR_92,18.515836266291306
A,TRP,46,A_TRP_46,31.281138525498562
A,TRP,57,A_TRP_57,31.406998262776337
A,TYR,66,A_TYR_66,24.965159635585447
A,TYR,83,A_TYR_83,7.8422022296542
A,VAL,68,A_VAL_68,15.698883047211712
A,VAL,107,A_VAL_107,16.1510135694773
