chain,resname,resnum,res_key,density
A,ALA,120,A_ALA_120,13.322367751091226
A,ALA,127,A_ALA_127,13.143046085457048
A,ALA,376,A_ALA_376,4.885167588286699
A,ARG,132,A_ARG_132,18.954989574718972
A,ARG,151,A_ARG_151,9.797820115940853
A,ASN,124,A_ASN_124,20.681074667726094
A,ASP,131,A_ASP_131,21.924302197884863
A,CYS,118,A_CYS_118,6.0657193566635765
A,CYS,126,A_CYS_126,17.974643986373287
A,ILE,73,A_ILE_73,6.8080744712274
A,ILE,122,A_ILE_122,19.075933922766822
A,ILE,128,A_ILE_128,19.191902472639274
A,ILE,130,A_ILE_130,18.8661425124023
A,ILE,156,A_ILE_156,14.794226260476709
A,ILE,158,A_ILE_158,18.580524963100405
A,ILE,166,A_ILE_166,1.7985725962359982
A,ILE,203,A_ILE_203,15.172853308548513
A,ILE,210,A_ILE_210,2.830083458641795
A,ILE,212,A_ILE_212,5.902678624141145
A,ILE,383,A_ILE_383,3.947733533307936
A,LEU,72,A_LEU_72,18.665652164618106
A,LEU,76,A_LEU_76,12.221927301706048
A,LEU,123,A_LEU_123,18.42680005615337
A,LEU,125,A_LEU_125,19.11684990981069
A,LEU,162,A_LEU_162,7.765340503166643
A,LEU,206,A_LEU_206,16.994950993182393
A,LEU,207,A_LEU_207,16.397871547038896
A,LEU,375,A_LEU_375,15.192674765717
A,LEU,379,A_LEU_379,17.978468532864042
A,MET,155,A_MET_155,21.571598780137315
A,PHE,198,A_PHE_198,13.084019252892752
A,PHE,202,A_PHE_202,21.17391201561815
A,PHE,382,A_PHE_382,14.690574569856388
A,PRO,201,A_PRO_201,16.145454965721527
A,SER,75,A_SER_75,7.892022491232105
A,SER,121,A_SER_121,15.213566916083904
A,SER,129,A_SER_129,16.35361120329334
A,SER,163,A_SER_163,5.67880254108335
A,SER,197,A_SER_197,5.866227287009739
A,THR,69,A_THR_69,8.405450777510877
A,THR,119,A_THR_119,14.227351029135875
A,THR,134,A_THR_134,8.235849563929662
A,THR,205,A_THR_205,17.805822275709346
A,TRP,160,A_TRP_160,2.905871360942815
A,TYR,133,A_TYR_133,17.514771533287515
A,TYR,199,A_TYR_199,5.983826827953047
A,TYR,209,A_TYR_209,27.817062658727604
A,VAL,152,A_VAL_152,3.118871505525852
A,VAL,154,A_VAL_154,3.4761239331778087
A,VAL,159,A_VAL_159,16.899520287299296
A,VAL,196,A_VAL_196,3.190399441497891
A,VAL,200,A_VAL_200,15.50129334940286
A,VAL,204,A_VAL_204,16.706158886696702
A,VAL,208,A_VAL_208,16.829333683475582
A,VAL,378,A_VAL_378,10.016206758902152
