chain,resname,resnum,res_key,density
A,ALA,457,A_ALA_457,11.867078628524267
A,ALA,487,A_ALA_487,8.19191714235253
A,ALA,507,A_ALA_507,12.25124514422434
A,ARG,458,A_ARG_458,26.50981507215575
A,ARG,556,A_ARG_556,5.2515095978428885
A,ASN,455,A_ASN_455,18.98022119132088
A,ASN,460,A_ASN_460,6.62959231432828
A,ASN,479,A_ASN_479,20.50997935922639
A,CYS,478,A_CYS_478,17.779582295128623
A,CYS,505,A_CYS_505,17.933284208774424
A,GLN,506,A_GLN_506,19.95602668328911
A,GLU,456,A_GLU_456,23.394950662020925
A,GLU,480,A_GLU_480,23.47333276260512
A,GLU,504,A_GLU_504,13.89581203586914
A,GLY,481,A_GLY_481,10.344244407166878
A,GLY,486,A_GLY_486,10.125685788405532
A,ILE,508,A_ILE_508,12.038148069546539
A,LEU,482,A_LEU_482,17.415255600973964
A,LEU,483,A_LEU_483,18.70812240296431
A,LEU,484,A_LEU_484,18.226848909584355
A,LEU,527,A_LEU_527,5.831896913652949
A,LYS,533,A_LYS_533,2.6814862573847207
A,PHE,476,A_PHE_476,25.077785670520015
A,PRO,454,A_PRO_454,15.541288022236882
A,PRO,502,A_PRO_502,2.656930385849543
A,PRO,503,A_PRO_503,15.49834425056564
A,SER,475,A_SER_475,15.646250140100005
A,SER,488,A_SER_488,15.801993560524789
A,THR,477,A_THR_477,16.929512633574856
A,TYR,532,A_TYR_532,13.328344657290728
A,VAL,453,A_VAL_453,11.543973835793276
A,VAL,459,A_VAL_459,16.287163236812265
A,VAL,485,A_VAL_485,15.535991057447278
A,VAL,489,A_VAL_489,2.82757174602019
