chain,resname,resnum,res_key,density
A,ALA,674,A_ALA_674,5.923518732222093
A,ALA,701,A_ALA_701,11.854122137311133
A,ALA,747,A_ALA_747,12.190799371231098
A,ASN,716,A_ASN_716,3.1797130772885733
A,ASN,719,A_ASN_719,20.78138130422275
A,ASN,723,A_ASN_723,12.439764799137286
A,ASN,751,A_ASN_751,20.6810619292149
A,CYS,704,A_CYS_704,17.278796983917427
A,CYS,717,A_CYS_717,14.821497362015025
A,CYS,730,A_CYS_730,17.547489682594012
A,CYS,748,A_CYS_748,18.32474876285714
A,GLN,745,A_GLN_745,13.165507608822356
A,GLN,749,A_GLN_749,22.104585254912934
A,GLU,706,A_GLU_706,13.581987008408605
A,GLU,750,A_GLU_750,23.29057290670588
A,GLY,675,A_GLY_675,10.286413516660222
A,GLY,722,A_GLY_722,9.46688952887761
A,GLY,727,A_GLY_727,10.871705496607959
A,GLY,752,A_GLY_752,10.46982391610424
A,HIS,753,A_HIS_753,24.649044297019756
A,ILE,729,A_ILE_729,19.015366411889158
A,LEU,707,A_LEU_707,12.074913741486887
A,LEU,720,A_LEU_720,12.725273707175955
A,LYS,703,A_LYS_703,18.279810745447193
A,MET,715,A_MET_715,5.321144739941125
A,PHE,676,A_PHE_676,9.147693800807488
A,PHE,724,A_PHE_724,25.29268685113501
A,PHE,732,A_PHE_732,4.276334606740192
A,SER,705,A_SER_705,16.410430480231486
A,SER,718,A_SER_718,15.67188513842986
A,SER,725,A_SER_725,15.751925348006138
A,SER,728,A_SER_728,15.547494979561447
A,SER,731,A_SER_731,3.1238085422759525
A,SER,755,A_SER_755,16.020933660304948
A,THR,746,A_THR_746,17.386894853659225
A,THR,756,A_THR_756,18.144763808091326
A,THR,757,A_THR_757,2.7444386709817006
A,TRP,721,A_TRP_721,32.144786028399594
A,TRP,754,A_TRP_754,31.33739035489132
A,TYR,726,A_TYR_726,27.32008914398029
A,VAL,702,A_VAL_702,16.36153590433742
