chain,resname,resnum,res_key,density
A,ASN,212,A_ASN_212,20.753657692031766
A,ASN,219,A_ASN_219,21.537583142060214
A,ASN,223,A_ASN_223,13.012711174552377
A,CYS,213,A_CYS_213,17.597647358432866
A,CYS,226,A_CYS_226,17.119837521100198
A,CYS,244,A_CYS_244,12.05991745068576
A,GLN,225,A_GLN_225,22.2362624051755
A,GLU,202,A_GLU_202,16.78301385066719
A,GLU,243,A_GLU_243,20.013217389937928
A,GLY,201,A_GLY_201,6.288879907892367
A,GLY,218,A_GLY_218,9.643457192153797
A,HIS,215,A_HIS_215,23.905823892369916
A,HIS,229,A_HIS_229,17.74720589904725
A,LEU,203,A_LEU_203,17.492047376648333
A,LEU,205,A_LEU_205,7.092007225334203
A,LEU,210,A_LEU_210,12.253212751592237
A,LEU,217,A_LEU_217,2.468929072164396
A,LEU,242,A_LEU_242,17.33587527379799
A,LYS,241,A_LYS_241,20.370854958546907
A,MET,211,A_MET_211,21.80513481623415
A,PHE,220,A_PHE_220,25.769475873189073
A,PHE,222,A_PHE_222,6.313835845236385
A,PHE,228,A_PHE_228,24.80079123369667
A,PRO,216,A_PRO_216,15.99815266377239
A,PRO,254,A_PRO_254,1.6476870714056484
A,SER,214,A_SER_214,14.841385396041913
A,SER,221,A_SER_221,16.20083294020907
A,SER,224,A_SER_224,16.2631960826953
A,SER,227,A_SER_227,16.280557814521508
A,SER,240,A_SER_240,6.19852093306934
A,TRP,250,A_TRP_250,19.158682890456333
A,VAL,209,A_VAL_209,1.93492976632412
