chain,resname,resnum,res_key,density
A,ALA,577,A_ALA_577,8.817819677470823
A,ARG,589,A_ARG_589,15.982234423531159
A,ASN,593,A_ASN_593,13.658036402446536
A,ASN,612,A_ASN_612,5.778591997238337
A,ASN,613,A_ASN_613,19.774312587106476
A,ASP,584,A_ASP_584,21.84631224830671
A,ASP,587,A_ASP_587,21.923053999893597
A,CYS,572,A_CYS_572,1.5556948575890417
A,CYS,585,A_CYS_585,16.57464446657011
A,CYS,598,A_CYS_598,18.18313865853076
A,CYS,616,A_CYS_616,11.890163812710023
A,GLU,574,A_GLU_574,19.166418557515904
A,GLU,591,A_GLU_591,12.538712296111992
A,GLU,615,A_GLU_615,15.53265835058589
A,GLY,590,A_GLY_590,10.236646683490417
A,GLY,595,A_GLY_595,10.378629366903027
A,HIS,599,A_HIS_599,23.352452939535937
A,LEU,575,A_LEU_575,17.140505767886314
A,LEU,583,A_LEU_583,18.39921470673021
A,PHE,576,A_PHE_576,16.222298376985435
A,PHE,592,A_PHE_592,25.650089311227518
A,PHE,600,A_PHE_600,27.259707043025784
A,PRO,573,A_PRO_573,5.924497252673806
A,PRO,578,A_PRO_578,2.1367164391125
A,SER,582,A_SER_582,15.236117728332346
A,SER,586,A_SER_586,15.712063294338542
A,SER,596,A_SER_596,15.379105853523551
A,SER,601,A_SER_601,5.2263641163180505
A,THR,588,A_THR_588,17.308220595348498
A,THR,597,A_THR_597,21.184833940821754
A,TRP,622,A_TRP_622,20.034016110741465
A,VAL,614,A_VAL_614,17.30529461044562
