chain,resname,resnum,res_key,density
A,ALA,445,A_ALA_445,12.603812354751366
A,ALA,467,A_ALA_467,12.217609180401116
A,ALA,494,A_ALA_494,12.635918735325122
A,ARG,469,A_ARG_469,22.85690359394183
A,ASN,497,A_ASN_497,20.88784670803699
A,ASN,499,A_ASN_499,20.630481458141126
A,ASP,450,A_ASP_450,18.0014772014992
A,CYS,448,A_CYS_448,18.107413538751427
A,CYS,461,A_CYS_461,11.698080458606452
A,CYS,474,A_CYS_474,17.871596169172026
A,CYS,492,A_CYS_492,17.82533323703844
A,GLN,444,A_GLN_444,5.261102192920592
A,GLN,447,A_GLN_447,22.45839995629182
A,GLN,449,A_GLN_449,17.18426866144373
A,GLN,471,A_GLN_471,22.866623804377635
A,GLN,491,A_GLN_491,22.24777373146518
A,GLU,418,A_GLU_418,16.160990734760524
A,GLY,419,A_GLY_419,9.584324339069857
A,GLY,466,A_GLY_466,10.119939517337015
A,GLY,496,A_GLY_496,9.804779758592684
A,HIS,463,A_HIS_463,23.27602214831486
A,LEU,446,A_LEU_446,18.420378283925597
A,LEU,451,A_LEU_451,12.255585129428066
A,LEU,490,A_LEU_490,17.911179014277263
A,LEU,493,A_LEU_493,17.74987154109768
A,PHE,420,A_PHE_420,16.647122700129863
A,PHE,465,A_PHE_465,24.671628131187664
A,PHE,468,A_PHE_468,25.090106761138035
A,PHE,476,A_PHE_476,4.185302691174162
A,PRO,464,A_PRO_464,15.389235181817687
A,SER,462,A_SER_462,16.373672909010736
A,SER,472,A_SER_472,15.960445913620674
A,SER,475,A_SER_475,2.9456796711104642
A,SER,500,A_SER_500,15.893283446847233
A,THR,495,A_THR_495,17.772553857033135
A,TRP,498,A_TRP_498,30.929375584484468
A,TYR,470,A_TYR_470,28.344469319122382
A,VAL,473,A_VAL_473,16.271934551291164
A,VAL,489,A_VAL_489,11.277701472764438
A,VAL,501,A_VAL_501,7.110709603833346
