chain,resname,resnum,res_key,density
A,ALA,329,A_ALA_329,9.083238603804302
A,ALA,343,A_ALA_343,12.717044795159303
A,ALA,345,A_ALA_345,13.249669325855535
A,ARG,367,A_ARG_367,16.049415893915643
A,ASP,336,A_ASP_336,20.918301244940476
A,ASP,364,A_ASP_364,5.866719280780558
A,CYS,324,A_CYS_324,1.7224915841173987
A,CYS,337,A_CYS_337,18.00117414091775
A,CYS,350,A_CYS_350,16.913478235141042
A,CYS,368,A_CYS_368,11.880056270060088
A,GLN,323,A_GLN_323,2.193148328617543
A,GLN,325,A_GLN_325,6.476712161788029
A,GLU,328,A_GLU_328,11.537863519123283
A,GLU,353,A_GLU_353,14.100041079744594
A,GLY,347,A_GLY_347,10.660392007636524
A,HIS,326,A_HIS_326,23.67015946776249
A,HIS,339,A_HIS_339,22.98720724226717
A,LEU,327,A_LEU_327,17.498947867047544
A,LEU,341,A_LEU_341,10.821033417925078
A,LEU,366,A_LEU_366,17.724232151309202
A,LEU,378,A_LEU_378,1.9493055935037058
A,LYS,351,A_LYS_351,21.2942282414094
A,MET,335,A_MET_335,19.97716195428033
A,MET,365,A_MET_365,21.583231144101532
A,PHE,344,A_PHE_344,23.971820243797314
A,PHE,352,A_PHE_352,24.312388886989545
A,PRO,330,A_PRO_330,1.9049986629231312
A,PRO,340,A_PRO_340,15.461451500671728
A,SER,348,A_SER_348,16.14951044971117
A,SER,349,A_SER_349,15.543825508239987
A,THR,334,A_THR_334,17.76282651921239
A,THR,342,A_THR_342,13.40149242485491
A,TRP,374,A_TRP_374,19.8157598014256
A,TYR,346,A_TYR_346,8.660448252686082
A,VAL,338,A_VAL_338,16.66213253796484
