chain,resname,resnum,res_key,density
A,ALA,329,A_ALA_329,12.42564169260337
A,ALA,383,A_ALA_383,12.882867024683943
A,ARG,359,A_ARG_359,22.04942008665046
A,ARG,361,A_ARG_361,15.01777811298756
A,ASN,432,A_ASN_432,14.088406640634556
A,ASP,336,A_ASP_336,6.722729121789278
A,ASP,364,A_ASP_364,20.885030898729642
A,CYS,354,A_CYS_354,17.579885461454964
A,CYS,381,A_CYS_381,17.625475749604213
A,GLN,355,A_GLN_355,23.405821464716148
A,GLU,328,A_GLU_328,2.9758010371814705
A,GLU,332,A_GLU_332,23.344646319487094
A,GLU,353,A_GLU_353,22.882628094900852
A,GLU,382,A_GLU_382,20.416104101910122
A,GLY,333,A_GLY_333,10.248753427891298
A,GLY,357,A_GLY_357,10.30645713855397
A,GLY,362,A_GLY_362,10.09489106913463
A,ILE,384,A_ILE_384,18.16132675948204
A,LEU,363,A_LEU_363,10.275998757176627
A,LEU,378,A_LEU_378,4.698331977747747
A,LEU,433,A_LEU_433,2.586231122608211
A,LYS,351,A_LYS_351,21.2942282414094
A,MET,335,A_MET_335,13.560996123084058
A,MET,365,A_MET_365,2.712229679678671
A,PHE,352,A_PHE_352,24.312388886989545
A,PRO,330,A_PRO_330,16.49479123479935
A,PRO,356,A_PRO_356,16.191068212717134
A,PRO,379,A_PRO_379,15.365430880874401
A,SER,331,A_SER_331,15.888574007878782
A,THR,334,A_THR_334,17.76282651921239
A,THR,380,A_THR_380,17.769691695584243
A,TYR,358,A_TYR_358,28.409350416206678
A,TYR,408,A_TYR_408,17.819581559713832
A,VAL,360,A_VAL_360,15.831617491358685
