chain,resname,resnum,res_key,density
A,ALA,674,A_ALA_674,12.28081296936601
A,ALA,698,A_ALA_698,12.197122167787114
A,ALA,701,A_ALA_701,11.854122137311133
A,ARG,700,A_ARG_700,16.135145142897002
A,ASN,673,A_ASN_673,20.9380638500436
A,ASP,681,A_ASP_681,10.99933128593661
A,CYS,672,A_CYS_672,17.285423671768534
A,CYS,699,A_CYS_699,17.88547118295134
A,GLN,650,A_GLN_650,22.44825779070749
A,GLU,750,A_GLU_750,10.494281612685473
A,GLY,649,A_GLY_649,10.359460836887068
A,GLY,651,A_GLY_651,11.195126717966483
A,GLY,671,A_GLY_671,9.828657572374869
A,GLY,675,A_GLY_675,10.286413516660222
A,GLY,680,A_GLY_680,10.349382344259087
A,ILE,679,A_ILE_679,18.48556571901477
A,LEU,678,A_LEU_678,18.27417343396808
A,MET,653,A_MET_653,13.913720421101187
A,PHE,670,A_PHE_670,24.259527373509155
A,PHE,676,A_PHE_676,25.274541415613093
A,PRO,648,A_PRO_648,15.48367862870607
A,PRO,697,A_PRO_697,16.717558851484977
A,SER,682,A_SER_682,15.926277444773797
A,THR,646,A_THR_646,2.8789348829232067
A,THR,647,A_THR_647,17.516677899122627
A,THR,652,A_THR_652,17.060409389960803
A,THR,677,A_THR_677,16.980682341309567
A,THR,683,A_THR_683,2.9094816265621923
A,THR,696,A_THR_696,4.426933425640497
A,TYR,654,A_TYR_654,2.7411277200008444
A,TYR,669,A_TYR_669,10.02677560938476
A,TYR,726,A_TYR_726,11.139274783901467
A,VAL,702,A_VAL_702,8.51049368942314
