chain,resname,resnum,res_key,density
A,ALA,40,A_ALA_40,12.336888240714234
A,ALA,41,A_ALA_41,12.200191200565346
A,ALA,161,A_ALA_161,11.965276523438998
A,ASN,180,A_ASN_180,20.365767376088858
A,ASN,823,A_ASN_823,14.494044193844871
A,ASP,165,A_ASP_165,20.0860875410166
A,CYS,163,A_CYS_163,18.28426583497685
A,CYS,168,A_CYS_168,18.67264692237821
A,CYS,174,A_CYS_174,16.88785967912567
A,CYS,183,A_CYS_183,14.251661320315437
A,GLN,71,A_GLN_71,7.701838470712618
A,GLN,164,A_GLN_164,23.05533934220199
A,GLU,38,A_GLU_38,3.0827705253700475
A,GLU,173,A_GLU_173,20.68479361334098
A,GLU,176,A_GLU_176,22.852742530336727
A,GLU,193,A_GLU_193,14.979933060655089
A,GLY,172,A_GLY_172,9.773780653036875
A,GLY,179,A_GLY_179,10.836295967577216
A,ILE,178,A_ILE_178,2.5291105971967984
A,LEU,175,A_LEU_175,18.31219993257991
A,LYS,108,A_LYS_108,2.1836342029240168
A,LYS,170,A_LYS_170,10.825288040788466
A,MET,166,A_MET_166,19.917119421081438
A,PHE,821,A_PHE_821,25.351189890846836
A,PRO,192,A_PRO_192,2.7162398512500054
A,SER,162,A_SER_162,15.55670981033353
A,SER,167,A_SER_167,15.254705033607792
A,SER,169,A_SER_169,7.838268258479159
A,SER,184,A_SER_184,2.953506751661152
A,THR,43,A_THR_43,7.881435351810864
A,THR,65,A_THR_65,11.861546643456439
A,THR,106,A_THR_106,1.8977553667320195
A,THR,160,A_THR_160,16.480170567734362
A,THR,177,A_THR_177,18.131732702342074
A,THR,182,A_THR_182,16.899149899213278
A,THR,822,A_THR_822,10.20468763570116
A,TRP,42,A_TRP_42,31.79025900302506
A,TYR,159,A_TYR_159,23.180241218317192
A,TYR,181,A_TYR_181,28.797173878852725
A,VAL,39,A_VAL_39,12.242651095225733
A,VAL,820,A_VAL_820,6.169284761568083
