chain,resname,resnum,res_key,density
A,ALA,69,A_ALA_69,6.657769109409731
A,ALA,156,A_ALA_156,12.693963455665147
A,ALA,161,A_ALA_161,4.504051706981523
A,ARG,57,A_ARG_57,26.833155837468457
A,ARG,63,A_ARG_63,26.933269840240584
A,ASN,54,A_ASN_54,12.719004450905501
A,ASN,62,A_ASN_62,21.134871431168975
A,ASP,66,A_ASP_66,20.585932912130456
A,CYS,60,A_CYS_60,18.355326031073968
A,CYS,158,A_CYS_158,17.891710419093172
A,GLN,61,A_GLN_61,22.555550280748268
A,GLY,93,A_GLY_93,10.722900707403252
A,GLY,105,A_GLY_105,9.77614443532614
A,HIS,45,A_HIS_45,23.512427455703282
A,HIS,155,A_HIS_155,12.143602147525607
A,ILE,55,A_ILE_55,16.686017660202236
A,ILE,92,A_ILE_92,14.266584872984193
A,ILE,94,A_ILE_94,2.9532056377813705
A,LEU,67,A_LEU_67,17.885994559695778
A,LEU,157,A_LEU_157,18.731576728435808
A,LYS,49,A_LYS_49,8.559106539353088
A,LYS,58,A_LYS_58,19.993524303518168
A,LYS,154,A_LYS_154,6.303030691683885
A,SER,47,A_SER_47,16.14475822648338
A,SER,52,A_SER_52,5.602683484886239
A,SER,56,A_SER_56,14.794740067702042
A,THR,43,A_THR_43,9.10778290001977
A,THR,48,A_THR_48,2.7533914231273067
A,THR,65,A_THR_65,17.269708949850145
A,THR,160,A_THR_160,16.480170567734362
A,TRP,53,A_TRP_53,32.214228058162604
A,TRP,91,A_TRP_91,15.966735667570006
A,TYR,44,A_TYR_44,16.916897776079313
A,TYR,46,A_TYR_46,19.3352463897959
A,TYR,51,A_TYR_51,27.40847721415962
A,TYR,59,A_TYR_59,27.630764624013896
A,TYR,64,A_TYR_64,29.09392419454003
A,TYR,90,A_TYR_90,4.359126187695674
A,TYR,159,A_TYR_159,28.072019602915923
A,VAL,68,A_VAL_68,16.434645040227622
A,VAL,104,A_VAL_104,14.179137262159818
