chain,resname,resnum,res_key,density
A,ALA,156,A_ALA_156,2.165203449532361
A,ARG,57,A_ARG_57,18.534565452296512
A,ARG,95,A_ARG_95,25.65805439032882
A,ASN,54,A_ASN_54,20.994352879712242
A,ASN,97,A_ASN_97,17.23626263488745
A,ASN,123,A_ASN_123,12.356006479992095
A,ASN,124,A_ASN_124,21.14094641507331
A,ASN,127,A_ASN_127,7.712500254708709
A,ASN,128,A_ASN_128,20.61587172930145
A,ASN,146,A_ASN_146,21.00664733425539
A,ASP,130,A_ASP_130,21.19798242164858
A,ASP,147,A_ASP_147,21.59311111991596
A,CYS,131,A_CYS_131,17.480339218519042
A,CYS,150,A_CYS_150,17.11100329995982
A,GLU,121,A_GLU_121,9.938718816347818
A,GLU,129,A_GLU_129,22.203762213752967
A,GLU,133,A_GLU_133,23.288708686072127
A,GLU,148,A_GLU_148,22.452095551618267
A,GLY,93,A_GLY_93,10.722900707403252
A,HIS,149,A_HIS_149,23.65016466603724
A,HIS,155,A_HIS_155,8.097409274600462
A,ILE,55,A_ILE_55,2.7426446809210825
A,ILE,92,A_ILE_92,18.28678897558642
A,ILE,94,A_ILE_94,18.947592971010877
A,ILE,134,A_ILE_134,14.698319516379627
A,LEU,67,A_LEU_67,9.52148847479657
A,LEU,151,A_LEU_151,18.000273927611783
A,LYS,96,A_LYS_96,19.677699923317768
A,LYS,125,A_LYS_125,12.733762273687834
A,LYS,152,A_LYS_152,19.763318487753327
A,LYS,153,A_LYS_153,10.287843734379148
A,LYS,154,A_LYS_154,21.400881824530327
A,PRO,122,A_PRO_122,14.978779073686836
A,SER,52,A_SER_52,15.86703748431845
A,SER,56,A_SER_56,11.647499828924845
A,SER,88,A_SER_88,3.4033125400411937
A,THR,100,A_THR_100,6.182970436528981
A,THR,102,A_THR_102,15.152382351737938
A,TRP,53,A_TRP_53,32.214228058162604
A,TRP,91,A_TRP_91,30.422168181082327
A,TRP,101,A_TRP_101,30.91800161877856
A,TRP,103,A_TRP_103,17.702677996490912
A,TRP,117,A_TRP_117,15.419300176064494
A,TRP,145,A_TRP_145,28.39812342892445
A,TYR,51,A_TYR_51,5.44916887932259
A,TYR,89,A_TYR_89,4.960655095667975
A,TYR,90,A_TYR_90,12.56899774180166
A,TYR,135,A_TYR_135,6.99237559066273
A,VAL,68,A_VAL_68,3.401716425332188
A,VAL,104,A_VAL_104,10.68110932335949
A,VAL,132,A_VAL_132,16.158261538899094
