chain,resname,resnum,res_key,density
A,ALA,246,A_ALA_246,12.176839840223957
A,ARG,198,A_ARG_198,23.608666387520422
A,ASN,219,A_ASN_219,19.28649065973985
A,ASN,223,A_ASN_223,18.819383469493204
A,ASN,252,A_ASN_252,12.49548481723471
A,CYS,200,A_CYS_200,17.68517842857044
A,CYS,213,A_CYS_213,6.788661588558359
A,CYS,226,A_CYS_226,11.420328282025075
A,CYS,244,A_CYS_244,18.233486562328274
A,GLN,225,A_GLN_225,13.92943929086789
A,GLU,199,A_GLU_199,23.063788357447486
A,GLU,202,A_GLU_202,22.820150127742313
A,GLU,204,A_GLU_204,5.103386070473677
A,GLU,243,A_GLU_243,20.013217389937928
A,GLY,188,A_GLY_188,9.65395190699335
A,GLY,201,A_GLY_201,11.232337976985129
A,GLY,218,A_GLY_218,9.643457192153797
A,GLY,248,A_GLY_248,9.751358547625037
A,HIS,215,A_HIS_215,15.010750464648675
A,ILE,249,A_ILE_249,18.0554506193703
A,LEU,203,A_LEU_203,17.492047376648333
A,LEU,217,A_LEU_217,9.507995419624296
A,LEU,242,A_LEU_242,17.33587527379799
A,LEU,245,A_LEU_245,17.93799526748489
A,LYS,253,A_LYS_253,10.421709682864627
A,MET,211,A_MET_211,6.817199691228347
A,PHE,220,A_PHE_220,25.769475873189073
A,PHE,222,A_PHE_222,25.875080443491512
A,PHE,228,A_PHE_228,4.266938974815534
A,PRO,216,A_PRO_216,2.156711238466942
A,PRO,254,A_PRO_254,6.098238369311252
A,SER,214,A_SER_214,5.177332776661385
A,SER,221,A_SER_221,16.20083294020907
A,SER,224,A_SER_224,16.2631960826953
A,SER,247,A_SER_247,16.315360871596862
A,THR,251,A_THR_251,18.15641578165049
A,TRP,250,A_TRP_250,31.430491176912795
A,TYR,190,A_TYR_190,9.850060702950515
A,VAL,197,A_VAL_197,15.554690373246343
