chain,resname,resnum,res_key,density
A,ALA,376,A_ALA_376,12.034914799255802
A,ALA,485,A_ALA_485,5.832222308749994
A,ARG,342,A_ARG_342,5.341362694336487
A,ASN,480,A_ASN_480,22.465543211701295
A,ASP,338,A_ASP_338,21.31419290511856
A,ASP,380,A_ASP_380,19.497310064315425
A,ASP,479,A_ASP_479,15.59691001912196
A,CYS,405,A_CYS_405,17.641362627270578
A,CYS,481,A_CYS_481,18.233434061098784
A,GLN,339,A_GLN_339,23.445869935212716
A,GLN,401,A_GLN_401,5.930190283567909
A,GLU,341,A_GLU_341,22.575509299063647
A,GLU,406,A_GLU_406,23.739532997069794
A,GLY,340,A_GLY_340,9.982529394333651
A,GLY,382,A_GLY_382,2.6005515187420998
A,GLY,436,A_GLY_436,9.922419378808403
A,HIS,336,A_HIS_336,23.783322776481594
A,HIS,482,A_HIS_482,24.858744841259345
A,HIS,484,A_HIS_484,23.771916566827514
A,ILE,375,A_ILE_375,5.9205759706386285
A,ILE,402,A_ILE_402,18.63271736446259
A,ILE,440,A_ILE_440,13.208158458654212
A,LEU,337,A_LEU_337,18.184838119349322
A,LEU,343,A_LEU_343,12.544252175737503
A,LEU,408,A_LEU_408,18.332785690328592
A,LEU,438,A_LEU_438,17.61600576789635
A,LYS,378,A_LYS_378,21.128142841647165
A,MET,407,A_MET_407,21.40921849347971
A,PHE,334,A_PHE_334,22.507916194464418
A,PRO,439,A_PRO_439,16.054808092294124
A,SER,377,A_SER_377,15.56633385028182
A,SER,379,A_SER_379,10.314854960502547
A,SER,381,A_SER_381,15.739562022535589
A,SER,409,A_SER_409,2.8435961156019873
A,SER,435,A_SER_435,12.815671253832267
A,SER,483,A_SER_483,15.949684249146046
A,THR,335,A_THR_335,15.324530863170873
A,THR,437,A_THR_437,17.445925526358533
A,VAL,403,A_VAL_403,16.65309406483185
A,VAL,404,A_VAL_404,15.452916114097427
