chain,resname,resnum,res_key,density
A,ALA,462,A_ALA_462,12.005821355640268
A,ALA,478,A_ALA_478,12.378852560772138
A,ALA,485,A_ALA_485,3.3333039146304233
A,ARG,412,A_ARG_412,18.06548758992944
A,ARG,430,A_ARG_430,14.475119589520002
A,ARG,493,A_ARG_493,2.5931582794653707
A,ASN,453,A_ASN_453,20.847639005027546
A,ASP,479,A_ASP_479,15.078683037949144
A,CYS,431,A_CYS_431,18.232322039775518
A,CYS,476,A_CYS_476,17.126354467130362
A,GLN,410,A_GLN_410,23.06038593639577
A,GLN,443,A_GLN_443,23.043527180788587
A,GLN,475,A_GLN_475,23.28375729488352
A,GLU,428,A_GLU_428,2.57188842555964
A,GLU,432,A_GLU_432,23.470240076330978
A,GLU,452,A_GLU_452,14.42845283265354
A,GLU,473,A_GLU_473,12.458720378442429
A,GLU,490,A_GLU_490,23.12046309954907
A,ILE,413,A_ILE_413,18.759990868356027
A,ILE,434,A_ILE_434,2.455345900248753
A,ILE,440,A_ILE_440,11.577404584556563
A,LEU,408,A_LEU_408,7.893475106666296
A,LEU,444,A_LEU_444,17.113340905170627
A,LEU,445,A_LEU_445,18.706365966798142
A,LEU,451,A_LEU_451,12.753865294612545
A,LEU,488,A_LEU_488,17.68470257014064
A,LEU,492,A_LEU_492,18.7537940735839
A,LYS,446,A_LYS_446,14.316241750129796
A,LYS,449,A_LYS_449,10.381745668074936
A,LYS,456,A_LYS_456,1.948661021728084
A,LYS,486,A_LYS_486,20.956402712488508
A,MET,487,A_MET_487,20.762201196889457
A,PHE,464,A_PHE_464,23.989911394329386
A,PRO,411,A_PRO_411,16.481621698716378
A,PRO,461,A_PRO_461,9.769836779556634
A,SER,409,A_SER_409,13.242650549255698
A,SER,414,A_SER_414,15.312085039749665
A,SER,433,A_SER_433,15.342505233460365
A,SER,441,A_SER_441,15.881891772480202
A,SER,448,A_SER_448,15.060935940015797
A,SER,454,A_SER_454,15.505855685637039
A,SER,489,A_SER_489,15.299008347919594
A,THR,447,A_THR_447,7.467435968984684
A,TYR,415,A_TYR_415,5.007548822865943
A,TYR,442,A_TYR_442,28.393253250052076
A,TYR,474,A_TYR_474,25.761393051317683
A,VAL,429,A_VAL_429,16.10054918733496
A,VAL,450,A_VAL_450,16.037453560366583
A,VAL,463,A_VAL_463,10.12318035663019
A,VAL,477,A_VAL_477,15.35194530687442
A,VAL,491,A_VAL_491,15.71914367465835
