chain,resname,resnum,res_key,density
A,ALA,1009,A_ALA_1009,12.542806316515088
A,ARG,923,A_ARG_923,20.471667960841277
A,ARG,988,A_ARG_988,16.202379612949954
A,ASN,989,A_ASN_989,12.238616628051467
A,ASP,1012,A_ASP_1012,21.150213459768835
A,CYS,1005,A_CYS_1005,17.80343339265147
A,CYS,1010,A_CYS_1010,17.688687306122453
A,GLN,919,A_GLN_919,3.0598621594609914
A,GLY,1013,A_GLY_1013,10.29423827087299
A,ILE,1014,A_ILE_1014,18.176823111968055
A,LEU,922,A_LEU_922,18.471728837004687
A,LYS,1003,A_LYS_1003,6.25552024672766
A,PHE,985,A_PHE_985,20.91191265532476
A,PHE,1007,A_PHE_1007,25.037011975260917
A,SER,920,A_SER_920,9.817696446862511
A,SER,1004,A_SER_1004,7.862897004262192
A,SER,1006,A_SER_1006,15.587260879594197
A,SER,1008,A_SER_1008,15.930011984211585
A,SER,1015,A_SER_1015,4.743344195940054
A,THR,1011,A_THR_1011,17.624065499960558
A,TRP,1016,A_TRP_1016,22.888868579008243
A,VAL,1019,A_VAL_1019,1.9669813554271112
