chain,resname,resnum,res_key,density
A,ALA,414,A_ALA_414,12.515098843858048
A,ASN,380,A_ASN_380,18.38517884624287
A,ASN,403,A_ASN_403,21.388341945774698
A,ASN,453,A_ASN_453,21.212578481584284
A,ASP,408,A_ASP_408,20.785118485690898
A,ASP,456,A_ASP_456,22.543839047322844
A,CYS,404,A_CYS_404,18.41325081391134
A,CYS,447,A_CYS_447,3.3431699438999534
A,CYS,471,A_CYS_471,7.298182744587077
A,GLN,406,A_GLN_406,23.24255225160122
A,GLU,381,A_GLU_381,5.593189651831549
A,GLU,394,A_GLU_394,19.66715396655448
A,GLU,412,A_GLU_412,11.611837519745468
A,GLU,450,A_GLU_450,10.042135812980714
A,GLY,393,A_GLY_393,5.611786930052673
A,GLY,409,A_GLY_409,10.207454344161643
A,HIS,396,A_HIS_396,19.050412124205913
A,HIS,405,A_HIS_405,23.428076847752017
A,ILE,368,A_ILE_368,12.241627134593285
A,ILE,384,A_ILE_384,12.549533460308231
A,ILE,475,A_ILE_475,4.152763433878462
A,LEU,410,A_LEU_410,17.2645434517663
A,LEU,413,A_LEU_413,18.448384629906712
A,LEU,448,A_LEU_448,16.113748947794505
A,LEU,459,A_LEU_459,1.8133089458245808
A,LYS,397,A_LYS_397,20.678218949565483
A,LYS,400,A_LYS_400,5.574763999336999
A,LYS,451,A_LYS_451,16.700665928167513
A,MET,366,A_MET_366,22.629679205600056
A,MET,452,A_MET_452,20.3073409482781
A,PHE,367,A_PHE_367,6.76262151136855
A,PHE,382,A_PHE_382,24.753612151445747
A,PHE,455,A_PHE_455,25.28551296273368
A,PRO,401,A_PRO_401,15.958686525477399
A,THR,383,A_THR_383,10.543372540617373
A,THR,415,A_THR_415,7.745604019040148
A,THR,457,A_THR_457,13.110841156981653
A,TYR,407,A_TYR_407,28.923356202510593
A,VAL,395,A_VAL_395,16.485033157105427
A,VAL,402,A_VAL_402,16.569649141882625
A,VAL,411,A_VAL_411,16.91091905782637
A,VAL,449,A_VAL_449,16.235230777298025
A,VAL,454,A_VAL_454,16.424271629607983
