chain,resname,resnum,res_key,density
A,ALA,301,A_ALA_301,12.406679285598864
A,ALA,303,A_ALA_303,3.058244116346846
A,ALA,305,A_ALA_305,12.541228424046416
A,ALA,306,A_ALA_306,7.039584054667875
A,ALA,778,A_ALA_778,12.583734851422951
A,ALA,779,A_ALA_779,12.531542658256193
A,ALA,785,A_ALA_785,12.186763925094976
A,ALA,845,A_ALA_845,12.868243978333886
A,ALA,846,A_ALA_846,12.363480581017678
A,ALA,850,A_ALA_850,12.490070457789084
A,ALA,851,A_ALA_851,9.672061611210896
A,ALA,852,A_ALA_852,6.694651889676848
A,ALA,899,A_ALA_899,12.78247786822773
A,ASN,767,A_ASN_767,17.462795645974943
A,ASN,795,A_ASN_795,2.513106601296304
A,CYS,773,A_CYS_773,18.069843810547113
A,CYS,841,A_CYS_841,17.70731047201039
A,GLN,790,A_GLN_790,10.893885369069366
A,GLU,770,A_GLU_770,23.137479080688436
A,GLU,784,A_GLU_784,23.65174860645417
A,GLU,907,A_GLU_907,2.9912299075874222
A,GLY,769,A_GLY_769,10.861624868943043
A,GLY,781,A_GLY_781,6.836539513814605
A,GLY,840,A_GLY_840,11.27407456807543
A,GLY,844,A_GLY_844,10.036970996495683
A,GLY,849,A_GLY_849,10.632934380389665
A,ILE,267,A_ILE_267,7.6173925733395444
A,ILE,298,A_ILE_298,15.950782582528998
A,ILE,774,A_ILE_774,18.309867440912775
A,ILE,787,A_ILE_787,15.32984621965964
A,ILE,839,A_ILE_839,6.121951139672601
A,ILE,906,A_ILE_906,2.080885144646689
A,LEU,302,A_LEU_302,18.47531121601246
A,LEU,776,A_LEU_776,18.386937566189335
A,LEU,780,A_LEU_780,14.909114174153363
A,LEU,786,A_LEU_786,19.660768890896364
A,LEU,791,A_LEU_791,12.155559477295629
A,LEU,837,A_LEU_837,3.290111952637338
A,LEU,900,A_LEU_900,14.746025395691513
A,LEU,903,A_LEU_903,18.37530537655421
A,MET,896,A_MET_896,14.189737796509903
A,MET,898,A_MET_898,5.85984415067254
A,PHE,775,A_PHE_775,25.410591053083238
A,PHE,782,A_PHE_782,25.087790790416804
A,PRO,783,A_PRO_783,13.824289050960365
A,PRO,788,A_PRO_788,6.385481321413389
A,PRO,895,A_PRO_895,6.058267924497644
A,SER,765,A_SER_765,6.429144427796565
A,SER,766,A_SER_766,16.69454568143964
A,THR,777,A_THR_777,17.94289008300351
A,THR,847,A_THR_847,18.2895201094717
A,TYR,842,A_TYR_842,16.73682209752817
A,VAL,271,A_VAL_271,6.003687792330228
A,VAL,304,A_VAL_304,2.739836937286658
A,VAL,768,A_VAL_768,16.65813004060308
A,VAL,771,A_VAL_771,16.339743430279743
A,VAL,772,A_VAL_772,16.867461708471836
A,VAL,794,A_VAL_794,2.0755947278723776
A,VAL,843,A_VAL_843,16.873227562442146
A,VAL,848,A_VAL_848,16.633328883735906
A,VAL,902,A_VAL_902,16.082318555074643
A,VAL,904,A_VAL_904,2.9107790074951465
