chain,resname,resnum,res_key,density
A,ALA,313,A_ALA_313,12.326626059513204
A,ALA,320,A_ALA_320,13.239344214914786
A,ALA,751,A_ALA_751,12.435499993303024
A,ALA,803,A_ALA_803,12.736822176112739
A,ALA,805,A_ALA_805,12.5268250705329
A,ARG,324,A_ARG_324,18.794859976720794
A,ARG,325,A_ARG_325,24.26884350203034
A,ARG,750,A_ARG_750,8.9175828749806
A,ASN,754,A_ASN_754,11.480682061810619
A,ASN,755,A_ASN_755,21.905171998960903
A,ASN,809,A_ASN_809,20.26034357886586
A,ASN,929,A_ASN_929,2.371505952122978
A,CYS,318,A_CYS_318,18.012434407874327
A,GLN,108,A_GLN_108,10.893329813751658
A,GLN,758,A_GLN_758,9.094234523077056
A,GLU,340,A_GLU_340,14.837503447863806
A,GLU,748,A_GLU_748,20.542624283832538
A,GLY,310,A_GLY_310,5.6543951753106265
A,GLY,322,A_GLY_322,11.330784558139968
A,GLY,749,A_GLY_749,10.56073456338736
A,GLY,800,A_GLY_800,8.29061333525684
A,GLY,807,A_GLY_807,10.421397500745147
A,ILE,315,A_ILE_315,18.465871812218218
A,ILE,752,A_ILE_752,19.310970629830226
A,ILE,760,A_ILE_760,11.074086490416198
A,LEU,249,A_LEU_249,7.966911876476807
A,LEU,253,A_LEU_253,1.8484413328152522
A,LEU,311,A_LEU_311,16.818506961111034
A,LEU,319,A_LEU_319,18.3022832064056
A,LEU,321,A_LEU_321,17.667267130820406
A,LEU,336,A_LEU_336,18.266739556623506
A,LEU,763,A_LEU_763,1.8404525630806492
A,LEU,801,A_LEU_801,7.809714605781096
A,LEU,806,A_LEU_806,16.70586729997294
A,LYS,757,A_LYS_757,7.208747959095279
A,MET,326,A_MET_326,15.030007808104253
A,MET,756,A_MET_756,22.03338908851898
A,PHE,759,A_PHE_759,24.275192611846688
A,PHE,808,A_PHE_808,25.335772594036552
A,PRO,312,A_PRO_312,11.463449856918304
A,PRO,337,A_PRO_337,16.359036722162767
A,PRO,802,A_PRO_802,6.003185660324502
A,SER,335,A_SER_335,6.146819919724304
A,SER,338,A_SER_338,5.217432868543993
A,THR,316,A_THR_316,18.530129299546296
A,THR,317,A_THR_317,16.590733883804866
A,THR,323,A_THR_323,18.139317043128763
A,THR,804,A_THR_804,17.394534596995822
A,TRP,931,A_TRP_931,6.33973832414736
A,TYR,753,A_TYR_753,16.54429278888943
A,VAL,104,A_VAL_104,1.9550878680456347
A,VAL,314,A_VAL_314,16.80582635294209
A,VAL,333,A_VAL_333,5.881240196003258
A,VAL,339,A_VAL_339,16.420411181889005
