chain,resname,resnum,res_key,density
A,ALA,607,A_ALA_607,11.973872851324458
A,ALA,631,A_ALA_631,12.561563773219248
A,ALA,633,A_ALA_633,13.003347174715529
A,ALA,651,A_ALA_651,12.899772542658338
A,ALA,672,A_ALA_672,9.654886681104706
A,ALA,676,A_ALA_676,7.024281337352413
A,ARG,603,A_ARG_603,5.989213389975408
A,ARG,614,A_ARG_614,10.26587221410026
A,ARG,619,A_ARG_619,2.821570810215192
A,ARG,636,A_ARG_636,26.667986063998452
A,ARG,637,A_ARG_637,23.292632850003336
A,ARG,673,A_ARG_673,26.381040609715807
A,ASN,627,A_ASN_627,9.710513841134082
A,ASN,671,A_ASN_671,3.147482038751003
A,ASP,351,A_ASP_351,10.180130635186778
A,ASP,556,A_ASP_556,10.77573400879396
A,ASP,600,A_ASP_600,3.20231618358361
A,ASP,626,A_ASP_626,10.251396139171145
A,ASP,644,A_ASP_644,7.28135933128226
A,ASP,646,A_ASP_646,10.168427707795557
A,CYS,635,A_CYS_635,18.179744138321567
A,CYS,674,A_CYS_674,17.748223689982545
A,GLN,643,A_GLN_643,22.55238557562027
A,GLU,645,A_GLU_645,23.39685322085495
A,GLY,554,A_GLY_554,5.888242935632542
A,GLY,629,A_GLY_629,10.619151757117034
A,GLY,639,A_GLY_639,10.399574446927744
A,GLY,642,A_GLY_642,10.681388368260322
A,ILE,348,A_ILE_348,3.264377537962003
A,ILE,621,A_ILE_621,16.528972595954695
A,ILE,623,A_ILE_623,14.880631123193664
A,ILE,634,A_ILE_634,18.759403114466263
A,ILE,638,A_ILE_638,17.8973378477309
A,ILE,640,A_ILE_640,18.427895835474356
A,LEU,356,A_LEU_356,18.04239824878999
A,LEU,599,A_LEU_599,1.7937812711228547
A,LYS,352,A_LYS_352,20.347372043817746
A,LYS,611,A_LYS_611,2.6635484038830244
A,LYS,628,A_LYS_628,17.97700849705344
A,LYS,650,A_LYS_650,20.139551480943112
A,MET,622,A_MET_622,21.11958015744258
A,PHE,641,A_PHE_641,24.603826111351317
A,PHE,652,A_PHE_652,5.968902645644416
A,PHE,675,A_PHE_675,16.20806022805827
A,PHE,739,A_PHE_739,8.17575931141501
A,PRO,601,A_PRO_601,7.991768664934922
A,PRO,602,A_PRO_602,16.479008550766615
A,SER,350,A_SER_350,14.807241996101649
A,SER,555,A_SER_555,14.502850521467126
A,THR,353,A_THR_353,3.1806669647035357
A,THR,357,A_THR_357,13.083659620145621
A,THR,557,A_THR_557,12.35467392822693
A,THR,624,A_THR_624,11.22493563162799
A,THR,630,A_THR_630,17.381542893576608
A,THR,648,A_THR_648,2.6442240928155734
A,VAL,606,A_VAL_606,13.381006896172472
A,VAL,610,A_VAL_610,16.54682245866495
A,VAL,620,A_VAL_620,15.76698846217502
A,VAL,632,A_VAL_632,16.53399597399095
A,VAL,647,A_VAL_647,16.023164105871533
