chain,resname,resnum,res_key,density
A,ALA,446,A_ALA_446,12.324030280679734
A,ALA,449,A_ALA_449,12.449460145711338
A,CYS,444,A_CYS_444,17.819678785387815
A,GLY,442,A_GLY_442,10.242511264004523
A,ILE,437,A_ILE_437,14.300050082461157
A,ILE,440,A_ILE_440,19.105175480503682
A,ILE,443,A_ILE_443,18.526968083165812
A,ILE,445,A_ILE_445,17.884234623743584
A,LEU,439,A_LEU_439,16.933277170430284
A,LEU,447,A_LEU_447,18.24715924044918
A,LEU,450,A_LEU_450,15.508813389936819
A,LYS,436,A_LYS_436,5.888246413716668
A,PHE,448,A_PHE_448,25.211936024142595
A,PRO,451,A_PRO_451,8.683537904779442
A,TRP,438,A_TRP_438,22.483212317230866
A,VAL,441,A_VAL_441,16.734600865335914
