chain,resname,resnum,res_key,density
A,CYS,502,A_CYS_502,18.042113235856657
A,GLU,500,A_GLU_500,23.52690741198091
A,ILE,499,A_ILE_499,17.61135501304004
A,ILE,504,A_ILE_504,18.38700707543912
A,ILE,505,A_ILE_505,17.1213576432468
A,LYS,501,A_LYS_501,20.239425222288617
A,PHE,503,A_PHE_503,24.561367786033312
A,SER,483,A_SER_483,3.2013070227932245
