chain,resname,resnum,res_key,density
A,ALA,2243,A_ALA_2243,12.599419287257268
A,ALA,2257,A_ALA_2257,3.355241494421872
A,ALA,2266,A_ALA_2266,1.7647592401151557
A,ALA,2272,A_ALA_2272,10.27612434162917
A,ALA,2296,A_ALA_2296,12.715609378856172
A,ARG,2146,A_ARG_2146,24.123701850306055
A,ARG,2147,A_ARG_2147,11.316664678466228
A,ARG,2148,A_ARG_2148,26.249195022591184
A,ARG,2149,A_ARG_2149,8.302796424845898
A,ARG,2242,A_ARG_2242,14.337544172779316
A,ARG,2264,A_ARG_2264,10.33703607236642
A,ARG,2288,A_ARG_2288,26.09108637193946
A,ASP,2287,A_ASP_2287,21.03097732346164
A,ASP,2290,A_ASP_2290,21.421320736213744
A,CYS,2293,A_CYS_2293,17.98635714885793
A,GLU,2258,A_GLU_2258,21.02526873084742
A,GLU,2265,A_GLU_2265,2.894862609499249
A,GLU,2286,A_GLU_2286,22.543353875283046
A,GLY,2244,A_GLY_2244,9.897545553437865
A,GLY,2245,A_GLY_2245,4.282172720676757
A,GLY,2267,A_GLY_2267,2.984821178230328
A,GLY,2269,A_GLY_2269,3.107027594063164
A,GLY,2270,A_GLY_2270,2.5155298857440065
A,GLY,2291,A_GLY_2291,10.717548299805946
A,GLY,2294,A_GLY_2294,9.8863050728687
A,ILE,2144,A_ILE_2144,9.342395646001766
A,ILE,2261,A_ILE_2261,17.403467336312172
A,ILE,2273,A_ILE_2273,12.955274568957975
A,ILE,2283,A_ILE_2283,1.6509507327114408
A,ILE,2316,A_ILE_2316,5.718993484993947
A,LEU,2162,A_LEU_2162,8.50409600292994
A,LEU,2164,A_LEU_2164,15.719592534899245
A,LEU,2248,A_LEU_2248,5.278599849669873
A,LEU,2271,A_LEU_2271,18.13045008672928
A,LYS,2165,A_LYS_2165,20.988907736831898
A,LYS,2240,A_LYS_2240,3.188135218842294
A,LYS,2289,A_LYS_2289,17.783573897543437
A,LYS,2310,A_LYS_2310,3.1386682370558865
A,PHE,2226,A_PHE_2226,6.168277340858623
A,PHE,2259,A_PHE_2259,24.470501910929695
A,PHE,2285,A_PHE_2285,24.365895857882425
A,PHE,2311,A_PHE_2311,10.027451453566197
A,PRO,2151,A_PRO_2151,5.727310365089603
A,SER,2163,A_SER_2163,15.604665357517971
A,SER,2260,A_SER_2260,15.566721901317159
A,SER,2284,A_SER_2284,16.018467827233156
A,SER,2292,A_SER_2292,16.16224604379569
A,THR,2145,A_THR_2145,2.425207206509275
A,THR,2197,A_THR_2197,3.7962392437698265
A,THR,2263,A_THR_2263,17.262767105688994
A,TRP,2262,A_TRP_2262,29.937731031703436
A,VAL,2241,A_VAL_2241,16.096189857471654
A,VAL,2295,A_VAL_2295,15.652136761630544
A,VAL,2309,A_VAL_2309,7.956942576607097
