chain,resname,resnum,res_key,density
A,ARG,488,A_ARG_488,10.046001703417645
A,ARG,496,A_ARG_496,26.511214209082713
A,ARG,655,A_ARG_655,26.940998546950368
A,ASN,576,A_ASN_576,20.704978538359327
A,ASN,650,A_ASN_650,5.495895684532767
A,ASP,653,A_ASP_653,21.543292062519512
A,CYS,574,A_CYS_574,18.290857488912675
A,CYS,649,A_CYS_649,17.421238152092908
A,GLN,577,A_GLN_577,23.121919631869417
A,GLU,499,A_GLU_499,20.29023735533051
A,GLU,573,A_GLU_573,23.51654318363132
A,GLU,652,A_GLU_652,23.500042577997814
A,GLY,494,A_GLY_494,10.007654605065841
A,GLY,571,A_GLY_571,10.688052339523702
A,GLY,575,A_GLY_575,10.18762312861348
A,ILE,602,A_ILE_602,2.0139767365852888
A,ILE,654,A_ILE_654,18.281201215778736
A,LEU,648,A_LEU_648,4.4513232058128
A,LEU,656,A_LEU_656,18.38155195171244
A,LYS,498,A_LYS_498,20.132866052482637
A,LYS,578,A_LYS_578,14.235372797091408
A,PRO,547,A_PRO_547,3.182838372386816
A,PRO,658,A_PRO_658,2.7507463264956784
A,SER,651,A_SER_651,5.578778753142546
A,SER,657,A_SER_657,15.400002044288906
A,THR,572,A_THR_572,17.992800300707792
A,VAL,495,A_VAL_495,14.240956263860225
A,VAL,497,A_VAL_497,16.591271704142514
A,VAL,570,A_VAL_570,9.351922535437977
A,VAL,579,A_VAL_579,12.105486809680123
A,VAL,647,A_VAL_647,3.163190957096862
