chain,resname,resnum,res_key,density
A,ALA,436,A_ALA_436,8.10089278094561
A,ALA,1173,A_ALA_1173,11.714970209083102
A,ALA,1175,A_ALA_1175,12.516871328850026
A,ALA,1201,A_ALA_1201,11.690596274061246
A,ALA,1205,A_ALA_1205,11.908234858326225
A,ALA,1228,A_ALA_1228,12.632301278014454
A,ALA,1252,A_ALA_1252,12.232279656109014
A,ARG,437,A_ARG_437,12.21442012717281
A,ARG,443,A_ARG_443,2.4444913801189756
A,CYS,1198,A_CYS_1198,12.662143587935205
A,CYS,1225,A_CYS_1225,18.51645525132554
A,GLN,433,A_GLN_433,7.826315199564586
A,GLN,1248,A_GLN_1248,21.444659351793067
A,GLU,435,A_GLU_435,20.38166203720342
A,GLU,1177,A_GLU_1177,13.599551041552266
A,GLU,1200,A_GLU_1200,19.179046039285815
A,GLU,1206,A_GLU_1206,7.682940925458558
A,GLU,1250,A_GLU_1250,14.441663767743346
A,GLY,1176,A_GLY_1176,9.678774017305535
A,GLY,1202,A_GLY_1202,10.428945969998146
A,GLY,1227,A_GLY_1227,9.74898190473192
A,ILE,1197,A_ILE_1197,11.526706469409685
A,ILE,1222,A_ILE_1222,15.954488892324287
A,LEU,434,A_LEU_434,3.305192722977917
A,LEU,1203,A_LEU_1203,18.6057756821113
A,LEU,1224,A_LEU_1224,18.531327337360196
A,LEU,1247,A_LEU_1247,15.23340029476167
A,PRO,1204,A_PRO_1204,15.599244409570925
A,PRO,1223,A_PRO_1223,15.777635897839753
A,PRO,1226,A_PRO_1226,15.937901071010216
A,PRO,1251,A_PRO_1251,16.598614686497996
A,SER,1199,A_SER_1199,15.423148479891438
A,THR,1174,A_THR_1174,17.07988813245826
A,THR,1230,A_THR_1230,2.976105926220696
A,TYR,1221,A_TYR_1221,19.33248301117663
A,TYR,1229,A_TYR_1229,27.28760824711195
A,VAL,1178,A_VAL_1178,2.810610666545874
A,VAL,1249,A_VAL_1249,16.221901402512973
