chain,resname,resnum,res_key,density
A,ARG,1359,A_ARG_1359,12.130570800144348
A,ARG,1381,A_ARG_1381,13.773040704489322
A,ASN,1374,A_ASN_1374,5.4785976496833
A,ASN,1405,A_ASN_1405,21.24935526006233
A,ASN,1425,A_ASN_1425,3.3407599934916496
A,ASP,1404,A_ASP_1404,21.888519086017908
A,ASP,1407,A_ASP_1407,20.91747625709911
A,CYS,1402,A_CYS_1402,17.54337094219798
A,CYS,1410,A_CYS_1410,17.267089340042347
A,GLU,1379,A_GLU_1379,23.321034483703198
A,GLU,1413,A_GLU_1413,19.942684109301133
A,GLY,1362,A_GLY_1362,4.429653620046723
A,GLY,1386,A_GLY_1386,3.3224951792574458
A,GLY,1387,A_GLY_1387,5.993545983720792
A,GLY,1389,A_GLY_1389,9.99258949245275
A,GLY,1408,A_GLY_1408,10.144388344140566
A,HIS,1361,A_HIS_1361,23.95567232477738
A,ILE,1365,A_ILE_1365,1.6559584504028715
A,LEU,1388,A_LEU_1388,18.56052238466327
A,LEU,1390,A_LEU_1390,15.04981657383836
A,LYS,1375,A_LYS_1375,20.54198727989895
A,LYS,1406,A_LYS_1406,17.897127244379547
A,MET,1400,A_MET_1400,18.624111888955188
A,MET,1403,A_MET_1403,21.857483285467033
A,MET,2207,A_MET_2207,6.733601712299205
A,PHE,1376,A_PHE_1376,25.446524479304973
A,PRO,2232,A_PRO_2232,3.6638049985135988
A,SER,1401,A_SER_1401,15.56920023136852
A,SER,1409,A_SER_1409,16.115975362649344
A,SER,1411,A_SER_1411,15.441378492074396
A,THR,1377,A_THR_1377,17.64275756146245
A,THR,1380,A_THR_1380,18.351800866126325
A,THR,1427,A_THR_1427,8.69311980238827
A,TYR,1414,A_TYR_1414,5.171447679739808
A,TYR,1428,A_TYR_1428,13.110738612814542
A,VAL,1358,A_VAL_1358,13.579762768646917
A,VAL,1360,A_VAL_1360,15.53997716997025
A,VAL,1378,A_VAL_1378,16.24651343537884
A,VAL,1412,A_VAL_1412,15.038472404939967
A,VAL,1426,A_VAL_1426,9.881326938713453
A,VAL,1433,A_VAL_1433,3.8602074228114853
