chain,resname,resnum,res_key,density
A,ALA,1391,A_ALA_1391,4.485276156734464
A,ALA,1398,A_ALA_1398,3.1048185206765213
A,ASN,1374,A_ASN_1374,5.4785976496833
A,ASN,1405,A_ASN_1405,21.24935526006233
A,ASN,1425,A_ASN_1425,3.3407599934916496
A,ASN,2155,A_ASN_2155,8.690443721169828
A,ASP,1404,A_ASP_1404,21.888519086017908
A,ASP,1407,A_ASP_1407,2.909294082327209
A,CYS,1402,A_CYS_1402,17.54337094219798
A,CYS,1410,A_CYS_1410,17.267089340042347
A,GLU,1379,A_GLU_1379,3.0002919573035522
A,GLU,1413,A_GLU_1413,22.72292852766423
A,GLY,1389,A_GLY_1389,9.99258949245275
A,GLY,1408,A_GLY_1408,5.627196222044178
A,GLY,2231,A_GLY_2231,10.585324334859235
A,ILE,1415,A_ILE_1415,4.503005934701908
A,LEU,1388,A_LEU_1388,18.56052238466327
A,LEU,1390,A_LEU_1390,18.351364349307552
A,LEU,2233,A_LEU_2233,2.709139811025886
A,LYS,1375,A_LYS_1375,20.54198727989895
A,LYS,1399,A_LYS_1399,9.001975588413782
A,LYS,1406,A_LYS_1406,6.396674293073069
A,MET,1400,A_MET_1400,21.012642795236843
A,MET,1403,A_MET_1403,21.857483285467033
A,MET,2207,A_MET_2207,10.128181096861837
A,PHE,1376,A_PHE_1376,25.446524479304973
A,PRO,2232,A_PRO_2232,15.390426233479017
A,SER,1401,A_SER_1401,15.56920023136852
A,SER,1409,A_SER_1409,16.115975362649344
A,SER,1411,A_SER_1411,15.441378492074396
A,THR,1377,A_THR_1377,17.64275756146245
A,THR,1380,A_THR_1380,5.00326285093844
A,TYR,1414,A_TYR_1414,18.44843094562765
A,VAL,1378,A_VAL_1378,16.24651343537884
A,VAL,1392,A_VAL_1392,1.640127330475935
A,VAL,1412,A_VAL_1412,15.038472404939967
A,VAL,1426,A_VAL_1426,3.752011256176669
A,VAL,2153,A_VAL_2153,5.2793363869488426
