chain,resname,resnum,res_key,density
A,ALA,45,A_ALA_45,12.344375944929357
A,ALA,50,A_ALA_50,12.933065729475896
A,ALA,52,A_ALA_52,9.766854739522085
A,ALA,149,A_ALA_149,12.076031854044606
A,ALA,151,A_ALA_151,2.8474340677988983
A,ARG,53,A_ARG_53,23.307789467957143
A,ARG,60,A_ARG_60,6.32243189626214
A,ASN,42,A_ASN_42,20.43705145387809
A,ASP,74,A_ASP_74,21.961479685398114
A,ASP,304,A_ASP_304,16.29019992035853
A,CYS,68,A_CYS_68,18.83346036358493
A,GLN,146,A_GLN_146,20.28743522305061
A,GLN,246,A_GLN_246,6.058500999053873
A,GLY,51,A_GLY_51,2.550879624707914
A,GLY,69,A_GLY_69,10.901398398994239
A,GLY,123,A_GLY_123,2.8778293738254717
A,GLY,154,A_GLY_154,4.774828379250209
A,ILE,250,A_ILE_250,5.601518293772914
A,ILE,309,A_ILE_309,2.7209925037366327
A,LEU,43,A_LEU_43,12.119859296925368
A,LEU,44,A_LEU_44,10.780298893480168
A,LEU,46,A_LEU_46,18.963024160013845
A,LEU,49,A_LEU_49,17.90825191397819
A,LEU,64,A_LEU_64,18.198525693088836
A,LEU,67,A_LEU_67,17.990333219552465
A,LEU,70,A_LEU_70,17.844820622531934
A,LEU,72,A_LEU_72,18.156592021310587
A,LEU,76,A_LEU_76,12.655916245510994
A,LEU,122,A_LEU_122,19.136252092175994
A,MET,126,A_MET_126,16.78285025956144
A,PHE,63,A_PHE_63,24.750658027070124
A,PHE,66,A_PHE_66,26.58793958230273
A,PHE,75,A_PHE_75,17.899076825741083
A,PRO,119,A_PRO_119,14.261311161676657
A,PRO,305,A_PRO_305,16.27278892219573
A,SER,41,A_SER_41,5.642541997394764
A,SER,47,A_SER_47,13.283584763714062
A,SER,61,A_SER_61,15.858312283837195
A,SER,62,A_SER_62,16.147548702473472
A,SER,118,A_SER_118,8.597986634508313
A,THR,65,A_THR_65,17.948828790071172
A,THR,73,A_THR_73,17.907141006652328
A,THR,152,A_THR_152,2.125878566076567
A,TRP,150,A_TRP_150,31.500953690461365
A,TRP,157,A_TRP_157,19.38584497358652
A,TYR,308,A_TYR_308,24.63790503272652
A,VAL,48,A_VAL_48,14.029581239326538
A,VAL,71,A_VAL_71,16.779707121978504
A,VAL,153,A_VAL_153,17.106709287118285
