chain,resname,resnum,res_key,density
A,ALA,31,A_ALA_31,12.656145731619727
A,ALA,32,A_ALA_32,12.651949460437837
A,ALA,40,A_ALA_40,12.457817076806323
A,ARG,295,A_ARG_295,3.5039441259916404
A,ASN,42,A_ASN_42,17.394118532961887
A,ASP,74,A_ASP_74,10.45393716312101
A,CYS,35,A_CYS_35,17.60575063860378
A,GLN,301,A_GLN_301,22.82774365837173
A,GLY,38,A_GLY_38,10.190502992496954
A,GLY,77,A_GLY_77,11.564143210692672
A,GLY,82,A_GLY_82,11.306942394416552
A,HIS,89,A_HIS_89,8.237809904829358
A,ILE,84,A_ILE_84,13.033402170302907
A,ILE,302,A_ILE_302,18.416480478208253
A,LEU,39,A_LEU_39,17.727717812963142
A,LEU,43,A_LEU_43,12.12858102596183
A,LEU,76,A_LEU_76,10.166798613582898
A,LEU,78,A_LEU_78,18.928833275482994
A,LEU,79,A_LEU_79,17.839349650001825
A,LEU,303,A_LEU_303,2.7617084661303806
A,MET,108,A_MET_108,1.3521449698705463
A,PHE,30,A_PHE_30,25.457052874264164
A,PHE,34,A_PHE_34,25.145407028341154
A,PHE,75,A_PHE_75,25.3823919001004
A,PRO,28,A_PRO_28,12.442852076189777
A,PRO,305,A_PRO_305,1.7304060581419827
A,SER,27,A_SER_27,5.989931509024697
A,SER,33,A_SER_33,15.933447954518915
A,SER,41,A_SER_41,15.539614719000586
A,SER,87,A_SER_87,5.987139476692057
A,THR,73,A_THR_73,3.2720262811501377
A,THR,81,A_THR_81,17.787774869909743
A,THR,83,A_THR_83,18.140619912658956
A,THR,298,A_THR_298,18.039493895635758
A,TRP,29,A_TRP_29,19.442575357246817
A,TRP,299,A_TRP_299,30.031546954142065
A,TRP,306,A_TRP_306,2.578680160271469
A,VAL,36,A_VAL_36,16.674609179742795
A,VAL,37,A_VAL_37,16.15928943686753
A,VAL,80,A_VAL_80,15.036928497274905
A,VAL,85,A_VAL_85,16.894476618633277
A,VAL,86,A_VAL_86,17.095331218780473
