chain,resname,resnum,res_key,density
A,ALA,279,A_ALA_279,5.0599301542395665
A,ARG,13,A_ARG_13,26.059280932035893
A,ARG,103,A_ARG_103,14.560036241839983
A,ARG,106,A_ARG_106,27.2601649285678
A,ARG,173,A_ARG_173,26.728621993211956
A,ASP,99,A_ASP_99,21.897778149992625
A,ASP,193,A_ASP_193,8.80032467906271
A,CYS,11,A_CYS_11,17.097483415442166
A,CYS,102,A_CYS_102,18.094913320223267
A,CYS,105,A_CYS_105,17.923666458786773
A,CYS,183,A_CYS_183,17.437072356029468
A,GLN,88,A_GLN_88,7.359006344328547
A,GLN,177,A_GLN_177,21.573470951383925
A,GLN,281,A_GLN_281,2.543098295445303
A,GLU,94,A_GLU_94,3.000633846959145
A,GLY,9,A_GLY_9,10.597344374232673
A,GLY,101,A_GLY_101,10.566767864078578
A,GLY,109,A_GLY_109,6.656673321565288
A,GLY,172,A_GLY_172,6.20700450266844
A,GLY,180,A_GLY_180,10.005961821312367
A,GLY,280,A_GLY_280,9.499172439866427
A,HIS,96,A_HIS_96,12.882273440574012
A,LEU,8,A_LEU_8,18.82551601876881
A,LEU,104,A_LEU_104,16.56954161336438
A,LEU,168,A_LEU_168,3.975703174476489
A,LEU,185,A_LEU_185,12.859130774818338
A,LEU,187,A_LEU_187,2.7126415215634094
A,MET,108,A_MET_108,14.067057035699435
A,MET,276,A_MET_276,7.083016263508072
A,PHE,12,A_PHE_12,25.356330522067378
A,PHE,93,A_PHE_93,3.1073153998451706
A,PHE,107,A_PHE_107,9.904412780916827
A,PHE,184,A_PHE_184,11.85556739028518
A,PRO,10,A_PRO_10,15.468640275205289
A,PRO,14,A_PRO_14,16.363875454538878
A,PRO,100,A_PRO_100,14.070978905552954
A,PRO,167,A_PRO_167,10.735426908097576
A,SER,6,A_SER_6,3.0606392919318766
A,SER,7,A_SER_7,10.430223195347084
A,SER,181,A_SER_181,4.927719966990662
A,THR,15,A_THR_15,11.638368326567655
A,THR,175,A_THR_175,17.46251933797162
A,THR,186,A_THR_186,16.96122746226524
A,TRP,95,A_TRP_95,32.28724111801884
A,TRP,182,A_TRP_182,12.339576986326643
A,TYR,174,A_TYR_174,24.98288430596026
A,TYR,178,A_TYR_178,2.48073084596071
A,VAL,110,A_VAL_110,2.7019457359791352
A,VAL,176,A_VAL_176,15.407332023071561
