chain,resname,resnum,res_key,density
A,ALA,295,A_ALA_295,2.6510801603505447
A,ASP,288,A_ASP_288,21.094298485350365
A,ASP,293,A_ASP_293,21.281844071919707
A,CYS,290,A_CYS_290,18.32269415951624
A,CYS,294,A_CYS_294,18.188661372111003
A,GLN,287,A_GLN_287,22.290655055149287
A,GLY,291,A_GLY_291,10.506339064184285
A,PRO,286,A_PRO_286,5.914902475893557
A,PRO,289,A_PRO_289,16.045018965070657
A,PRO,292,A_PRO_292,16.21670709306334
