chain,resname,resnum,res_key,density
A,ALA,128,A_ALA_128,4.8864940210778105
A,ALA,354,A_ALA_354,8.898381434577978
A,ASN,125,A_ASN_125,9.966797362884678
A,CYS,119,A_CYS_119,11.647925795321376
A,CYS,127,A_CYS_127,17.67969604917675
A,CYS,199,A_CYS_199,13.010050139697423
A,CYS,205,A_CYS_205,18.701300094460535
A,CYS,358,A_CYS_358,2.683650667852478
A,GLY,353,A_GLY_353,10.658014801136293
A,ILE,123,A_ILE_123,17.771622535824562
A,LEU,126,A_LEU_126,17.480749156972507
A,LEU,203,A_LEU_203,19.00191769973398
A,LEU,207,A_LEU_207,18.58866300757154
A,LEU,209,A_LEU_209,18.159457180487795
A,LEU,210,A_LEU_210,18.62132781532678
A,LEU,211,A_LEU_211,18.67008646610965
A,LEU,348,A_LEU_348,3.3343923706387666
A,LEU,356,A_LEU_356,18.459630625090895
A,LEU,357,A_LEU_357,4.701132777135914
A,MET,208,A_MET_208,21.377855507356912
A,PHE,124,A_PHE_124,25.517637152287442
A,PHE,201,A_PHE_201,24.57041325738405
A,PHE,202,A_PHE_202,24.993837026249693
A,PHE,355,A_PHE_355,25.225211011995004
A,PHE,363,A_PHE_363,22.554294339466317
A,PRO,204,A_PRO_204,16.22984811732005
A,PRO,206,A_PRO_206,15.647210787227792
A,PRO,349,A_PRO_349,3.5447094394227077
A,SER,122,A_SER_122,8.973616595383039
A,SER,130,A_SER_130,12.621844665945103
A,SER,196,A_SER_196,3.0576056157467466
A,SER,197,A_SER_197,9.571245716497364
A,SER,200,A_SER_200,15.77590480389959
A,THR,120,A_THR_120,9.88650037441206
A,THR,360,A_THR_360,18.132179754612633
A,TRP,213,A_TRP_213,4.413366404869224
A,TRP,359,A_TRP_359,22.243230304329977
A,TYR,212,A_TYR_212,24.30630758167809
A,VAL,131,A_VAL_131,4.985450244493954
A,VAL,198,A_VAL_198,16.46182269612803
A,VAL,351,A_VAL_351,5.911029695676761
A,VAL,352,A_VAL_352,16.007811438189318
A,VAL,364,A_VAL_364,2.091902818455121
