chain,resname,resnum,res_key,density
A,ALA,100,A_ALA_100,12.476291542702334
A,ALA,110,A_ALA_110,12.061603513317745
A,ALA,113,A_ALA_113,9.087909831254802
A,ALA,183,A_ALA_183,12.18146978459746
A,ARG,106,A_ARG_106,12.579314986460416
A,ARG,180,A_ARG_180,27.19792395677282
A,ARG,186,A_ARG_186,26.743897509906358
A,ASN,175,A_ASN_175,21.489104146366465
A,ASP,109,A_ASP_109,22.669324302749693
A,ASP,115,A_ASP_115,18.667761723204244
A,ASP,176,A_ASP_176,6.1848661541160785
A,ASP,181,A_ASP_181,20.744627878130608
A,ASP,189,A_ASP_189,2.198313019009613
A,CYS,108,A_CYS_108,17.769196231919743
A,CYS,185,A_CYS_185,17.926174841961505
A,GLN,97,A_GLN_97,14.453895453426972
A,GLU,95,A_GLU_95,19.969247081194982
A,GLU,188,A_GLU_188,23.440040177508347
A,GLY,98,A_GLY_98,10.336214247514654
A,GLY,99,A_GLY_99,10.552064970509907
A,HIS,366,A_HIS_366,9.00199464142787
A,LEU,86,A_LEU_86,3.3785110282329023
A,LEU,90,A_LEU_90,18.954099197529715
A,LEU,102,A_LEU_102,15.585441753347972
A,LEU,103,A_LEU_103,17.902500077188904
A,LEU,107,A_LEU_107,17.298756150199335
A,LEU,111,A_LEU_111,18.900741497272953
A,LEU,187,A_LEU_187,17.851666281048622
A,MET,112,A_MET_112,21.87889647252404
A,MET,114,A_MET_114,2.8268527063674487
A,PHE,91,A_PHE_91,24.883015884606998
A,PHE,362,A_PHE_362,4.3653316039525105
A,PRO,89,A_PRO_89,5.584221852554135
A,PRO,105,A_PRO_105,15.750248247380343
A,PRO,182,A_PRO_182,15.464253515950675
A,SER,94,A_SER_94,16.33744410610238
A,SER,104,A_SER_104,16.803227774454783
A,THR,386,A_THR_386,7.355075308491031
A,TRP,101,A_TRP_101,31.652349685606318
A,TYR,93,A_TYR_93,26.676913346875875
A,TYR,390,A_TYR_390,7.030374591755821
A,VAL,87,A_VAL_87,13.688152186452768
A,VAL,92,A_VAL_92,11.123863827335038
A,VAL,96,A_VAL_96,2.772331612467256
A,VAL,116,A_VAL_116,4.604580821975601
A,VAL,170,A_VAL_170,9.819899494041739
A,VAL,177,A_VAL_177,1.857457846381512
A,VAL,184,A_VAL_184,16.3388679758065
A,VAL,193,A_VAL_193,2.0287557251976422
A,VAL,382,A_VAL_382,4.001099697793479
