chain,resname,resnum,res_key,density
A,ALA,81,A_ALA_81,12.573162142736665
A,ASN,18,A_ASN_18,21.412970186516276
A,CYS,78,A_CYS_78,18.354498651833307
A,CYS,79,A_CYS_79,18.917180042482336
A,CYS,87,A_CYS_87,18.352159299429687
A,GLN,83,A_GLN_83,23.210035909123754
A,GLN,86,A_GLN_86,13.202290663844689
A,GLU,84,A_GLU_84,23.613092603979194
A,GLY,16,A_GLY_16,10.520007287878823
A,GLY,74,A_GLY_74,9.985950765500844
A,GLY,77,A_GLY_77,10.682624250973198
A,GLY,80,A_GLY_80,10.411295793198217
A,GLY,90,A_GLY_90,7.919962917032917
A,ILE,20,A_ILE_20,2.934029725174418
A,ILE,221,A_ILE_221,4.2083301365869925
A,LEU,13,A_LEU_13,5.96495474917444
A,LEU,14,A_LEU_14,19.225758458492685
A,LEU,72,A_LEU_72,16.754370433969058
A,LEU,76,A_LEU_76,18.227503163754754
A,LEU,89,A_LEU_89,18.234424789676293
A,LEU,91,A_LEU_91,13.114624606860689
A,LEU,217,A_LEU_217,7.83460349988199
A,LYS,11,A_LYS_11,18.39125065712187
A,MET,70,A_MET_70,3.6056730041916656
A,MET,71,A_MET_71,9.587382457898862
A,MET,88,A_MET_88,21.904618975029173
A,PHE,15,A_PHE_15,25.74115933185352
A,PHE,17,A_PHE_17,8.793557480486761
A,PHE,19,A_PHE_19,25.73385374022304
A,PHE,75,A_PHE_75,25.82440296382901
A,PHE,92,A_PHE_92,22.499219821866323
A,PHE,93,A_PHE_93,2.672258315976052
A,SER,85,A_SER_85,15.003015476366471
A,SER,214,A_SER_214,6.964367017488643
A,TRP,22,A_TRP_22,28.55046216596051
A,TYR,12,A_TYR_12,11.379839819431995
A,VAL,73,A_VAL_73,15.109829358002546
A,VAL,82,A_VAL_82,16.852565140502534
