chain,resname,resnum,res_key,density
A,ALA,370,A_ALA_370,11.997577400840509
A,ALA,374,A_ALA_374,12.92302621415302
A,ARG,190,A_ARG_190,14.323979642420651
A,CYS,372,A_CYS_372,17.792833000940174
A,CYS,375,A_CYS_375,17.92830854866068
A,GLN,369,A_GLN_369,22.513742580394247
A,HIS,366,A_HIS_366,12.552090906780302
A,ILE,367,A_ILE_367,16.672209129713735
A,LEU,371,A_LEU_371,18.65662067585485
A,LEU,381,A_LEU_381,5.680569030935641
A,PRO,373,A_PRO_373,16.536166592993823
A,PRO,378,A_PRO_378,16.32044577841461
A,PRO,379,A_PRO_379,4.412640163965477
A,SER,376,A_SER_376,16.183390986554148
A,THR,368,A_THR_368,17.96622863840612
A,VAL,364,A_VAL_364,11.399482167905512
A,VAL,365,A_VAL_365,16.72783001501664
A,VAL,377,A_VAL_377,16.087335973213012
A,VAL,382,A_VAL_382,3.5381355658835965
