chain,resname,resnum,res_key,density
A,ALA,76,A_ALA_76,12.699890468521835
A,ALA,79,A_ALA_79,11.946704699408881
A,ALA,80,A_ALA_80,2.770475986813857
A,ALA,98,A_ALA_98,12.090908480045025
A,ALA,100,A_ALA_100,11.807548069019392
A,ALA,101,A_ALA_101,12.064665415990035
A,ALA,110,A_ALA_110,3.7927670074925777
A,ALA,275,A_ALA_275,12.342630232370693
A,ARG,13,A_ARG_13,13.717630899116461
A,ARG,87,A_ARG_87,2.6356733022353187
A,ARG,292,A_ARG_292,27.063248311973993
A,ASN,290,A_ASN_290,20.42909233535929
A,ASP,295,A_ASP_295,2.523238279174784
A,CYS,93,A_CYS_93,11.33850622207001
A,CYS,200,A_CYS_200,6.012542792232129
A,CYS,202,A_CYS_202,18.62277030290402
A,CYS,291,A_CYS_291,17.746961801284893
A,GLN,102,A_GLN_102,14.904847059475982
A,GLU,14,A_GLU_14,3.0133794212898732
A,GLU,75,A_GLU_75,22.858613975040708
A,GLU,99,A_GLU_99,10.573079808756106
A,GLU,104,A_GLU_104,22.149415248226067
A,GLU,288,A_GLU_288,22.53728092486902
A,GLU,297,A_GLU_297,3.0116742497950395
A,GLY,73,A_GLY_73,10.654961942099781
A,GLY,81,A_GLY_81,5.158749587287469
A,GLY,95,A_GLY_95,9.908749843532412
A,GLY,271,A_GLY_271,10.108613145168984
A,GLY,276,A_GLY_276,4.754316507513941
A,GLY,294,A_GLY_294,10.114402010989837
A,ILE,82,A_ILE_82,7.303577999466151
A,ILE,272,A_ILE_272,17.952365119087347
A,LEU,17,A_LEU_17,2.1094737092117
A,LEU,78,A_LEU_78,19.002174570836175
A,LEU,103,A_LEU_103,18.627476432211026
A,LEU,152,A_LEU_152,8.238203380307977
A,LEU,201,A_LEU_201,18.01272873446827
A,LEU,255,A_LEU_255,1.920242665469578
A,LEU,273,A_LEU_273,17.626685828874635
A,LYS,107,A_LYS_107,2.541079374155945
A,MET,212,A_MET_212,7.119053471400518
A,MET,262,A_MET_262,10.599888107999973
A,PHE,94,A_PHE_94,25.03845726351377
A,PHE,109,A_PHE_109,3.975485447163257
A,PHE,203,A_PHE_203,10.713177354883387
A,PHE,289,A_PHE_289,25.29242273688241
A,PHE,293,A_PHE_293,25.11384897807997
A,PRO,74,A_PRO_74,16.351703116468574
A,PRO,77,A_PRO_77,16.67969379599564
A,PRO,96,A_PRO_96,16.48640408704526
A,PRO,268,A_PRO_268,5.465292878564249
A,SER,105,A_SER_105,16.090817493411027
A,SER,106,A_SER_106,10.787057046469425
A,THR,97,A_THR_97,18.234156324014485
A,THR,204,A_THR_204,17.882875209665933
A,THR,258,A_THR_258,6.438618399767394
A,THR,267,A_THR_267,3.454075304911296
A,THR,270,A_THR_270,17.96612345516442
A,TYR,269,A_TYR_269,27.48623833795559
A,TYR,274,A_TYR_274,27.60351159793306
A,VAL,71,A_VAL_71,9.274328152984419
A,VAL,72,A_VAL_72,16.08007593517276
A,VAL,83,A_VAL_83,9.867081971467698
A,VAL,259,A_VAL_259,2.119921518425216
