chain,resname,resnum,res_key,density
A,ALA,642,A_ALA_642,12.406001637672611
A,ARG,708,A_ARG_708,13.89698848143756
A,ARG,711,A_ARG_711,26.811300340444767
A,ARG,809,A_ARG_809,7.979349856290876
A,ASN,788,A_ASN_788,14.957341115012035
A,ASP,644,A_ASP_644,22.068961967488676
A,ASP,648,A_ASP_648,21.26673244282444
A,ASP,653,A_ASP_653,18.46979874773901
A,CYS,646,A_CYS_646,17.835964528844997
A,GLN,649,A_GLN_649,22.826500840895793
A,GLN,718,A_GLN_718,3.2934835328746193
A,GLN,836,A_GLN_836,8.455834043343168
A,GLU,804,A_GLU_804,3.1893135562409305
A,GLY,618,A_GLY_618,6.904087667605785
A,GLY,645,A_GLY_645,10.405323140117464
A,GLY,647,A_GLY_647,10.500150472639984
A,GLY,652,A_GLY_652,10.805639610306805
A,GLY,789,A_GLY_789,7.808973463965609
A,ILE,709,A_ILE_709,14.504998642496878
A,LEU,619,A_LEU_619,8.253183044739938
A,LEU,636,A_LEU_636,6.039323803362201
A,LEU,651,A_LEU_651,18.051566811719354
A,LEU,654,A_LEU_654,17.995625309393503
A,LEU,655,A_LEU_655,18.6928252653017
A,LEU,656,A_LEU_656,2.855220092765328
A,LEU,716,A_LEU_716,12.453813812704423
A,LYS,806,A_LYS_806,1.853124928444302
A,MET,785,A_MET_785,3.5076201301498635
A,PHE,713,A_PHE_713,24.66046128860176
A,PRO,641,A_PRO_641,15.522298070168356
A,PRO,643,A_PRO_643,16.25276547625005
A,PRO,710,A_PRO_710,16.560114366451224
A,SER,617,A_SER_617,7.873659862507006
A,SER,640,A_SER_640,10.443676110706225
A,SER,714,A_SER_714,16.22333830663545
A,THR,650,A_THR_650,18.636805785139835
A,THR,657,A_THR_657,11.594403859122027
A,TRP,715,A_TRP_715,31.95576197048369
A,VAL,712,A_VAL_712,16.30641761743918
