chain,resname,resnum,res_key,density
A,ASN,1001,A_ASN_1001,20.88812942352124
A,CYS,1005,A_CYS_1005,17.657148685881406
A,GLN,954,A_GLN_954,22.885089841346286
A,GLN,997,A_GLN_997,23.453494333782537
A,GLU,1000,A_GLU_1000,16.943089777004385
A,GLU,1009,A_GLU_1009,2.7890424053252056
A,GLY,909,A_GLY_909,10.457914060703034
A,GLY,994,A_GLY_994,10.143659340765844
A,GLY,999,A_GLY_999,10.337840487611809
A,GLY,1002,A_GLY_1002,10.204598256539828
A,ILE,955,A_ILE_955,10.141991463221737
A,ILE,956,A_ILE_956,17.333192461409485
A,ILE,1004,A_ILE_1004,17.86616572106085
A,LEU,990,A_LEU_990,15.674693894147149
A,LEU,998,A_LEU_998,18.044565171376263
A,LYS,1003,A_LYS_1003,19.983828539406566
A,LYS,1008,A_LYS_1008,20.064331026878506
A,PHE,945,A_PHE_945,17.53351373038888
A,SER,993,A_SER_993,9.681777726816621
A,THR,995,A_THR_995,16.697601068384678
A,TRP,1006,A_TRP_1006,32.528794823457446
A,VAL,991,A_VAL_991,16.261612810060424
A,VAL,996,A_VAL_996,17.254004247349112
A,VAL,1007,A_VAL_1007,16.093282494160263
