chain,resname,resnum,res_key,density
A,ALA,281,A_ALA_281,12.300139590148078
A,ALA,349,A_ALA_349,12.545880895846029
A,ALA,430,A_ALA_430,12.386212756111776
A,ARG,262,A_ARG_262,2.54906994237892
A,ARG,283,A_ARG_283,26.74978776099743
A,ASN,284,A_ASN_284,21.90127216056591
A,ASN,351,A_ASN_351,21.28031112900964
A,ASN,428,A_ASN_428,17.428052316760784
A,ASP,348,A_ASP_348,22.081085537569397
A,ASP,355,A_ASP_355,21.918265841886157
A,ASP,419,A_ASP_419,3.206014812063705
A,CYS,279,A_CYS_279,18.087804756114807
A,CYS,280,A_CYS_280,18.19155768480121
A,CYS,343,A_CYS_343,6.813812236823852
A,CYS,353,A_CYS_353,18.22128007837878
A,GLN,425,A_GLN_425,15.330533277794839
A,GLN,434,A_GLN_434,7.8805163923133215
A,GLU,346,A_GLU_346,14.21844217412138
A,GLU,354,A_GLU_354,24.417710343089777
A,GLY,358,A_GLY_358,10.200094395938745
A,GLY,424,A_GLY_424,10.109210197367844
A,HIS,278,A_HIS_278,16.564199294976458
A,HIS,429,A_HIS_429,7.048755361630924
A,ILE,356,A_ILE_356,14.435018091768354
A,ILE,431,A_ILE_431,5.109684767917246
A,LEU,285,A_LEU_285,2.49643744886073
A,LYS,423,A_LYS_423,4.4222559326825905
A,LYS,605,A_LYS_605,6.679334681551705
A,MET,357,A_MET_357,11.376593014642161
A,PHE,282,A_PHE_282,17.055304327532554
A,PHE,350,A_PHE_350,12.666023467084646
A,PRO,276,A_PRO_276,15.870202952032356
A,PRO,345,A_PRO_345,5.590928256811564
A,PRO,347,A_PRO_347,15.922813131911084
A,PRO,352,A_PRO_352,16.607259671421144
A,SER,277,A_SER_277,15.43154863077093
A,SER,512,A_SER_512,9.26906354522059
A,THR,422,A_THR_422,9.176973390961656
A,THR,602,A_THR_602,14.692514212682267
A,TYR,275,A_TYR_275,5.737946106931172
A,TYR,359,A_TYR_359,2.792578604459626
A,TYR,426,A_TYR_426,28.70269369472318
A,TYR,427,A_TYR_427,28.234535396431358
A,VAL,601,A_VAL_601,6.858856684864216
