chain,resname,resnum,res_key,density
A,ASN,107,A_ASN_107,21.160114502505415
A,ASN,132,A_ASN_132,20.708983051801265
A,ASN,158,A_ASN_158,21.842542717678903
A,ASN,184,A_ASN_184,21.316094073172543
A,ASN,207,A_ASN_207,18.619937000303867
A,ASP,157,A_ASP_157,20.497461914961967
A,CYS,131,A_CYS_131,17.34859095575434
A,CYS,156,A_CYS_156,18.033805868256742
A,GLN,106,A_GLN_106,22.9524263643671
A,GLU,154,A_GLU_154,23.110991871059042
A,GLU,203,A_GLU_203,23.432379780158556
A,GLU,206,A_GLU_206,23.45914007814812
A,GLY,134,A_GLY_134,7.275149449350522
A,GLY,183,A_GLY_183,10.637214426630344
A,GLY,185,A_GLY_185,7.179364201257101
A,HIS,160,A_HIS_160,9.06305086171203
A,ILE,80,A_ILE_80,3.388957039613077
A,ILE,103,A_ILE_103,3.275846515176783
A,ILE,105,A_ILE_105,18.056694381531685
A,ILE,114,A_ILE_114,1.89166605675384
A,ILE,130,A_ILE_130,18.320697197066924
A,ILE,135,A_ILE_135,18.364546549816648
A,ILE,152,A_ILE_152,7.433728165968255
A,ILE,155,A_ILE_155,18.06870596378498
A,ILE,161,A_ILE_161,17.75647158283723
A,ILE,164,A_ILE_164,3.8277194880744405
A,LEU,104,A_LEU_104,14.147488346976393
A,LEU,111,A_LEU_111,1.6888086671639488
A,LEU,128,A_LEU_128,17.803964381511967
A,LEU,153,A_LEU_153,17.697521524966362
A,LEU,159,A_LEU_159,18.036843754689286
A,LEU,179,A_LEU_179,9.466237995593827
A,LEU,181,A_LEU_181,17.99567251648492
A,LEU,204,A_LEU_204,16.603686326799224
A,LYS,109,A_LYS_109,6.410955879394265
A,LYS,137,A_LYS_137,3.1556897711714287
A,LYS,180,A_LYS_180,19.192135388895682
A,LYS,205,A_LYS_205,21.640699045165807
A,PHE,138,A_PHE_138,13.010074841621451
A,PHE,186,A_PHE_186,19.779063030434923
A,PRO,139,A_PRO_139,8.401039495559584
A,SER,129,A_SER_129,15.132663615751504
A,THR,108,A_THR_108,16.992687690572087
A,THR,133,A_THR_133,16.891791908262558
A,THR,178,A_THR_178,3.0889946850607632
A,TYR,127,A_TYR_127,16.317484374065174
A,TYR,182,A_TYR_182,28.587335324708636
A,VAL,208,A_VAL_208,3.0131229613067476
