chain,resname,resnum,res_key,density
A,ALA,416,A_ALA_416,2.583271502081788
A,ALA,430,A_ALA_430,9.803933729984506
A,ALA,442,A_ALA_442,12.844446323974221
A,ALA,498,A_ALA_498,10.174674486420722
A,ASN,351,A_ASN_351,15.065714597622431
A,ASN,507,A_ASN_507,20.902061006923454
A,ASP,419,A_ASP_419,4.921731051767912
A,ASP,432,A_ASP_432,6.248098143628045
A,ASP,518,A_ASP_518,6.619729027488377
A,CYS,439,A_CYS_439,17.305076411290113
A,CYS,514,A_CYS_514,16.964091571269556
A,GLN,434,A_GLN_434,22.860600136559082
A,GLY,436,A_GLY_436,10.035318148859755
A,GLY,438,A_GLY_438,10.725203479623353
A,GLY,443,A_GLY_443,10.561254524716656
A,HIS,429,A_HIS_429,3.3109086889037753
A,ILE,356,A_ILE_356,18.11902796039942
A,ILE,366,A_ILE_366,1.866276142270218
A,ILE,415,A_ILE_415,18.715492373350976
A,ILE,431,A_ILE_431,6.18602415308506
A,ILE,513,A_ILE_513,18.27633627583987
A,ILE,528,A_ILE_528,1.6999572555713471
A,LEU,410,A_LEU_410,6.2194175650346715
A,LEU,412,A_LEU_412,16.374455520634243
A,LEU,413,A_LEU_413,5.284354864435844
A,LEU,414,A_LEU_414,18.23018301097987
A,LEU,502,A_LEU_502,12.311071712703
A,LEU,608,A_LEU_608,16.265100141305297
A,LYS,510,A_LYS_510,18.70791282253027
A,LYS,605,A_LYS_605,19.103061301606942
A,MET,357,A_MET_357,12.314422832510122
A,MET,408,A_MET_408,9.985840243551452
A,MET,509,A_MET_509,22.228285998018613
A,MET,517,A_MET_517,21.166213127049154
A,PHE,350,A_PHE_350,16.63775782707319
A,PHE,444,A_PHE_444,18.68724901784868
A,PHE,445,A_PHE_445,21.624573480624914
A,PHE,448,A_PHE_448,2.3810374374673127
A,PHE,515,A_PHE_515,24.971704031802997
A,PRO,501,A_PRO_501,15.54928403313398
A,PRO,516,A_PRO_516,15.551916353995074
A,SER,437,A_SER_437,12.596627578123059
A,SER,440,A_SER_440,16.18903527947806
A,SER,506,A_SER_506,11.659498293772236
A,SER,512,A_SER_512,14.51258273743493
A,SER,604,A_SER_604,3.1560278218347833
A,THR,435,A_THR_435,15.371444310848261
A,THR,441,A_THR_441,18.138927471099667
A,THR,446,A_THR_446,17.255893556646498
A,TRP,433,A_TRP_433,31.35686215620983
A,TYR,411,A_TYR_411,26.968589737339848
A,TYR,426,A_TYR_426,16.393572268596316
A,TYR,508,A_TYR_508,27.69449441298159
A,TYR,527,A_TYR_527,7.300759431362563
A,TYR,612,A_TYR_612,9.495129612152901
A,VAL,418,A_VAL_418,13.814403698102575
A,VAL,447,A_VAL_447,13.24075120617799
A,VAL,511,A_VAL_511,16.26753886325579
A,VAL,601,A_VAL_601,7.489751477654882
A,VAL,609,A_VAL_609,8.798712736891733
