chain,resname,resnum,res_key,density
A,ALA,737,A_ALA_737,5.968914092245226
A,ALA,741,A_ALA_741,11.827046342706865
A,ALA,751,A_ALA_751,12.349325978718994
A,ALA,767,A_ALA_767,12.815660046172894
A,ALA,774,A_ALA_774,12.741992480682491
A,ARG,753,A_ARG_753,23.90281683597734
A,ASN,768,A_ASN_768,18.961554583278524
A,ASP,775,A_ASP_775,21.410115817188313
A,CYS,765,A_CYS_765,17.952448973699667
A,CYS,776,A_CYS_776,17.466525860648424
A,GLN,762,A_GLN_762,12.509278418549261
A,GLN,773,A_GLN_773,19.45080780214615
A,GLU,754,A_GLU_754,22.45398118133151
A,GLU,777,A_GLU_777,22.419585812888663
A,GLY,771,A_GLY_771,7.965650916245545
A,GLY,779,A_GLY_779,4.04211895460827
A,ILE,715,A_ILE_715,11.203644945611167
A,ILE,740,A_ILE_740,15.401834006391473
A,LEU,713,A_LEU_713,3.123261939415522
A,LEU,739,A_LEU_739,18.21167484838324
A,LEU,763,A_LEU_763,18.977744308902906
A,LEU,778,A_LEU_778,18.578336774630746
A,LEU,792,A_LEU_792,18.338407348236384
A,LEU,794,A_LEU_794,6.012456798550915
A,LEU,810,A_LEU_810,2.113623557493783
A,LYS,738,A_LYS_738,18.71346095145012
A,LYS,761,A_LYS_761,5.466551216977006
A,PHE,743,A_PHE_743,12.165193229217987
A,PHE,790,A_PHE_790,24.68053303295753
A,SER,750,A_SER_750,15.140324384196907
A,SER,764,A_SER_764,15.654697394212178
A,THR,742,A_THR_742,2.817127607027405
A,THR,789,A_THR_789,5.7774264094692835
A,TYR,749,A_TYR_749,28.469436527120195
A,TYR,752,A_TYR_752,28.043078869924987
A,TYR,791,A_TYR_791,12.203308494302473
A,VAL,717,A_VAL_717,1.9271967315684444
A,VAL,766,A_VAL_766,16.579416343131346
A,VAL,788,A_VAL_788,5.986823322306214
A,VAL,793,A_VAL_793,14.415911003086947
