chain,resname,resnum,res_key,density
A,ALA,132,A_ALA_132,6.201998788290605
A,ALA,207,A_ALA_207,12.588867139034269
A,ARG,134,A_ARG_134,5.733826108903468
A,ARG,148,A_ARG_148,5.6975339777012834
A,ARG,153,A_ARG_153,22.24215464278368
A,ARG,178,A_ARG_178,26.75848214156558
A,ARG,180,A_ARG_180,25.080174965775626
A,ARG,218,A_ARG_218,26.85670997949833
A,ASP,149,A_ASP_149,21.849381259321742
A,ASP,171,A_ASP_171,8.292202449307933
A,ASP,176,A_ASP_176,21.444438900439444
A,CYS,154,A_CYS_154,15.281610232486605
A,CYS,175,A_CYS_175,17.72500318818561
A,CYS,188,A_CYS_188,17.576864284506197
A,GLN,139,A_GLN_139,2.453605100907419
A,GLN,189,A_GLN_189,17.141253650577553
A,GLN,190,A_GLN_190,24.244012681238544
A,GLU,136,A_GLU_136,11.119850634222441
A,GLU,183,A_GLU_183,5.978528336266304
A,GLU,220,A_GLU_220,12.906341720984152
A,GLU,238,A_GLU_238,14.478307955837298
A,GLU,242,A_GLU_242,23.48357283092692
A,GLY,152,A_GLY_152,10.457902876164226
A,GLY,170,A_GLY_170,6.053005347668478
A,GLY,177,A_GLY_177,10.29612716924357
A,GLY,181,A_GLY_181,10.280465533670872
A,GLY,186,A_GLY_186,10.018384535508918
A,GLY,191,A_GLY_191,7.118205978247824
A,GLY,206,A_GLY_206,10.23918539045097
A,GLY,209,A_GLY_209,10.269534605204367
A,GLY,215,A_GLY_215,4.254727808994826
A,GLY,241,A_GLY_241,3.5510903035546324
A,HIS,133,A_HIS_133,12.965481745284523
A,HIS,182,A_HIS_182,11.040348860106498
A,HIS,245,A_HIS_245,24.556276539173133
A,ILE,150,A_ILE_150,15.869751203015594
A,ILE,216,A_ILE_216,18.664531835826526
A,LEU,179,A_LEU_179,18.6948501700698
A,LYS,137,A_LYS_137,20.85676415287395
A,LYS,184,A_LYS_184,16.905252728023857
A,PHE,151,A_PHE_151,25.89540930635547
A,PHE,174,A_PHE_174,25.19183238196325
A,PHE,185,A_PHE_185,25.948243257023478
A,PHE,205,A_PHE_205,25.02959330149887
A,PRO,208,A_PRO_208,9.541663496856351
A,PRO,236,A_PRO_236,3.3671420037128708
A,SER,173,A_SER_173,16.735515859512233
A,SER,187,A_SER_187,16.39962191941808
A,THR,210,A_THR_210,17.657844505480043
A,TRP,172,A_TRP_172,18.298965207836194
A,TYR,135,A_TYR_135,28.78648908645855
A,TYR,211,A_TYR_211,22.45605324562445
A,VAL,192,A_VAL_192,2.6031526466394905
A,VAL,217,A_VAL_217,10.362365547076207
A,VAL,239,A_VAL_239,3.5095428797493398
