chain,resname,resnum,res_key,density
A,ALA,737,A_ALA_737,13.129412721037578
A,ALA,741,A_ALA_741,11.827046342706865
A,ALA,751,A_ALA_751,10.11697916452827
A,ALA,767,A_ALA_767,12.815660046172894
A,ALA,774,A_ALA_774,12.741992480682491
A,ARG,753,A_ARG_753,10.442015795540627
A,ASN,768,A_ASN_768,6.820576571539942
A,ASN,780,A_ASN_780,6.200431835896008
A,ASN,809,A_ASN_809,5.489179640320921
A,ASP,775,A_ASP_775,21.410115817188313
A,CYS,765,A_CYS_765,17.952448973699667
A,CYS,776,A_CYS_776,17.466525860648424
A,GLN,762,A_GLN_762,17.917334107006344
A,GLN,773,A_GLN_773,22.80827036947317
A,GLU,736,A_GLU_736,14.309777072493874
A,GLU,754,A_GLU_754,17.089544768090388
A,GLU,777,A_GLU_777,22.419585812888663
A,GLU,813,A_GLU_813,23.787710199142097
A,GLY,779,A_GLY_779,9.453737643232689
A,ILE,715,A_ILE_715,18.227190271471745
A,ILE,740,A_ILE_740,17.245520862450103
A,ILE,808,A_ILE_808,1.9946473015787891
A,LEU,675,A_LEU_675,6.026978335907996
A,LEU,677,A_LEU_677,7.1901929601477494
A,LEU,713,A_LEU_713,4.808975142374529
A,LEU,739,A_LEU_739,18.21167484838324
A,LEU,763,A_LEU_763,18.977744308902906
A,LEU,778,A_LEU_778,18.578336774630746
A,LEU,792,A_LEU_792,18.338407348236384
A,LEU,794,A_LEU_794,1.7171035543282418
A,LEU,810,A_LEU_810,17.86096395253689
A,LEU,812,A_LEU_812,17.298419888110285
A,LYS,738,A_LYS_738,21.24075737099302
A,LYS,761,A_LYS_761,2.6025783743004975
A,LYS,811,A_LYS_811,16.569411063158725
A,PHE,743,A_PHE_743,12.165193229217987
A,PHE,782,A_PHE_782,16.267500954966
A,PHE,790,A_PHE_790,24.68053303295753
A,SER,764,A_SER_764,15.654697394212178
A,THR,716,A_THR_716,10.59398118904453
A,THR,742,A_THR_742,12.305986398989386
A,THR,789,A_THR_789,10.941775531936205
A,THR,814,A_THR_814,4.7825998567446195
A,TYR,749,A_TYR_749,19.972567630563685
A,TYR,752,A_TYR_752,28.043078869924987
A,TYR,791,A_TYR_791,10.18094367839349
A,VAL,717,A_VAL_717,16.233165975041917
A,VAL,766,A_VAL_766,16.579416343131346
A,VAL,788,A_VAL_788,16.335649596050335
A,VAL,793,A_VAL_793,2.6900281723468833
