chain,resname,resnum,res_key,density
A,ALA,48,A_ALA_48,6.606358516301789
A,ARG,21,A_ARG_21,13.167618700029289
A,ARG,28,A_ARG_28,19.055676058392834
A,ASN,27,A_ASN_27,20.906005391257267
A,ASN,47,A_ASN_47,15.566993330795796
A,ASP,43,A_ASP_43,11.382915120282187
A,CYS,18,A_CYS_18,17.715706951985275
A,CYS,23,A_CYS_23,17.355323702524338
A,CYS,25,A_CYS_25,17.98049457600858
A,GLU,50,A_GLU_50,3.319559145406452
A,GLY,15,A_GLY_15,10.361495020013919
A,GLY,17,A_GLY_17,11.262398690605556
A,HIS,19,A_HIS_19,23.575261221284048
A,HIS,20,A_HIS_20,23.53506236941462
A,HIS,24,A_HIS_24,22.71099028995323
A,ILE,22,A_ILE_22,10.8154642049694
A,ILE,49,A_ILE_49,2.564586310347908
A,LEU,14,A_LEU_14,10.008392426738228
A,LEU,31,A_LEU_31,12.196067807869674
A,LEU,44,A_LEU_44,13.094435384309861
A,LEU,51,A_LEU_51,1.950927596410232
A,PHE,30,A_PHE_30,25.98779946777328
A,PRO,45,A_PRO_45,16.326715713202503
A,SER,13,A_SER_13,6.0170513590727746
A,SER,16,A_SER_16,15.949390868456888
A,SER,26,A_SER_26,15.874901856218846
A,VAL,29,A_VAL_29,15.988445329762953
