chain,resname,resnum,res_key,density
A,ALA,246,A_ALA_246,10.906477174245735
A,ALA,267,A_ALA_267,12.466726036212442
A,ALA,277,A_ALA_277,12.847592040298949
A,ALA,279,A_ALA_279,12.38245191884014
A,ALA,433,A_ALA_433,6.216811284291177
A,ASN,280,A_ASN_280,20.099837962232584
A,ASN,354,A_ASN_354,21.672614389113157
A,ASN,431,A_ASN_431,17.97566939284717
A,ASP,343,A_ASP_343,15.455475799468008
A,ASP,351,A_ASP_351,21.882757900329764
A,CYS,275,A_CYS_275,18.436500801984895
A,CYS,276,A_CYS_276,17.44245799693449
A,CYS,346,A_CYS_346,17.269443643711575
A,CYS,356,A_CYS_356,17.9734109168539
A,GLN,437,A_GLN_437,2.877387824585582
A,GLU,266,A_GLU_266,14.645250845670356
A,GLU,357,A_GLU_357,5.70842613160935
A,HIS,274,A_HIS_274,24.559177356068513
A,HIS,430,A_HIS_430,24.60594096229927
A,ILE,434,A_ILE_434,8.174515143620074
A,LEU,244,A_LEU_244,11.065543367672065
A,LEU,252,A_LEU_252,5.043416921122006
A,LEU,255,A_LEU_255,17.21322397389367
A,LEU,258,A_LEU_258,9.66548783914945
A,LEU,261,A_LEU_261,2.1783624631749174
A,LEU,264,A_LEU_264,11.178844866228873
A,LEU,269,A_LEU_269,17.425571383584703
A,LYS,253,A_LYS_253,5.336116162456598
A,LYS,254,A_LYS_254,4.481424175505957
A,LYS,349,A_LYS_349,21.416037755048027
A,MET,265,A_MET_265,5.325869290030678
A,PHE,278,A_PHE_278,25.316843967682427
A,PRO,256,A_PRO_256,3.1770177565271336
A,PRO,272,A_PRO_272,16.305189840804626
A,PRO,348,A_PRO_348,16.33194830753487
A,PRO,350,A_PRO_350,16.382205933590708
A,PRO,355,A_PRO_355,14.147813531538965
A,SER,268,A_SER_268,15.621350896251483
A,SER,273,A_SER_273,15.431404540551796
A,SER,347,A_SER_347,15.133167567986224
A,THR,270,A_THR_270,16.196566973414193
A,THR,345,A_THR_345,17.39634177386569
A,TRP,281,A_TRP_281,20.995133116966514
A,TYR,271,A_TYR_271,22.713649703120268
A,TYR,429,A_TYR_429,8.157071815251781
A,VAL,344,A_VAL_344,16.65219943415475
