chain,resname,resnum,res_key,density
A,ALA,246,A_ALA_246,12.952300288498716
A,ALA,267,A_ALA_267,12.466726036212442
A,ALA,277,A_ALA_277,12.847592040298949
A,ALA,279,A_ALA_279,12.38245191884014
A,ARG,245,A_ARG_245,15.619665804025823
A,ARG,247,A_ARG_247,20.262020670345677
A,ARG,283,A_ARG_283,5.363427275814489
A,ASN,280,A_ASN_280,4.444504591553038
A,ASP,343,A_ASP_343,21.553109487594913
A,ASP,351,A_ASP_351,4.767181375635238
A,CYS,275,A_CYS_275,18.436500801984895
A,CYS,276,A_CYS_276,17.44245799693449
A,CYS,346,A_CYS_346,17.269443643711575
A,CYS,356,A_CYS_356,7.1200147171614825
A,GLU,266,A_GLU_266,23.376302074731036
A,HIS,274,A_HIS_274,24.559177356068513
A,LEU,244,A_LEU_244,17.480897421943865
A,LEU,255,A_LEU_255,7.271807098348216
A,LEU,258,A_LEU_258,5.861534851582768
A,LEU,261,A_LEU_261,2.1783624631749174
A,LEU,264,A_LEU_264,18.050321880322503
A,LEU,269,A_LEU_269,17.425571383584703
A,LYS,242,A_LYS_242,5.516400061675791
A,LYS,243,A_LYS_243,20.49144198522149
A,LYS,349,A_LYS_349,21.416037755048027
A,MET,265,A_MET_265,13.890471699636048
A,PHE,278,A_PHE_278,25.316843967682427
A,PRO,272,A_PRO_272,16.305189840804626
A,PRO,348,A_PRO_348,16.33194830753487
A,PRO,350,A_PRO_350,16.382205933590708
A,SER,268,A_SER_268,15.621350896251483
A,SER,273,A_SER_273,15.431404540551796
A,SER,347,A_SER_347,15.133167567986224
A,THR,270,A_THR_270,11.571230399411052
A,THR,345,A_THR_345,17.39634177386569
A,TRP,281,A_TRP_281,16.68295668947858
A,TYR,271,A_TYR_271,12.227422538465492
A,VAL,342,A_VAL_342,8.033251607949977
A,VAL,344,A_VAL_344,16.65219943415475
