chain,resname,resnum,res_key,density
A,ALA,194,A_ALA_194,12.426603314934752
A,ALA,287,A_ALA_287,12.44718194081906
A,ALA,290,A_ALA_290,12.778260404705293
A,ARG,199,A_ARG_199,20.251075331500175
A,ARG,201,A_ARG_201,19.225597219536223
A,ASP,198,A_ASP_198,22.381510261778967
A,CYS,193,A_CYS_193,18.30041021673589
A,CYS,283,A_CYS_283,10.62938288424151
A,GLU,221,A_GLU_221,20.87229929142395
A,GLY,186,A_GLY_186,10.436990362271128
A,ILE,140,A_ILE_140,6.618535217660171
A,ILE,187,A_ILE_187,14.90723253533237
A,ILE,197,A_ILE_197,18.617737651571147
A,ILE,222,A_ILE_222,6.50931093492507
A,ILE,225,A_ILE_225,19.19470709994696
A,ILE,288,A_ILE_288,17.765908793144103
A,LEU,139,A_LEU_139,18.588755454691633
A,LEU,143,A_LEU_143,12.021668401731102
A,LEU,190,A_LEU_190,18.77939413169619
A,LEU,192,A_LEU_192,18.21416730005627
A,LEU,195,A_LEU_195,18.655503903000554
A,LEU,224,A_LEU_224,5.572233137523961
A,LEU,284,A_LEU_284,18.406172032432234
A,LEU,286,A_LEU_286,19.149689781458708
A,LEU,328,A_LEU_328,17.209635961698734
A,LEU,330,A_LEU_330,2.9310019584388547
A,MET,296,A_MET_296,1.4302022743247427
A,PHE,280,A_PHE_280,20.698171850359614
A,PHE,282,A_PHE_282,10.671572179927447
A,PHE,291,A_PHE_291,20.008666298984068
A,PHE,292,A_PHE_292,25.096172287495477
A,PHE,326,A_PHE_326,4.56550672024913
A,PHE,332,A_PHE_332,16.836182450498075
A,PRO,136,A_PRO_136,7.152332730261426
A,PRO,285,A_PRO_285,16.38380757386897
A,SER,142,A_SER_142,5.034068838084575
A,SER,191,A_SER_191,15.541780037882557
A,SER,196,A_SER_196,15.725672394135483
A,SER,229,A_SER_229,2.479443287477127
A,THR,188,A_THR_188,18.09893303713248
A,THR,289,A_THR_289,18.083297901968034
A,TRP,226,A_TRP_226,2.78716989249067
A,TYR,200,A_TYR_200,13.389435463255419
A,TYR,281,A_TYR_281,14.475250346675118
A,TYR,293,A_TYR_293,13.206824254401111
A,VAL,185,A_VAL_185,5.835153654586506
A,VAL,189,A_VAL_189,16.7488623677619
A,VAL,228,A_VAL_228,3.8687357330166643
A,VAL,325,A_VAL_325,16.69354609639705
A,VAL,329,A_VAL_329,16.26247737709215
