chain,resname,resnum,res_key,density
A,ALA,425,A_ALA_425,12.3532299189825
A,ASN,426,A_ASN_426,20.31190252368043
A,ASP,427,A_ASP_427,17.31900668530109
A,CYS,420,A_CYS_420,17.94008843251894
A,GLN,412,A_GLN_412,5.843162762530333
A,GLN,418,A_GLN_418,22.963651911000895
A,GLU,415,A_GLU_415,14.195283205088272
A,GLU,416,A_GLU_416,23.230498281334114
A,HIS,428,A_HIS_428,7.089240791549501
A,LEU,414,A_LEU_414,12.667918851956243
A,LEU,421,A_LEU_421,17.973974278682658
A,LYS,417,A_LYS_417,20.249220306893633
A,LYS,422,A_LYS_422,20.604413833826285
A,LYS,424,A_LYS_424,20.07649793954966
A,PHE,423,A_PHE_423,25.07195785640722
A,SER,413,A_SER_413,11.894316103700827
A,SER,419,A_SER_419,15.368574919084061
