chain,resname,resnum,res_key,density
A,ALA,287,A_ALA_287,12.44718194081906
A,ALA,290,A_ALA_290,9.583224244591221
A,ALA,333,A_ALA_333,12.604970000191598
A,ASP,274,A_ASP_274,5.630379155317586
A,CYS,193,A_CYS_193,9.482759649762496
A,CYS,283,A_CYS_283,17.836673596325625
A,HIS,340,A_HIS_340,24.210916686467087
A,ILE,288,A_ILE_288,17.765908793144103
A,ILE,344,A_ILE_344,6.0147552417693575
A,LEU,190,A_LEU_190,4.878255185454617
A,LEU,192,A_LEU_192,1.8993676165814835
A,LEU,277,A_LEU_277,16.590867164936284
A,LEU,284,A_LEU_284,18.406172032432234
A,LEU,286,A_LEU_286,19.149689781458708
A,LEU,334,A_LEU_334,2.7834230971261884
A,LEU,337,A_LEU_337,18.32969365456588
A,LEU,341,A_LEU_341,2.9014713576803763
A,LYS,273,A_LYS_273,3.5698851392267423
A,PHE,278,A_PHE_278,25.35324777448425
A,PHE,280,A_PHE_280,25.35886426503816
A,PHE,282,A_PHE_282,25.450450676091535
A,PHE,291,A_PHE_291,7.0669684021919075
A,PHE,332,A_PHE_332,23.320591177590938
A,PRO,285,A_PRO_285,16.38380757386897
A,SER,279,A_SER_279,16.382591649342807
A,THR,289,A_THR_289,18.083297901968034
A,TRP,275,A_TRP_275,22.855250237709043
A,TRP,276,A_TRP_276,29.632651244837504
A,TRP,336,A_TRP_336,21.152971076488676
A,TYR,281,A_TYR_281,25.04106476692092
A,VAL,185,A_VAL_185,1.9131747330686162
A,VAL,189,A_VAL_189,16.7488623677619
A,VAL,329,A_VAL_329,13.294510104086898
