chain,resname,resnum,res_key,density
A,ASN,132,A_ASN_132,21.754699404573678
A,ASN,136,A_ASN_136,14.758398847180985
A,ASN,162,A_ASN_162,21.00684520394651
A,ASP,144,A_ASP_144,12.108956457345133
A,CYS,129,A_CYS_129,18.27896359837291
A,CYS,135,A_CYS_135,12.014897710412155
A,CYS,143,A_CYS_143,11.576119327795185
A,CYS,146,A_CYS_146,17.616910297579675
A,CYS,149,A_CYS_149,12.022066841743388
A,CYS,157,A_CYS_157,17.545402440519016
A,CYS,165,A_CYS_165,14.803669819073882
A,GLU,156,A_GLU_156,23.299353332512837
A,GLY,152,A_GLY_152,5.499225764460174
A,ILE,153,A_ILE_153,17.9023965933844
A,ILE,154,A_ILE_154,14.500628148829986
A,LEU,159,A_LEU_159,17.72555623170746
A,LYS,130,A_LYS_130,10.893235333751345
A,LYS,148,A_LYS_148,18.081483010754294
A,LYS,155,A_LYS_155,20.5476300686479
A,LYS,164,A_LYS_164,20.478198265667153
A,PHE,133,A_PHE_133,23.276627656764532
A,PHE,134,A_PHE_134,25.140535370827884
A,PRO,131,A_PRO_131,16.338356749565715
A,PRO,145,A_PRO_145,15.638913388137667
A,SER,161,A_SER_161,16.088520335104203
A,THR,147,A_THR_147,17.972953632795505
A,THR,158,A_THR_158,17.814066618369047
A,THR,160,A_THR_160,17.62017465078427
A,THR,163,A_THR_163,16.784526975616004
