chain,resname,resnum,res_key,density
A,ARG,105,A_ARG_105,9.777000317706655
A,ARG,128,A_ARG_128,26.148453426699177
A,ASN,132,A_ASN_132,21.754699404573678
A,ASN,136,A_ASN_136,15.101061248155608
A,ASN,162,A_ASN_162,4.49882170667555
A,ASP,108,A_ASP_108,13.010350776891102
A,ASP,144,A_ASP_144,20.743641452538448
A,CYS,107,A_CYS_107,16.45744790650193
A,CYS,127,A_CYS_127,17.853554945419212
A,CYS,129,A_CYS_129,18.27896359837291
A,CYS,135,A_CYS_135,17.194230688691817
A,CYS,140,A_CYS_140,17.68213204214922
A,CYS,143,A_CYS_143,17.92695656956394
A,CYS,146,A_CYS_146,14.445203130227224
A,CYS,157,A_CYS_157,15.2536097435156
A,GLU,109,A_GLU_109,23.02532472191599
A,GLU,114,A_GLU_114,23.868439879928637
A,GLU,116,A_GLU_116,23.68090427166655
A,GLU,141,A_GLU_141,12.213306038828923
A,GLY,110,A_GLY_110,10.767204103569137
A,GLY,112,A_GLY_112,10.645977623913122
A,HIS,111,A_HIS_111,18.903060695982386
A,HIS,142,A_HIS_142,22.994293153228544
A,ILE,117,A_ILE_117,2.8226689801887566
A,LEU,106,A_LEU_106,5.311370122735584
A,LEU,113,A_LEU_113,18.615336295554155
A,LEU,159,A_LEU_159,17.72555623170746
A,LYS,126,A_LYS_126,20.55406540347202
A,LYS,130,A_LYS_130,20.618965142657526
A,PHE,133,A_PHE_133,25.464505651853585
A,PHE,134,A_PHE_134,25.140535370827884
A,PRO,131,A_PRO_131,16.338356749565715
A,PRO,145,A_PRO_145,15.638913388137667
A,SER,137,A_SER_137,12.065709680538028
A,SER,161,A_SER_161,13.098224172289626
A,THR,138,A_THR_138,6.112992688739057
A,THR,158,A_THR_158,17.814066618369047
A,THR,160,A_THR_160,17.62017465078427
A,VAL,115,A_VAL_115,15.728291459093235
A,VAL,139,A_VAL_139,9.283800781002316
