chain,resname,resnum,res_key,density
A,ARG,105,A_ARG_105,7.193384609767425
A,ARG,128,A_ARG_128,15.961247417246087
A,ASN,132,A_ASN_132,10.971304101035575
A,ASN,136,A_ASN_136,20.544856215806334
A,ASN,162,A_ASN_162,21.00684520394651
A,ASP,144,A_ASP_144,20.743641452538448
A,CYS,127,A_CYS_127,12.551339854184121
A,CYS,129,A_CYS_129,18.27896359837291
A,CYS,135,A_CYS_135,17.194230688691817
A,CYS,140,A_CYS_140,17.68213204214922
A,CYS,143,A_CYS_143,17.92695656956394
A,CYS,146,A_CYS_146,14.445203130227224
A,CYS,157,A_CYS_157,17.545402440519016
A,GLU,114,A_GLU_114,2.8946241733072795
A,GLU,116,A_GLU_116,3.1057595935201987
A,GLU,141,A_GLU_141,23.060735603507382
A,GLU,156,A_GLU_156,3.3366412373932377
A,GLY,112,A_GLY_112,10.645977623913122
A,HIS,111,A_HIS_111,9.391034866579474
A,HIS,142,A_HIS_142,22.994293153228544
A,LEU,113,A_LEU_113,15.304789826382981
A,LEU,159,A_LEU_159,17.72555623170746
A,LYS,130,A_LYS_130,12.710848838667602
A,LYS,155,A_LYS_155,2.267760354730095
A,PHE,133,A_PHE_133,25.464505651853585
A,PHE,134,A_PHE_134,25.140535370827884
A,PRO,131,A_PRO_131,5.5841691976947905
A,PRO,145,A_PRO_145,15.638913388137667
A,SER,137,A_SER_137,15.516886755138795
A,SER,161,A_SER_161,16.088520335104203
A,THR,138,A_THR_138,18.18830609750218
A,THR,147,A_THR_147,5.645592052124765
A,THR,158,A_THR_158,17.814066618369047
A,THR,160,A_THR_160,17.62017465078427
A,THR,163,A_THR_163,4.610104226692875
A,VAL,139,A_VAL_139,15.251999959782333
