chain,resname,resnum,res_key,density
A,ARG,102,A_ARG_102,16.218525242665386
A,ARG,103,A_ARG_103,14.707355536555932
A,ARG,105,A_ARG_105,18.931374981292105
A,ARG,121,A_ARG_121,27.27092594746464
A,ASN,118,A_ASN_118,21.045440845900217
A,ASN,124,A_ASN_124,21.84733312968057
A,ASP,93,A_ASP_93,12.801309592588543
A,CYS,85,A_CYS_85,17.092189005184224
A,CYS,101,A_CYS_101,9.826778573665445
A,CYS,104,A_CYS_104,18.396469187592896
A,CYS,107,A_CYS_107,11.346390552736281
A,CYS,119,A_CYS_119,17.26927459442617
A,CYS,127,A_CYS_127,14.607024114263307
A,GLN,86,A_GLN_86,20.218602609010663
A,GLN,123,A_GLN_123,23.114629446145983
A,GLU,87,A_GLU_87,23.40106491820917
A,GLU,90,A_GLU_90,24.798532454377316
A,GLU,114,A_GLU_114,6.218649625951864
A,GLU,116,A_GLU_116,14.352229616657876
A,GLY,66,A_GLY_66,10.505748776752085
A,GLY,88,A_GLY_88,10.373909295201251
A,ILE,117,A_ILE_117,18.456857087889542
A,LEU,106,A_LEU_106,18.111186328496423
A,LYS,89,A_LYS_89,18.112783862021264
A,LYS,126,A_LYS_126,15.923914720982072
A,THR,92,A_THR_92,17.395794464957234
A,THR,120,A_THR_120,18.18955553867292
A,THR,122,A_THR_122,16.59358355711855
A,THR,125,A_THR_125,16.99341770601634
A,TYR,91,A_TYR_91,27.72568077837762
A,VAL,115,A_VAL_115,15.728291459093235
