chain,resname,resnum,res_key,density
A,ALA,905,A_ALA_905,13.052469178158066
A,ALA,909,A_ALA_909,12.09140931902558
A,ALA,954,A_ALA_954,2.8520145060551827
A,ARG,908,A_ARG_908,13.929082183138206
A,ASN,826,A_ASN_826,3.167311238382751
A,ASN,951,A_ASN_951,13.107614390503944
A,CYS,904,A_CYS_904,17.490482052186103
A,CYS,911,A_CYS_911,17.479264242842646
A,GLU,819,A_GLU_819,24.13186315228206
A,GLU,823,A_GLU_823,23.428320918751112
A,GLU,915,A_GLU_915,2.665230108004074
A,GLY,817,A_GLY_817,4.957566660603945
A,GLY,827,A_GLY_827,10.649144425224653
A,GLY,907,A_GLY_907,10.11526836390855
A,GLY,952,A_GLY_952,10.476126055993792
A,HIS,910,A_HIS_910,23.30099857834061
A,LEU,818,A_LEU_818,18.092860077976976
A,LEU,830,A_LEU_830,17.615007064766935
A,LEU,831,A_LEU_831,17.97350381628926
A,LEU,852,A_LEU_852,12.411312718889992
A,LEU,902,A_LEU_902,18.143402785769563
A,LEU,914,A_LEU_914,18.046235321703556
A,LYS,828,A_LYS_828,8.596734417827157
A,PHE,974,A_PHE_974,14.811393371544009
A,PRO,821,A_PRO_821,15.451902938823201
A,PRO,833,A_PRO_833,8.553494436188146
A,SER,825,A_SER_825,15.31056277598962
A,THR,903,A_THR_903,18.074887266913848
A,THR,906,A_THR_906,15.662386012691833
A,TRP,820,A_TRP_820,31.580780091267414
A,TRP,829,A_TRP_829,13.995533467919522
A,TRP,913,A_TRP_913,31.423612700590244
A,TRP,953,A_TRP_953,31.823980004708954
A,TYR,822,A_TYR_822,28.69256884019672
A,TYR,832,A_TYR_832,4.977566361791483
A,VAL,824,A_VAL_824,17.43520505262998
A,VAL,912,A_VAL_912,16.32909440729195
A,VAL,950,A_VAL_950,14.397286488790545
