chain,resname,resnum,res_key,density
A,ALA,478,A_ALA_478,11.416509125827002
A,ALA,483,A_ALA_483,11.374789412768791
A,ALA,487,A_ALA_487,12.332544523752095
A,ALA,520,A_ALA_520,2.0146505165692914
A,ALA,532,A_ALA_532,9.189495853528273
A,ARG,476,A_ARG_476,15.98913746973617
A,ARG,528,A_ARG_528,14.496803452003208
A,ARG,530,A_ARG_530,22.98617282865539
A,ASP,481,A_ASP_481,20.8225306590983
A,ASP,559,A_ASP_559,7.775763506218642
A,CYS,485,A_CYS_485,16.93396121173585
A,CYS,490,A_CYS_490,16.949342239432447
A,GLN,492,A_GLN_492,21.77337328140955
A,GLN,610,A_GLN_610,8.270502704949728
A,GLN,612,A_GLN_612,2.8710154040212217
A,GLU,494,A_GLU_494,2.7741000993774025
A,GLU,554,A_GLU_554,23.490245751115864
A,ILE,568,A_ILE_568,7.692427239249624
A,ILE,570,A_ILE_570,3.68003799719204
A,LEU,480,A_LEU_480,18.397428862586835
A,LEU,484,A_LEU_484,17.59741660890522
A,LEU,529,A_LEU_529,18.4349194790289
A,LEU,553,A_LEU_553,12.332319611340182
A,LEU,555,A_LEU_555,17.43509164580259
A,LEU,556,A_LEU_556,18.825928830800954
A,LEU,557,A_LEU_557,17.40568192876115
A,LEU,561,A_LEU_561,5.759251619740687
A,MET,558,A_MET_558,14.768157386116163
A,PHE,531,A_PHE_531,18.438290141904247
A,PHE,611,A_PHE_611,18.838168792804538
A,PRO,475,A_PRO_475,14.178390499873203
A,PRO,477,A_PRO_477,15.580262567810102
A,PRO,482,A_PRO_482,15.899286185371434
A,SER,489,A_SER_489,16.005508378843473
A,THR,486,A_THR_486,17.39350668783945
A,THR,488,A_THR_488,17.912439755115095
A,VAL,474,A_VAL_474,2.8340887149024616
A,VAL,479,A_VAL_479,13.771425882412577
A,VAL,491,A_VAL_491,16.43348815415271
A,VAL,493,A_VAL_493,16.193902208186415
A,VAL,609,A_VAL_609,16.237522960764185
