chain,resname,resnum,res_key,density
A,ALA,45,A_ALA_45,12.267574392738869
A,ALA,72,A_ALA_72,12.348798103024711
A,ALA,74,A_ALA_74,6.424415008189684
A,ALA,90,A_ALA_90,9.793780447150873
A,ALA,98,A_ALA_98,10.199314516606531
A,ARG,67,A_ARG_67,12.471928973526278
A,ARG,105,A_ARG_105,24.368068985724342
A,ASN,47,A_ASN_47,18.341327167209684
A,ASN,107,A_ASN_107,2.424370839320478
A,ASP,101,A_ASP_101,20.917980606817956
A,ASP,102,A_ASP_102,22.02545738847771
A,ASP,455,A_ASP_455,9.640489906897598
A,CYS,94,A_CYS_94,16.90502334382878
A,CYS,103,A_CYS_103,17.74784856552023
A,GLU,44,A_GLU_44,22.550128907722407
A,GLU,77,A_GLU_77,13.034080578145455
A,GLU,104,A_GLU_104,23.702782531621963
A,GLY,46,A_GLY_46,10.285033383386082
A,GLY,53,A_GLY_53,4.262598633414824
A,GLY,73,A_GLY_73,10.48428331818873
A,HIS,99,A_HIS_99,23.927914439170685
A,HIS,456,A_HIS_456,7.440571941652488
A,ILE,457,A_ILE_457,18.54272121310271
A,LEU,69,A_LEU_69,17.91599100737117
A,LEU,70,A_LEU_70,17.664044442441995
A,LEU,71,A_LEU_71,17.097154909712927
A,LEU,93,A_LEU_93,18.247329524711667
A,LEU,96,A_LEU_96,16.05220648624005
A,LEU,169,A_LEU_169,1.8875400002774914
A,LEU,449,A_LEU_449,3.3373834296694183
A,LYS,43,A_LYS_43,20.226655432395
A,LYS,100,A_LYS_100,16.546113018431306
A,MET,106,A_MET_106,15.93149982077382
A,PHE,52,A_PHE_52,23.585547680344995
A,PRO,95,A_PRO_95,16.471284596195957
A,SER,50,A_SER_50,5.76353094501251
A,THR,97,A_THR_97,18.071995747478184
A,TYR,68,A_TYR_68,5.704969092976741
A,TYR,92,A_TYR_92,27.54841065847627
A,VAL,41,A_VAL_41,8.023959788194304
A,VAL,42,A_VAL_42,14.717665928328023
A,VAL,91,A_VAL_91,15.593572059147146
