chain,resname,resnum,res_key,density
A,ALA,141,A_ALA_141,6.1095826624436365
A,ALA,214,A_ALA_214,11.920512458200792
A,ALA,217,A_ALA_217,11.854787754339702
A,ARG,143,A_ARG_143,5.909331164411718
A,ARG,157,A_ARG_157,21.843570751337914
A,ASN,182,A_ASN_182,18.010690551892925
A,ASN,186,A_ASN_186,21.813906570100453
A,ASN,188,A_ASN_188,20.456612790811704
A,ASN,223,A_ASN_223,21.47800565264887
A,ASP,190,A_ASP_190,14.336910740825498
A,CYS,162,A_CYS_162,18.332116185881834
A,CYS,185,A_CYS_185,17.439702167140354
A,CYS,197,A_CYS_197,17.372519604854666
A,GLN,146,A_GLN_146,22.132978514450016
A,GLN,198,A_GLN_198,16.51925091439857
A,GLU,183,A_GLU_183,23.779539811054878
A,GLU,193,A_GLU_193,23.12350336965511
A,GLU,236,A_GLU_236,11.557280496212236
A,GLY,160,A_GLY_160,10.756886159571174
A,GLY,195,A_GLY_195,10.131642109560666
A,GLY,200,A_GLY_200,6.943521972107757
A,GLY,213,A_GLY_213,10.697429139689842
A,GLY,216,A_GLY_216,9.960296598683229
A,GLY,222,A_GLY_222,7.587938470597871
A,HIS,142,A_HIS_142,11.7898559851829
A,HIS,181,A_HIS_181,19.522868235148167
A,ILE,227,A_ILE_227,3.604107644088669
A,LEU,148,A_LEU_148,5.69529775714273
A,LEU,192,A_LEU_192,8.858255617215912
A,LEU,199,A_LEU_199,18.53782994593604
A,LYS,161,A_LYS_161,20.202185824082594
A,MET,158,A_MET_158,14.2367539076194
A,MET,184,A_MET_184,20.12750792388595
A,MET,196,A_MET_196,19.907454435058483
A,MET,226,A_MET_226,2.891036239075093
A,PHE,212,A_PHE_212,25.027894864139
A,PRO,215,A_PRO_215,9.343962179726311
A,SER,187,A_SER_187,15.83719288493003
A,SER,224,A_SER_224,10.200937910089378
A,SER,238,A_SER_238,11.996444248296859
A,THR,145,A_THR_145,10.999514956054036
A,THR,189,A_THR_189,18.562093759714884
A,THR,194,A_THR_194,17.513660993674733
A,THR,201,A_THR_201,5.813195377572217
A,TYR,144,A_TYR_144,29.44693834918388
A,TYR,180,A_TYR_180,13.292654168993938
A,TYR,191,A_TYR_191,9.96401276907738
A,TYR,218,A_TYR_218,24.201264975773487
A,TYR,225,A_TYR_225,28.050470735797898
A,TYR,237,A_TYR_237,5.381412288268876
A,TYR,239,A_TYR_239,2.565170139677831
A,VAL,159,A_VAL_159,16.239901848266882
