chain,resname,resnum,res_key,density
A,ALA,608,A_ALA_608,3.2389903673222533
A,ARG,287,A_ARG_287,26.09548138302195
A,ARG,371,A_ARG_371,10.132359037403091
A,ARG,373,A_ARG_373,14.777532927517782
A,ARG,377,A_ARG_377,26.74222998196988
A,ASN,611,A_ASN_611,15.46112691614053
A,ASP,345,A_ASP_345,3.1950755173448426
A,CYS,288,A_CYS_288,9.841920110322365
A,CYS,379,A_CYS_379,18.46381954883197
A,GLN,368,A_GLN_368,8.378551349153353
A,GLN,657,A_GLN_657,2.5614572988446684
A,GLU,372,A_GLU_372,14.744209508444907
A,GLU,376,A_GLU_376,23.736827243974826
A,GLY,284,A_GLY_284,10.02180379134561
A,GLY,286,A_GLY_286,10.037112229174443
A,GLY,382,A_GLY_382,9.903215080113318
A,GLY,610,A_GLY_610,10.125607874377529
A,ILE,352,A_ILE_352,8.027154054834185
A,ILE,383,A_ILE_383,18.41736990793619
A,LEU,281,A_LEU_281,2.141319531747835
A,LEU,282,A_LEU_282,17.85368587359564
A,LEU,311,A_LEU_311,6.4283791191697945
A,LEU,348,A_LEU_348,7.586144250546244
A,LEU,349,A_LEU_349,2.0285680153957255
A,LEU,374,A_LEU_374,19.073121873676087
A,LEU,378,A_LEU_378,17.650348110224506
A,MET,346,A_MET_346,7.020714063030451
A,PHE,289,A_PHE_289,18.932991561903528
A,PHE,312,A_PHE_312,8.404239046890432
A,PRO,380,A_PRO_380,16.435353282997838
A,PRO,381,A_PRO_381,16.1356739315735
A,PRO,384,A_PRO_384,15.51359395669172
A,PRO,386,A_PRO_386,6.087216864683243
A,SER,285,A_SER_285,14.846258290782513
A,THR,375,A_THR_375,18.37197482585764
A,THR,385,A_THR_385,13.97147760125669
A,TYR,609,A_TYR_609,17.29483927523515
A,VAL,283,A_VAL_283,10.56366560879145
A,VAL,370,A_VAL_370,3.5531737215201344
