chain,resname,resnum,res_key,density
A,ALA,1966,A_ALA_1966,12.317242595879412
A,ALA,2008,A_ALA_2008,5.851214894270111
A,ALA,2018,A_ALA_2018,12.278478431773006
A,ARG,2039,A_ARG_2039,25.856215129398674
A,ARG,2040,A_ARG_2040,25.37573325771797
A,ASP,2009,A_ASP_2009,13.096019236554664
A,ASP,2019,A_ASP_2019,21.65627132288243
A,CYS,2016,A_CYS_2016,17.65848345114653
A,CYS,2038,A_CYS_2038,17.100502652332793
A,GLN,2012,A_GLN_2012,22.255223699575435
A,GLU,2005,A_GLU_2005,2.781958912385702
A,HIS,2037,A_HIS_2037,9.438724548188322
A,LEU,1992,A_LEU_1992,9.865385652863093
A,MET,1965,A_MET_1965,10.401188253923632
A,MET,1968,A_MET_1968,8.538744900456447
A,MET,2014,A_MET_2014,21.245186782880378
A,PHE,1994,A_PHE_1994,1.8786718229329182
A,PRO,2041,A_PRO_2041,8.042830220367826
A,SER,2010,A_SER_2010,11.852394023534787
A,SER,2015,A_SER_2015,16.002951896895325
A,THR,2013,A_THR_2013,17.588589698441304
A,TYR,2017,A_TYR_2017,27.591109672976028
A,VAL,1964,A_VAL_1964,16.301372151200827
A,VAL,2011,A_VAL_2011,15.954865329422832
A,VAL,2020,A_VAL_2020,12.09893733744425
A,VAL,2021,A_VAL_2021,10.363503867512922
A,VAL,2042,A_VAL_2042,1.8665597159037788
