chain,resname,resnum,res_key,density
A,ALA,1165,A_ALA_1165,12.030429504713949
A,ALA,1298,A_ALA_1298,2.6413968959820404
A,ALA,1302,A_ALA_1302,4.429502497490921
A,ALA,1439,A_ALA_1439,9.74468156344448
A,ARG,1295,A_ARG_1295,22.010829615027966
A,ASN,1157,A_ASN_1157,20.93293176076741
A,ASN,1324,A_ASN_1324,2.324118845281249
A,ASN,1394,A_ASN_1394,10.70484496427744
A,ASP,1164,A_ASP_1164,7.831227052934606
A,ASP,1173,A_ASP_1173,2.7776853953745375
A,ASP,1429,A_ASP_1429,21.413582141329528
A,CYS,1296,A_CYS_1296,17.55311202620767
A,CYS,1432,A_CYS_1432,17.794609017805996
A,GLU,1153,A_GLU_1153,6.066322495655118
A,GLU,1156,A_GLU_1156,23.051559430157646
A,GLU,1327,A_GLU_1327,16.902914914415575
A,GLU,1438,A_GLU_1438,23.24492807699521
A,HIS,1154,A_HIS_1154,16.071870665884767
A,ILE,1319,A_ILE_1319,1.638429841825095
A,ILE,1393,A_ILE_1393,17.874399620075984
A,ILE,1427,A_ILE_1427,18.16924073564621
A,ILE,1428,A_ILE_1428,17.166460083008026
A,ILE,1430,A_ILE_1430,17.457576955435687
A,LEU,1167,A_LEU_1167,10.198989886241005
A,LEU,1278,A_LEU_1278,9.973215362011679
A,LEU,1300,A_LEU_1300,13.45302707783772
A,LEU,1328,A_LEU_1328,12.744405706291127
A,LEU,1335,A_LEU_1335,5.781767087276717
A,LEU,1391,A_LEU_1391,5.473513962019419
A,LEU,1395,A_LEU_1395,12.14945007803206
A,LEU,1426,A_LEU_1426,16.25551109523287
A,LEU,1435,A_LEU_1435,17.75401617003211
A,LEU,1440,A_LEU_1440,8.135328972524487
A,LYS,1133,A_LYS_1133,4.206931462705366
A,LYS,1262,A_LYS_1262,5.777865617612045
A,LYS,1431,A_LYS_1431,21.491191009466135
A,LYS,1434,A_LYS_1434,21.52864226654718
A,MET,1303,A_MET_1303,21.550167530470663
A,PHE,1266,A_PHE_1266,6.338033251817523
A,PHE,1308,A_PHE_1308,14.865346847605622
A,PHE,1436,A_PHE_1436,25.79499499655618
A,PRO,1264,A_PRO_1264,13.60027243569157
A,PRO,1425,A_PRO_1425,2.9770910094417515
A,THR,1166,A_THR_1166,16.83980825779358
A,THR,1306,A_THR_1306,3.3674285839981635
A,THR,1331,A_THR_1331,15.084098260437692
A,THR,1433,A_THR_1433,18.208438951306068
A,TYR,1299,A_TYR_1299,27.794108175386658
A,VAL,1155,A_VAL_1155,15.87806136754816
A,VAL,1160,A_VAL_1160,5.363693043040535
A,VAL,1168,A_VAL_1168,6.371566330748399
A,VAL,1261,A_VAL_1261,5.706879637756698
A,VAL,1263,A_VAL_1263,12.864035504080693
A,VAL,1392,A_VAL_1392,5.568869987847394
A,VAL,1437,A_VAL_1437,15.955029533687222
