chain,resname,resnum,res_key,density
A,ASP,1886,A_ASP_1886,20.764437463879872
A,CYS,1889,A_CYS_1889,17.73829354579958
A,GLY,1887,A_GLY_1887,9.979435591621694
A,PRO,1885,A_PRO_1885,2.413693665500484
A,PRO,1891,A_PRO_1891,15.868397869782143
A,PRO,1892,A_PRO_1892,16.332212777348662
A,PRO,1893,A_PRO_1893,8.379985614088989
A,THR,1888,A_THR_1888,17.04192114068053
A,TYR,1890,A_TYR_1890,28.856735693756818
