chain,resname,resnum,res_key,density
A,ARG,102,A_ARG_102,4.966330169042866
A,ARG,770,A_ARG_770,3.4285323802975145
A,ARG,839,A_ARG_839,15.602097523607629
A,ARG,842,A_ARG_842,14.132660199054133
A,ASN,59,A_ASN_59,21.751488375221207
A,CYS,91,A_CYS_91,17.066877813784977
A,CYS,92,A_CYS_92,17.41975779382978
A,GLN,15,A_GLN_15,21.8750710829046
A,GLN,109,A_GLN_109,2.700578057602125
A,GLN,117,A_GLN_117,22.328994639879756
A,GLN,638,A_GLN_638,6.283916889103926
A,GLU,90,A_GLU_90,23.447170642358266
A,GLU,106,A_GLU_106,16.99933706948642
A,GLU,773,A_GLU_773,8.502718679812933
A,GLY,14,A_GLY_14,4.464531185863638
A,GLY,18,A_GLY_18,10.312309846096829
A,GLY,58,A_GLY_58,9.836501158369627
A,GLY,61,A_GLY_61,10.493757230814353
A,GLY,89,A_GLY_89,10.531975758134466
A,GLY,115,A_GLY_115,10.159946109638105
A,GLY,118,A_GLY_118,10.143994041617622
A,HIS,105,A_HIS_105,22.91906026288969
A,ILE,57,A_ILE_57,17.953104137760576
A,ILE,62,A_ILE_62,6.548596053630299
A,ILE,113,A_ILE_113,3.227925085774797
A,LEU,40,A_LEU_40,1.8754775777450927
A,LEU,52,A_LEU_52,17.7168562438289
A,LEU,56,A_LEU_56,17.603258150334483
A,LEU,86,A_LEU_86,18.54839918956302
A,LEU,104,A_LEU_104,17.6577434917865
A,LEU,108,A_LEU_108,12.512910155143853
A,LEU,116,A_LEU_116,15.063464342144583
A,PHE,17,A_PHE_17,25.568629566745074
A,PRO,16,A_PRO_16,15.915054032079077
A,PRO,55,A_PRO_55,15.747413012488906
A,PRO,93,A_PRO_93,15.633583514892875
A,PRO,95,A_PRO_95,16.365665739874224
A,PRO,114,A_PRO_114,5.5699869200534735
A,SER,96,A_SER_96,2.471807344157583
A,SER,771,A_SER_771,4.521254964727742
A,THR,94,A_THR_94,17.826714153168602
A,THR,103,A_THR_103,17.98119495979766
A,THR,121,A_THR_121,5.122120408486079
A,TRP,107,A_TRP_107,10.894196492476652
A,TRP,835,A_TRP_835,15.041895763299793
A,TRP,922,A_TRP_922,12.996886428547102
A,TYR,36,A_TYR_36,19.113109711137263
A,TYR,54,A_TYR_54,17.95040915815964
A,TYR,60,A_TYR_60,13.399206135521526
A,VAL,87,A_VAL_87,16.242900444441915
A,VAL,88,A_VAL_88,15.533342273726802
A,VAL,119,A_VAL_119,14.171029972904151
