chain,resname,resnum,res_key,density
A,ALA,120,A_ALA_120,12.44258107009879
A,ALA,170,A_ALA_170,9.020296094525845
A,ARG,142,A_ARG_142,11.89420740572004
A,ARG,164,A_ARG_164,26.110778149691146
A,ASN,104,A_ASN_104,6.202491613932558
A,ASN,179,A_ASN_179,5.738666410857928
A,ASP,113,A_ASP_113,13.811663368658554
A,ASP,116,A_ASP_116,21.49662041402642
A,ASP,158,A_ASP_158,5.82890981367224
A,CYS,124,A_CYS_124,10.536937849501015
A,CYS,125,A_CYS_125,14.12507446873028
A,CYS,149,A_CYS_149,17.311074477404485
A,CYS,151,A_CYS_151,18.228001145934876
A,CYS,168,A_CYS_168,18.121926337111198
A,GLN,112,A_GLN_112,13.39406732238213
A,GLN,119,A_GLN_119,22.923394924969188
A,GLN,121,A_GLN_121,2.8278510805756834
A,GLU,138,A_GLU_138,2.96982310026903
A,GLU,152,A_GLU_152,23.67147895976446
A,GLU,169,A_GLU_169,20.22099678343663
A,GLY,126,A_GLY_126,4.98208380300143
A,GLY,166,A_GLY_166,10.510896406005926
A,LEU,139,A_LEU_139,9.34210931474805
A,LYS,123,A_LYS_123,4.026805873754388
A,LYS,154,A_LYS_154,17.627142512987703
A,LYS,165,A_LYS_165,20.54918040015084
A,PHE,130,A_PHE_130,1.724766794013866
A,PHE,167,A_PHE_167,24.898982204568938
A,PRO,148,A_PRO_148,16.20121159234884
A,PRO,171,A_PRO_171,4.3998276729178745
A,PRO,185,A_PRO_185,16.073552964538848
A,SER,105,A_SER_105,16.43422039715255
A,SER,150,A_SER_150,16.296000141734748
A,SER,160,A_SER_160,6.847062841441682
A,SER,162,A_SER_162,15.579067938455115
A,THR,146,A_THR_146,17.480913601939548
A,TRP,115,A_TRP_115,18.323871216175636
A,TRP,133,A_TRP_133,21.354698333810195
A,TRP,184,A_TRP_184,28.366718188416826
A,TYR,103,A_TYR_103,16.878116766313234
A,TYR,117,A_TYR_117,13.094950612236902
A,TYR,147,A_TYR_147,27.9452890753731
A,TYR,187,A_TYR_187,27.475877437644872
A,VAL,118,A_VAL_118,8.889972436081615
A,VAL,145,A_VAL_145,5.963148305697221
A,VAL,153,A_VAL_153,16.144204455499487
A,VAL,163,A_VAL_163,16.658692903222423
A,VAL,186,A_VAL_186,16.620647584199503
