chain,resname,resnum,res_key,density
A,ALA,635,A_ALA_635,12.141155161122057
A,ALA,652,A_ALA_652,10.196997290197551
A,ALA,692,A_ALA_692,9.954563967681086
A,ALA,694,A_ALA_694,12.708759512108658
A,ALA,697,A_ALA_697,11.880489391812933
A,ARG,649,A_ARG_649,23.95994402918166
A,ARG,689,A_ARG_689,6.567751800502261
A,ASN,277,A_ASN_277,10.263738147056879
A,ASN,617,A_ASN_617,21.721028827468675
A,ASN,620,A_ASN_620,6.096830666383621
A,ASN,666,A_ASN_666,21.194663223773855
A,ASP,904,A_ASP_904,2.8385484705134245
A,CYS,616,A_CYS_616,17.3677001262879
A,CYS,665,A_CYS_665,17.854301334758166
A,GLN,638,A_GLN_638,4.918583329546417
A,GLN,668,A_GLN_668,6.531212710572152
A,GLU,599,A_GLU_599,2.8728823778210426
A,GLU,601,A_GLU_601,22.94987520664171
A,GLU,603,A_GLU_603,24.165800547483542
A,GLU,619,A_GLU_619,11.681086999746658
A,GLU,664,A_GLU_664,17.40068148001797
A,GLU,730,A_GLU_730,23.197629979998485
A,GLY,699,A_GLY_699,9.50488400014521
A,ILE,600,A_ILE_600,18.057829818264075
A,ILE,653,A_ILE_653,7.210691994393201
A,LEU,290,A_LEU_290,1.8435394797371676
A,LEU,640,A_LEU_640,3.8692941786825257
A,LEU,648,A_LEU_648,12.01449531574847
A,LEU,693,A_LEU_693,18.388005003201435
A,LEU,702,A_LEU_702,14.566142340090897
A,LYS,696,A_LYS_696,13.550258908058552
A,MET,33,A_MET_33,12.733602770185653
A,MET,618,A_MET_618,21.8225444588143
A,MET,766,A_MET_766,7.036238368143445
A,PHE,729,A_PHE_729,16.065989258492348
A,PRO,636,A_PRO_636,15.01533108436054
A,PRO,701,A_PRO_701,7.7851568884348366
A,PRO,731,A_PRO_731,16.034609171851574
A,SER,637,A_SER_637,14.458852579884026
A,SER,688,A_SER_688,6.250942379156509
A,SER,690,A_SER_690,16.14405309115332
A,SER,691,A_SER_691,15.98054768949438
A,SER,695,A_SER_695,15.116354507220116
A,SER,732,A_SER_732,15.289859518830536
A,THR,614,A_THR_614,17.843329155875296
A,THR,628,A_THR_628,1.8430877741492986
A,THR,698,A_THR_698,17.679613294362866
A,THR,905,A_THR_905,14.243227567148821
A,TYR,54,A_TYR_54,5.398137506183321
A,TYR,602,A_TYR_602,28.747281774554438
A,TYR,645,A_TYR_645,25.276800064966505
A,TYR,669,A_TYR_669,10.013441335205865
A,TYR,700,A_TYR_700,28.21080456001554
A,TYR,735,A_TYR_735,14.355368265135157
A,VAL,604,A_VAL_604,16.240138418630305
A,VAL,605,A_VAL_605,16.52197298184563
A,VAL,613,A_VAL_613,17.08481464306982
A,VAL,615,A_VAL_615,16.585870896917637
A,VAL,633,A_VAL_633,13.551354799745324
A,VAL,634,A_VAL_634,13.996868526035819
A,VAL,667,A_VAL_667,16.130037501311094
A,VAL,733,A_VAL_733,17.018805013419872
A,VAL,737,A_VAL_737,15.624804455683622
