chain,resname,resnum,res_key,density
A,ALA,223,A_ALA_223,6.031061063789904
A,ALA,292,A_ALA_292,9.75943038924903
A,ALA,304,A_ALA_304,4.0057247961414575
A,ALA,416,A_ALA_416,6.788955560068851
A,ARG,229,A_ARG_229,11.84314544515045
A,ASN,235,A_ASN_235,20.363258839798686
A,ASN,295,A_ASN_295,21.507430549271504
A,ASN,297,A_ASN_297,19.995725630604785
A,ASP,293,A_ASP_293,20.758443423910883
A,ASP,300,A_ASP_300,18.626907885806965
A,ASP,301,A_ASP_301,14.53630846664545
A,CYS,296,A_CYS_296,17.783174142714707
A,GLN,227,A_GLN_227,23.23198272391355
A,GLN,299,A_GLN_299,22.20231429993732
A,GLU,226,A_GLU_226,12.31248247372114
A,GLU,413,A_GLU_413,6.689628647068705
A,GLY,415,A_GLY_415,10.278194322393219
A,HIS,237,A_HIS_237,22.903739856992296
A,HIS,367,A_HIS_367,24.392450124557072
A,HIS,371,A_HIS_371,18.294109219083197
A,HIS,414,A_HIS_414,4.789662475497187
A,ILE,298,A_ILE_298,18.093272761096838
A,ILE,363,A_ILE_363,3.4575431165126966
A,ILE,366,A_ILE_366,18.71662797976092
A,LEU,225,A_LEU_225,17.99850301960711
A,LEU,238,A_LEU_238,16.216433487340634
A,LEU,294,A_LEU_294,18.21099543639713
A,LEU,369,A_LEU_369,13.441491647695887
A,LYS,236,A_LYS_236,14.15568119470648
A,LYS,368,A_LYS_368,3.059430099643403
A,LYS,370,A_LYS_370,21.712114842804876
A,LYS,375,A_LYS_375,4.230965150834979
A,MET,378,A_MET_378,7.152355626335243
A,PHE,224,A_PHE_224,12.062036657540352
A,PHE,239,A_PHE_239,24.279006588628395
A,PHE,305,A_PHE_305,3.2285676854299417
A,SER,410,A_SER_410,10.802853820032386
A,SER,412,A_SER_412,5.5859387103627345
A,TYR,306,A_TYR_306,18.036686543276367
A,VAL,240,A_VAL_240,2.6957050197641617
A,VAL,409,A_VAL_409,5.769350469798162
