chain,resname,resnum,res_key,density
A,ALA,2,A_ALA_2,11.75040813686684
A,ASN,3,A_ASN_3,20.68498350902636
A,CYS,4,A_CYS_4,18.564548880255064
A,GLU,5,A_GLU_5,23.143722838063294
A,MET,1,A_MET_1,11.902991813910424
A,PHE,6,A_PHE_6,25.845305391704752
A,SER,7,A_SER_7,15.113427753956191
