chain,resname,resnum,res_key,density
A,ALA,22,A_ALA_22,11.535734395746005
A,ARG,20,A_ARG_20,16.9922439124095
A,ARG,21,A_ARG_21,23.659903950001286
A,CYS,25,A_CYS_25,18.034136621297314
A,GLN,23,A_GLN_23,22.30445122295383
A,GLY,27,A_GLY_27,11.383872644845995
A,ILE,30,A_ILE_30,18.897279620721903
A,LEU,18,A_LEU_18,18.188906088168626
A,LEU,24,A_LEU_24,17.860728812715106
A,LEU,26,A_LEU_26,18.42002109426616
A,LEU,31,A_LEU_31,18.386419791657644
A,LEU,33,A_LEU_33,8.693544862384117
A,SER,19,A_SER_19,16.184960950701914
A,SER,29,A_SER_29,16.099019571797704
A,VAL,28,A_VAL_28,17.226349066886378
A,VAL,32,A_VAL_32,13.666351159339031
