chain,resname,resnum,res_key,density
A,ALA,88,A_ALA_88,2.0523612965307203
A,ALA,443,A_ALA_443,3.296015406862952
A,ARG,97,A_ARG_97,15.919717080127922
A,ARG,98,A_ARG_98,26.540748410020495
A,ARG,107,A_ARG_107,2.292400023143178
A,ASN,466,A_ASN_466,20.19123613120902
A,ASP,91,A_ASP_91,20.78749398704287
A,ASP,444,A_ASP_444,8.66320396838701
A,CYS,94,A_CYS_94,18.68649169873765
A,CYS,99,A_CYS_99,17.374488729196575
A,GLN,90,A_GLN_90,20.01667157966254
A,GLY,92,A_GLY_92,10.246268681158742
A,GLY,101,A_GLY_101,9.872215504356811
A,LEU,100,A_LEU_100,17.93320834364558
A,LEU,103,A_LEU_103,18.23472793699444
A,LEU,109,A_LEU_109,6.902224786687519
A,LYS,108,A_LYS_108,19.933496029821697
A,MET,464,A_MET_464,5.8760459873806585
A,PHE,468,A_PHE_468,9.172829193009214
A,PRO,69,A_PRO_69,5.493176634022309
A,PRO,93,A_PRO_93,15.714753878815166
A,PRO,96,A_PRO_96,15.757356699485381
A,PRO,106,A_PRO_106,16.492698851817316
A,SER,85,A_SER_85,2.0231742222465443
A,SER,102,A_SER_102,15.174847971205905
A,THR,95,A_THR_95,17.397430974145596
A,TYR,467,A_TYR_467,17.20763442146888
A,VAL,465,A_VAL_465,16.4796411029008
