chain,resname,resnum,res_key,density
A,ALA,446,A_ALA_446,6.424777907054111
A,ARG,97,A_ARG_97,15.919717080127922
A,ARG,98,A_ARG_98,26.540748410020495
A,ARG,107,A_ARG_107,2.292400023143178
A,ASN,466,A_ASN_466,20.19123613120902
A,ASP,91,A_ASP_91,5.307989605728443
A,ASP,444,A_ASP_444,8.66320396838701
A,CYS,94,A_CYS_94,18.68649169873765
A,CYS,99,A_CYS_99,17.374488729196575
A,GLY,92,A_GLY_92,10.246268681158742
A,GLY,101,A_GLY_101,9.872215504356811
A,LEU,100,A_LEU_100,17.93320834364558
A,LEU,103,A_LEU_103,18.23472793699444
A,LYS,108,A_LYS_108,10.436131856051437
A,MET,464,A_MET_464,3.2953712410891614
A,PHE,105,A_PHE_105,5.357085958101596
A,PRO,93,A_PRO_93,15.714753878815166
A,PRO,96,A_PRO_96,15.757356699485381
A,PRO,106,A_PRO_106,13.201176003929138
A,SER,102,A_SER_102,15.174847971205905
A,THR,95,A_THR_95,17.397430974145596
A,TRP,445,A_TRP_445,6.2562118693854
A,VAL,104,A_VAL_104,6.917760742761162
A,VAL,465,A_VAL_465,6.647277449913227
