chain,resname,resnum,res_key,density
A,ALA,84,A_ALA_84,11.785122300428668
A,ALA,132,A_ALA_132,11.635710289941077
A,ALA,133,A_ALA_133,6.605161988908225
A,ALA,154,A_ALA_154,2.665460578707948
A,ALA,222,A_ALA_222,12.831583334585716
A,ALA,226,A_ALA_226,12.434771087124204
A,ALA,230,A_ALA_230,11.951004090350683
A,ARG,41,A_ARG_41,8.156157210360107
A,ASN,232,A_ASN_232,15.520774459410262
A,ASP,150,A_ASP_150,18.773028698218496
A,CYS,213,A_CYS_213,7.221715901813363
A,CYS,225,A_CYS_225,17.766643007643815
A,GLN,224,A_GLN_224,23.50072530041857
A,GLU,220,A_GLU_220,20.66706042191975
A,GLU,221,A_GLU_221,23.00972377602764
A,GLU,227,A_GLU_227,24.000635354597236
A,GLY,42,A_GLY_42,7.529987438954003
A,GLY,48,A_GLY_48,8.573295471697081
A,GLY,83,A_GLY_83,10.282418772660009
A,ILE,85,A_ILE_85,16.480318761120664
A,ILE,131,A_ILE_131,18.71545500779269
A,ILE,151,A_ILE_151,18.177599518757884
A,ILE,152,A_ILE_152,12.657906947631867
A,ILE,223,A_ILE_223,19.2467889898877
A,ILE,229,A_ILE_229,18.799061046917014
A,LEU,49,A_LEU_49,1.7028484346776405
A,LEU,87,A_LEU_87,5.822195985168024
A,LEU,218,A_LEU_218,17.226350740376674
A,LYS,43,A_LYS_43,16.7133748626968
A,LYS,128,A_LYS_128,2.4150437948606642
A,LYS,211,A_LYS_211,20.62872115512651
A,LYS,228,A_LYS_228,21.31298625185815
A,PRO,129,A_PRO_129,15.548418677408412
A,SER,210,A_SER_210,15.958099116437918
A,SER,231,A_SER_231,16.177552332483266
A,THR,46,A_THR_46,12.13720451877067
A,THR,217,A_THR_217,5.794410022103271
A,TYR,153,A_TYR_153,28.274732497586676
A,VAL,47,A_VAL_47,16.001273205587346
A,VAL,86,A_VAL_86,15.906288718677326
A,VAL,130,A_VAL_130,13.944304370614223
A,VAL,219,A_VAL_219,14.139531337144318
A,VAL,237,A_VAL_237,5.9202507724521585
