chain,resname,resnum,res_key,density
A,ALA,285,A_ALA_285,12.6991816581959
A,ALA,314,A_ALA_314,12.696949467312265
A,ASN,317,A_ASN_317,20.745052114350322
A,ASN,321,A_ASN_321,15.278303213986712
A,ASP,85,A_ASP_85,5.4142951254008125
A,CYS,283,A_CYS_283,18.103072981991076
A,CYS,319,A_CYS_319,18.02375142721732
A,GLN,92,A_GLN_92,8.34411009385496
A,GLN,291,A_GLN_291,2.0562446331959516
A,ILE,130,A_ILE_130,5.756814709538595
A,ILE,276,A_ILE_276,14.686926008667138
A,ILE,324,A_ILE_324,4.057019822391857
A,LEU,274,A_LEU_274,3.6484359132664843
A,LEU,282,A_LEU_282,18.516050517979284
A,LEU,289,A_LEU_289,13.481774141041667
A,LEU,309,A_LEU_309,18.51979050250804
A,LEU,310,A_LEU_310,18.644640315499455
A,LEU,312,A_LEU_312,17.897739822232882
A,LEU,313,A_LEU_313,17.833403537068634
A,LEU,316,A_LEU_316,18.279827524207665
A,MET,1,A_MET_1,7.242405151442441
A,MET,123,A_MET_123,12.454777132980883
A,MET,311,A_MET_311,13.835174620687349
A,PHE,214,A_PHE_214,25.76218346300949
A,PHE,287,A_PHE_287,24.953832758320253
A,PHE,288,A_PHE_288,25.554569294817604
A,PHE,307,A_PHE_307,3.1321467305981736
A,PRO,286,A_PRO_286,16.489496209583738
A,PRO,306,A_PRO_306,3.6164223073971624
A,SER,126,A_SER_126,2.2086935144918853
A,SER,127,A_SER_127,9.172005502199807
A,SER,315,A_SER_315,15.916888055933285
A,SER,318,A_SER_318,14.920327713444244
A,THR,218,A_THR_218,9.532244242039734
A,THR,320,A_THR_320,18.035555033957767
A,TRP,284,A_TRP_284,31.994366575879543
A,TYR,280,A_TYR_280,28.380463184387175
A,VAL,47,A_VAL_47,3.9304097178296353
A,VAL,88,A_VAL_88,1.906497353586603
A,VAL,213,A_VAL_213,9.107139217910703
A,VAL,275,A_VAL_275,6.258713072900707
A,VAL,277,A_VAL_277,16.57558674322427
A,VAL,278,A_VAL_278,16.95017007035718
A,VAL,279,A_VAL_279,17.14872799708091
A,VAL,281,A_VAL_281,16.850960111343177
A,VAL,290,A_VAL_290,6.749140346534553
A,VAL,308,A_VAL_308,5.7045460537402
