chain,resname,resnum,res_key,density
A,ALA,50,A_ALA_50,5.86726222467128
A,ALA,52,A_ALA_52,12.565562575191937
A,ALA,60,A_ALA_60,12.988146554641263
A,ALA,61,A_ALA_61,9.382132968581999
A,ALA,63,A_ALA_63,6.607648084887818
A,ALA,84,A_ALA_84,11.727694067010706
A,ALA,87,A_ALA_87,13.249311792868129
A,ALA,89,A_ALA_89,9.541816325753949
A,ALA,125,A_ALA_125,13.369236058159455
A,ASN,55,A_ASN_55,20.78883097498569
A,ASN,317,A_ASN_317,17.984307069313083
A,ASN,321,A_ASN_321,21.31605155964377
A,ASP,85,A_ASP_85,21.08164592707873
A,CYS,82,A_CYS_82,18.683170049949368
A,CYS,319,A_CYS_319,18.02375142721732
A,GLY,56,A_GLY_56,10.98864114031382
A,GLY,79,A_GLY_79,11.123867910513589
A,GLY,122,A_GLY_122,11.111831054093646
A,HIS,75,A_HIS_75,15.236629947449522
A,HIS,80,A_HIS_80,23.868622861689758
A,ILE,74,A_ILE_74,5.841486115186887
A,ILE,78,A_ILE_78,19.245113112166695
A,ILE,130,A_ILE_130,10.184482069711352
A,ILE,276,A_ILE_276,5.511327926218758
A,ILE,324,A_ILE_324,4.777294014822982
A,LEU,53,A_LEU_53,13.18210199158029
A,LEU,57,A_LEU_57,16.847771017070915
A,LEU,59,A_LEU_59,19.413379666047305
A,LEU,62,A_LEU_62,18.68707483123548
A,LEU,81,A_LEU_81,18.32457523645706
A,LEU,83,A_LEU_83,18.348499543495
A,LEU,86,A_LEU_86,18.41352002606797
A,LEU,90,A_LEU_90,8.62316139608053
A,LEU,336,A_LEU_336,5.62727637684786
A,MET,123,A_MET_123,6.234523485869595
A,MET,129,A_MET_129,21.326820313644838
A,MET,133,A_MET_133,11.130243298062116
A,PHE,48,A_PHE_48,3.542339147520285
A,PHE,77,A_PHE_77,17.109432772458955
A,PRO,322,A_PRO_322,15.98542285044171
A,SER,54,A_SER_54,16.41004111424874
A,SER,126,A_SER_126,15.831574840359949
A,SER,127,A_SER_127,2.5856200552329294
A,SER,315,A_SER_315,2.8986537056231643
A,SER,318,A_SER_318,14.920327713444244
A,THR,320,A_THR_320,14.409188045162365
A,TRP,71,A_TRP_71,4.53225145084505
A,TRP,164,A_TRP_164,19.29389744451879
A,TRP,323,A_TRP_323,2.9333179344841
A,TYR,325,A_TYR_325,25.510957390842634
A,VAL,51,A_VAL_51,16.46852856560662
A,VAL,58,A_VAL_58,16.69431747122217
A,VAL,76,A_VAL_76,14.417062395051113
A,VAL,88,A_VAL_88,16.536218897073475
A,VAL,121,A_VAL_121,3.045170532596955
A,VAL,160,A_VAL_160,3.890927466819143
A,VAL,332,A_VAL_332,6.026253392823794
