chain,resname,resnum,res_key,density
A,ALA,68,A_ALA_68,2.7323269437085553
A,ARG,63,A_ARG_63,26.60373805500541
A,ARG,205,A_ARG_205,26.703095260299694
A,ASN,193,A_ASN_193,12.344509181581817
A,ASN,203,A_ASN_203,19.925819540022392
A,ASP,39,A_ASP_39,17.41194802287512
A,ASP,208,A_ASP_208,6.041304330939683
A,CYS,196,A_CYS_196,17.954499899051555
A,GLN,38,A_GLN_38,18.48391253917685
A,GLN,200,A_GLN_200,2.7566942742200737
A,GLU,42,A_GLU_42,22.981775520550283
A,GLU,194,A_GLU_194,21.89723046351992
A,GLY,41,A_GLY_41,7.539873102284156
A,GLY,67,A_GLY_67,11.171868588130492
A,HIS,66,A_HIS_66,22.15133907229896
A,ILE,59,A_ILE_59,18.935357195560865
A,ILE,64,A_ILE_64,2.5966826099149625
A,ILE,206,A_ILE_206,18.195300319676402
A,LEU,43,A_LEU_43,15.390122567789438
A,LEU,45,A_LEU_45,15.610016234968162
A,LEU,47,A_LEU_47,4.086704564537678
A,LEU,204,A_LEU_204,17.810481181794586
A,LYS,44,A_LYS_44,17.657852527117956
A,LYS,60,A_LYS_60,2.8054492762237677
A,LYS,201,A_LYS_201,5.441915301631197
A,MET,62,A_MET_62,20.722544922637162
A,PHE,58,A_PHE_58,5.321211738560139
A,PHE,197,A_PHE_197,25.95527509015429
A,PHE,356,A_PHE_356,6.541837559463346
A,SER,198,A_SER_198,15.521247327785261
A,THR,202,A_THR_202,14.22374036267972
A,TYR,195,A_TYR_195,27.8772769993334
A,VAL,199,A_VAL_199,16.23538498411495
A,VAL,207,A_VAL_207,15.926795051565856
