chain,resname,resnum,res_key,density
A,ALA,256,A_ALA_256,10.784782393803344
A,ARG,318,A_ARG_318,14.923405224715236
A,ARG,337,A_ARG_337,26.394192361759586
A,ARG,338,A_ARG_338,9.815439978624212
A,ASP,325,A_ASP_325,21.84524627915949
A,CYS,323,A_CYS_323,17.341092672415442
A,GLU,263,A_GLU_263,23.768456293286285
A,GLU,328,A_GLU_328,18.26030780520004
A,GLY,259,A_GLY_259,10.18206500288815
A,GLY,322,A_GLY_322,10.879235208325701
A,GLY,326,A_GLY_326,10.878109538281658
A,GLY,329,A_GLY_329,10.45917905861786
A,ILE,261,A_ILE_261,15.992838459089878
A,LEU,229,A_LEU_229,1.8307093785473363
A,LEU,255,A_LEU_255,9.82133003059463
A,LEU,257,A_LEU_257,6.206490926272332
A,LEU,262,A_LEU_262,17.802410646279686
A,LEU,264,A_LEU_264,17.740657811032822
A,LEU,339,A_LEU_339,12.168098342311836
A,LYS,268,A_LYS_268,21.18269470818805
A,MET,315,A_MET_315,5.8923710312710895
A,MET,319,A_MET_319,21.71942466599052
A,PHE,258,A_PHE_258,25.409200881767916
A,PHE,267,A_PHE_267,16.3341335669738
A,PRO,265,A_PRO_265,11.857799184625403
A,PRO,327,A_PRO_327,15.919839376109362
A,SER,269,A_SER_269,4.916776315840201
A,SER,330,A_SER_330,2.957981999560437
A,SER,336,A_SER_336,2.9745473964301787
A,THR,260,A_THR_260,17.989578950290227
A,THR,270,A_THR_270,5.775141951391886
A,THR,317,A_THR_317,14.767987030879686
A,THR,321,A_THR_321,18.31119531841842
A,TYR,316,A_TYR_316,14.64191603932866
A,TYR,320,A_TYR_320,28.734843843263747
A,VAL,272,A_VAL_272,7.643916629044023
A,VAL,324,A_VAL_324,16.9481945254959
