chain,resname,resnum,res_key,density
A,ALA,231,A_ALA_231,12.07247707094881
A,ARG,322,A_ARG_322,24.343504701565585
A,ARG,323,A_ARG_323,26.579799908156243
A,ASN,240,A_ASN_240,12.617970872143694
A,ASP,331,A_ASP_331,22.091531188981342
A,CYS,327,A_CYS_327,18.108211841674464
A,GLN,238,A_GLN_238,23.265352498621525
A,GLN,333,A_GLN_333,19.547951340133785
A,GLU,332,A_GLU_332,2.8469112610180276
A,HIS,229,A_HIS_229,12.956629939697518
A,HIS,320,A_HIS_320,14.570252240733854
A,ILE,228,A_ILE_228,9.723737399358047
A,ILE,237,A_ILE_237,18.161861446985718
A,ILE,329,A_ILE_329,17.943687954084957
A,LEU,324,A_LEU_324,19.485495331970295
A,LEU,338,A_LEU_338,1.8540813043511994
A,LYS,234,A_LYS_234,21.334262895759274
A,MET,203,A_MET_203,6.984118356533923
A,MET,207,A_MET_207,6.8425289125397954
A,MET,325,A_MET_325,22.11356132467256
A,PHE,326,A_PHE_326,25.16859884937626
A,PRO,226,A_PRO_226,15.195617618561297
A,SER,330,A_SER_330,16.009777452015776
A,THR,206,A_THR_206,6.883540309615583
A,THR,225,A_THR_225,3.0247291916354473
A,THR,230,A_THR_230,16.776465276266393
A,THR,232,A_THR_232,17.98695877157074
A,THR,241,A_THR_241,11.772997045901732
A,TRP,334,A_TRP_334,26.067846501050816
A,TYR,319,A_TYR_319,5.839402628003314
A,TYR,328,A_TYR_328,28.055252290612856
A,TYR,342,A_TYR_342,17.236551223702822
A,VAL,233,A_VAL_233,16.141627948235918
A,VAL,235,A_VAL_235,16.670321057839818
A,VAL,236,A_VAL_236,16.450509142284165
A,VAL,239,A_VAL_239,4.5809548235345945
A,VAL,321,A_VAL_321,14.882991622729078
