chain,resname,resnum,res_key,density
A,ALA,169,A_ALA_169,12.725194001741984
A,ALA,176,A_ALA_176,12.920999594372134
A,ALA,260,A_ALA_260,13.537301012644978
A,ARG,166,A_ARG_166,16.946507426376247
A,ASN,256,A_ASN_256,14.817105660705915
A,ASN,261,A_ASN_261,17.913229587682395
A,CYS,171,A_CYS_171,17.6997550886224
A,GLN,269,A_GLN_269,3.063619064293193
A,GLU,165,A_GLU_165,15.439357173513482
A,HIS,172,A_HIS_172,24.9471447981257
A,ILE,170,A_ILE_170,18.75276659114683
A,ILE,258,A_ILE_258,19.03542704403847
A,ILE,259,A_ILE_259,19.34923590734991
A,LEU,162,A_LEU_162,3.2189586637514354
A,LEU,168,A_LEU_168,19.227161532733245
A,LEU,179,A_LEU_179,1.8907600473140378
A,LEU,255,A_LEU_255,18.547913101362923
A,LEU,263,A_LEU_263,18.89756358889781
A,LEU,298,A_LEU_298,2.0692434992397004
A,LEU,305,A_LEU_305,5.864006007509774
A,LEU,417,A_LEU_417,8.700511695267519
A,LYS,175,A_LYS_175,20.918883833071316
A,LYS,177,A_LYS_177,4.858540503476657
A,LYS,262,A_LYS_262,20.765763088508656
A,MET,180,A_MET_180,9.011461260243374
A,MET,266,A_MET_266,16.68801611244427
A,PHE,174,A_PHE_174,25.78907007239642
A,PRO,173,A_PRO_173,16.53835062439401
A,SER,163,A_SER_163,7.496005710877843
A,THR,257,A_THR_257,11.206488469152461
A,THR,264,A_THR_264,3.0262215168425817
A,THR,416,A_THR_416,14.862440516201804
A,TYR,167,A_TYR_167,28.685416717757597
A,VAL,164,A_VAL_164,16.384955688567086
A,VAL,254,A_VAL_254,5.987421110760888
A,VAL,265,A_VAL_265,12.266883664232443
