chain,resname,resnum,res_key,density
A,ALA,261,A_ALA_261,10.1574962262357
A,ALA,262,A_ALA_262,6.960091640636362
A,ALA,301,A_ALA_301,3.2766315971726003
A,ALA,302,A_ALA_302,7.685399451715138
A,ALA,320,A_ALA_320,11.870753411240806
A,ALA,330,A_ALA_330,12.04373837873157
A,ALA,343,A_ALA_343,11.980836380121016
A,ALA,350,A_ALA_350,12.306677503237243
A,ASP,323,A_ASP_323,21.33506412449833
A,ASP,326,A_ASP_326,21.580151374153612
A,CYS,325,A_CYS_325,17.34651104685885
A,CYS,363,A_CYS_363,3.080146169297037
A,GLN,366,A_GLN_366,19.344607469773138
A,GLN,369,A_GLN_369,5.4439152151584285
A,GLU,347,A_GLU_347,23.48828690126491
A,GLU,348,A_GLU_348,14.365401123521803
A,GLU,349,A_GLU_349,19.70005555121588
A,GLY,340,A_GLY_340,5.812648135877966
A,GLY,345,A_GLY_345,10.725059884286264
A,ILE,299,A_ILE_299,17.371543017962665
A,ILE,332,A_ILE_332,15.132886047872503
A,ILE,333,A_ILE_333,19.116368633051163
A,ILE,341,A_ILE_341,17.91939200131923
A,ILE,342,A_ILE_342,15.424749387904662
A,ILE,353,A_ILE_353,18.88263337355805
A,LEU,231,A_LEU_231,7.907438317791495
A,LEU,321,A_LEU_321,17.600060596864893
A,LEU,351,A_LEU_351,17.800063123199987
A,LEU,354,A_LEU_354,18.551479616721032
A,LEU,365,A_LEU_365,10.582388520611238
A,LYS,254,A_LYS_254,2.5934191189797775
A,LYS,331,A_LYS_331,18.639195660285598
A,LYS,357,A_LYS_357,1.6269477045413228
A,MET,367,A_MET_367,5.714239771929192
A,PRO,260,A_PRO_260,7.93156511259655
A,PRO,298,A_PRO_298,13.80283570967146
A,PRO,328,A_PRO_328,16.24732431105465
A,PRO,344,A_PRO_344,16.467344280261212
A,SER,300,A_SER_300,15.81848119120264
A,SER,322,A_SER_322,15.526111054974761
A,SER,334,A_SER_334,6.815442117812378
A,SER,355,A_SER_355,6.034198507569753
A,THR,295,A_THR_295,3.332202629992059
A,THR,297,A_THR_297,18.274371522558294
A,THR,329,A_THR_329,18.733831807460493
A,THR,352,A_THR_352,15.601730240048605
A,TRP,247,A_TRP_247,6.123965515347149
A,TYR,303,A_TYR_303,25.174030439438855
A,TYR,346,A_TYR_346,27.443161418813084
A,TYR,362,A_TYR_362,9.119103380385582
A,VAL,250,A_VAL_250,1.6538024859281035
A,VAL,319,A_VAL_319,15.779452619090765
A,VAL,324,A_VAL_324,16.430915040923352
A,VAL,327,A_VAL_327,16.432370981574408
A,VAL,364,A_VAL_364,16.950987622755818
