chain,resname,resnum,res_key,density
A,ALA,155,A_ALA_155,5.91501583045271
A,ALA,160,A_ALA_160,12.023080886631348
A,ALA,162,A_ALA_162,11.838354111412684
A,ALA,385,A_ALA_385,12.643221482370464
A,ALA,397,A_ALA_397,9.413687710734656
A,ARG,174,A_ARG_174,9.152090869144587
A,ARG,400,A_ARG_400,2.7774349954571944
A,ASN,175,A_ASN_175,21.68806487389695
A,ASN,392,A_ASN_392,22.528553360551403
A,CYS,389,A_CYS_389,17.747262468306975
A,GLN,380,A_GLN_380,3.1359012756098785
A,GLN,396,A_GLN_396,22.81251066261038
A,GLU,236,A_GLU_236,3.4464086765702033
A,GLU,394,A_GLU_394,23.966616504651707
A,GLU,398,A_GLU_398,11.387196744522589
A,GLY,381,A_GLY_381,7.703174687709986
A,GLY,393,A_GLY_393,10.840856741134758
A,HIS,178,A_HIS_178,24.47490340914259
A,ILE,163,A_ILE_163,18.481178852862325
A,ILE,177,A_ILE_177,2.472275014037217
A,ILE,386,A_ILE_386,18.513772624115155
A,LEU,157,A_LEU_157,18.30039371597362
A,LEU,158,A_LEU_158,11.151106811494616
A,LEU,164,A_LEU_164,19.127877721949698
A,LEU,166,A_LEU_166,2.5926159697035
A,LEU,170,A_LEU_170,18.27063722197569
A,LEU,181,A_LEU_181,8.717740011252072
A,LEU,349,A_LEU_349,1.8597187011254368
A,LEU,387,A_LEU_387,18.579220109193717
A,LEU,391,A_LEU_391,18.845834400621463
A,LEU,399,A_LEU_399,15.308243742082684
A,MET,179,A_MET_179,22.764234823787557
A,PHE,167,A_PHE_167,22.988176943509476
A,PHE,182,A_PHE_182,22.812026045142794
A,PHE,382,A_PHE_382,21.290584801451264
A,PHE,390,A_PHE_390,25.289874231591227
A,SER,153,A_SER_153,3.5351024994191915
A,SER,165,A_SER_165,12.901109028800727
A,THR,156,A_THR_156,18.746497437435877
A,THR,161,A_THR_161,18.13960503228634
A,TYR,176,A_TYR_176,2.6919654846963725
A,TYR,388,A_TYR_388,28.758787735372245
A,VAL,159,A_VAL_159,16.985331220095205
A,VAL,383,A_VAL_383,14.94345885655439
A,VAL,384,A_VAL_384,16.64712075531491
A,VAL,395,A_VAL_395,16.972962963549246
