chain,resname,resnum,res_key,density
A,ARG,32,A_ARG_32,6.04729755385071
A,ASP,38,A_ASP_38,22.093678324647854
A,ASP,206,A_ASP_206,20.817935698286323
A,ASP,282,A_ASP_282,6.06306176114443
A,ASP,287,A_ASP_287,8.852798563787848
A,CYS,37,A_CYS_37,16.947184352827836
A,CYS,208,A_CYS_208,17.451473918979197
A,CYS,215,A_CYS_215,7.204458696370971
A,CYS,285,A_CYS_285,17.31701582365787
A,GLN,34,A_GLN_34,22.962124368591933
A,GLN,41,A_GLN_41,22.77364414326021
A,GLN,207,A_GLN_207,22.07525745797455
A,GLU,35,A_GLU_35,12.948383473931491
A,GLU,36,A_GLU_36,23.19714302332917
A,GLU,44,A_GLU_44,19.862081427202455
A,GLU,204,A_GLU_204,19.884584359232274
A,GLU,210,A_GLU_210,23.666787016976105
A,GLY,203,A_GLY_203,10.846874779887992
A,GLY,211,A_GLY_211,10.812360359078106
A,GLY,284,A_GLY_284,9.733530295994182
A,ILE,43,A_ILE_43,15.022791878567162
A,ILE,89,A_ILE_89,3.8267259493595454
A,LEU,33,A_LEU_33,18.36589993910377
A,LYS,48,A_LYS_48,2.610254235020379
A,LYS,216,A_LYS_216,4.6172072116529215
A,MET,42,A_MET_42,12.348233856900434
A,SER,202,A_SER_202,13.325748269847967
A,SER,205,A_SER_205,15.97873104997575
A,SER,209,A_SER_209,15.38276789414396
A,SER,212,A_SER_212,16.13607134225863
A,THR,288,A_THR_288,2.0225166433758988
A,TRP,286,A_TRP_286,2.7818171211205045
A,TYR,39,A_TYR_39,16.99193915397785
A,TYR,283,A_TYR_283,25.779636145239984
A,VAL,40,A_VAL_40,17.07015143598856
A,VAL,45,A_VAL_45,4.76209020205563
