chain,resname,resnum,res_key,density
A,ALA,30,A_ALA_30,9.129458213108935
A,ALA,198,A_ALA_198,11.854325981792737
A,ALA,217,A_ALA_217,12.660200257536802
A,ALA,218,A_ALA_218,12.48029341201816
A,ARG,277,A_ARG_277,23.86691373155016
A,ASN,290,A_ASN_290,2.6441827454959097
A,ASP,196,A_ASP_196,10.933083497153245
A,ASP,206,A_ASP_206,17.605347965037556
A,ASP,282,A_ASP_282,22.765631109315052
A,ASP,287,A_ASP_287,20.88507824345235
A,CYS,37,A_CYS_37,11.632737028987934
A,CYS,208,A_CYS_208,17.451473918979197
A,CYS,215,A_CYS_215,18.46936270930331
A,CYS,285,A_CYS_285,17.31701582365787
A,GLN,34,A_GLN_34,16.97923295889418
A,GLN,207,A_GLN_207,22.07525745797455
A,GLN,223,A_GLN_223,12.08065561909701
A,GLU,210,A_GLU_210,23.666787016976105
A,GLU,281,A_GLU_281,19.960682925511016
A,GLY,203,A_GLY_203,3.496995512001136
A,GLY,211,A_GLY_211,10.812360359078106
A,GLY,214,A_GLY_214,10.033378617688573
A,GLY,284,A_GLY_284,9.733530295994182
A,ILE,194,A_ILE_194,6.431712614805004
A,ILE,278,A_ILE_278,6.600580595325672
A,ILE,289,A_ILE_289,12.490488016448282
A,LEU,33,A_LEU_33,15.379317167622101
A,LEU,197,A_LEU_197,6.24641398346229
A,LEU,199,A_LEU_199,18.10592731352744
A,LYS,195,A_LYS_195,20.62175401412009
A,LYS,216,A_LYS_216,21.187277180847246
A,MET,219,A_MET_219,21.44214344393337
A,PHE,200,A_PHE_200,5.134530566226793
A,PHE,221,A_PHE_221,2.5655613595659634
A,PHE,222,A_PHE_222,11.337529991367479
A,SER,202,A_SER_202,15.93542873863741
A,SER,209,A_SER_209,15.38276789414396
A,SER,212,A_SER_212,16.13607134225863
A,SER,291,A_SER_291,2.0972541763575956
A,THR,288,A_THR_288,18.585033613724782
A,TRP,273,A_TRP_273,14.458034348201164
A,TRP,286,A_TRP_286,32.100157340077104
A,TYR,283,A_TYR_283,28.71450897621693
A,VAL,213,A_VAL_213,16.050223047666723
A,VAL,220,A_VAL_220,13.724056764833646
