chain,resname,resnum,res_key,density
A,ALA,388,A_ALA_388,13.249294650796632
A,ALA,400,A_ALA_400,12.311167326443634
A,ARG,356,A_ARG_356,2.379913727646931
A,ARG,389,A_ARG_389,17.391905681210588
A,ARG,390,A_ARG_390,27.431309013097792
A,ASN,397,A_ASN_397,21.092522290805842
A,ASN,511,A_ASN_511,8.134091386539598
A,ASP,353,A_ASP_353,2.761977436153569
A,ASP,391,A_ASP_391,22.060975980726123
A,ASP,392,A_ASP_392,21.74234295492407
A,CYS,394,A_CYS_394,18.646174841022027
A,GLN,342,A_GLN_342,5.4496237262396505
A,GLN,349,A_GLN_349,11.623927896148901
A,GLN,396,A_GLN_396,23.681909511120274
A,GLN,454,A_GLN_454,17.814674049773622
A,GLN,517,A_GLN_517,8.978786722029735
A,GLU,346,A_GLU_346,2.518004467510722
A,GLU,350,A_GLU_350,12.924632479164783
A,GLU,387,A_GLU_387,19.81436418975317
A,GLU,513,A_GLU_513,15.930171960186813
A,GLY,452,A_GLY_452,4.565066810525364
A,HIS,355,A_HIS_355,20.58918323246032
A,ILE,453,A_ILE_453,17.976796643230593
A,LEU,343,A_LEU_343,14.557578215951754
A,LEU,348,A_LEU_348,17.85209869915937
A,LEU,351,A_LEU_351,18.32293327355543
A,LEU,352,A_LEU_352,19.022194662854062
A,LEU,354,A_LEU_354,11.026773736242744
A,LEU,386,A_LEU_386,5.989315099512056
A,LYS,395,A_LYS_395,20.98783446843411
A,LYS,399,A_LYS_399,16.839940107887806
A,LYS,510,A_LYS_510,17.900719923627314
A,MET,337,A_MET_337,10.43820247936441
A,MET,514,A_MET_514,21.45923762099348
A,PHE,393,A_PHE_393,25.55261299868469
A,PRO,344,A_PRO_344,13.849543624930932
A,SER,398,A_SER_398,16.366703609208592
A,SER,401,A_SER_401,12.290949245939004
A,SER,402,A_SER_402,4.723675830109363
A,THR,345,A_THR_345,17.85602352397137
A,THR,347,A_THR_347,10.393617708279248
A,TYR,333,A_TYR_333,8.902666791705085
A,VAL,341,A_VAL_341,10.159167714696983
