chain,resname,resnum,res_key,density
A,ALA,9,A_ALA_9,12.061519039698641
A,ARG,7,A_ARG_7,5.478940305123327
A,CYS,11,A_CYS_11,18.145980721039205
A,GLY,250,A_GLY_250,3.2111728784623326
A,HIS,13,A_HIS_13,22.82156269325975
A,LEU,10,A_LEU_10,18.171820618466157
A,LEU,15,A_LEU_15,18.66690430373491
A,LYS,251,A_LYS_251,10.041253182885779
A,PHE,14,A_PHE_14,24.483984913163518
A,PRO,8,A_PRO_8,16.062359127601276
A,SER,17,A_SER_17,4.339580978217098
A,THR,16,A_THR_16,14.690970108742576
A,TYR,12,A_TYR_12,26.845022938791764
