chain,resname,resnum,res_key,density
A,ARG,15,A_ARG_15,26.31788564143219
A,CYS,16,A_CYS_16,16.58635468682718
A,GLN,14,A_GLN_14,22.64348033428251
A,GLN,18,A_GLN_18,22.3346375572867
A,GLY,17,A_GLY_17,10.238062589171017
A,LEU,13,A_LEU_13,14.476204539362655
A,LEU,19,A_LEU_19,16.28188376940305
