chain,resname,resnum,res_key,density
A,ALA,37,A_ALA_37,12.58204838317447
A,ALA,50,A_ALA_50,12.23637296829153
A,ALA,51,A_ALA_51,12.02748137180076
A,ALA,52,A_ALA_52,12.334931345243756
A,ALA,60,A_ALA_60,10.348886480484161
A,ALA,88,A_ALA_88,1.8834455199385434
A,ALA,119,A_ALA_119,10.742687364383912
A,ARG,46,A_ARG_46,26.85777224465069
A,ASN,28,A_ASN_28,4.908350051924479
A,ASN,59,A_ASN_59,18.187382870602033
A,ASN,62,A_ASN_62,13.300967116590648
A,CYS,13,A_CYS_13,18.156179345854373
A,CYS,34,A_CYS_34,15.594681684724703
A,CYS,38,A_CYS_38,18.51121778940052
A,GLN,11,A_GLN_11,21.942844639428746
A,GLN,55,A_GLN_55,23.126052131917834
A,GLN,65,A_GLN_65,22.621365365236272
A,GLN,116,A_GLN_116,6.00495623549005
A,GLN,268,A_GLN_268,5.145872745329681
A,GLU,29,A_GLU_29,9.237197713942905
A,GLY,9,A_GLY_9,11.184427598667913
A,GLY,42,A_GLY_42,2.726307620340427
A,GLY,49,A_GLY_49,10.524003148491293
A,GLY,66,A_GLY_66,10.359656176658172
A,HIS,205,A_HIS_205,4.910478284699978
A,ILE,39,A_ILE_39,18.782334611566622
A,ILE,48,A_ILE_48,17.885491320464283
A,ILE,57,A_ILE_57,2.6603063027152904
A,ILE,101,A_ILE_101,7.647983892822028
A,LEU,8,A_LEU_8,9.997499316824538
A,LEU,87,A_LEU_87,1.6613599716863792
A,LEU,121,A_LEU_121,18.53645618487024
A,LEU,122,A_LEU_122,6.930269451538514
A,LEU,125,A_LEU_125,12.40089169990455
A,LEU,264,A_LEU_264,4.057671872772002
A,LYS,53,A_LYS_53,20.556004623862567
A,LYS,61,A_LYS_61,5.590872104198588
A,LYS,68,A_LYS_68,15.935348017369062
A,LYS,124,A_LYS_124,21.828278456196756
A,MET,120,A_MET_120,21.477546863658485
A,PHE,10,A_PHE_10,25.416046314227444
A,PHE,41,A_PHE_41,25.328374500008845
A,PHE,67,A_PHE_67,24.971187370467206
A,PRO,36,A_PRO_36,16.295047397024234
A,SER,12,A_SER_12,15.308633077803407
A,SER,40,A_SER_40,15.504882227969695
A,SER,47,A_SER_47,15.60152786763791
A,SER,54,A_SER_54,15.815452407125733
A,SER,123,A_SER_123,5.583018798187798
A,THR,35,A_THR_35,16.814610627152813
A,THR,63,A_THR_63,17.527716863290895
A,THR,114,A_THR_114,3.3005740371497407
A,THR,118,A_THR_118,17.570601859758703
A,TYR,30,A_TYR_30,9.240258362455513
A,TYR,89,A_TYR_89,18.45789088077038
A,VAL,56,A_VAL_56,16.001927472670953
A,VAL,64,A_VAL_64,15.706737159859813
A,VAL,103,A_VAL_103,3.49551200504286
A,VAL,117,A_VAL_117,16.19380822043102
