chain,resname,resnum,res_key,density
A,ALA,390,A_ALA_390,11.965411347044297
A,ASP,385,A_ASP_385,12.92205038006666
A,ASP,386,A_ASP_386,21.3016496510433
A,CYS,388,A_CYS_388,17.645338026010812
A,GLU,392,A_GLU_392,2.6784326129467435
A,LEU,389,A_LEU_389,17.97867470545743
A,PHE,384,A_PHE_384,5.6187729346712505
A,SER,391,A_SER_391,16.868587378517528
A,THR,387,A_THR_387,17.87071721347671
