chain,resname,resnum,res_key,density
A,ALA,262,A_ALA_262,12.792641507249677
A,ARG,261,A_ARG_261,13.87917615795218
A,ARG,265,A_ARG_265,26.536186081212556
A,ASN,293,A_ASN_293,20.769843533843847
A,ASP,294,A_ASP_294,20.915972456650472
A,ASP,296,A_ASP_296,20.85624383167448
A,CYS,290,A_CYS_290,18.904494822207468
A,GLU,269,A_GLU_269,7.617942539681227
A,GLU,289,A_GLU_289,23.691231806818354
A,ILE,57,A_ILE_57,3.7755918602952505
A,ILE,256,A_ILE_256,1.935230729338572
A,ILE,288,A_ILE_288,17.62737949223434
A,LEU,254,A_LEU_254,7.306043771232842
A,LEU,266,A_LEU_266,4.605719552668029
A,MET,292,A_MET_292,21.283893492325053
A,PHE,248,A_PHE_248,4.477977544696785
A,PHE,291,A_PHE_291,25.942229186421415
A,SER,287,A_SER_287,15.569058492386413
A,SER,298,A_SER_298,7.218550075103128
A,TYR,252,A_TYR_252,18.1105249241036
A,VAL,295,A_VAL_295,17.03691928098434
A,VAL,297,A_VAL_297,16.155878411325865
