chain,resname,resnum,res_key,density
A,ARG,252,A_ARG_252,26.542924004845634
A,ARG,261,A_ARG_261,19.05591847255995
A,ASN,246,A_ASN_246,12.252721474657696
A,ASN,248,A_ASN_248,18.92327847087965
A,ASN,251,A_ASN_251,20.944964458293466
A,ASN,255,A_ASN_255,20.70188188249866
A,ASP,226,A_ASP_226,3.2495837811775448
A,CYS,253,A_CYS_253,18.447223746231696
A,GLN,134,A_GLN_134,2.681637194947259
A,ILE,223,A_ILE_223,5.830944016372317
A,LEU,245,A_LEU_245,5.6357703475033905
A,LYS,326,A_LYS_326,2.642647788274471
A,PHE,254,A_PHE_254,25.18136813778492
A,PRO,227,A_PRO_227,3.488116988052277
A,SER,250,A_SER_250,15.441224031948849
A,SER,256,A_SER_256,16.10824138531622
A,SER,259,A_SER_259,15.496767484397447
A,SER,260,A_SER_260,12.533173091820789
A,THR,249,A_THR_249,17.841873418111227
A,THR,257,A_THR_257,18.68120938650947
A,VAL,247,A_VAL_247,14.648225104417161
A,VAL,258,A_VAL_258,16.84524263720982
