chain,resname,resnum,res_key,density
A,ALA,262,A_ALA_262,12.792641507249677
A,ARG,265,A_ARG_265,11.957005469933577
A,ASN,242,A_ASN_242,20.968881763590435
A,ASP,237,A_ASP_237,5.546146105344517
A,ASP,255,A_ASP_255,21.114428672452476
A,CYS,245,A_CYS_245,18.206484210421433
A,CYS,270,A_CYS_270,12.033870037535909
A,GLU,238,A_GLU_238,15.285230955274608
A,GLU,246,A_GLU_246,23.669568747034607
A,GLU,247,A_GLU_247,22.93291667438418
A,GLU,269,A_GLU_269,1.9663029878787606
A,GLY,249,A_GLY_249,10.602275039410156
A,GLY,299,A_GLY_299,4.531351428879654
A,HIS,243,A_HIS_243,23.58452709826364
A,ILE,256,A_ILE_256,17.679462722694925
A,ILE,260,A_ILE_260,5.9285737437237405
A,ILE,288,A_ILE_288,5.482074687376749
A,LEU,240,A_LEU_240,17.387756925882506
A,LEU,254,A_LEU_254,17.534542543012595
A,LEU,263,A_LEU_263,18.275980054805963
A,LEU,264,A_LEU_264,7.149940941615806
A,LEU,266,A_LEU_266,18.250282658503604
A,LEU,286,A_LEU_286,7.746595614807015
A,LYS,250,A_LYS_250,20.092893924982402
A,LYS,251,A_LYS_251,15.787188650368044
A,LYS,253,A_LYS_253,11.690885311385248
A,LYS,257,A_LYS_257,21.57701145840784
A,LYS,259,A_LYS_259,13.784223904948412
A,MET,292,A_MET_292,11.024147739289724
A,MET,301,A_MET_301,1.615002073438185
A,MET,309,A_MET_309,7.038215676507821
A,PHE,244,A_PHE_244,26.221202179232982
A,PHE,248,A_PHE_248,25.095659581218573
A,PHE,291,A_PHE_291,21.686169968849637
A,SER,258,A_SER_258,12.975753056020888
A,SER,267,A_SER_267,15.125216938052949
A,SER,298,A_SER_298,8.217509591466527
A,TYR,252,A_TYR_252,26.936759197119393
A,VAL,239,A_VAL_239,13.876310211439813
A,VAL,241,A_VAL_241,16.937175482903516
A,VAL,297,A_VAL_297,16.155878411325865
