chain,resname,resnum,res_key,density
A,ALA,54,A_ALA_54,13.092881026988412
A,ALA,55,A_ALA_55,12.74584616981516
A,ARG,62,A_ARG_62,2.3673844604072922
A,ASN,52,A_ASN_52,21.092377467975027
A,ASP,48,A_ASP_48,12.749429395361283
A,CYS,46,A_CYS_46,17.73629804017792
A,CYS,53,A_CYS_53,18.257299278405828
A,GLU,50,A_GLU_50,12.332356735375242
A,GLU,51,A_GLU_51,23.65414265630259
A,PRO,49,A_PRO_49,11.481078214727024
A,SER,60,A_SER_60,3.3892042653852865
A,THR,56,A_THR_56,17.38220558798357
A,THR,57,A_THR_57,17.79603926168668
