chain,resname,resnum,res_key,density
A,ARG,68,A_ARG_68,26.95597573115054
A,ARG,81,A_ARG_81,16.34754838976667
A,ARG,83,A_ARG_83,26.706783952995472
A,CYS,69,A_CYS_69,18.342778341895606
A,CYS,77,A_CYS_77,17.420009305766026
A,CYS,82,A_CYS_82,16.710890634082382
A,CYS,93,A_CYS_93,17.734949380686455
A,GLN,72,A_GLN_72,22.21047761309452
A,GLN,89,A_GLN_89,14.617523292700533
A,GLY,80,A_GLY_80,5.503872692637573
A,HIS,65,A_HIS_65,5.388565408747915
A,HIS,75,A_HIS_75,24.368089616710446
A,LYS,61,A_LYS_61,4.2568990689870265
A,LYS,71,A_LYS_71,20.712888158589774
A,LYS,74,A_LYS_74,20.41619890192206
A,PHE,66,A_PHE_66,21.066168846433467
A,PHE,84,A_PHE_84,25.63241411482837
A,PRO,70,A_PRO_70,15.960769518903323
A,PRO,91,A_PRO_91,16.29068852348444
A,SER,67,A_SER_67,16.05194142137444
A,SER,92,A_SER_92,14.948795766092323
A,THR,90,A_THR_90,15.915178566250338
A,TYR,73,A_TYR_73,28.60843417877171
A,TYR,76,A_TYR_76,28.549283449306984
A,VAL,85,A_VAL_85,16.580296788967118
A,VAL,86,A_VAL_86,13.748863441149613
A,VAL,94,A_VAL_94,8.477584671730613
