chain,resname,resnum,res_key,density
A,ALA,4,A_ALA_4,12.93139989431084
A,ALA,5,A_ALA_5,12.413860299421685
A,ALA,10,A_ALA_10,13.075684526571566
A,ARG,3,A_ARG_3,8.308092513977464
A,ARG,6,A_ARG_6,27.189321107437657
A,ARG,148,A_ARG_148,16.295024256029848
A,CYS,7,A_CYS_7,17.862870530239533
A,GLY,9,A_GLY_9,10.21941226500596
A,LEU,145,A_LEU_145,1.8924569599951881
A,PRO,144,A_PRO_144,12.633130293357034
A,SER,8,A_SER_8,16.01971762224161
A,SER,11,A_SER_11,7.820362567170492
A,SER,12,A_SER_12,9.59829287110928
