chain,resname,resnum,res_key,density
A,ALA,213,A_ALA_213,11.516790534595696
A,ARG,170,A_ARG_170,26.339194011938254
A,ASN,160,A_ASN_160,2.6135022820889184
A,ASN,214,A_ASN_214,20.789828013257072
A,ASP,181,A_ASP_181,14.776261321876579
A,CYS,157,A_CYS_157,16.70456465220488
A,CYS,203,A_CYS_203,17.85376776110515
A,GLN,186,A_GLN_186,7.833136743713928
A,GLN,216,A_GLN_216,4.8940347152237695
A,GLU,180,A_GLU_180,20.063785330340547
A,GLU,189,A_GLU_189,14.354059670525361
A,GLU,200,A_GLU_200,23.657335604670813
A,GLU,208,A_GLU_208,17.290666996940118
A,GLY,140,A_GLY_140,10.595784148786468
A,GLY,168,A_GLY_168,10.197345190436126
A,GLY,174,A_GLY_174,4.461900332553469
A,GLY,175,A_GLY_175,10.195682619523671
A,GLY,185,A_GLY_185,6.556418452506544
A,GLY,199,A_GLY_199,3.030479640881465
A,GLY,211,A_GLY_211,10.474842196113
A,HIS,169,A_HIS_169,24.050520674890727
A,ILE,215,A_ILE_215,17.637971303202193
A,LEU,154,A_LEU_154,5.36399401760003
A,LEU,155,A_LEU_155,17.85242236673001
A,LEU,159,A_LEU_159,17.317598100165927
A,LEU,172,A_LEU_172,18.06930630019455
A,LEU,178,A_LEU_178,14.811746640574732
A,LEU,206,A_LEU_206,17.782162123186705
A,LEU,217,A_LEU_217,1.9598002142486142
A,LYS,173,A_LYS_173,13.550488423699594
A,LYS,179,A_LYS_179,20.984823923670884
A,LYS,187,A_LYS_187,14.707403695367278
A,LYS,191,A_LYS_191,2.9295017346808208
A,MET,210,A_MET_210,19.46330346073126
A,PHE,143,A_PHE_143,14.665264116925318
A,PHE,190,A_PHE_190,25.178436428132933
A,PHE,205,A_PHE_205,25.34111525224197
A,PRO,207,A_PRO_207,5.735658942282017
A,PRO,209,A_PRO_209,9.337495180799802
A,SER,158,A_SER_158,15.80544261961434
A,SER,202,A_SER_202,15.701651607988337
A,THR,141,A_THR_141,12.280229153290225
A,THR,144,A_THR_144,17.63867586174122
A,THR,145,A_THR_145,15.667728556442293
A,THR,156,A_THR_156,16.802935113679226
A,THR,188,A_THR_188,18.128863747219835
A,THR,212,A_THR_212,17.547070812657683
A,TRP,171,A_TRP_171,31.779264073732875
A,TYR,201,A_TYR_201,25.105004840760238
A,VAL,142,A_VAL_142,15.604591926631809
A,VAL,146,A_VAL_146,4.306262538945502
A,VAL,166,A_VAL_166,5.909977892069557
A,VAL,176,A_VAL_176,8.12291559608283
A,VAL,177,A_VAL_177,12.642016707128999
A,VAL,192,A_VAL_192,1.633543945459964
A,VAL,204,A_VAL_204,15.645371729543289
