chain,resname,resnum,res_key,density
A,ALA,237,A_ALA_237,5.885716787748428
A,ARG,238,A_ARG_238,18.65038982048525
A,ARG,246,A_ARG_246,27.236042167002562
A,ARG,250,A_ARG_250,26.37406290345627
A,ARG,253,A_ARG_253,18.936633983155193
A,ASN,252,A_ASN_252,17.785344086827994
A,CYS,245,A_CYS_245,17.678738404580507
A,GLN,249,A_GLN_249,23.16506901905676
A,GLU,242,A_GLU_242,23.099974943591167
A,GLU,247,A_GLU_247,23.219149351327083
A,HIS,251,A_HIS_251,19.312390284130796
A,LEU,241,A_LEU_241,18.066233453526678
A,LEU,244,A_LEU_244,18.428585929511563
A,LEU,248,A_LEU_248,18.044786826579045
A,LYS,240,A_LYS_240,18.844943828056728
A,SER,239,A_SER_239,16.367316233677666
A,SER,243,A_SER_243,15.581014373950488
