chain,resname,resnum,res_key,density
A,ARG,297,A_ARG_297,26.919459086477918
A,ASN,431,A_ASN_431,17.9004724853462
A,ASP,304,A_ASP_304,18.284397711209632
A,ASP,470,A_ASP_470,15.092990306000596
A,CYS,311,A_CYS_311,17.852466137405585
A,CYS,434,A_CYS_434,14.213723709948818
A,GLN,356,A_GLN_356,12.720768414581821
A,GLU,295,A_GLU_295,12.271236155884253
A,GLU,366,A_GLU_366,11.885571090591865
A,GLY,299,A_GLY_299,10.721003989934372
A,GLY,307,A_GLY_307,5.360142923488333
A,ILE,300,A_ILE_300,17.44976131213461
A,ILE,314,A_ILE_314,17.4025618278813
A,ILE,367,A_ILE_367,18.37962319793933
A,ILE,465,A_ILE_465,18.58289164873388
A,LEU,309,A_LEU_309,17.825717741036847
A,LEU,364,A_LEU_364,3.463306297116892
A,LYS,303,A_LYS_303,18.39233679375269
A,LYS,308,A_LYS_308,16.207397683389225
A,LYS,312,A_LYS_312,20.572114727924813
A,LYS,466,A_LYS_466,16.208645247829327
A,MET,310,A_MET_310,20.70284903425636
A,PHE,315,A_PHE_315,11.632391292980053
A,PHE,368,A_PHE_368,12.273110969570856
A,PRO,298,A_PRO_298,16.514059590094288
A,PRO,313,A_PRO_313,15.851861687511771
A,PRO,365,A_PRO_365,6.115012140345563
A,PRO,432,A_PRO_432,16.285597217862758
A,PRO,467,A_PRO_467,16.39692181651552
A,SER,302,A_SER_302,14.769862899453145
A,THR,369,A_THR_369,14.344679683080841
A,THR,430,A_THR_430,5.867980460668191
A,THR,464,A_THR_464,17.81554558138278
A,THR,468,A_THR_468,17.544002080808788
A,VAL,296,A_VAL_296,14.498378140497017
A,VAL,301,A_VAL_301,16.506918164491793
A,VAL,357,A_VAL_357,3.044528807658856
A,VAL,433,A_VAL_433,16.822458523826064
A,VAL,463,A_VAL_463,5.359421530826454
A,VAL,469,A_VAL_469,16.24401802049914
