chain,resname,resnum,res_key,density
A,ARG,708,A_ARG_708,10.098568435633169
A,ARG,729,A_ARG_729,25.963699262960034
A,ASN,723,A_ASN_723,3.654451829624433
A,ASP,733,A_ASP_733,17.953889932484902
A,ASP,783,A_ASP_783,12.137076193283601
A,ASP,793,A_ASP_793,11.576336033483921
A,CYS,732,A_CYS_732,17.3061038069701
A,CYS,787,A_CYS_787,16.93790849229799
A,GLN,728,A_GLN_728,22.176358915181297
A,GLU,724,A_GLU_724,7.763231628670029
A,GLU,727,A_GLU_727,22.902161972154584
A,GLU,786,A_GLU_786,22.78373522282094
A,GLY,785,A_GLY_785,10.22290561874325
A,GLY,788,A_GLY_788,10.50397202085343
A,GLY,790,A_GLY_790,10.583814770988464
A,GLY,791,A_GLY_791,10.166845744643332
A,GLY,792,A_GLY_792,7.553355523859299
A,ILE,726,A_ILE_726,14.085370440551232
A,LYS,520,A_LYS_520,10.329438098645026
A,LYS,730,A_LYS_730,19.79269979136594
A,LYS,784,A_LYS_784,15.21936576886598
A,MET,735,A_MET_735,6.799861401478271
A,PRO,731,A_PRO_731,15.341567912124194
A,SER,789,A_SER_789,16.02517905931691
A,THR,734,A_THR_734,17.509853044147924
A,TRP,780,A_TRP_780,5.3894966710783105
A,TRP,781,A_TRP_781,14.117445101107126
A,TYR,725,A_TYR_725,28.403590384111137
A,TYR,782,A_TYR_782,28.03975526835084
