chain,resname,resnum,res_key,density
A,ARG,431,A_ARG_431,23.91807555855972
A,ASP,141,A_ASP_141,22.380079031906693
A,ASP,412,A_ASP_412,21.41583344456606
A,CYS,428,A_CYS_428,17.316089591459903
A,GLN,408,A_GLN_408,19.558697809016408
A,GLN,411,A_GLN_411,19.98582691656201
A,GLU,154,A_GLU_154,3.2150745789163464
A,GLU,188,A_GLU_188,8.833197964697703
A,GLU,415,A_GLU_415,24.23603317291763
A,GLY,142,A_GLY_142,10.582809158950282
A,HIS,143,A_HIS_143,7.283017887977598
A,LEU,429,A_LEU_429,19.09155246086752
A,LYS,416,A_LYS_416,2.870150215919396
A,LYS,425,A_LYS_425,13.85762734986932
A,LYS,426,A_LYS_426,21.59996958034231
A,LYS,433,A_LYS_433,17.642821075883685
A,PHE,434,A_PHE_434,11.239075159539883
A,PRO,140,A_PRO_140,8.282600138227462
A,PRO,430,A_PRO_430,16.7267934691798
A,THR,424,A_THR_424,7.723271969291424
A,THR,427,A_THR_427,17.439992067575375
A,TRP,432,A_TRP_432,23.11187377547489
