chain,resname,resnum,res_key,density
A,ALA,129,A_ALA_129,6.408788089116014
A,ARG,754,A_ARG_754,16.28749573563919
A,ASN,745,A_ASN_745,3.1163012781066386
A,ASN,762,A_ASN_762,20.59649364348787
A,ASP,116,A_ASP_116,3.3923118707015703
A,ASP,120,A_ASP_120,20.34117972435504
A,ASP,124,A_ASP_124,21.439420631505666
A,CYS,122,A_CYS_122,17.947955553515015
A,CYS,755,A_CYS_755,18.318351124360092
A,GLN,704,A_GLN_704,7.2907254879452275
A,GLU,748,A_GLU_748,5.732204241464585
A,GLU,751,A_GLU_751,12.501686520204107
A,GLY,758,A_GLY_758,10.338294177986045
A,HIS,123,A_HIS_123,23.067815864404135
A,HIS,752,A_HIS_752,12.541403959175955
A,ILE,740,A_ILE_740,18.226390964714817
A,LEU,700,A_LEU_700,1.5845643429505842
A,LEU,743,A_LEU_743,17.136876613236343
A,LYS,747,A_LYS_747,6.028874549369137
A,LYS,766,A_LYS_766,4.034926296745705
A,MET,761,A_MET_761,20.38434449760186
A,PHE,125,A_PHE_125,24.276255943235558
A,PHE,126,A_PHE_126,12.32576403593088
A,PHE,707,A_PHE_707,5.868055528170576
A,PHE,749,A_PHE_749,24.127647207321328
A,PHE,753,A_PHE_753,25.096785714085453
A,PRO,117,A_PRO_117,5.878429091651344
A,PRO,121,A_PRO_121,15.54971111171734
A,PRO,756,A_PRO_756,15.881506006798562
A,PRO,757,A_PRO_757,16.041154017459498
A,PRO,760,A_PRO_760,15.435544613182431
A,PRO,763,A_PRO_763,15.81193743047727
A,SER,127,A_SER_127,15.639305424448425
A,SER,744,A_SER_744,15.51604834733844
A,SER,746,A_SER_746,5.798106681243773
A,SER,750,A_SER_750,15.359017620524012
A,SER,759,A_SER_759,16.134371383827908
A,THR,118,A_THR_118,6.336137847578583
A,TYR,128,A_TYR_128,28.411632950813498
A,VAL,119,A_VAL_119,15.87522391716209
A,VAL,739,A_VAL_739,8.125318537302366
