chain,resname,resnum,res_key,density
A,ALA,193,A_ALA_193,2.6635949515021244
A,ALA,242,A_ALA_242,3.266315267351684
A,ALA,249,A_ALA_249,12.098567086768414
A,ALA,277,A_ALA_277,12.043420161763681
A,ALA,282,A_ALA_282,11.967047416404284
A,ARG,258,A_ARG_258,6.678772375035147
A,ARG,279,A_ARG_279,17.14830302413226
A,ASN,284,A_ASN_284,20.0525699882609
A,ASP,60,A_ASP_60,9.03627273443464
A,ASP,274,A_ASP_274,3.6244387434702263
A,ASP,288,A_ASP_288,18.070983905054767
A,CYS,251,A_CYS_251,17.938513660289523
A,GLY,103,A_GLY_103,11.359370407276154
A,GLY,273,A_GLY_273,3.520860042012008
A,ILE,199,A_ILE_199,1.7756594951906326
A,ILE,257,A_ILE_257,11.284087359335178
A,ILE,286,A_ILE_286,17.79706373756732
A,LEU,104,A_LEU_104,2.741053708178755
A,LEU,110,A_LEU_110,7.946054490034124
A,LEU,243,A_LEU_243,8.393342727511715
A,LEU,253,A_LEU_253,18.891431578745475
A,LEU,255,A_LEU_255,18.951233321419057
A,LEU,275,A_LEU_275,6.595539194453012
A,LEU,276,A_LEU_276,18.435643985854067
A,LEU,287,A_LEU_287,18.60991085726279
A,MET,23,A_MET_23,9.240410098644249
A,MET,99,A_MET_99,5.079384221493771
A,MET,107,A_MET_107,18.69306831283839
A,MET,244,A_MET_244,14.199897851629864
A,MET,248,A_MET_248,22.51776464131041
A,PHE,171,A_PHE_171,2.117021736772706
A,PHE,278,A_PHE_278,19.419400329335996
A,PHE,280,A_PHE_280,25.841832158564998
A,PHE,283,A_PHE_283,25.622219749946794
A,PRO,254,A_PRO_254,16.425350746663273
A,PRO,285,A_PRO_285,15.300800046640967
A,SER,106,A_SER_106,13.726445724232894
A,SER,252,A_SER_252,15.826145285322198
A,THR,245,A_THR_245,15.27742471437762
A,THR,256,A_THR_256,18.439971578606603
A,TRP,169,A_TRP_169,3.916524110067334
A,TYR,188,A_TYR_188,5.163676414112235
A,TYR,281,A_TYR_281,29.892185619338306
A,VAL,192,A_VAL_192,14.27046133866001
A,VAL,196,A_VAL_196,16.617708686132307
A,VAL,246,A_VAL_246,16.932137953054085
A,VAL,247,A_VAL_247,17.09747732228746
A,VAL,250,A_VAL_250,16.77085695758848
A,VAL,291,A_VAL_291,2.2624534679932684
