chain,resname,resnum,res_key,density
A,ALA,48,A_ALA_48,1.7994805459513117
A,ALA,112,A_ALA_112,12.755439743106969
A,ALA,114,A_ALA_114,12.499258193528775
A,ALA,120,A_ALA_120,12.00516712240292
A,ALA,128,A_ALA_128,2.536924584284852
A,ALA,198,A_ALA_198,10.404040179808874
A,ARG,117,A_ARG_117,26.665652279644927
A,ASN,203,A_ASN_203,21.486758332219217
A,CYS,118,A_CYS_118,18.453859880938232
A,CYS,202,A_CYS_202,18.628800521810362
A,GLU,116,A_GLU_116,22.804410020685477
A,GLU,234,A_GLU_234,3.431591254694209
A,GLY,204,A_GLY_204,10.958618858506487
A,HIS,123,A_HIS_123,24.056148183266668
A,HIS,237,A_HIS_237,7.411700690627743
A,ILE,109,A_ILE_109,3.5102272244295785
A,ILE,199,A_ILE_199,17.716963198613865
A,LEU,52,A_LEU_52,1.7394874204780886
A,LEU,110,A_LEU_110,5.653243942337202
A,LEU,119,A_LEU_119,18.543930993916167
A,LEU,121,A_LEU_121,18.920982467171715
A,LEU,126,A_LEU_126,17.12724947284113
A,LEU,130,A_LEU_130,3.5542612352019995
A,LEU,201,A_LEU_201,14.026182138104396
A,LEU,208,A_LEU_208,16.94499894713618
A,LEU,210,A_LEU_210,13.010608778800085
A,LEU,238,A_LEU_238,16.62310015505484
A,LEU,241,A_LEU_241,15.822585605142109
A,MET,113,A_MET_113,14.379859352108616
A,MET,213,A_MET_213,5.450512746462177
A,PHE,49,A_PHE_49,12.712716744967581
A,PHE,111,A_PHE_111,26.330358273608297
A,PHE,200,A_PHE_200,11.004578307732086
A,PRO,124,A_PRO_124,16.031143954210872
A,SER,122,A_SER_122,15.151136946021666
A,SER,205,A_SER_205,16.75418351279976
A,SER,209,A_SER_209,16.10251343432056
A,THR,207,A_THR_207,16.070914274034067
A,THR,245,A_THR_245,2.8960095720139
A,TYR,125,A_TYR_125,2.6427536825100306
A,TYR,127,A_TYR_127,28.401175394812785
A,VAL,115,A_VAL_115,16.17466305141502
A,VAL,206,A_VAL_206,16.865000416273862
