chain,resname,resnum,res_key,density
A,ALA,112,A_ALA_112,12.755439743106969
A,ALA,114,A_ALA_114,12.499258193528775
A,ALA,120,A_ALA_120,8.91195645533269
A,ALA,193,A_ALA_193,3.103310504250821
A,ALA,197,A_ALA_197,12.55437311817635
A,ALA,198,A_ALA_198,12.840281982333657
A,ALA,242,A_ALA_242,12.745171548006253
A,ARG,117,A_ARG_117,18.91652119777238
A,ASN,203,A_ASN_203,21.486758332219217
A,CYS,118,A_CYS_118,18.453859880938232
A,CYS,202,A_CYS_202,18.628800521810362
A,GLU,116,A_GLU_116,19.95869148768282
A,GLY,204,A_GLY_204,10.958618858506487
A,HIS,123,A_HIS_123,7.425971716832581
A,HIS,237,A_HIS_237,3.4740991451394114
A,ILE,109,A_ILE_109,3.5102272244295785
A,ILE,199,A_ILE_199,19.4926226938045
A,LEU,108,A_LEU_108,3.231190320953801
A,LEU,110,A_LEU_110,14.577865022802545
A,LEU,119,A_LEU_119,18.543930993916167
A,LEU,121,A_LEU_121,18.920982467171715
A,LEU,194,A_LEU_194,9.588999919002147
A,LEU,195,A_LEU_195,17.179004979786928
A,LEU,201,A_LEU_201,18.023424534751353
A,LEU,208,A_LEU_208,18.726958916131487
A,LEU,210,A_LEU_210,7.062759810474402
A,LEU,238,A_LEU_238,16.04765200532637
A,LEU,241,A_LEU_241,18.543521135084926
A,MET,107,A_MET_107,3.4105006832504388
A,MET,113,A_MET_113,14.379859352108616
A,MET,244,A_MET_244,4.754291079367768
A,PHE,111,A_PHE_111,26.330358273608297
A,PHE,200,A_PHE_200,26.265132589656588
A,SER,122,A_SER_122,12.389345590722252
A,SER,205,A_SER_205,16.75418351279976
A,SER,209,A_SER_209,12.959306662572558
A,THR,207,A_THR_207,18.07987614386343
A,THR,245,A_THR_245,18.17343428639152
A,VAL,115,A_VAL_115,16.17466305141502
A,VAL,196,A_VAL_196,14.455252575873658
A,VAL,206,A_VAL_206,16.865000416273862
A,VAL,246,A_VAL_246,2.672320800888617
