chain,resname,resnum,res_key,density
A,ALA,70,A_ALA_70,12.657378780181952
A,ALA,74,A_ALA_74,4.424992801706889
A,ALA,85,A_ALA_85,12.287129478575299
A,ALA,90,A_ALA_90,12.607588003763594
A,ALA,94,A_ALA_94,12.067600526902437
A,ALA,96,A_ALA_96,12.28327772922211
A,ALA,98,A_ALA_98,13.170175654790288
A,ARG,6,A_ARG_6,14.743506462444378
A,ARG,86,A_ARG_86,7.0366469925772375
A,ARG,173,A_ARG_173,6.955456307200475
A,ASN,7,A_ASN_7,18.886668590990478
A,ASP,93,A_ASP_93,21.53976974497538
A,CYS,5,A_CYS_5,7.173555996642019
A,CYS,92,A_CYS_92,17.994925833710674
A,CYS,151,A_CYS_151,3.5546601435011858
A,CYS,165,A_CYS_165,2.4912059699925524
A,CYS,170,A_CYS_170,17.31931670628188
A,GLN,160,A_GLN_160,14.24705551796426
A,GLN,162,A_GLN_162,22.520298769916774
A,GLN,163,A_GLN_163,22.382951325146337
A,GLY,83,A_GLY_83,10.890820196118915
A,GLY,87,A_GLY_87,10.314151618657275
A,GLY,88,A_GLY_88,10.282772623285014
A,GLY,159,A_GLY_159,5.632144528097363
A,GLY,167,A_GLY_167,10.129554810078973
A,HIS,161,A_HIS_161,24.63790262192222
A,LEU,8,A_LEU_8,10.315419819200363
A,LEU,67,A_LEU_67,15.57347143404237
A,LEU,81,A_LEU_81,17.424431888556672
A,LEU,82,A_LEU_82,19.01485908641858
A,LEU,84,A_LEU_84,18.067789808865413
A,LEU,91,A_LEU_91,18.40703347522154
A,LEU,155,A_LEU_155,12.313692556048647
A,LEU,172,A_LEU_172,15.455560815564109
A,MET,99,A_MET_99,18.36913757099787
A,PHE,66,A_PHE_66,3.2280882826092783
A,PHE,95,A_PHE_95,25.324453424520502
A,PHE,97,A_PHE_97,23.649263524647544
A,PHE,171,A_PHE_171,21.775239602464346
A,PHE,278,A_PHE_278,6.1367505730513425
A,PRO,89,A_PRO_89,15.890035501434676
A,PRO,154,A_PRO_154,11.719063651536025
A,SER,79,A_SER_79,6.203425375615373
A,SER,80,A_SER_80,15.603362068769549
A,SER,168,A_SER_168,15.677437592044061
A,THR,9,A_THR_9,6.615230149777335
A,THR,100,A_THR_100,11.754069804575739
A,TRP,169,A_TRP_169,23.199075609903844
A,TYR,164,A_TYR_164,27.830341874102693
A,VAL,71,A_VAL_71,8.6137074424997
