chain,resname,resnum,res_key,density
A,ALA,94,A_ALA_94,12.067600526902437
A,ALA,96,A_ALA_96,12.28327772922211
A,ALA,98,A_ALA_98,13.170175654790288
A,ALA,105,A_ALA_105,9.4824435461796
A,ALA,142,A_ALA_142,3.323194488735674
A,ALA,145,A_ALA_145,12.63417688386212
A,ALA,152,A_ALA_152,12.29636750175825
A,ALA,187,A_ALA_187,12.542994823297434
A,ALA,189,A_ALA_189,2.8608302838827653
A,ARG,173,A_ARG_173,2.820974008488303
A,ASP,93,A_ASP_93,18.726048283007582
A,CYS,92,A_CYS_92,3.2353500337188374
A,CYS,147,A_CYS_147,18.982279072909158
A,CYS,151,A_CYS_151,18.46998216300142
A,CYS,170,A_CYS_170,5.745291466074377
A,GLN,160,A_GLN_160,9.98946182566787
A,GLY,103,A_GLY_103,11.359370407276154
A,GLY,157,A_GLY_157,7.375123462073059
A,GLY,159,A_GLY_159,10.451959957551562
A,HIS,161,A_HIS_161,18.407414639038024
A,ILE,143,A_ILE_143,9.743541307865922
A,LEU,104,A_LEU_104,17.94526586662481
A,LEU,108,A_LEU_108,3.8626664419811303
A,LEU,149,A_LEU_149,17.758031359791023
A,LEU,153,A_LEU_153,18.280824196878015
A,LEU,155,A_LEU_155,18.23305406485595
A,LEU,156,A_LEU_156,18.156284514603104
A,LEU,158,A_LEU_158,16.170104820563022
A,LEU,172,A_LEU_172,17.09232921808539
A,LEU,191,A_LEU_191,9.330537455666123
A,MET,99,A_MET_99,20.035566792552295
A,PHE,95,A_PHE_95,10.327777407057837
A,PHE,97,A_PHE_97,26.16359107851113
A,PHE,101,A_PHE_101,25.07711755889339
A,PHE,102,A_PHE_102,25.810220166346276
A,PHE,146,A_PHE_146,26.010481541528474
A,PHE,150,A_PHE_150,25.593598871270018
A,PHE,171,A_PHE_171,25.93404910895127
A,PHE,184,A_PHE_184,25.288563531583307
A,PRO,154,A_PRO_154,16.53586197678692
A,SER,106,A_SER_106,2.95509960928202
A,SER,185,A_SER_185,16.464217855978944
A,THR,100,A_THR_100,16.796152804635938
A,TYR,144,A_TYR_144,17.716462858407866
A,TYR,188,A_TYR_188,29.21598931910053
A,TYR,281,A_TYR_281,8.302604430710016
A,VAL,148,A_VAL_148,16.6034004712204
A,VAL,192,A_VAL_192,4.9199704448543295
