chain,resname,resnum,res_key,density
A,ALA,2,A_ALA_2,5.773410445225758
A,ALA,74,A_ALA_74,2.145833586028285
A,ALA,277,A_ALA_277,9.100641142545612
A,ARG,6,A_ARG_6,24.329807972425098
A,ARG,12,A_ARG_12,25.883140054797664
A,ARG,258,A_ARG_258,8.140663205662719
A,ARG,279,A_ARG_279,21.32403207618781
A,ASN,7,A_ASN_7,12.866430151739614
A,ASP,3,A_ASP_3,20.49439712649601
A,ASP,274,A_ASP_274,21.39136069251057
A,CYS,5,A_CYS_5,18.18193190531175
A,CYS,92,A_CYS_92,5.377986226133181
A,CYS,165,A_CYS_165,17.411951181733635
A,CYS,170,A_CYS_170,17.31931670628188
A,GLN,162,A_GLN_162,22.520298769916774
A,GLN,163,A_GLN_163,22.382951325146337
A,GLU,271,A_GLU_271,23.276318142959322
A,GLY,13,A_GLY_13,9.887609114189047
A,GLY,16,A_GLY_16,2.850181839305032
A,GLY,167,A_GLY_167,10.129554810078973
A,GLY,273,A_GLY_273,10.56762166406701
A,LEU,8,A_LEU_8,17.74473008533797
A,LEU,81,A_LEU_81,11.47267836629675
A,LEU,82,A_LEU_82,8.829459741790807
A,LEU,172,A_LEU_172,3.1382128562186646
A,LEU,275,A_LEU_275,18.626599511360048
A,LEU,276,A_LEU_276,12.619308719973912
A,MET,99,A_MET_99,5.147031236851085
A,MET,174,A_MET_174,7.071135747719243
A,MET,272,A_MET_272,20.951659528679688
A,PHE,95,A_PHE_95,6.420425803940203
A,PHE,171,A_PHE_171,15.203479191935818
A,PHE,278,A_PHE_278,21.75245813784597
A,PRO,166,A_PRO_166,15.803633711034433
A,SER,4,A_SER_4,15.930474149863837
A,SER,14,A_SER_14,16.60387445873831
A,SER,20,A_SER_20,3.005629682698541
A,SER,79,A_SER_79,6.203425375615373
A,SER,80,A_SER_80,15.603362068769549
A,SER,168,A_SER_168,15.677437592044061
A,SER,268,A_SER_268,3.202881136654846
A,SER,269,A_SER_269,7.3000497457571925
A,SER,270,A_SER_270,16.08198624287675
A,THR,9,A_THR_9,7.337449903113038
A,TRP,169,A_TRP_169,32.05465638643615
A,TYR,10,A_TYR_10,28.259873773946204
A,TYR,75,A_TYR_75,15.93729651974475
A,TYR,164,A_TYR_164,27.830341874102693
A,VAL,11,A_VAL_11,16.600061560687372
A,VAL,15,A_VAL_15,16.268941760937057
A,VAL,71,A_VAL_71,3.823007021963346
