chain,resname,resnum,res_key,density
A,ALA,456,A_ALA_456,11.869897072929028
A,ALA,460,A_ALA_460,12.524011206143655
A,CYS,458,A_CYS_458,17.60986350943174
A,CYS,462,A_CYS_462,2.5902442298711996
A,GLN,459,A_GLN_459,23.48660963210876
A,SER,461,A_SER_461,15.31233813006725
A,THR,455,A_THR_455,16.822022172766324
A,THR,457,A_THR_457,18.114696938935737
A,TYR,454,A_TYR_454,5.811474662747896
