chain,resname,resnum,res_key,density
A,ALA,199,A_ALA_199,6.269919469151218
A,ALA,200,A_ALA_200,12.560840095693381
A,ARG,40,A_ARG_40,8.02883112298453
A,ARG,227,A_ARG_227,27.039383546893617
A,ARG,299,A_ARG_299,24.032915431178058
A,ASN,300,A_ASN_300,16.962523056198478
A,ASP,198,A_ASP_198,2.860125073174855
A,ASP,222,A_ASP_222,21.229906574328695
A,ASP,293,A_ASP_293,21.725777367634027
A,CYS,226,A_CYS_226,17.84972753389536
A,CYS,296,A_CYS_296,17.972640889804687
A,GLN,37,A_GLN_37,6.773458935269819
A,GLN,221,A_GLN_221,23.208646734490184
A,GLN,234,A_GLN_234,11.96382060103122
A,GLU,34,A_GLU_34,4.801272173881172
A,GLU,292,A_GLU_292,15.457765494917336
A,GLU,294,A_GLU_294,24.053946261633612
A,GLY,216,A_GLY_216,3.2996175949600306
A,GLY,285,A_GLY_285,5.113844625038121
A,GLY,295,A_GLY_295,10.456139612741328
A,ILE,196,A_ILE_196,8.333342655168614
A,LEU,32,A_LEU_32,17.945707168759583
A,LEU,201,A_LEU_201,18.705925871254664
A,LEU,217,A_LEU_217,16.460164290035557
A,LEU,218,A_LEU_218,10.71557772525797
A,LEU,224,A_LEU_224,16.651376073399973
A,LEU,228,A_LEU_228,18.716624595037516
A,LEU,231,A_LEU_231,16.339530909895075
A,LEU,232,A_LEU_232,6.647032955375556
A,LYS,197,A_LYS_197,20.689194496850106
A,LYS,202,A_LYS_202,2.7145875959073713
A,LYS,288,A_LYS_288,18.83203587267322
A,MET,204,A_MET_204,21.902269874442137
A,MET,233,A_MET_233,8.19395080977864
A,PHE,230,A_PHE_230,25.532650611484133
A,SER,31,A_SER_31,12.446876996450174
A,SER,219,A_SER_219,10.70514976249638
A,SER,223,A_SER_223,16.774841450464123
A,SER,225,A_SER_225,16.359481529642757
A,SER,301,A_SER_301,2.86684803526526
A,THR,298,A_THR_298,17.850703558807304
A,TRP,33,A_TRP_33,31.259147855370035
A,TRP,203,A_TRP_203,11.193546101908264
A,TRP,284,A_TRP_284,10.362427278110642
A,TRP,297,A_TRP_297,32.292540181282405
A,TYR,205,A_TYR_205,2.866156858352493
A,TYR,220,A_TYR_220,28.353718076811127
A,TYR,289,A_TYR_289,19.44593621323598
A,VAL,36,A_VAL_36,5.926167509897367
A,VAL,229,A_VAL_229,16.42649300000194
