chain,resname,resnum,res_key,density
A,ALA,158,A_ALA_158,12.55781031880571
A,ALA,162,A_ALA_162,12.946074661670094
A,ALA,164,A_ALA_164,12.09560936516434
A,ALA,399,A_ALA_399,11.98828692575718
A,ARG,176,A_ARG_176,9.80363135348359
A,ARG,414,A_ARG_414,2.7594245985967745
A,ASN,177,A_ASN_177,20.98177266602598
A,ASN,406,A_ASN_406,20.875466555760962
A,ASN,407,A_ASN_407,21.282491643425615
A,CYS,403,A_CYS_403,17.82534749039095
A,GLN,394,A_GLN_394,3.156735060540819
A,GLN,410,A_GLN_410,23.12333794761377
A,GLU,408,A_GLU_408,24.277015286820046
A,GLU,412,A_GLU_412,14.80183907411454
A,GLY,168,A_GLY_168,2.9103806829399503
A,GLY,395,A_GLY_395,7.614124386131263
A,HIS,180,A_HIS_180,23.745758028703232
A,ILE,161,A_ILE_161,18.567271070657704
A,ILE,165,A_ILE_165,17.97605244658479
A,ILE,400,A_ILE_400,18.648422031963406
A,LEU,159,A_LEU_159,19.042806574303725
A,LEU,166,A_LEU_166,18.065809034833073
A,LEU,167,A_LEU_167,11.329042808708682
A,LEU,172,A_LEU_172,18.6410939369406
A,LEU,181,A_LEU_181,16.765317834869357
A,LEU,183,A_LEU_183,1.9224139879435675
A,LEU,359,A_LEU_359,2.2657359996126796
A,LEU,396,A_LEU_396,17.27261035468496
A,LEU,401,A_LEU_401,18.568077876621135
A,LEU,411,A_LEU_411,9.224460296039158
A,MET,397,A_MET_397,13.116788119020324
A,PHE,169,A_PHE_169,22.538943241349486
A,PHE,184,A_PHE_184,22.8601295043952
A,PHE,404,A_PHE_404,25.08993833535033
A,PHE,413,A_PHE_413,22.150523592533744
A,SER,155,A_SER_155,3.415723929293819
A,SER,157,A_SER_157,6.039482729268248
A,SER,163,A_SER_163,15.716345350968718
A,THR,355,A_THR_355,1.622007818045775
A,TYR,178,A_TYR_178,2.753854314939102
A,TYR,402,A_TYR_402,28.574317761768725
A,VAL,160,A_VAL_160,10.784963890788855
A,VAL,398,A_VAL_398,16.90010283343518
A,VAL,405,A_VAL_405,16.542766557281553
A,VAL,409,A_VAL_409,16.399971469865285
