chain,resname,resnum,res_key,density
A,ALA,350,A_ALA_350,13.096190908461903
A,ARG,348,A_ARG_348,26.494059010443614
A,ASP,344,A_ASP_344,21.957168260171464
A,CYS,341,A_CYS_341,17.82923292477616
A,CYS,347,A_CYS_347,17.407027573048822
A,ILE,345,A_ILE_345,18.253100471491514
A,LEU,335,A_LEU_335,15.934973272440368
A,LEU,349,A_LEU_349,18.84207098518869
A,LEU,354,A_LEU_354,15.408346704339849
A,LYS,342,A_LYS_342,15.880219826046877
A,LYS,346,A_LYS_346,21.633814326339973
A,LYS,351,A_LYS_351,21.128920937573096
A,MET,340,A_MET_340,16.939181417865676
A,SER,352,A_SER_352,16.87836832889
A,THR,343,A_THR_343,17.516081064004023
A,THR,353,A_THR_353,17.68790231174175
A,THR,355,A_THR_355,8.634729521791721
A,VAL,331,A_VAL_331,2.0341894785146915
A,VAL,332,A_VAL_332,1.9893570626617432
