chain,resname,resnum,res_key,density
A,ALA,57,A_ALA_57,4.899725201469753
A,ALA,106,A_ALA_106,12.073837316166742
A,ARG,64,A_ARG_64,27.493116230515543
A,ARG,102,A_ARG_102,24.82012668241151
A,ASN,63,A_ASN_63,21.145394172268748
A,ASN,82,A_ASN_82,2.837631243223223
A,ASP,59,A_ASP_59,11.428574409075726
A,ASP,74,A_ASP_74,21.904358330320534
A,CYS,62,A_CYS_62,16.82372887198494
A,CYS,71,A_CYS_71,5.961025933184311
A,CYS,104,A_CYS_104,17.071465407625592
A,GLN,112,A_GLN_112,4.5378003600652494
A,GLU,76,A_GLU_76,22.79894870366826
A,GLU,107,A_GLU_107,20.463236223842465
A,GLY,75,A_GLY_75,10.3341421952282
A,GLY,78,A_GLY_78,9.954972799143139
A,GLY,108,A_GLY_108,10.090267736672608
A,LEU,50,A_LEU_50,1.6036698144366255
A,LEU,60,A_LEU_60,18.733348494143225
A,LEU,109,A_LEU_109,18.91585398967778
A,LEU,111,A_LEU_111,14.139648003067043
A,PHE,61,A_PHE_61,25.60562013758928
A,PHE,66,A_PHE_66,2.476462409352605
A,PHE,80,A_PHE_80,11.950974069938052
A,PHE,103,A_PHE_103,24.682812807807757
A,PRO,54,A_PRO_54,3.0669094002876918
A,PRO,55,A_PRO_55,5.162805827764368
A,PRO,56,A_PRO_56,15.712936901008984
A,PRO,73,A_PRO_73,16.025471835038708
A,PRO,77,A_PRO_77,15.965818591375218
A,PRO,119,A_PRO_119,12.695403719441039
A,SER,79,A_SER_79,15.713997272831284
A,THR,58,A_THR_58,18.076660422954244
A,THR,65,A_THR_65,17.5673046743111
A,THR,105,A_THR_105,17.44303262232156
A,TRP,72,A_TRP_72,31.277035570237835
A,TRP,110,A_TRP_110,32.46651408056799
A,TRP,120,A_TRP_120,5.589668571976583
A,TYR,101,A_TYR_101,2.580036705578879
A,VAL,81,A_VAL_81,16.129532354924756
A,VAL,83,A_VAL_83,1.9763183721554491
