chain,resname,resnum,res_key,density
A,ALA,14,A_ALA_14,12.578088538690388
A,ALA,17,A_ALA_17,9.632731696644896
A,ALA,128,A_ALA_128,12.052298853675689
A,ALA,130,A_ALA_130,10.57234210097235
A,ALA,131,A_ALA_131,12.666361596357085
A,ALA,164,A_ALA_164,12.878854264358917
A,ARG,9,A_ARG_9,10.811253971820861
A,ARG,10,A_ARG_10,28.231276524594648
A,ARG,12,A_ARG_12,26.60347707253891
A,ARG,19,A_ARG_19,21.028030920208405
A,ARG,21,A_ARG_21,16.277978150469785
A,ARG,26,A_ARG_26,25.988202628234546
A,ARG,180,A_ARG_180,6.008148079192531
A,ASN,133,A_ASN_133,20.869189710612243
A,ASP,159,A_ASP_159,22.23414829525986
A,ASP,182,A_ASP_182,20.87703345570141
A,CYS,134,A_CYS_134,17.597783784759383
A,CYS,162,A_CYS_162,17.65728349012642
A,GLN,29,A_GLN_29,19.628229503414055
A,GLN,160,A_GLN_160,14.987030186952335
A,GLU,13,A_GLU_13,14.450342032048908
A,GLU,103,A_GLU_103,5.859620826583586
A,GLY,18,A_GLY_18,10.41060003714165
A,GLY,106,A_GLY_106,10.216382719167292
A,GLY,127,A_GLY_127,10.603806048771187
A,GLY,132,A_GLY_132,10.375884725397183
A,HIS,16,A_HIS_16,23.38829057942924
A,ILE,110,A_ILE_110,18.030116109399877
A,ILE,184,A_ILE_184,4.565491481174398
A,LEU,8,A_LEU_8,19.033545543308144
A,LEU,11,A_LEU_11,18.775371723767627
A,LEU,107,A_LEU_107,17.37059764046289
A,LEU,109,A_LEU_109,17.48695553747193
A,LEU,125,A_LEU_125,18.233773767924628
A,LEU,129,A_LEU_129,19.038747212150373
A,LEU,137,A_LEU_137,18.29860053334905
A,PHE,15,A_PHE_15,25.836865032183724
A,PHE,25,A_PHE_25,22.170423594932316
A,PHE,105,A_PHE_105,19.964515778229238
A,PHE,163,A_PHE_163,25.639308238901506
A,PHE,181,A_PHE_181,24.868228245860852
A,PHE,422,A_PHE_422,23.779393573972055
A,PRO,22,A_PRO_22,1.7846616172177738
A,PRO,104,A_PRO_104,16.47075242008194
A,PRO,124,A_PRO_124,5.530797484724444
A,SER,161,A_SER_161,16.034081194722365
A,SER,423,A_SER_423,2.4879771046277073
A,THR,7,A_THR_7,12.11745823521882
A,THR,20,A_THR_20,17.22990995257793
A,TYR,183,A_TYR_183,18.006561198190486
A,VAL,108,A_VAL_108,16.775817038173326
A,VAL,126,A_VAL_126,8.441000181404629
A,VAL,135,A_VAL_135,16.246538420404047
A,VAL,136,A_VAL_136,15.889019570708982
A,VAL,158,A_VAL_158,14.409139968812951
A,VAL,165,A_VAL_165,4.449912294804811
