chain,resname,resnum,res_key,density
A,ALA,115,A_ALA_115,5.741239324375302
A,ALA,122,A_ALA_122,12.91095538313925
A,ALA,329,A_ALA_329,12.493480178300958
A,ALA,343,A_ALA_343,12.349091186396407
A,ARG,80,A_ARG_80,4.254139308993564
A,ARG,298,A_ARG_298,26.63317166581907
A,ARG,339,A_ARG_339,13.314105775272122
A,ARG,342,A_ARG_342,13.998284724330869
A,ARG,345,A_ARG_345,25.794314973968834
A,ASN,337,A_ASN_337,21.046716598108873
A,ASP,81,A_ASP_81,16.323557363699315
A,ASP,350,A_ASP_350,11.809730542161116
A,CYS,295,A_CYS_295,16.77595439469836
A,CYS,349,A_CYS_349,17.4100277216007
A,GLN,292,A_GLN_292,20.752229021259335
A,GLN,294,A_GLN_294,22.00763459347517
A,GLN,336,A_GLN_336,5.810097143343446
A,GLU,346,A_GLU_346,6.685548405278435
A,GLY,103,A_GLY_103,10.293416889564654
A,GLY,106,A_GLY_106,10.287402442877886
A,GLY,118,A_GLY_118,10.711677355174155
A,GLY,123,A_GLY_123,10.538658530155704
A,GLY,293,A_GLY_293,9.77230830502736
A,GLY,299,A_GLY_299,10.061351139688561
A,GLY,347,A_GLY_347,7.1654505933528725
A,ILE,104,A_ILE_104,18.128942126519114
A,ILE,116,A_ILE_116,18.436850507707764
A,LEU,82,A_LEU_82,16.43706663522392
A,LEU,100,A_LEU_100,5.19891894452924
A,LEU,101,A_LEU_101,18.558527502061985
A,LEU,127,A_LEU_127,9.304895185228657
A,LEU,287,A_LEU_287,17.579682019421323
A,LEU,290,A_LEU_290,18.144178039991477
A,LEU,304,A_LEU_304,1.6956779905871224
A,LEU,308,A_LEU_308,1.7198885786345
A,LEU,311,A_LEU_311,1.6329577153017865
A,LEU,340,A_LEU_340,18.90840915695853
A,LYS,102,A_LYS_102,21.60993530366049
A,LYS,107,A_LYS_107,2.5002498755641964
A,LYS,124,A_LYS_124,10.821822162837497
A,MET,117,A_MET_117,12.172284351296192
A,MET,348,A_MET_348,9.38391416774938
A,PHE,79,A_PHE_79,20.59003933630221
A,PHE,108,A_PHE_108,8.812194482956638
A,PRO,119,A_PRO_119,5.919696863192723
A,SER,83,A_SER_83,7.810090942086987
A,SER,105,A_SER_105,15.638764573328473
A,SER,291,A_SER_291,15.974978136886847
A,SER,338,A_SER_338,13.016617608669382
A,TYR,288,A_TYR_288,27.58986626622304
A,TYR,297,A_TYR_297,27.167698660175056
A,TYR,307,A_TYR_307,16.17080128064328
A,VAL,289,A_VAL_289,16.050837828646262
A,VAL,296,A_VAL_296,16.76518605962059
A,VAL,325,A_VAL_325,11.9566444004879
A,VAL,328,A_VAL_328,7.627824419555461
A,VAL,341,A_VAL_341,17.73008506396798
A,VAL,344,A_VAL_344,15.904167178504682
