chain,resname,resnum,res_key,density
A,ALA,468,A_ALA_468,2.140861550480826
A,ALA,516,A_ALA_516,13.008755506793047
A,ALA,531,A_ALA_531,3.1160747638070854
A,ALA,538,A_ALA_538,12.497013708111908
A,ALA,539,A_ALA_539,11.839973760274457
A,ARG,533,A_ARG_533,9.59419111423131
A,ASP,530,A_ASP_530,3.3909409333274185
A,CYS,518,A_CYS_518,18.305016412154885
A,GLN,510,A_GLN_510,6.089820239891621
A,GLN,527,A_GLN_527,24.00338597847695
A,GLY,432,A_GLY_432,2.9531697045942753
A,GLY,434,A_GLY_434,9.962272086739087
A,GLY,438,A_GLY_438,10.26611590079928
A,GLY,541,A_GLY_541,10.412204813832615
A,HIS,430,A_HIS_430,24.687261662465616
A,ILE,427,A_ILE_427,3.394600229013608
A,ILE,431,A_ILE_431,18.889072012368516
A,ILE,433,A_ILE_433,14.6877345248943
A,ILE,437,A_ILE_437,18.272109126128125
A,ILE,511,A_ILE_511,14.78876014154312
A,ILE,520,A_ILE_520,18.679694460141853
A,ILE,613,A_ILE_613,4.005531273986804
A,LEU,435,A_LEU_435,16.268319962500282
A,LEU,436,A_LEU_436,2.774991487973945
A,LEU,458,A_LEU_458,18.30454993467466
A,LEU,463,A_LEU_463,2.556204006648809
A,LEU,465,A_LEU_465,18.394168442188164
A,LEU,536,A_LEU_536,12.671892302339714
A,LEU,540,A_LEU_540,17.673661981806475
A,MET,462,A_MET_462,21.205794871434705
A,MET,466,A_MET_466,2.9573425417230643
A,MET,512,A_MET_512,14.516134087671691
A,MET,524,A_MET_524,21.084217338946292
A,MET,543,A_MET_543,2.7979606171804936
A,PHE,457,A_PHE_457,22.694120655165953
A,PHE,459,A_PHE_459,2.5767818263744324
A,PHE,460,A_PHE_460,7.985094162863046
A,PHE,464,A_PHE_464,25.58660212567426
A,PHE,513,A_PHE_513,17.90759391389826
A,PHE,534,A_PHE_534,25.317949729181585
A,PHE,537,A_PHE_537,25.15766192705963
A,PRO,514,A_PRO_514,16.617688505237485
A,PRO,528,A_PRO_528,3.0226172101440247
A,SER,429,A_SER_429,5.828914011024706
A,SER,461,A_SER_461,17.062476283268175
A,SER,519,A_SER_519,16.074688371534883
A,SER,526,A_SER_526,3.0934909978430882
A,SER,545,A_SER_545,10.279498911185858
A,SER,612,A_SER_612,5.407741309675551
A,THR,525,A_THR_525,14.748036073412822
A,THR,542,A_THR_542,17.163346707261752
A,THR,544,A_THR_544,1.9903959694288982
A,TRP,523,A_TRP_523,31.270518706763777
A,TYR,517,A_TYR_517,28.76487465366257
A,TYR,522,A_TYR_522,29.177068887633613
A,VAL,515,A_VAL_515,16.79951239897869
A,VAL,521,A_VAL_521,16.20333272461097
A,VAL,532,A_VAL_532,3.123626471580507
A,VAL,535,A_VAL_535,17.215655671612033
A,VAL,609,A_VAL_609,10.727927276449122
