chain,resname,resnum,res_key,density
A,ALA,294,A_ALA_294,12.582959133571112
A,CYS,47,A_CYS_47,18.090071689604457
A,GLU,51,A_GLU_51,21.11719598253565
A,GLY,49,A_GLY_49,10.090034565031663
A,LYS,45,A_LYS_45,20.565439950112356
A,LYS,72,A_LYS_72,3.113798633797436
A,LYS,74,A_LYS_74,3.135833191563037
A,PHE,52,A_PHE_52,19.917926598386188
A,SER,46,A_SER_46,16.310051866906967
A,SER,48,A_SER_48,15.77571329728854
A,THR,44,A_THR_44,17.848218761481867
A,TYR,73,A_TYR_73,12.33189213243462
A,VAL,50,A_VAL_50,16.14435553137843
