chain,resname,resnum,res_key,density
A,ALA,97,A_ALA_97,12.007172465053777
A,ASP,100,A_ASP_100,18.847850601197088
A,CYS,76,A_CYS_76,18.09652848583816
A,GLN,101,A_GLN_101,19.36188741825497
A,GLU,51,A_GLU_51,10.974697198976243
A,GLU,77,A_GLU_77,23.000832875810197
A,GLU,99,A_GLU_99,23.165139810279896
A,GLY,49,A_GLY_49,10.090034565031663
A,GLY,79,A_GLY_79,9.724659649028586
A,ILE,98,A_ILE_98,15.340730146408893
A,LEU,80,A_LEU_80,18.07171930081961
A,LYS,45,A_LYS_45,4.340906930754959
A,LYS,72,A_LYS_72,9.084350968959244
A,LYS,74,A_LYS_74,20.721992579875277
A,LYS,107,A_LYS_107,2.532977021237792
A,PHE,82,A_PHE_82,25.415784742679097
A,SER,48,A_SER_48,5.918893421487562
A,THR,81,A_THR_81,17.507088534086947
A,TRP,75,A_TRP_75,32.4621904693191
A,TYR,73,A_TYR_73,28.84670951340142
A,TYR,78,A_TYR_78,28.640238679846153
A,VAL,50,A_VAL_50,4.918167524672645
