chain,resname,resnum,res_key,density
A,ALA,448,A_ALA_448,12.269317908884068
A,ARG,618,A_ARG_618,2.7204397100257376
A,ASN,446,A_ASN_446,18.931852733482756
A,ASP,620,A_ASP_620,20.949451830087334
A,ASP,624,A_ASP_624,22.224021958385833
A,ASP,626,A_ASP_626,21.522294929534382
A,CYS,623,A_CYS_623,17.77797585953328
A,CYS,629,A_CYS_629,18.099525843316314
A,GLN,632,A_GLN_632,22.64152092531834
A,GLU,447,A_GLU_447,23.38125704364157
A,GLU,619,A_GLU_619,5.9647123839748915
A,GLU,627,A_GLU_627,23.915074195642706
A,GLY,445,A_GLY_445,6.200333677229366
A,HIS,622,A_HIS_622,24.128314109586018
A,HIS,630,A_HIS_630,12.369963767024887
A,ILE,444,A_ILE_444,3.251202483654475
A,ILE,625,A_ILE_625,18.06268866277938
A,LEU,621,A_LEU_621,17.93527736901394
A,LYS,449,A_LYS_449,20.92579256384742
A,LYS,450,A_LYS_450,18.10544753436512
A,LYS,633,A_LYS_633,16.97535238204532
A,PHE,631,A_PHE_631,16.551310976705537
A,SER,634,A_SER_634,2.50804400455415
A,THR,628,A_THR_628,17.544895807322717
A,VAL,451,A_VAL_451,8.164773227270036
