chain,resname,resnum,res_key,density
A,ALA,30,A_ALA_30,12.378078715114382
A,ALA,33,A_ALA_33,9.170189495657116
A,ASN,24,A_ASN_24,20.630676317656228
A,CYS,25,A_CYS_25,18.23918469191592
A,CYS,26,A_CYS_26,18.951619376020936
A,CYS,79,A_CYS_79,12.026311466894587
A,GLN,234,A_GLN_234,6.6664091204308225
A,GLY,31,A_GLY_31,11.177190180972412
A,GLY,68,A_GLY_68,3.686104173780117
A,GLY,75,A_GLY_75,10.49724933831618
A,GLY,78,A_GLY_78,10.843472570218674
A,GLY,237,A_GLY_237,4.957668456323131
A,ILE,230,A_ILE_230,3.93858982280309
A,LEU,19,A_LEU_19,14.914133932655291
A,LEU,20,A_LEU_20,16.777922258637744
A,LEU,29,A_LEU_29,18.234007021319083
A,LEU,32,A_LEU_32,18.085528963657982
A,LEU,97,A_LEU_97,1.8845173995307325
A,MET,72,A_MET_72,14.628351509706567
A,PHE,21,A_PHE_21,25.12767949088455
A,PHE,27,A_PHE_27,24.700013880646463
A,PHE,240,A_PHE_240,4.22224245630329
A,THR,22,A_THR_22,18.700168562782377
A,THR,74,A_THR_74,15.610164647667748
A,TRP,28,A_TRP_28,32.433800043492155
A,TYR,18,A_TYR_18,5.750492399469495
A,TYR,23,A_TYR_23,28.53092595541763
A,TYR,93,A_TYR_93,9.715832222170373
A,VAL,34,A_VAL_34,7.028268873237591
A,VAL,71,A_VAL_71,16.748447255515742
A,VAL,73,A_VAL_73,2.8568337773062185
A,VAL,76,A_VAL_76,11.488413248648408
A,VAL,233,A_VAL_233,14.167109494686217
