chain,resname,resnum,res_key,density
A,ALA,140,A_ALA_140,12.672578043158278
A,ALA,141,A_ALA_141,12.162214895571989
A,ALA,144,A_ALA_144,12.80120052105358
A,ALA,424,A_ALA_424,12.121874003766122
A,ALA,425,A_ALA_425,12.818808364175503
A,ALA,430,A_ALA_430,12.692607297002969
A,ALA,432,A_ALA_432,12.125166404054749
A,ALA,437,A_ALA_437,6.420632369424222
A,ALA,450,A_ALA_450,5.925896817245862
A,ALA,452,A_ALA_452,12.312359597103235
A,ALA,454,A_ALA_454,11.693940197689168
A,ALA,488,A_ALA_488,4.698538452116395
A,ARG,142,A_ARG_142,13.276054000364581
A,ARG,449,A_ARG_449,10.382771519150783
A,ARG,478,A_ARG_478,27.103728563510277
A,ASN,486,A_ASN_486,5.5245493781656885
A,ASP,149,A_ASP_149,12.92211965331991
A,ASP,453,A_ASP_453,18.497385920855905
A,CYS,429,A_CYS_429,18.497846674056305
A,GLN,139,A_GLN_139,5.971908976815036
A,GLN,435,A_GLN_435,23.267732064304987
A,GLN,481,A_GLN_481,20.10268703931345
A,GLN,516,A_GLN_516,6.370965797453849
A,GLU,146,A_GLU_146,20.653857096731098
A,GLU,426,A_GLU_426,23.4850983613347
A,GLU,436,A_GLU_436,20.633690476654518
A,GLU,456,A_GLU_456,22.629904367256852
A,GLY,421,A_GLY_421,3.5552786121496056
A,GLY,423,A_GLY_423,10.16765650318432
A,HIS,147,A_HIS_147,23.52677275813817
A,ILE,145,A_ILE_145,19.200668174216737
A,ILE,151,A_ILE_151,19.212171540231726
A,ILE,427,A_ILE_427,18.751260588767426
A,ILE,458,A_ILE_458,13.879759811255575
A,ILE,517,A_ILE_517,18.338677343735288
A,LEU,112,A_LEU_112,8.314650805514738
A,LEU,116,A_LEU_116,1.9253056923569556
A,LEU,148,A_LEU_148,18.247942324385257
A,LEU,431,A_LEU_431,18.20905871784134
A,LEU,455,A_LEU_455,17.8492726459497
A,LEU,489,A_LEU_489,8.588956473255065
A,LEU,510,A_LEU_510,1.6201588346475917
A,LYS,150,A_LYS_150,21.7490369525038
A,LYS,513,A_LYS_513,20.76806115647789
A,LYS,514,A_LYS_514,18.575402423494438
A,MET,448,A_MET_448,13.308700222431167
A,MET,474,A_MET_474,5.65343481971521
A,PHE,451,A_PHE_451,25.166076951917795
A,PRO,459,A_PRO_459,10.503239373190684
A,PRO,487,A_PRO_487,15.746446188849916
A,SER,152,A_SER_152,4.855051484775622
A,SER,428,A_SER_428,16.336243883127437
A,SER,434,A_SER_434,15.43481344055512
A,SER,518,A_SER_518,2.927620831510798
A,THR,521,A_THR_521,3.1174907118318025
A,TYR,137,A_TYR_137,3.3266546382234443
A,TYR,420,A_TYR_420,10.460728760767402
A,VAL,143,A_VAL_143,16.601673108549818
A,VAL,419,A_VAL_419,10.636264728040622
A,VAL,433,A_VAL_433,16.387258179212637
A,VAL,457,A_VAL_457,2.518271424705847
A,VAL,482,A_VAL_482,4.752340678591429
