chain,resname,resnum,res_key,density
A,ALA,169,A_ALA_169,12.153240972753752
A,ALA,186,A_ALA_186,5.671088611755479
A,ALA,189,A_ALA_189,13.384471697056536
A,ALA,192,A_ALA_192,10.182531902249554
A,ALA,197,A_ALA_197,1.9782881580306062
A,ALA,405,A_ALA_405,12.683698327731056
A,ARG,202,A_ARG_202,2.827244803293316
A,ARG,400,A_ARG_400,13.055179617937494
A,ARG,410,A_ARG_410,26.78476061337735
A,ARG,414,A_ARG_414,23.24866241128164
A,ASN,411,A_ASN_411,21.525576930666062
A,ASP,73,A_ASP_73,5.836058814712952
A,ASP,99,A_ASP_99,21.08565775387936
A,ASP,100,A_ASP_100,19.294919085378485
A,ASP,104,A_ASP_104,21.62126616316836
A,ASP,203,A_ASP_203,13.593647444749571
A,ASP,205,A_ASP_205,10.028950125352035
A,ASP,404,A_ASP_404,22.046089650098622
A,ASP,415,A_ASP_415,6.0672833735438925
A,CYS,407,A_CYS_407,18.079059491141162
A,GLN,98,A_GLN_98,22.473383667453557
A,GLN,516,A_GLN_516,2.5230510383007383
A,GLU,101,A_GLU_101,19.605389917858183
A,GLU,207,A_GLU_207,2.8430021576790785
A,GLU,508,A_GLU_508,3.935474188642548
A,GLY,103,A_GLY_103,10.834724844853014
A,GLY,105,A_GLY_105,7.087713619462389
A,GLY,512,A_GLY_512,10.626736787535807
A,HIS,403,A_HIS_403,24.867911087824364
A,ILE,102,A_ILE_102,17.707806524744058
A,ILE,209,A_ILE_209,13.396313537022914
A,ILE,385,A_ILE_385,1.718870546244726
A,ILE,409,A_ILE_409,18.12401658781555
A,ILE,413,A_ILE_413,18.15347328831865
A,ILE,511,A_ILE_511,18.688777563615133
A,LEU,165,A_LEU_165,11.033167846417122
A,LEU,173,A_LEU_173,11.667914636295304
A,LEU,194,A_LEU_194,2.7701546597579783
A,LEU,402,A_LEU_402,16.572632290062494
A,LEU,406,A_LEU_406,18.657769332097622
A,LEU,412,A_LEU_412,18.17099510940522
A,LYS,96,A_LYS_96,3.567377691149716
A,LYS,170,A_LYS_170,3.0111037421934572
A,LYS,176,A_LYS_176,7.108277579430371
A,LYS,399,A_LYS_399,5.537855711080184
A,MET,185,A_MET_185,3.48894198196
A,PHE,206,A_PHE_206,25.25163607921193
A,SER,97,A_SER_97,3.24086937862474
A,SER,401,A_SER_401,12.095662680719155
A,THR,106,A_THR_106,9.012430266438889
A,THR,168,A_THR_168,14.58943971553213
A,THR,172,A_THR_172,16.577207896150973
A,THR,509,A_THR_509,18.25354429280788
A,VAL,190,A_VAL_190,14.961255465909083
A,VAL,193,A_VAL_193,17.072880375946966
A,VAL,204,A_VAL_204,16.405088749150742
A,VAL,211,A_VAL_211,1.951027547289245
A,VAL,408,A_VAL_408,16.383458722517954
