chain,resname,resnum,res_key,density
A,ARG,118,A_ARG_118,22.132662692384926
A,ARG,134,A_ARG_134,19.393075263603265
A,ASN,109,A_ASN_109,20.730263292096073
A,ASN,205,A_ASN_205,5.3778830189070845
A,ASP,108,A_ASP_108,22.187608035463825
A,ASP,113,A_ASP_113,12.561678465579691
A,ASP,135,A_ASP_135,22.045835646498205
A,CYS,110,A_CYS_110,18.56692802292841
A,CYS,131,A_CYS_131,18.649673541496867
A,CYS,133,A_CYS_133,18.441689772420446
A,CYS,140,A_CYS_140,8.303114560117946
A,GLN,137,A_GLN_137,22.314604928853623
A,GLU,106,A_GLU_106,7.959511447839253
A,GLU,121,A_GLU_121,23.044171992984694
A,GLY,107,A_GLY_107,11.25763181352279
A,GLY,114,A_GLY_114,10.122116070341654
A,GLY,120,A_GLY_120,10.374611091968603
A,GLY,136,A_GLY_136,10.079236961188222
A,GLY,139,A_GLY_139,10.68528011346103
A,ILE,116,A_ILE_116,17.995043154396004
A,ILE,138,A_ILE_138,18.853625145787607
A,LYS,122,A_LYS_122,15.045345224880641
A,PHE,112,A_PHE_112,25.420997562007347
A,PHE,123,A_PHE_123,25.971766746336442
A,SER,119,A_SER_119,15.557736190874408
A,THR,132,A_THR_132,17.44736440153224
A,TYR,117,A_TYR_117,28.156421084278307
A,VAL,111,A_VAL_111,16.853259094426893
A,VAL,115,A_VAL_115,16.101352693489755
A,VAL,204,A_VAL_204,4.944517623690995
