chain,resname,resnum,res_key,density
A,ALA,68,A_ALA_68,13.461402719770316
A,ALA,93,A_ALA_93,12.36142671162589
A,ALA,104,A_ALA_104,2.8605798635351563
A,ARG,69,A_ARG_69,26.155992540141103
A,ARG,71,A_ARG_71,14.590370886945852
A,ARG,91,A_ARG_91,26.810110060233093
A,ASN,97,A_ASN_97,20.682544280270335
A,ASP,59,A_ASP_59,9.870500015165732
A,ASP,77,A_ASP_77,20.861678775195863
A,ASP,82,A_ASP_82,13.185199664933355
A,ASP,90,A_ASP_90,21.02744001767917
A,ASP,94,A_ASP_94,21.29870022884302
A,CYS,67,A_CYS_67,10.832266103720626
A,CYS,75,A_CYS_75,17.93609517000877
A,CYS,81,A_CYS_81,17.673754112079664
A,CYS,89,A_CYS_89,17.835913078085255
A,CYS,102,A_CYS_102,17.752611638181953
A,GLN,70,A_GLN_70,18.440347016014698
A,GLN,98,A_GLN_98,19.781057191125864
A,GLU,73,A_GLU_73,24.21740038285609
A,GLU,79,A_GLU_79,23.62624300504816
A,GLU,83,A_GLU_83,12.360624742691371
A,GLY,60,A_GLY_60,6.736110158163776
A,GLY,72,A_GLY_72,9.7994671687296
A,GLY,100,A_GLY_100,10.15584404703681
A,ILE,101,A_ILE_101,17.71128475915053
A,LEU,58,A_LEU_58,3.026202203401179
A,LEU,78,A_LEU_78,17.302692710643786
A,LEU,87,A_LEU_87,18.764843536662294
A,PRO,80,A_PRO_80,15.924817612809404
A,SER,74,A_SER_74,15.874109403305741
A,SER,76,A_SER_76,16.20293908414385
A,SER,92,A_SER_92,12.255644367148935
A,SER,96,A_SER_96,6.007064549758574
A,THR,99,A_THR_99,18.3403806511976
A,THR,103,A_THR_103,17.670462861678427
A,TYR,88,A_TYR_88,28.204967328205274
A,VAL,57,A_VAL_57,2.0089648749881057
A,VAL,66,A_VAL_66,5.631022252284184
