chain,resname,resnum,res_key,density
A,ALA,157,A_ALA_157,12.313032050497476
A,ARG,159,A_ARG_159,25.423728281658963
A,ASN,154,A_ASN_154,21.266187835293735
A,ASP,176,A_ASP_176,21.207052069466638
A,CYS,155,A_CYS_155,18.36792150193123
A,CYS,173,A_CYS_173,17.583389735827687
A,GLU,152,A_GLU_152,23.153122009908135
A,GLU,177,A_GLU_177,11.812757698651506
A,GLY,174,A_GLY_174,10.328147123612428
A,ILE,172,A_ILE_172,18.12468556206319
A,LEU,149,A_LEU_149,17.8848067719262
A,LEU,150,A_LEU_150,10.531348243611841
A,LYS,160,A_LYS_160,14.471784357619342
A,LYS,170,A_LYS_170,16.383635274720135
A,PRO,151,A_PRO_151,15.594048326170956
A,PRO,153,A_PRO_153,13.947787351784413
A,PRO,156,A_PRO_156,16.328622664555283
A,PRO,158,A_PRO_158,16.417373678304223
A,PRO,175,A_PRO_175,17.309404526262455
A,TRP,171,A_TRP_171,31.397322968418223
A,VAL,161,A_VAL_161,16.547493242873617
A,VAL,163,A_VAL_163,1.7670195929003156
