chain,resname,resnum,res_key,density
A,ALA,51,A_ALA_51,12.712154375637589
A,ALA,56,A_ALA_56,11.736639889338523
A,ALA,68,A_ALA_68,13.461402719770316
A,ARG,55,A_ARG_55,26.39379137261778
A,ARG,69,A_ARG_69,23.821664849313123
A,ASP,82,A_ASP_82,13.056899376526733
A,CYS,50,A_CYS_50,17.914847527465263
A,CYS,67,A_CYS_67,17.964784043382608
A,GLN,70,A_GLN_70,15.886000804059751
A,GLU,73,A_GLU_73,9.109332465465757
A,GLY,53,A_GLY_53,10.831903573767459
A,LEU,65,A_LEU_65,18.909139812898363
A,PRO,47,A_PRO_47,16.085939560687937
A,PRO,48,A_PRO_48,16.00609020932553
A,PRO,52,A_PRO_52,16.320615042477172
A,PRO,80,A_PRO_80,2.8982695126257987
A,THR,46,A_THR_46,11.134524437545325
A,THR,49,A_THR_49,17.111021660477927
A,VAL,54,A_VAL_54,15.877672870936944
A,VAL,57,A_VAL_57,16.3632857629765
A,VAL,66,A_VAL_66,16.485765378607116
