chain,resname,resnum,res_key,density
A,ALA,41,A_ALA_41,11.793404959973625
A,ARG,43,A_ARG_43,26.82611197151809
A,ASN,33,A_ASN_33,20.877162937590732
A,ASN,38,A_ASN_38,2.7474314002544657
A,ASN,45,A_ASN_45,21.549500877372864
A,ASP,63,A_ASP_63,21.973800768986848
A,ASP,64,A_ASP_64,17.743005940867015
A,CYS,30,A_CYS_30,18.2144057128422
A,CYS,36,A_CYS_36,17.22287786574642
A,CYS,42,A_CYS_42,18.232973272294203
A,CYS,44,A_CYS_44,17.659919857263723
A,CYS,62,A_CYS_62,16.854584716883615
A,GLN,32,A_GLN_32,14.980403103773188
A,GLU,53,A_GLU_53,22.71902782253116
A,GLU,60,A_GLU_60,23.285025531720283
A,GLU,67,A_GLU_67,3.034292159265653
A,GLY,47,A_GLY_47,10.28784884141525
A,GLY,87,A_GLY_87,9.883092496336495
A,ILE,54,A_ILE_54,17.58304622583851
A,ILE,55,A_ILE_55,18.339451387095977
A,ILE,65,A_ILE_65,14.91936090571637
A,PHE,48,A_PHE_48,25.082551883495963
A,PHE,51,A_PHE_51,12.6100083928861
A,PRO,31,A_PRO_31,16.7623289173663
A,PRO,46,A_PRO_46,16.151513954634
A,SER,34,A_SER_34,15.330912004527026
A,SER,35,A_SER_35,16.024233379614962
A,SER,49,A_SER_49,16.458896739956153
A,SER,50,A_SER_50,15.775473559957208
A,SER,52,A_SER_52,16.336424401478258
A,THR,56,A_THR_56,4.992810800969222
A,THR,57,A_THR_57,3.435920392133661
A,THR,61,A_THR_61,17.2809485783068
A,TRP,29,A_TRP_29,11.5261124987023
A,VAL,37,A_VAL_37,12.84061428474961
