chain,resname,resnum,res_key,density
A,ARG,236,A_ARG_236,16.045283158570758
A,ARG,238,A_ARG_238,20.329960355027836
A,ASN,228,A_ASN_228,9.53134593441505
A,ASN,249,A_ASN_249,7.986284150559146
A,ASN,250,A_ASN_250,16.145295572458735
A,ASP,211,A_ASP_211,5.603320527791295
A,ASP,221,A_ASP_221,22.096685218376138
A,ASP,253,A_ASP_253,20.75240818365772
A,CYS,213,A_CYS_213,17.78722358114106
A,CYS,220,A_CYS_220,17.85510626868719
A,CYS,226,A_CYS_226,17.131672240122544
A,CYS,235,A_CYS_235,17.659596156965712
A,CYS,237,A_CYS_237,17.880118972553337
A,CYS,256,A_CYS_256,17.75435316274356
A,GLN,217,A_GLN_217,13.843216121198488
A,GLN,219,A_GLN_219,22.483710027429616
A,GLN,251,A_GLN_251,14.214677613046119
A,GLU,212,A_GLU_212,23.978582973272307
A,GLY,216,A_GLY_216,10.410545034543423
A,HIS,218,A_HIS_218,23.834000937670115
A,ILE,247,A_ILE_247,1.9496819276080513
A,LYS,252,A_LYS_252,20.437421122802093
A,PHE,227,A_PHE_227,23.075512453596506
A,PRO,248,A_PRO_248,3.098236899872385
A,SER,214,A_SER_214,2.727953901208153
A,SER,215,A_SER_215,9.178894165210709
A,SER,222,A_SER_222,16.023208534612777
A,SER,223,A_SER_223,15.633928702358194
A,SER,232,A_SER_232,10.98000378557944
A,SER,234,A_SER_234,15.338896139318418
A,THR,224,A_THR_224,17.36503528199685
A,THR,254,A_THR_254,17.766929927359826
A,TYR,233,A_TYR_233,27.80429615626253
A,VAL,225,A_VAL_225,15.948120597840278
A,VAL,255,A_VAL_255,16.19197137017105
