chain,resname,resnum,res_key,density
A,ALA,103,A_ALA_103,12.103164559723062
A,ASN,108,A_ASN_108,8.491636539719188
A,ASN,112,A_ASN_112,21.568535744398897
A,ASP,81,A_ASP_81,22.47476530077144
A,ASP,90,A_ASP_90,18.563485516938123
A,ASP,116,A_ASP_116,17.58002558979834
A,CYS,76,A_CYS_76,18.111689760362033
A,CYS,82,A_CYS_82,17.404322600376915
A,CYS,91,A_CYS_91,17.71636612940864
A,CYS,93,A_CYS_93,17.84119080623924
A,CYS,114,A_CYS_114,18.18994529281436
A,GLN,115,A_GLN_115,17.207473456657926
A,GLU,98,A_GLU_98,21.8660232789495
A,GLU,109,A_GLU_109,7.834336564197672
A,GLU,111,A_GLU_111,9.446625877036942
A,GLY,77,A_GLY_77,10.471728131176278
A,GLY,96,A_GLY_96,9.90205369301585
A,GLY,102,A_GLY_102,10.274025541181683
A,GLY,138,A_GLY_138,10.3210224877418
A,LYS,78,A_LYS_78,14.62955726515963
A,LYS,104,A_LYS_104,20.95891414461577
A,LYS,107,A_LYS_107,7.1853987094930245
A,PHE,79,A_PHE_79,25.83337664989924
A,PHE,106,A_PHE_106,25.187682472322965
A,PRO,95,A_PRO_95,15.458685905597351
A,PRO,99,A_PRO_99,15.829613416775233
A,SER,75,A_SER_75,2.7852765823879246
A,SER,80,A_SER_80,15.544699925523076
A,SER,94,A_SER_94,16.379221768302095
A,SER,101,A_SER_101,12.384956560735487
A,THR,105,A_THR_105,17.393536137090905
A,THR,113,A_THR_113,17.400782113511834
A,TRP,83,A_TRP_83,32.24411688530154
A,TYR,97,A_TYR_97,27.763940413054467
A,VAL,92,A_VAL_92,16.865675568004974
A,VAL,100,A_VAL_100,14.701922037723426
A,VAL,117,A_VAL_117,13.008437461257882
