chain,resname,resnum,res_key,density
A,ARG,236,A_ARG_236,9.744920215754743
A,ARG,238,A_ARG_238,5.15411593202178
A,ASN,228,A_ASN_228,20.26005179176345
A,ASP,209,A_ASP_209,18.735276051248377
A,ASP,211,A_ASP_211,21.12594454820337
A,ASP,221,A_ASP_221,5.80754486759049
A,CYS,213,A_CYS_213,17.78722358114106
A,CYS,220,A_CYS_220,17.85510626868719
A,CYS,226,A_CYS_226,17.131672240122544
A,CYS,235,A_CYS_235,17.659596156965712
A,GLN,217,A_GLN_217,22.59125440596273
A,GLN,219,A_GLN_219,14.912936807085195
A,GLU,212,A_GLU_212,23.978582973272307
A,GLY,191,A_GLY_191,7.980843043013582
A,GLY,216,A_GLY_216,10.410545034543423
A,GLY,231,A_GLY_231,10.4311107880188
A,HIS,218,A_HIS_218,23.834000937670115
A,LYS,252,A_LYS_252,11.82452463194458
A,PHE,227,A_PHE_227,24.956494338697986
A,SER,214,A_SER_214,15.032446299365533
A,SER,215,A_SER_215,15.863257591333813
A,SER,232,A_SER_232,15.599414029437378
A,SER,234,A_SER_234,15.338896139318418
A,THR,224,A_THR_224,12.66089600510163
A,THR,229,A_THR_229,17.920841635867014
A,TYR,233,A_TYR_233,27.80429615626253
A,VAL,210,A_VAL_210,15.706721990613667
A,VAL,225,A_VAL_225,15.948120597840278
A,VAL,230,A_VAL_230,4.5665086787711715
