chain,resname,resnum,res_key,density
A,ALA,780,A_ALA_780,12.524959618096577
A,ARG,794,A_ARG_794,26.969043266980563
A,ARG,798,A_ARG_798,2.9504117671331844
A,ASN,790,A_ASN_790,21.44878259973862
A,CYS,561,A_CYS_561,18.25382774458351
A,CYS,565,A_CYS_565,18.78915980966186
A,CYS,587,A_CYS_587,7.238777337146141
A,CYS,787,A_CYS_787,18.121615704383515
A,GLN,576,A_GLN_576,2.668617156229124
A,GLN,745,A_GLN_745,9.922931448216886
A,GLN,778,A_GLN_778,3.103558346407409
A,GLU,795,A_GLU_795,15.154130281701457
A,GLU,796,A_GLU_796,14.62075727302012
A,GLY,779,A_GLY_779,7.797024087276684
A,HIS,583,A_HIS_583,21.151536205269785
A,HIS,786,A_HIS_786,24.462480758843455
A,ILE,566,A_ILE_566,14.952234633664885
A,ILE,575,A_ILE_575,18.50905271735396
A,LEU,562,A_LEU_562,16.950051961943878
A,LEU,563,A_LEU_563,10.215164568288259
A,LEU,564,A_LEU_564,19.216430869749043
A,LEU,567,A_LEU_567,14.378358555825013
A,LEU,570,A_LEU_570,4.767174506570605
A,LEU,571,A_LEU_571,9.41502434482856
A,LEU,584,A_LEU_584,4.686301238129994
A,LEU,782,A_LEU_782,18.421807468782095
A,LEU,784,A_LEU_784,19.184303642620478
A,LEU,785,A_LEU_785,18.46446993231373
A,LEU,788,A_LEU_788,17.67432403947898
A,LEU,789,A_LEU_789,18.08535270703084
A,LYS,791,A_LYS_791,14.560905769647835
A,LYS,792,A_LYS_792,16.68143143153491
A,PHE,560,A_PHE_560,5.8217634573593315
A,PHE,569,A_PHE_569,25.61221505786741
A,PHE,781,A_PHE_781,25.911057211924476
A,PRO,574,A_PRO_574,2.2853742873751783
A,THR,568,A_THR_568,17.443228229752243
A,THR,580,A_THR_580,17.86024438581057
A,THR,741,A_THR_741,7.339907217699794
A,TRP,800,A_TRP_800,13.202477504503824
A,TYR,783,A_TYR_783,28.585737903545418
A,TYR,797,A_TYR_797,28.710162576960684
A,VAL,572,A_VAL_572,17.159734515810193
A,VAL,793,A_VAL_793,16.8503160405133
