chain,resname,resnum,res_key,density
A,ALA,103,A_ALA_103,12.103164559723062
A,ASN,108,A_ASN_108,10.656274093326056
A,ASN,112,A_ASN_112,21.568535744398897
A,ASP,81,A_ASP_81,22.47476530077144
A,ASP,116,A_ASP_116,20.520690856316666
A,ASP,118,A_ASP_118,2.756885724267764
A,CYS,76,A_CYS_76,18.111689760362033
A,CYS,82,A_CYS_82,2.3637164608020984
A,CYS,91,A_CYS_91,17.71636612940864
A,CYS,93,A_CYS_93,17.84119080623924
A,CYS,114,A_CYS_114,18.18994529281436
A,GLN,115,A_GLN_115,22.96868385677714
A,GLU,98,A_GLU_98,21.8660232789495
A,GLU,109,A_GLU_109,19.994949691151184
A,GLU,111,A_GLU_111,17.47230342843384
A,GLY,77,A_GLY_77,10.471728131176278
A,GLY,96,A_GLY_96,9.90205369301585
A,GLY,102,A_GLY_102,10.274025541181683
A,GLY,138,A_GLY_138,10.3210224877418
A,LEU,137,A_LEU_137,15.898866287373993
A,LYS,78,A_LYS_78,20.85251249895806
A,LYS,104,A_LYS_104,14.589503837351073
A,LYS,107,A_LYS_107,2.712511566877487
A,PHE,79,A_PHE_79,25.83337664989924
A,PHE,106,A_PHE_106,25.187682472322965
A,PRO,95,A_PRO_95,15.458685905597351
A,PRO,99,A_PRO_99,15.829613416775233
A,SER,75,A_SER_75,6.0066300240530826
A,SER,80,A_SER_80,15.544699925523076
A,SER,94,A_SER_94,16.379221768302095
A,SER,101,A_SER_101,15.318433356267365
A,SER,110,A_SER_110,10.40904281333824
A,THR,105,A_THR_105,12.468605520276581
A,THR,113,A_THR_113,17.400782113511834
A,TYR,97,A_TYR_97,27.763940413054467
A,VAL,92,A_VAL_92,16.865675568004974
A,VAL,100,A_VAL_100,16.780649199732586
A,VAL,117,A_VAL_117,16.352556424769276
