chain,resname,resnum,res_key,density
A,ALA,556,A_ALA_556,12.894165136833582
A,ALA,780,A_ALA_780,12.524959618096577
A,ARG,552,A_ARG_552,14.920071100528013
A,ASN,775,A_ASN_775,21.79346881654542
A,CYS,561,A_CYS_561,18.25382774458351
A,CYS,776,A_CYS_776,17.92481731871418
A,GLN,778,A_GLN_778,21.983545309737842
A,GLY,554,A_GLY_554,10.541775499777238
A,GLY,593,A_GLY_593,5.754251126202048
A,GLY,779,A_GLY_779,10.84207718772432
A,ILE,550,A_ILE_550,18.139761133915233
A,ILE,773,A_ILE_773,18.81941529142658
A,LEU,547,A_LEU_547,11.842678919902117
A,LEU,549,A_LEU_549,10.659047820410136
A,LEU,555,A_LEU_555,18.344529905186747
A,LEU,557,A_LEU_557,18.47970257054137
A,LEU,559,A_LEU_559,18.930613240210285
A,LEU,562,A_LEU_562,13.259753641600973
A,LEU,590,A_LEU_590,15.217155503261914
A,LEU,598,A_LEU_598,12.111212475018316
A,LEU,748,A_LEU_748,15.907983308347593
A,LEU,749,A_LEU_749,10.5437556745492
A,LEU,767,A_LEU_767,3.2277568643498786
A,LEU,774,A_LEU_774,18.272887866123234
A,LEU,777,A_LEU_777,19.00912894048128
A,LEU,782,A_LEU_782,10.5560276010763
A,LYS,546,A_LYS_546,3.0524757587677582
A,PHE,560,A_PHE_560,9.441016352444027
A,PHE,591,A_PHE_591,8.413700397645174
A,PHE,597,A_PHE_597,18.499675115370117
A,PHE,623,A_PHE_623,6.662199004831683
A,PHE,771,A_PHE_771,26.262234679291165
A,PHE,781,A_PHE_781,19.68068710730489
A,SER,558,A_SER_558,16.543689886310652
A,SER,594,A_SER_594,15.571936734598713
A,THR,548,A_THR_548,8.227246121947072
A,THR,551,A_THR_551,17.633376701206558
A,THR,595,A_THR_595,2.963566242218263
A,THR,752,A_THR_752,14.859585808546305
A,THR,768,A_THR_768,6.447182653072008
A,THR,772,A_THR_772,18.148401975304658
A,TRP,753,A_TRP_753,19.97972517990038
A,TYR,769,A_TYR_769,16.570124616882307
A,TYR,783,A_TYR_783,4.494392646833117
A,VAL,553,A_VAL_553,16.873449276614267
A,VAL,770,A_VAL_770,14.56463133300746
