chain,resname,resnum,res_key,density
A,ALA,708,A_ALA_708,13.137043292265759
A,ALA,742,A_ALA_742,5.987376802527943
A,ALA,744,A_ALA_744,12.34058629657611
A,ASN,707,A_ASN_707,20.235346786561628
A,ASN,775,A_ASN_775,15.580019893782062
A,CYS,706,A_CYS_706,2.75869506341427
A,CYS,751,A_CYS_751,17.56117888322771
A,GLN,745,A_GLN_745,14.844218044145453
A,GLN,778,A_GLN_778,11.495379540677728
A,GLY,750,A_GLY_750,10.605154713667737
A,GLY,756,A_GLY_756,10.393045124760842
A,ILE,703,A_ILE_703,15.171870307496897
A,ILE,704,A_ILE_704,19.29670458831309
A,ILE,743,A_ILE_743,14.730293979780882
A,LEU,705,A_LEU_705,17.27938299548248
A,LEU,746,A_LEU_746,18.170085393176613
A,LEU,748,A_LEU_748,18.55043658864771
A,LEU,749,A_LEU_749,18.281216301585175
A,LEU,757,A_LEU_757,15.154553946110111
A,LEU,767,A_LEU_767,5.291449881906194
A,LEU,774,A_LEU_774,18.272887866123234
A,MET,630,A_MET_630,10.576729715373181
A,PHE,627,A_PHE_627,16.813156942665696
A,PHE,711,A_PHE_711,14.629245260531272
A,PHE,747,A_PHE_747,25.417808595803415
A,PHE,755,A_PHE_755,24.61892383983791
A,PHE,758,A_PHE_758,13.561042214029909
A,PHE,771,A_PHE_771,26.262234679291165
A,PHE,781,A_PHE_781,4.166390639581074
A,THR,701,A_THR_701,19.216247148832725
A,THR,752,A_THR_752,17.743236038344286
A,TRP,753,A_TRP_753,32.11433332545227
A,VAL,700,A_VAL_700,14.16831175674824
A,VAL,754,A_VAL_754,15.920584373704234
A,VAL,770,A_VAL_770,12.019005829385948
