chain,resname,resnum,res_key,density
A,ARG,236,A_ARG_236,26.163789834537102
A,ARG,238,A_ARG_238,26.56615277009048
A,ARG,244,A_ARG_244,2.6321153626226397
A,ASN,228,A_ASN_228,17.909890369852018
A,ASN,249,A_ASN_249,20.27181826895099
A,ASN,250,A_ASN_250,21.77236977073747
A,ASP,211,A_ASP_211,2.9556734060002707
A,ASP,221,A_ASP_221,22.096685218376138
A,ASP,253,A_ASP_253,20.75240818365772
A,CYS,213,A_CYS_213,17.78722358114106
A,CYS,220,A_CYS_220,17.85510626868719
A,CYS,226,A_CYS_226,17.131672240122544
A,CYS,235,A_CYS_235,17.659596156965712
A,CYS,237,A_CYS_237,17.880118972553337
A,CYS,256,A_CYS_256,17.75435316274356
A,GLN,217,A_GLN_217,5.865948658599098
A,GLN,219,A_GLN_219,20.0458665586699
A,GLN,251,A_GLN_251,22.302487852636524
A,GLU,212,A_GLU_212,23.978582973272307
A,HIS,218,A_HIS_218,23.834000937670115
A,ILE,247,A_ILE_247,14.966318744157086
A,LYS,242,A_LYS_242,6.062754103261679
A,LYS,252,A_LYS_252,20.437421122802093
A,PHE,227,A_PHE_227,24.956494338697986
A,PRO,239,A_PRO_239,4.542471215770134
A,PRO,243,A_PRO_243,12.856265405825384
A,PRO,248,A_PRO_248,16.204922767482923
A,SER,222,A_SER_222,16.023208534612777
A,SER,223,A_SER_223,15.633928702358194
A,SER,232,A_SER_232,15.599414029437378
A,SER,234,A_SER_234,15.338896139318418
A,THR,224,A_THR_224,17.36503528199685
A,THR,229,A_THR_229,17.920841635867014
A,THR,254,A_THR_254,17.766929927359826
A,TRP,241,A_TRP_241,7.301855286162331
A,TYR,233,A_TYR_233,27.80429615626253
A,VAL,225,A_VAL_225,15.948120597840278
A,VAL,255,A_VAL_255,16.19197137017105
