chain,resname,resnum,res_key,density
A,ALA,616,A_ALA_616,11.333856833674993
A,ALA,625,A_ALA_625,12.495013731613238
A,ALA,626,A_ALA_626,12.538745581613421
A,ASN,775,A_ASN_775,3.3359389567274143
A,CYS,587,A_CYS_587,12.971281292679842
A,CYS,589,A_CYS_589,17.798016948370474
A,CYS,622,A_CYS_622,18.90443622005882
A,CYS,628,A_CYS_628,17.960275170154507
A,CYS,684,A_CYS_684,3.386343264295165
A,GLN,778,A_GLN_778,3.107333182213886
A,GLY,593,A_GLY_593,10.597957746521187
A,GLY,617,A_GLY_617,11.03730767449703
A,GLY,659,A_GLY_659,10.51493885057468
A,GLY,661,A_GLY_661,7.710695894305204
A,HIS,585,A_HIS_585,17.597207532257368
A,HIS,620,A_HIS_620,24.219849509107988
A,ILE,588,A_ILE_588,19.198876860026747
A,ILE,596,A_ILE_596,18.90911758911928
A,ILE,658,A_ILE_658,3.4411954112577186
A,ILE,666,A_ILE_666,8.57111825233451
A,ILE,703,A_ILE_703,1.6721894859829451
A,LEU,559,A_LEU_559,2.052190861027918
A,LEU,562,A_LEU_562,1.9383897973597048
A,LEU,584,A_LEU_584,3.113266268550772
A,LEU,586,A_LEU_586,18.626302865986514
A,LEU,590,A_LEU_590,17.9457338490389
A,LEU,598,A_LEU_598,2.358315652669816
A,LEU,614,A_LEU_614,5.762382668531341
A,LEU,618,A_LEU_618,18.886472070035083
A,LEU,619,A_LEU_619,18.216349710193747
A,LEU,624,A_LEU_624,18.71874475658997
A,LEU,664,A_LEU_664,17.960447335397603
A,LEU,665,A_LEU_665,2.691585799500911
A,LEU,686,A_LEU_686,5.815856786205387
A,LEU,749,A_LEU_749,5.643554161548006
A,MET,630,A_MET_630,4.813093486871656
A,PHE,591,A_PHE_591,22.12542955770161
A,PHE,597,A_PHE_597,18.81415167877734
A,PHE,623,A_PHE_623,26.294067812468064
A,PHE,627,A_PHE_627,24.564993318444557
A,PHE,696,A_PHE_696,22.366471446345567
A,PRO,663,A_PRO_663,15.807150874825027
A,SER,594,A_SER_594,15.571936734598713
A,THR,595,A_THR_595,18.114134545513902
A,TRP,629,A_TRP_629,24.11120575007825
A,TRP,685,A_TRP_685,17.45557174288633
A,TRP,753,A_TRP_753,15.025635260763757
A,TYR,621,A_TYR_621,29.454659066939833
A,TYR,660,A_TYR_660,26.92503350247252
A,TYR,678,A_TYR_678,9.504835812359918
A,VAL,592,A_VAL_592,16.746376761076903
A,VAL,615,A_VAL_615,15.97054677885661
A,VAL,662,A_VAL_662,10.962572116166436
A,VAL,667,A_VAL_667,13.073484087692986
A,VAL,700,A_VAL_700,4.029022557770874
