chain,resname,resnum,res_key,density
A,ALA,625,A_ALA_625,12.495013731613238
A,ALA,626,A_ALA_626,2.6352675303848683
A,ARG,653,A_ARG_653,26.647074706714015
A,CYS,589,A_CYS_589,7.263912753897584
A,CYS,628,A_CYS_628,17.960275170154507
A,CYS,656,A_CYS_656,17.545578698148994
A,GLU,633,A_GLU_633,2.852446944800851
A,GLU,636,A_GLU_636,7.721579552997017
A,GLY,659,A_GLY_659,10.51493885057468
A,GLY,661,A_GLY_661,10.980610015304512
A,HIS,583,A_HIS_583,2.954542091746564
A,HIS,585,A_HIS_585,24.735960340700398
A,ILE,582,A_ILE_582,19.380328161247768
A,ILE,588,A_ILE_588,6.058016002876871
A,ILE,658,A_ILE_658,18.052515496536447
A,LEU,584,A_LEU_584,16.18067872975918
A,LEU,586,A_LEU_586,6.675663718139813
A,LEU,624,A_LEU_624,3.2650897460918116
A,LEU,632,A_LEU_632,18.6213506270892
A,LEU,650,A_LEU_650,17.765488763739494
A,LEU,655,A_LEU_655,18.47539621387631
A,LEU,657,A_LEU_657,18.934402029280047
A,LEU,664,A_LEU_664,10.403375324015396
A,MET,630,A_MET_630,2.675715111420173
A,PRO,663,A_PRO_663,12.30588312340728
A,SER,578,A_SER_578,13.558148692913534
A,SER,651,A_SER_651,15.942749155939383
A,THR,580,A_THR_580,6.112385712709011
A,THR,581,A_THR_581,17.8618732487147
A,THR,652,A_THR_652,17.06861857708283
A,TRP,629,A_TRP_629,31.183444724246947
A,TRP,654,A_TRP_654,32.27578993108694
A,TYR,621,A_TYR_621,11.96282716553415
A,TYR,660,A_TYR_660,26.92503350247252
A,VAL,662,A_VAL_662,16.439773321974144
