chain,resname,resnum,res_key,density
A,ARG,125,A_ARG_125,26.511723269769035
A,ASN,123,A_ASN_123,20.495877869852965
A,ASN,135,A_ASN_135,6.53690052503108
A,ASP,118,A_ASP_118,3.0448515255128417
A,ASP,154,A_ASP_154,18.654305783836726
A,CYS,120,A_CYS_120,17.393598109508492
A,CYS,127,A_CYS_127,17.334603156951488
A,CYS,133,A_CYS_133,17.76571125177273
A,CYS,142,A_CYS_142,18.04400696823134
A,CYS,144,A_CYS_144,17.336170526481187
A,CYS,158,A_CYS_158,17.575031329234243
A,GLN,121,A_GLN_121,7.56151823970296
A,GLN,122,A_GLN_122,5.271793224490456
A,GLN,143,A_GLN_143,22.773979058562066
A,GLU,119,A_GLU_119,20.165448156104294
A,GLY,131,A_GLY_131,9.9426640758685
A,LEU,126,A_LEU_126,18.349652058345153
A,LEU,145,A_LEU_145,12.403750044704921
A,LYS,128,A_LYS_128,21.488859652772902
A,LYS,149,A_LYS_149,3.182969665642387
A,LYS,156,A_LYS_156,20.127767223178285
A,PHE,148,A_PHE_148,6.073228320978314
A,PHE,150,A_PHE_150,20.021650932560807
A,PRO,124,A_PRO_124,15.974120959120292
A,PRO,155,A_PRO_155,15.874128539587739
A,SER,129,A_SER_129,16.275287450586482
A,SER,139,A_SER_139,2.637708665141915
A,THR,132,A_THR_132,17.334829882720335
A,THR,141,A_THR_141,17.464639752008384
A,THR,159,A_THR_159,2.768139593589752
A,TYR,130,A_TYR_130,24.86219596841552
A,TYR,140,A_TYR_140,28.17663601823233
A,VAL,134,A_VAL_134,15.946564097241339
A,VAL,157,A_VAL_157,15.597919104933318
