chain,resname,resnum,res_key,density
A,ALA,465,A_ALA_465,12.24407888336339
A,ALA,496,A_ALA_496,12.195882726450316
A,ALA,509,A_ALA_509,8.762366226705655
A,ALA,534,A_ALA_534,9.610138042188744
A,ARG,380,A_ARG_380,5.256622759907387
A,ASN,384,A_ASN_384,2.8120305035889097
A,ASN,446,A_ASN_446,2.8487891907025524
A,ASN,459,A_ASN_459,10.668146883636945
A,CYS,495,A_CYS_495,17.62203474850665
A,CYS,513,A_CYS_513,17.242116212094086
A,CYS,525,A_CYS_525,17.529021416403154
A,CYS,527,A_CYS_527,17.37569052092307
A,GLN,514,A_GLN_514,21.69440742850836
A,GLN,526,A_GLN_526,23.481454582781208
A,GLU,457,A_GLU_457,14.513050015281188
A,GLU,511,A_GLU_511,20.543771656937306
A,GLY,512,A_GLY_512,9.944461330604879
A,HIS,529,A_HIS_529,23.83091448126799
A,ILE,448,A_ILE_448,18.659535746821625
A,ILE,462,A_ILE_462,17.811565722086755
A,ILE,535,A_ILE_535,3.991451206356502
A,LEU,383,A_LEU_383,13.022436291698936
A,LEU,450,A_LEU_450,1.9405128197669546
A,LEU,458,A_LEU_458,18.36803205742404
A,LEU,463,A_LEU_463,18.187366973986595
A,LEU,494,A_LEU_494,7.427028327430181
A,LEU,516,A_LEU_516,14.411981555028587
A,LEU,530,A_LEU_530,17.996908069024652
A,LYS,382,A_LYS_382,14.430092719226563
A,LYS,456,A_LYS_456,12.401945323208665
A,MET,381,A_MET_381,19.920493185926947
A,PHE,464,A_PHE_464,25.040371031331166
A,PHE,466,A_PHE_466,16.711898790196837
A,PHE,497,A_PHE_497,25.61124751983869
A,PHE,533,A_PHE_533,24.79016297841902
A,PRO,461,A_PRO_461,15.590923740077182
A,SER,460,A_SER_460,15.541316546115414
A,SER,528,A_SER_528,15.515950290497633
A,SER,531,A_SER_531,14.39878555779508
A,SER,532,A_SER_532,10.554735937079467
A,THR,455,A_THR_455,14.409625563028559
A,THR,510,A_THR_510,16.986383179803482
A,THR,523,A_THR_523,7.090950053590131
A,THR,524,A_THR_524,17.29191520206021
A,TRP,498,A_TRP_498,2.7717461821929867
A,VAL,387,A_VAL_387,6.028070095819375
A,VAL,515,A_VAL_515,16.034991927323468
