chain,resname,resnum,res_key,density
A,ALA,176,A_ALA_176,13.952354139065516
A,ALA,179,A_ALA_179,12.854603984069922
A,ALA,199,A_ALA_199,12.836351997810846
A,ALA,324,A_ALA_324,5.565517353533989
A,ALA,326,A_ALA_326,11.934822668688557
A,ALA,371,A_ALA_371,12.62136835155524
A,ARG,200,A_ARG_200,26.471231872651167
A,ARG,216,A_ARG_216,26.19030326286815
A,ARG,322,A_ARG_322,27.240715702226648
A,ARG,325,A_ARG_325,24.62075782305774
A,ASN,174,A_ASN_174,3.578810361778132
A,ASN,321,A_ASN_321,7.824520817941691
A,ASP,178,A_ASP_178,20.958298511097055
A,ASP,194,A_ASP_194,18.965045262732616
A,ASP,319,A_ASP_319,22.30415405357305
A,ASP,365,A_ASP_365,7.531751613333816
A,ASP,368,A_ASP_368,16.305988642530547
A,CYS,213,A_CYS_213,18.171916750782994
A,CYS,327,A_CYS_327,4.771124781529697
A,CYS,366,A_CYS_366,18.30779643099607
A,CYS,372,A_CYS_372,18.09775420365359
A,GLN,184,A_GLN_184,12.833477520336197
A,GLU,202,A_GLU_202,20.07821327490023
A,GLY,217,A_GLY_217,10.263680634880018
A,ILE,175,A_ILE_175,19.1093253252344
A,ILE,193,A_ILE_193,6.780477459565618
A,ILE,195,A_ILE_195,17.906942054320957
A,ILE,220,A_ILE_220,6.807782548936361
A,ILE,323,A_ILE_323,19.133437888462595
A,ILE,363,A_ILE_363,18.096987504285487
A,ILE,374,A_ILE_374,18.871857319176463
A,LEU,177,A_LEU_177,11.260296840111968
A,LEU,215,A_LEU_215,18.853607770554056
A,LEU,375,A_LEU_375,18.15054647659337
A,LEU,376,A_LEU_376,6.583626662992431
A,LEU,391,A_LEU_391,5.6006880167786335
A,LYS,181,A_LYS_181,14.018898690935462
A,LYS,196,A_LYS_196,12.368342272370413
A,LYS,197,A_LYS_197,13.807667743959161
A,LYS,367,A_LYS_367,5.784973169056878
A,LYS,370,A_LYS_370,15.961663403029327
A,MET,182,A_MET_182,21.44074250230409
A,MET,219,A_MET_219,20.462557123909804
A,MET,395,A_MET_395,12.75783642964237
A,PHE,185,A_PHE_185,7.0467483895650584
A,PHE,362,A_PHE_362,9.0179900709205
A,PRO,369,A_PRO_369,15.663077492188
A,THR,318,A_THR_318,5.365940575611007
A,THR,361,A_THR_361,2.85581900564494
A,THR,364,A_THR_364,17.5245633342556
A,THR,373,A_THR_373,17.359709228727624
A,TYR,198,A_TYR_198,28.181271260260626
A,VAL,180,A_VAL_180,16.252512726736555
A,VAL,183,A_VAL_183,15.88631009886685
A,VAL,201,A_VAL_201,16.216918867273133
A,VAL,214,A_VAL_214,15.914158642609513
A,VAL,218,A_VAL_218,16.888012972608983
