chain,resname,resnum,res_key,density
A,ALA,756,A_ALA_756,12.356567539235122
A,ALA,769,A_ALA_769,2.9475318285856598
A,ARG,490,A_ARG_490,26.85404469657954
A,ARG,773,A_ARG_773,12.235431316002614
A,ARG,802,A_ARG_802,3.499594912259201
A,CYS,779,A_CYS_779,18.160806925944534
A,GLN,483,A_GLN_483,5.668942967644564
A,GLN,768,A_GLN_768,15.918319924458228
A,GLU,489,A_GLU_489,5.437708420688475
A,GLU,754,A_GLU_754,22.83528586613649
A,GLU,760,A_GLU_760,2.67899442144381
A,GLY,774,A_GLY_774,9.380856027811017
A,GLY,807,A_GLY_807,2.947340298798974
A,HIS,751,A_HIS_751,8.894904956545997
A,HIS,755,A_HIS_755,23.818382433942038
A,ILE,495,A_ILE_495,5.471273374323976
A,ILE,781,A_ILE_781,17.791345522329117
A,ILE,782,A_ILE_782,17.931789045911987
A,ILE,808,A_ILE_808,3.7361984025027057
A,LEU,492,A_LEU_492,13.68062173124266
A,LEU,749,A_LEU_749,15.010509194391487
A,LEU,759,A_LEU_759,16.83002440473033
A,LEU,767,A_LEU_767,3.57040548894827
A,LEU,771,A_LEU_771,19.333569430627428
A,LEU,775,A_LEU_775,17.83369793862955
A,LEU,803,A_LEU_803,2.2065182302259814
A,LEU,805,A_LEU_805,3.276613244203326
A,LYS,772,A_LYS_772,20.434763725947946
A,LYS,776,A_LYS_776,20.253214357342518
A,PRO,486,A_PRO_486,5.408611846331264
A,PRO,491,A_PRO_491,15.942558909045685
A,PRO,753,A_PRO_753,15.750542601458937
A,PRO,777,A_PRO_777,15.869655061738289
A,PRO,783,A_PRO_783,4.612808797907251
A,SER,778,A_SER_778,15.55740324851607
A,SER,806,A_SER_806,15.289263052533684
A,THR,780,A_THR_780,17.882022905255443
A,TRP,493,A_TRP_493,31.363815249825173
A,TRP,750,A_TRP_750,10.655041912824593
A,VAL,752,A_VAL_752,15.946651330761627
A,VAL,757,A_VAL_757,15.89764926548676
A,VAL,758,A_VAL_758,16.576487078764977
A,VAL,770,A_VAL_770,6.082321668862147
