chain,resname,resnum,res_key,density
A,ALA,172,A_ALA_172,13.522375467100286
A,ALA,176,A_ALA_176,13.952354139065516
A,ALA,179,A_ALA_179,12.854603984069922
A,ALA,199,A_ALA_199,9.908704874839088
A,ARG,200,A_ARG_200,10.365011487594344
A,ARG,216,A_ARG_216,18.238273037581628
A,ARG,322,A_ARG_322,2.653432249505622
A,ARG,377,A_ARG_377,26.65848273867917
A,ASN,174,A_ASN_174,21.088170088361323
A,ASP,178,A_ASP_178,20.958298511097055
A,ASP,211,A_ASP_211,22.348756268501212
A,ASP,365,A_ASP_365,6.169554561857266
A,CYS,173,A_CYS_173,8.35702493486442
A,CYS,213,A_CYS_213,18.171916750782994
A,CYS,372,A_CYS_372,18.09775420365359
A,GLU,202,A_GLU_202,16.664387443625934
A,GLU,210,A_GLU_210,14.538692961460308
A,GLY,206,A_GLY_206,3.0333206495609257
A,GLY,217,A_GLY_217,10.263680634880018
A,GLY,378,A_GLY_378,4.312833840050279
A,ILE,165,A_ILE_165,1.8811401022615504
A,ILE,175,A_ILE_175,19.1093253252344
A,ILE,204,A_ILE_204,17.770689162223437
A,ILE,208,A_ILE_208,12.38133951860137
A,ILE,209,A_ILE_209,16.573177652350157
A,ILE,355,A_ILE_355,5.761381659781115
A,ILE,374,A_ILE_374,18.871857319176463
A,LEU,171,A_LEU_171,18.401878940163073
A,LEU,177,A_LEU_177,5.863089735917338
A,LEU,215,A_LEU_215,18.853607770554056
A,LEU,375,A_LEU_375,18.15054647659337
A,LEU,376,A_LEU_376,17.421852910402126
A,LEU,384,A_LEU_384,1.8002226997550272
A,LEU,391,A_LEU_391,7.649116021044175
A,LYS,203,A_LYS_203,11.431053384116007
A,LYS,353,A_LYS_353,4.0448702074951015
A,MET,182,A_MET_182,11.070150873710663
A,MET,219,A_MET_219,14.55341601633372
A,MET,395,A_MET_395,6.975041398010244
A,PHE,362,A_PHE_362,15.124079719557654
A,SER,170,A_SER_170,6.055472460468765
A,SER,212,A_SER_212,16.276708406912583
A,THR,364,A_THR_364,9.496440996263997
A,THR,373,A_THR_373,17.359709228727624
A,TRP,168,A_TRP_168,3.409938591626225
A,VAL,180,A_VAL_180,2.6249571579006106
A,VAL,201,A_VAL_201,16.216918867273133
A,VAL,214,A_VAL_214,15.914158642609513
A,VAL,218,A_VAL_218,11.029707183791457
A,VAL,387,A_VAL_387,3.7428556385807488
