chain,resname,resnum,res_key,density
A,ALA,167,A_ALA_167,3.2472855438381565
A,ALA,171,A_ALA_171,12.889843231698206
A,ALA,174,A_ALA_174,12.992288436096043
A,ALA,182,A_ALA_182,12.321883364636923
A,ALA,183,A_ALA_183,12.652928412715509
A,ARG,151,A_ARG_151,14.293693585631805
A,ASN,170,A_ASN_170,12.456924695527952
A,CYS,180,A_CYS_180,18.67450705182082
A,GLN,169,A_GLN_169,5.44839322495033
A,GLN,173,A_GLN_173,14.901919576812624
A,GLN,179,A_GLN_179,23.139763305893688
A,GLU,2,A_GLU_2,22.563851880661904
A,GLU,3,A_GLU_3,5.644477967842073
A,GLY,102,A_GLY_102,5.440435230644221
A,GLY,106,A_GLY_106,9.69058319441952
A,GLY,152,A_GLY_152,10.157044510520604
A,GLY,178,A_GLY_178,10.560347353601223
A,HIS,104,A_HIS_104,23.90080318173222
A,HIS,176,A_HIS_176,21.05887930877594
A,ILE,155,A_ILE_155,1.950901232488747
A,ILE,175,A_ILE_175,17.519714638506194
A,ILE,184,A_ILE_184,16.155266497528274
A,LEU,100,A_LEU_100,15.294668107655207
A,LEU,168,A_LEU_168,3.097770359459699
A,LEU,232,A_LEU_232,11.4405484366036
A,LEU,233,A_LEU_233,17.316370665349623
A,LEU,238,A_LEU_238,12.463595632114401
A,LYS,235,A_LYS_235,20.79204861457438
A,LYS,236,A_LYS_236,2.4132651256345055
A,MET,1,A_MET_1,7.866952324776774
A,PHE,150,A_PHE_150,21.020810963205292
A,PRO,153,A_PRO_153,15.705906378773157
A,PRO,181,A_PRO_181,16.32475033829859
A,SER,154,A_SER_154,4.473302169775636
A,SER,177,A_SER_177,15.705483186437702
A,SER,237,A_SER_237,3.0120607566801616
A,THR,103,A_THR_103,18.55352547632134
A,THR,105,A_THR_105,17.6920811626307
A,THR,234,A_THR_234,17.46767438373419
A,TRP,108,A_TRP_108,25.552706257890517
A,TYR,172,A_TYR_172,21.34969227491114
A,VAL,4,A_VAL_4,12.56871651685408
A,VAL,5,A_VAL_5,6.115560712914325
A,VAL,107,A_VAL_107,13.721216636225401
A,VAL,185,A_VAL_185,4.577184297962888
