chain,resname,resnum,res_key,density
A,ALA,2311,A_ALA_2311,3.2418739793161033
A,ALA,2314,A_ALA_2314,6.1070215766399265
A,ALA,2437,A_ALA_2437,12.154413206071144
A,ASN,2332,A_ASN_2332,3.1309095019623583
A,ASN,2442,A_ASN_2442,20.14567703791687
A,ASN,2463,A_ASN_2463,17.74997890731859
A,ASP,2461,A_ASP_2461,21.786565939159576
A,ASP,2469,A_ASP_2469,21.34655352454471
A,CYS,2318,A_CYS_2318,15.07813374369277
A,CYS,2468,A_CYS_2468,18.742010997771658
A,GLN,2322,A_GLN_2322,12.573493413323636
A,GLN,2466,A_GLN_2466,22.137684687936176
A,GLU,2316,A_GLU_2316,4.391146724063405
A,GLY,2339,A_GLY_2339,3.3911860805600993
A,GLY,2441,A_GLY_2441,10.137807180546638
A,GLY,2470,A_GLY_2470,9.43948499648439
A,HIS,2331,A_HIS_2331,4.659465395013624
A,HIS,2440,A_HIS_2440,22.940083233375308
A,LEU,2334,A_LEU_2334,17.561958092771118
A,LEU,2336,A_LEU_2336,7.8755640784513545
A,LEU,2445,A_LEU_2445,12.326871835107333
A,LEU,2464,A_LEU_2464,19.027745824913605
A,LYS,2436,A_LYS_2436,8.166180007830663
A,LYS,2438,A_LYS_2438,21.12768441367719
A,LYS,2471,A_LYS_2471,16.131285457607486
A,MET,2444,A_MET_2444,13.445320240779028
A,PHE,2315,A_PHE_2315,25.443078476592476
A,PRO,2341,A_PRO_2341,12.882058939274804
A,PRO,2435,A_PRO_2435,15.028704787409097
A,SER,2319,A_SER_2319,14.765527256599356
A,SER,2340,A_SER_2340,10.520585253349168
A,SER,2465,A_SER_2465,15.757223959818653
A,SER,2473,A_SER_2473,15.55936949120955
A,THR,2342,A_THR_2342,7.939613032125607
A,TYR,2433,A_TYR_2433,2.9143563850695235
A,TYR,2439,A_TYR_2439,28.340233544994007
A,TYR,2462,A_TYR_2462,11.968113989176196
A,VAL,2443,A_VAL_2443,16.111098593971562
A,VAL,2467,A_VAL_2467,16.408214940589787
A,VAL,2472,A_VAL_2472,16.060896272525298
A,VAL,2474,A_VAL_2474,4.56342440590422
