chain,resname,resnum,res_key,density
A,ALA,1901,A_ALA_1901,2.76431806448996
A,ALA,2062,A_ALA_2062,11.819825275287247
A,ALA,2089,A_ALA_2089,12.09223911610917
A,ARG,1104,A_ARG_1104,7.788127072546401
A,ARG,1907,A_ARG_1907,9.972841780253317
A,ARG,2087,A_ARG_2087,24.734691348956638
A,ASN,2076,A_ASN_2076,5.369584461076178
A,ASP,2065,A_ASP_2065,17.4569559234042
A,ASP,2096,A_ASP_2096,21.180760202328006
A,CYS,2091,A_CYS_2091,16.782640353251153
A,GLN,1106,A_GLN_1106,9.836206252406104
A,GLN,1109,A_GLN_1109,16.600658772723904
A,GLN,1110,A_GLN_1110,6.267223894214644
A,GLN,1906,A_GLN_1906,2.9316504655814084
A,GLN,2059,A_GLN_2059,10.63670686368145
A,GLN,2086,A_GLN_2086,21.856293389196946
A,GLU,1899,A_GLU_1899,23.264622797659978
A,GLU,2093,A_GLU_2093,22.91233322405283
A,GLY,1895,A_GLY_1895,6.236748912934527
A,GLY,1897,A_GLY_1897,4.755744886615558
A,GLY,2061,A_GLY_2061,10.995303916283365
A,GLY,2064,A_GLY_2064,10.31634616555681
A,GLY,2067,A_GLY_2067,4.350286360558597
A,ILE,1113,A_ILE_1113,10.093514048068641
A,ILE,2063,A_ILE_2063,18.010975944554893
A,LEU,996,A_LEU_996,6.876849940459249
A,LEU,1114,A_LEU_1114,12.176830439461746
A,LEU,1898,A_LEU_1898,2.1038127307578303
A,LEU,1900,A_LEU_1900,18.11331414686104
A,LEU,1971,A_LEU_1971,4.941222449934351
A,LEU,2056,A_LEU_2056,1.7401076622051928
A,LEU,2084,A_LEU_2084,5.800168273926127
A,LEU,2092,A_LEU_2092,18.042221908666637
A,LEU,2095,A_LEU_2095,18.06013173674787
A,LEU,2097,A_LEU_2097,16.815678807864487
A,LEU,2099,A_LEU_2099,10.455111514940556
A,LEU,2106,A_LEU_2106,7.0916615746896845
A,MET,2088,A_MET_2088,20.417469255856027
A,PHE,1896,A_PHE_1896,25.537939657108414
A,PHE,1969,A_PHE_1969,4.229824076363941
A,PHE,2019,A_PHE_2019,16.575121012785832
A,PHE,2098,A_PHE_2098,21.2868630123909
A,PHE,2109,A_PHE_2109,16.376451599315892
A,PRO,1112,A_PRO_1112,16.10077667184597
A,PRO,2085,A_PRO_2085,11.62234994678068
A,SER,2020,A_SER_2020,3.279143626922996
A,SER,2090,A_SER_2090,14.869058033005132
A,SER,2107,A_SER_2107,10.365076519098315
A,SER,2108,A_SER_2108,16.176687777659097
A,THR,1879,A_THR_1879,3.2211388423993497
A,TRP,1903,A_TRP_1903,28.085177992473618
A,TRP,2060,A_TRP_2060,31.865798359615706
A,VAL,1111,A_VAL_1111,9.81229080216623
A,VAL,2017,A_VAL_2017,1.899823480650963
A,VAL,2058,A_VAL_2058,15.964045845514546
A,VAL,2066,A_VAL_2066,16.734507631258168
A,VAL,2094,A_VAL_2094,16.21090311412159
A,VAL,2110,A_VAL_2110,12.79298312464038
