chain,resname,resnum,res_key,density
A,ALA,77,A_ALA_77,13.097564621255657
A,ALA,99,A_ALA_99,12.244323953958085
A,ALA,106,A_ALA_106,4.608785905564895
A,ARG,101,A_ARG_101,27.315495492184724
A,ARG,105,A_ARG_105,12.28941047329702
A,CYS,73,A_CYS_73,17.902068697917585
A,CYS,76,A_CYS_76,18.29844203919431
A,GLU,74,A_GLU_74,25.33807467890545
A,GLU,83,A_GLU_83,13.134351901114183
A,GLY,100,A_GLY_100,11.060932604246657
A,HIS,96,A_HIS_96,5.6862968783810075
A,LEU,94,A_LEU_94,3.144132241633339
A,LEU,205,A_LEU_205,5.90262682276496
A,PHE,104,A_PHE_104,2.758946529647768
A,PRO,71,A_PRO_71,9.89089201934838
A,PRO,79,A_PRO_79,16.473159248582256
A,PRO,98,A_PRO_98,15.964774907794661
A,SER,72,A_SER_72,15.348647319726165
A,SER,80,A_SER_80,13.024808411888284
A,SER,97,A_SER_97,16.37912987242729
A,SER,102,A_SER_102,16.491889904860322
A,THR,78,A_THR_78,17.106567743515765
A,TRP,87,A_TRP_87,14.62844980769336
A,VAL,75,A_VAL_75,16.385875130021454
A,VAL,84,A_VAL_84,1.9683159870046023
A,VAL,103,A_VAL_103,16.36629458226043
