chain,resname,resnum,res_key,density
A,ALA,344,A_ALA_344,12.539003101657736
A,ASN,235,A_ASN_235,10.197252583434704
A,ASN,334,A_ASN_334,19.902796529874184
A,ASN,346,A_ASN_346,20.469514314206126
A,CYS,338,A_CYS_338,18.28389473792596
A,CYS,343,A_CYS_343,17.456411327405178
A,GLN,342,A_GLN_342,23.989696841250687
A,GLN,425,A_GLN_425,11.783328656049603
A,GLU,231,A_GLU_231,22.706406644891924
A,GLY,347,A_GLY_347,9.799999308016211
A,GLY,426,A_GLY_426,10.806961620602157
A,HIS,251,A_HIS_251,15.788948034882472
A,HIS,428,A_HIS_428,24.149042821075994
A,ILE,230,A_ILE_230,4.574429197010656
A,ILE,348,A_ILE_348,18.5089776524831
A,LEU,350,A_LEU_350,17.986511030258303
A,LEU,353,A_LEU_353,11.686970685903404
A,LEU,422,A_LEU_422,3.182632735527933
A,LEU,423,A_LEU_423,3.3311723518090868
A,LEU,424,A_LEU_424,5.4324126534936
A,PHE,223,A_PHE_223,6.177758424469409
A,PHE,253,A_PHE_253,12.404958088429792
A,PHE,333,A_PHE_333,14.384561627009226
A,PHE,345,A_PHE_345,24.29871856741425
A,PHE,349,A_PHE_349,24.679255340887668
A,PHE,429,A_PHE_429,2.3541721877282007
A,PRO,339,A_PRO_339,15.842424116497398
A,PRO,351,A_PRO_351,15.617876591643622
A,PRO,352,A_PRO_352,16.133189735625805
A,SER,232,A_SER_232,10.117125448343032
A,SER,336,A_SER_336,16.037555542484288
A,SER,341,A_SER_341,15.567718546646029
A,THR,335,A_THR_335,17.40101059056885
A,TYR,249,A_TYR_249,16.159509953706003
A,TYR,337,A_TYR_337,29.293991247099868
A,TYR,340,A_TYR_340,27.36015979316543
A,TYR,427,A_TYR_427,28.55916582147009
A,VAL,221,A_VAL_221,5.7587381586191695
