chain,resname,resnum,res_key,density
A,ALA,261,A_ALA_261,9.105773072850045
A,ALA,267,A_ALA_267,2.829314847782541
A,ALA,391,A_ALA_391,12.763212520649668
A,ARG,279,A_ARG_279,14.162209793175496
A,ASN,321,A_ASN_321,21.297575586444427
A,ASP,259,A_ASP_259,3.097520046904781
A,ASP,269,A_ASP_269,19.24273129076227
A,ASP,280,A_ASP_280,21.926134626003506
A,CYS,282,A_CYS_282,18.07496756804995
A,CYS,325,A_CYS_325,17.98482086095545
A,CYS,390,A_CYS_390,17.596333782192236
A,CYS,413,A_CYS_413,18.5402237455622
A,GLN,264,A_GLN_264,2.7495188946901155
A,GLN,317,A_GLN_317,12.771772438806014
A,GLN,323,A_GLN_323,21.413024926948435
A,GLN,324,A_GLN_324,22.754638551016644
A,GLN,327,A_GLN_327,12.664224896371351
A,GLN,392,A_GLN_392,10.630026005832026
A,GLU,411,A_GLU_411,23.618282369360628
A,GLY,286,A_GLY_286,5.385824096806923
A,GLY,318,A_GLY_318,10.575601044971247
A,GLY,320,A_GLY_320,9.733004414241204
A,GLY,416,A_GLY_416,10.533190423719962
A,HIS,284,A_HIS_284,23.68076682128293
A,HIS,326,A_HIS_326,19.256117283842215
A,ILE,316,A_ILE_316,18.127434622827934
A,ILE,319,A_ILE_319,18.913726203818584
A,ILE,329,A_ILE_329,18.721650082179163
A,ILE,419,A_ILE_419,2.63374695856904
A,LEU,262,A_LEU_262,17.33786865037465
A,LEU,266,A_LEU_266,18.630000039105784
A,LEU,278,A_LEU_278,15.706869625733512
A,LEU,330,A_LEU_330,2.8834173602095055
A,LEU,332,A_LEU_332,3.9086386200365135
A,LEU,409,A_LEU_409,7.904915230737698
A,LYS,258,A_LYS_258,7.379789725394951
A,LYS,265,A_LYS_265,22.100579666753898
A,LYS,268,A_LYS_268,4.524738451190903
A,LYS,288,A_LYS_288,2.446439747390723
A,LYS,289,A_LYS_289,4.081065228443491
A,LYS,387,A_LYS_387,14.545552799889677
A,LYS,388,A_LYS_388,6.010095939427147
A,LYS,407,A_LYS_407,3.039085839179747
A,MET,386,A_MET_386,19.122388482098792
A,PHE,283,A_PHE_283,25.907728153433258
A,PHE,389,A_PHE_389,25.43635730569766
A,PHE,414,A_PHE_414,25.65479567183921
A,PRO,281,A_PRO_281,15.524798524880541
A,PRO,285,A_PRO_285,16.539160635638854
A,SER,328,A_SER_328,16.156948205570483
A,SER,410,A_SER_410,15.932782021443144
A,SER,415,A_SER_415,15.752023199211237
A,SER,421,A_SER_421,5.430264485771419
A,THR,417,A_THR_417,16.61220474321915
A,TRP,263,A_TRP_263,6.762850662433372
A,TRP,394,A_TRP_394,12.537564739354309
A,TYR,287,A_TYR_287,28.81954571191729
A,TYR,322,A_TYR_322,27.97402512337366
A,TYR,408,A_TYR_408,6.043010027587785
A,TYR,412,A_TYR_412,17.720251927848604
A,TYR,418,A_TYR_418,20.653606889371602
A,VAL,366,A_VAL_366,2.0427792076804656
