chain,resname,resnum,res_key,density
A,ALA,501,A_ALA_501,12.458867570747739
A,ARG,503,A_ARG_503,16.247770770477324
A,ARG,513,A_ARG_513,11.771648113752839
A,ASN,317,A_ASN_317,20.301044842899817
A,ASN,322,A_ASN_322,20.906649627884043
A,ASN,347,A_ASN_347,7.818326315453733
A,ASN,481,A_ASN_481,20.739649147052283
A,ASP,320,A_ASP_320,21.166572262390005
A,ASP,504,A_ASP_504,7.133067714421307
A,ASP,515,A_ASP_515,9.464972747473452
A,CYS,319,A_CYS_319,17.76788346002199
A,CYS,508,A_CYS_508,18.23489403104881
A,GLN,348,A_GLN_348,7.246826664000391
A,GLY,315,A_GLY_315,7.768127616878305
A,GLY,321,A_GLY_321,10.891621376351981
A,GLY,480,A_GLY_480,6.420464276398789
A,GLY,507,A_GLY_507,10.444850177590897
A,GLY,511,A_GLY_511,11.024330346401598
A,GLY,512,A_GLY_512,10.235575114543977
A,ILE,318,A_ILE_318,18.05310748609811
A,LEU,502,A_LEU_502,17.825832362994607
A,LYS,337,A_LYS_337,11.73855622812257
A,LYS,482,A_LYS_482,2.736889130038324
A,MET,506,A_MET_506,21.330417160041076
A,PHE,323,A_PHE_323,21.91041860013909
A,PRO,316,A_PRO_316,16.871869475263328
A,PRO,354,A_PRO_354,8.118446592317433
A,PRO,509,A_PRO_509,16.09666117673229
A,SER,500,A_SER_500,12.60800860871286
A,SER,510,A_SER_510,15.630509891086456
A,THR,313,A_THR_313,7.456850498657409
A,TRP,342,A_TRP_342,21.43901218846126
A,TRP,505,A_TRP_505,14.434644162704274
A,TYR,314,A_TYR_314,3.5171343523458076
A,TYR,353,A_TYR_353,3.2087385576323926
A,TYR,478,A_TYR_478,7.428535530914182
A,VAL,335,A_VAL_335,7.657095239404666
A,VAL,344,A_VAL_344,5.729499158141027
A,VAL,349,A_VAL_349,11.159080251767886
