chain,resname,resnum,res_key,density
A,ALA,98,A_ALA_98,12.4271159586151
A,ALA,100,A_ALA_100,12.043782413682452
A,ALA,111,A_ALA_111,1.6493041592884925
A,ALA,123,A_ALA_123,12.8082416033752
A,ALA,125,A_ALA_125,13.03039685576308
A,ALA,221,A_ALA_221,9.334335951316355
A,ARG,122,A_ARG_122,14.638084215400037
A,ARG,127,A_ARG_127,27.350872208672904
A,ASN,89,A_ASN_89,8.292108339346264
A,ASN,212,A_ASN_212,8.162430519607224
A,ASN,218,A_ASN_218,20.762318390108472
A,ASP,204,A_ASP_204,3.1190820650982407
A,CYS,96,A_CYS_96,18.31532381702765
A,CYS,128,A_CYS_128,18.948951673637243
A,GLN,91,A_GLN_91,5.759128176232478
A,GLN,97,A_GLN_97,23.415696412866694
A,GLN,106,A_GLN_106,10.867864025888839
A,GLN,119,A_GLN_119,3.07318888379357
A,GLN,126,A_GLN_126,22.489133615954067
A,GLY,108,A_GLY_108,1.9101929921920133
A,ILE,134,A_ILE_134,2.8230512392784206
A,ILE,205,A_ILE_205,3.4560944648426655
A,LEU,70,A_LEU_70,3.383183206029158
A,LEU,99,A_LEU_99,18.19301794714294
A,LEU,105,A_LEU_105,11.63276029571482
A,LEU,121,A_LEU_121,16.348618114101242
A,LEU,136,A_LEU_136,4.118446512921258
A,LEU,219,A_LEU_219,16.76568879295593
A,LEU,222,A_LEU_222,8.683714510746501
A,LYS,101,A_LYS_101,2.7129482973322205
A,LYS,216,A_LYS_216,2.4780085830453435
A,LYS,217,A_LYS_217,14.184307999185624
A,MET,133,A_MET_133,21.615933717186525
A,PHE,120,A_PHE_120,9.808279525145
A,PHE,201,A_PHE_201,2.147619994895851
A,PRO,129,A_PRO_129,15.991805358924479
A,PRO,131,A_PRO_131,15.503354237220213
A,PRO,132,A_PRO_132,16.0327347345249
A,SER,90,A_SER_90,3.4291872845401357
A,SER,130,A_SER_130,15.37991177843665
A,SER,214,A_SER_214,15.27466948513337
A,THR,93,A_THR_93,17.60499989019149
A,THR,94,A_THR_94,12.82049340231316
A,TRP,38,A_TRP_38,6.051157886271081
A,TYR,109,A_TYR_109,24.165367892915015
A,TYR,215,A_TYR_215,27.781492381089596
A,VAL,36,A_VAL_36,5.49564860838267
A,VAL,88,A_VAL_88,3.6568463297216742
A,VAL,92,A_VAL_92,16.336176967807184
A,VAL,95,A_VAL_95,16.04225148162749
A,VAL,124,A_VAL_124,16.333211129761178
