chain,resname,resnum,res_key,density
A,ALA,98,A_ALA_98,12.4271159586151
A,ALA,100,A_ALA_100,12.043782413682452
A,ALA,111,A_ALA_111,1.6493041592884925
A,ALA,123,A_ALA_123,12.8082416033752
A,ALA,125,A_ALA_125,13.03039685576308
A,ARG,122,A_ARG_122,10.570368911182214
A,ARG,127,A_ARG_127,27.350872208672904
A,ASN,89,A_ASN_89,12.935432459965796
A,ASN,218,A_ASN_218,2.597443280002859
A,ASP,102,A_ASP_102,19.020086667434988
A,CYS,96,A_CYS_96,18.31532381702765
A,CYS,128,A_CYS_128,18.948951673637243
A,GLN,91,A_GLN_91,17.139698974329075
A,GLN,97,A_GLN_97,23.415696412866694
A,GLN,106,A_GLN_106,7.904737620883708
A,GLN,126,A_GLN_126,12.245649811809514
A,GLU,71,A_GLU_71,3.328373925230511
A,ILE,72,A_ILE_72,9.674077699426597
A,LEU,68,A_LEU_68,6.355099964473215
A,LEU,70,A_LEU_70,10.106390567366855
A,LEU,99,A_LEU_99,18.19301794714294
A,LEU,105,A_LEU_105,15.57388262561469
A,LEU,121,A_LEU_121,18.17119752240267
A,LYS,101,A_LYS_101,20.901579369763823
A,MET,133,A_MET_133,15.632858129733732
A,PHE,120,A_PHE_120,9.808279525145
A,PRO,129,A_PRO_129,15.991805358924479
A,PRO,131,A_PRO_131,15.503354237220213
A,PRO,132,A_PRO_132,12.234068234571103
A,SER,90,A_SER_90,12.563852530594735
A,SER,130,A_SER_130,15.37991177843665
A,THR,93,A_THR_93,17.60499989019149
A,THR,94,A_THR_94,17.64795546106599
A,TRP,38,A_TRP_38,20.6053310722938
A,TYR,109,A_TYR_109,18.12941160359241
A,VAL,36,A_VAL_36,7.579833256488976
A,VAL,88,A_VAL_88,6.2171949279522085
A,VAL,92,A_VAL_92,16.336176967807184
A,VAL,95,A_VAL_95,16.04225148162749
A,VAL,124,A_VAL_124,16.333211129761178
