chain,resname,resnum,res_key,density
A,ALA,105,A_ALA_105,13.201049556354103
A,CYS,109,A_CYS_109,18.169408286483428
A,GLY,101,A_GLY_101,5.546947055387712
A,HIS,111,A_HIS_111,23.92490292845525
A,ILE,102,A_ILE_102,15.384068324784582
A,ILE,112,A_ILE_112,19.40711376104115
A,ILE,114,A_ILE_114,18.12185643831639
A,LEU,103,A_LEU_103,15.096293782598309
A,LEU,107,A_LEU_107,18.433974969186483
A,LEU,110,A_LEU_110,19.18662667827863
A,LEU,115,A_LEU_115,18.44523767154449
A,MET,116,A_MET_116,18.585507647778556
A,PHE,104,A_PHE_104,25.60893867997191
A,PRO,117,A_PRO_117,8.56459325913671
A,SER,108,A_SER_108,15.894200268508746
A,THR,106,A_THR_106,17.910307679020043
A,TRP,113,A_TRP_113,31.45684330004181
