chain,resname,resnum,res_key,density
A,ALA,129,A_ALA_129,5.747519522097191
A,ALA,133,A_ALA_133,2.0592962254788043
A,ARG,223,A_ARG_223,26.285214035347913
A,ARG,225,A_ARG_225,25.537073963554814
A,ARG,230,A_ARG_230,27.508876250793918
A,ASN,226,A_ASN_226,20.02182825640024
A,CYS,224,A_CYS_224,17.929676509537348
A,GLU,227,A_GLU_227,23.827223447274328
A,GLY,216,A_GLY_216,5.594693736391705
A,HIS,231,A_HIS_231,20.538581902261217
A,ILE,217,A_ILE_217,16.353254628169665
A,LEU,218,A_LEU_218,17.454333210991937
A,LEU,221,A_LEU_221,18.24739499277936
A,LEU,222,A_LEU_222,17.705533238823573
A,LYS,219,A_LYS_219,18.90038998066739
A,LYS,228,A_LYS_228,14.678646359856744
A,LYS,229,A_LYS_229,12.445524010877513
A,SER,215,A_SER_215,3.2873937527989128
A,THR,220,A_THR_220,18.342277994420524
A,VAL,130,A_VAL_130,16.931144811500317
A,VAL,131,A_VAL_131,16.811044246755426
A,VAL,234,A_VAL_234,3.9910115048195767
