chain,resname,resnum,res_key,density
A,ALA,75,A_ALA_75,11.962390750402879
A,ASP,67,A_ASP_67,21.260584674519837
A,CYS,72,A_CYS_72,17.896924131838855
A,GLU,78,A_GLU_78,20.374404362966192
A,HIS,74,A_HIS_74,24.314116254577684
A,ILE,57,A_ILE_57,16.167549592390714
A,ILE,71,A_ILE_71,18.144412485868
A,ILE,79,A_ILE_79,15.371004383233068
A,LEU,76,A_LEU_76,18.65008268563904
A,LYS,68,A_LYS_68,21.42188718631218
A,PHE,53,A_PHE_53,16.702903147335594
A,PHE,66,A_PHE_66,14.731051168044495
A,PHE,77,A_PHE_77,23.420395721677856
A,SER,65,A_SER_65,13.54234046869233
A,SER,73,A_SER_73,16.759517861893475
A,SER,80,A_SER_80,10.369819218110635
A,TRP,70,A_TRP_70,32.69999633060313
A,VAL,69,A_VAL_69,17.043792474599055
