chain,resname,resnum,res_key,density
A,ALA,125,A_ALA_125,12.584022916665637
A,ALA,147,A_ALA_147,2.7273806809387384
A,ALA,149,A_ALA_149,11.576667283248273
A,ALA,218,A_ALA_218,11.930082432640894
A,ALA,219,A_ALA_219,12.326417699527424
A,ASN,203,A_ASN_203,19.954959616236074
A,ASP,130,A_ASP_130,21.77204296498928
A,ASP,144,A_ASP_144,6.218044008948554
A,ASP,146,A_ASP_146,20.33885602358435
A,ASP,216,A_ASP_216,11.304526761474046
A,CYS,122,A_CYS_122,17.601999554040155
A,GLN,150,A_GLN_150,13.441491626901634
A,GLU,201,A_GLU_201,23.66237653617935
A,GLY,129,A_GLY_129,5.825069462918254
A,GLY,138,A_GLY_138,1.8856730028381175
A,GLY,143,A_GLY_143,3.252302996116956
A,HIS,135,A_HIS_135,19.450052688835964
A,HIS,136,A_HIS_136,2.6252785131388285
A,ILE,123,A_ILE_123,17.851794366111974
A,ILE,165,A_ILE_165,1.854397036758802
A,ILE,185,A_ILE_185,18.39724827609634
A,ILE,202,A_ILE_202,17.608231424369293
A,LEU,15,A_LEU_15,1.9630762168696279
A,LEU,133,A_LEU_133,17.65076503074088
A,LEU,152,A_LEU_152,15.64756883327787
A,LEU,153,A_LEU_153,9.100400733834205
A,LEU,160,A_LEU_160,5.670971423204449
A,LEU,169,A_LEU_169,14.889963490725865
A,LEU,170,A_LEU_170,1.714296751563741
A,LEU,188,A_LEU_188,17.015345895634518
A,LEU,200,A_LEU_200,17.601708857456998
A,LEU,205,A_LEU_205,11.57535016261304
A,LEU,217,A_LEU_217,18.485755254789755
A,LYS,64,A_LYS_64,2.30457408295642
A,LYS,148,A_LYS_148,5.414738697809696
A,LYS,151,A_LYS_151,20.285520889582227
A,LYS,220,A_LYS_220,14.445209849997878
A,PHE,119,A_PHE_119,11.884408201542286
A,PHE,134,A_PHE_134,24.505810354671144
A,PHE,184,A_PHE_184,16.981356493651226
A,PHE,189,A_PHE_189,24.61242551099746
A,PHE,191,A_PHE_191,4.023304698086729
A,PHE,197,A_PHE_197,18.928992831276666
A,PRO,204,A_PRO_204,10.142344962239616
A,SER,186,A_SER_186,2.7828471672397144
A,THR,126,A_THR_126,4.436908737657401
A,THR,198,A_THR_198,15.076813765769792
A,TYR,120,A_TYR_120,28.070763128783536
A,TYR,124,A_TYR_124,28.69249504964317
A,TYR,131,A_TYR_131,24.560613969156385
A,TYR,192,A_TYR_192,24.98623498937566
A,TYR,199,A_TYR_199,29.260112534846098
A,VAL,121,A_VAL_121,15.890255608111037
A,VAL,132,A_VAL_132,16.57206370370502
A,VAL,142,A_VAL_142,6.3336381259034
A,VAL,145,A_VAL_145,16.4749662672354
A,VAL,154,A_VAL_154,6.646679748996039
A,VAL,214,A_VAL_214,1.8988413974313336
