chain,resname,resnum,res_key,density
A,ALA,1032,A_ALA_1032,3.0490436140475206
A,ARG,881,A_ARG_881,24.152677674315576
A,CYS,887,A_CYS_887,18.525050227741794
A,CYS,893,A_CYS_893,14.645668897514197
A,CYS,1040,A_CYS_1040,18.66205964595735
A,GLN,888,A_GLN_888,23.245846616859517
A,GLU,865,A_GLU_865,10.059826373839982
A,GLU,866,A_GLU_866,12.815586899286426
A,GLU,891,A_GLU_891,23.94865909897131
A,GLY,868,A_GLY_868,10.80190901020079
A,GLY,870,A_GLY_870,10.006211426133122
A,GLY,871,A_GLY_871,10.24349235895334
A,GLY,874,A_GLY_874,10.559574299942303
A,HIS,997,A_HIS_997,21.49568068906163
A,ILE,869,A_ILE_869,19.174264486369943
A,ILE,890,A_ILE_890,19.126642499725236
A,ILE,1060,A_ILE_1060,6.240973139032414
A,LEU,873,A_LEU_873,17.804312536546036
A,LEU,875,A_LEU_875,14.424456140609992
A,LEU,876,A_LEU_876,2.52822604172072
A,LEU,882,A_LEU_882,17.224636823844413
A,LEU,894,A_LEU_894,12.06347900749954
A,LEU,990,A_LEU_990,2.0010964135008624
A,LEU,1037,A_LEU_1037,8.894394415704186
A,LEU,1063,A_LEU_1063,1.9124847719922355
A,LYS,880,A_LYS_880,13.822310354159784
A,LYS,884,A_LYS_884,20.794160505370332
A,MET,867,A_MET_867,21.7806999190176
A,MET,892,A_MET_892,22.0279391413274
A,MET,895,A_MET_895,10.033795352079084
A,MET,1036,A_MET_1036,21.238165922416815
A,PHE,878,A_PHE_878,18.757555673837953
A,PHE,889,A_PHE_889,23.991246369088014
A,PHE,998,A_PHE_998,16.921781095110884
A,PHE,1033,A_PHE_1033,19.58136517247894
A,PHE,1043,A_PHE_1043,8.184788072031647
A,PRO,883,A_PRO_883,16.171495119651652
A,SER,886,A_SER_886,15.280582189284194
A,SER,1042,A_SER_1042,4.757863541959573
A,TRP,877,A_TRP_877,12.544459187883902
A,TYR,885,A_TYR_885,28.51523245695031
A,TYR,993,A_TYR_993,21.306559772963467
A,VAL,862,A_VAL_862,5.185697882435841
A,VAL,872,A_VAL_872,16.05280239737588
A,VAL,994,A_VAL_994,1.9454015583333046
