chain,resname,resnum,res_key,density
A,ALA,774,A_ALA_774,5.954598965769516
A,ALA,778,A_ALA_778,12.426040336517062
A,ALA,782,A_ALA_782,11.920804891579952
A,ARG,729,A_ARG_729,26.415016930090616
A,ARG,735,A_ARG_735,14.398528939863084
A,ASN,776,A_ASN_776,14.075771784092192
A,CYS,728,A_CYS_728,17.613290806637856
A,CYS,742,A_CYS_742,17.66960058368639
A,CYS,744,A_CYS_744,5.972228800537235
A,GLN,777,A_GLN_777,14.753639986846897
A,GLU,723,A_GLU_723,23.29221297678449
A,GLU,724,A_GLU_724,23.861109129791636
A,GLU,733,A_GLU_733,23.865415235220144
A,GLU,781,A_GLU_781,24.120480548218072
A,GLY,730,A_GLY_730,10.332780207795476
A,GLY,734,A_GLY_734,9.844336721265247
A,GLY,783,A_GLY_783,10.393308786187323
A,ILE,727,A_ILE_727,18.655044998085955
A,ILE,731,A_ILE_731,18.28008093939246
A,ILE,740,A_ILE_740,18.00631231783862
A,LEU,702,A_LEU_702,3.9638669364410357
A,LEU,736,A_LEU_736,17.98376496392979
A,LEU,779,A_LEU_779,17.224664976553257
A,LYS,726,A_LYS_726,20.721295753990027
A,LYS,732,A_LYS_732,20.24169274967791
A,LYS,738,A_LYS_738,3.293080684557933
A,LYS,775,A_LYS_775,18.51200365712074
A,LYS,780,A_LYS_780,14.087167749990044
A,MET,698,A_MET_698,21.289859734776506
A,PHE,697,A_PHE_697,14.418019540886378
A,PHE,785,A_PHE_785,7.4656213837394265
A,SER,769,A_SER_769,3.246374857898836
A,THR,722,A_THR_722,17.690010284375894
A,THR,737,A_THR_737,4.828252204168816
A,TYR,725,A_TYR_725,27.991743135208377
A,VAL,701,A_VAL_701,7.8991886897121635
A,VAL,715,A_VAL_715,5.479766658723588
A,VAL,741,A_VAL_741,8.604632710211128
A,VAL,784,A_VAL_784,16.114152753887343
A,VAL,786,A_VAL_786,3.584593304783388
