chain,resname,resnum,res_key,density
A,ALA,284,A_ALA_284,3.212188720316924
A,ALA,302,A_ALA_302,4.73644132505755
A,ALA,749,A_ALA_749,11.864709227266463
A,ARG,422,A_ARG_422,2.183710882598933
A,ARG,788,A_ARG_788,3.565498707793356
A,ASN,299,A_ASN_299,21.290236523537633
A,ASN,303,A_ASN_303,8.389796777519223
A,ASP,290,A_ASP_290,22.55586477082658
A,ASP,294,A_ASP_294,21.25660974345333
A,ASP,791,A_ASP_791,9.61675009779603
A,CYS,293,A_CYS_293,17.92704511074235
A,CYS,748,A_CYS_748,17.830477750609308
A,GLU,300,A_GLU_300,16.28602943004139
A,GLY,296,A_GLY_296,10.543890552022543
A,GLY,297,A_GLY_297,10.338817759866885
A,GLY,416,A_GLY_416,4.684895045931679
A,GLY,746,A_GLY_746,11.053231237908873
A,HIS,421,A_HIS_421,13.965520715517847
A,ILE,275,A_ILE_275,17.75799581225953
A,ILE,292,A_ILE_292,19.122072462379233
A,ILE,339,A_ILE_339,3.80230918339282
A,ILE,745,A_ILE_745,2.6407003736608745
A,LEU,269,A_LEU_269,7.5920923960113855
A,LEU,295,A_LEU_295,18.5027414252951
A,LEU,301,A_LEU_301,17.899172562544084
A,LEU,419,A_LEU_419,11.954620115050561
A,MET,751,A_MET_751,21.653448217176358
A,PHE,752,A_PHE_752,24.895990160018847
A,PHE,758,A_PHE_758,8.237105452805057
A,PHE,790,A_PHE_790,4.449105915839452
A,SER,285,A_SER_285,5.644004080220628
A,SER,289,A_SER_289,15.803044307668097
A,SER,753,A_SER_753,2.372889357694598
A,SER,789,A_SER_789,9.866616957058257
A,THR,277,A_THR_277,7.208774041293614
A,THR,291,A_THR_291,17.24910182977457
A,THR,412,A_THR_412,7.103073860028644
A,THR,747,A_THR_747,17.072944746079
A,THR,750,A_THR_750,17.454258165251055
A,TRP,743,A_TRP_743,5.83308566324662
A,TYR,288,A_TYR_288,17.611716406128085
A,TYR,304,A_TYR_304,13.500024991029244
A,VAL,286,A_VAL_286,14.925244768545944
A,VAL,287,A_VAL_287,15.031510330762146
A,VAL,298,A_VAL_298,16.281092503619654
A,VAL,415,A_VAL_415,15.527244101797516
A,VAL,756,A_VAL_756,2.0437769247309117
A,VAL,773,A_VAL_773,1.86656419937714
