chain,resname,resnum,res_key,density
A,ALA,18,A_ALA_18,11.261387562692391
A,ARG,7,A_ARG_7,16.422686431964166
A,ASP,12,A_ASP_12,10.36380313851651
A,CYS,9,A_CYS_9,17.42947683965316
A,CYS,14,A_CYS_14,17.945640654621023
A,CYS,22,A_CYS_22,4.8618815124686146
A,CYS,36,A_CYS_36,17.792346044634854
A,CYS,40,A_CYS_40,17.408268745372062
A,GLN,21,A_GLN_21,14.54764906637085
A,GLN,38,A_GLN_38,22.657698392556
A,GLU,10,A_GLU_10,24.105086932881328
A,GLU,17,A_GLU_17,23.267005918977077
A,GLU,39,A_GLU_39,23.772382439018507
A,GLY,13,A_GLY_13,10.8032712320847
A,GLY,43,A_GLY_43,7.594988637774636
A,LEU,20,A_LEU_20,17.925897790205934
A,LYS,19,A_LYS_19,20.573664360555664
A,LYS,42,A_LYS_42,11.887656533721024
A,PHE,35,A_PHE_35,26.48715267127366
A,PHE,41,A_PHE_41,25.222928574251533
A,SER,15,A_SER_15,15.83958677127761
A,SER,16,A_SER_16,15.27048352978961
A,SER,33,A_SER_33,12.278146834972935
A,SER,37,A_SER_37,15.874463327916914
A,SER,44,A_SER_44,9.987904149850468
A,THR,6,A_THR_6,9.742965583789747
A,THR,11,A_THR_11,17.031241441695563
A,TYR,34,A_TYR_34,25.401602883964134
A,VAL,8,A_VAL_8,16.17097061841051
