chain,resname,resnum,res_key,density
A,ALA,803,A_ALA_803,12.5295161506701
A,ALA,805,A_ALA_805,13.096788277294284
A,ALA,843,A_ALA_843,12.392584354722203
A,ARG,767,A_ARG_767,11.6460103752477
A,ASN,752,A_ASN_752,9.368906093010775
A,ASN,795,A_ASN_795,20.708779899829345
A,CYS,798,A_CYS_798,18.49711094758405
A,CYS,842,A_CYS_842,17.22736099591988
A,CYS,853,A_CYS_853,17.692251174516528
A,GLN,807,A_GLN_807,20.812005287898774
A,GLU,756,A_GLU_756,6.19374580133707
A,GLU,808,A_GLU_808,14.133169683997643
A,GLU,838,A_GLU_838,3.2389659760726603
A,GLU,852,A_GLU_852,22.845170609121958
A,GLY,802,A_GLY_802,10.795000087728672
A,GLY,845,A_GLY_845,10.039399700589975
A,HIS,927,A_HIS_927,6.575197614454594
A,ILE,755,A_ILE_755,16.275808409896676
A,ILE,794,A_ILE_794,18.768785911460302
A,ILE,799,A_ILE_799,18.0866945021383
A,ILE,809,A_ILE_809,14.962688708103384
A,ILE,826,A_ILE_826,7.185371110686455
A,ILE,841,A_ILE_841,19.060104139318693
A,ILE,846,A_ILE_846,18.244402031643865
A,LEU,791,A_LEU_791,12.480697122099883
A,LEU,796,A_LEU_796,19.012272326662448
A,LEU,804,A_LEU_804,18.381773718108892
A,LEU,806,A_LEU_806,18.306992955170454
A,LEU,822,A_LEU_822,5.932503729583912
A,LEU,849,A_LEU_849,17.82703741979198
A,LEU,850,A_LEU_850,11.107081454686766
A,LEU,868,A_LEU_868,5.5397509137204795
A,LYS,800,A_LYS_800,20.743008950579345
A,LYS,840,A_LYS_840,6.104238641748804
A,LYS,848,A_LYS_848,21.019320238910943
A,MET,856,A_MET_856,1.1582130074315076
A,PHE,771,A_PHE_771,12.899904087909333
A,PHE,790,A_PHE_790,5.948186307705234
A,PHE,793,A_PHE_793,25.380242180882423
A,PHE,810,A_PHE_810,17.732051605975688
A,PHE,818,A_PHE_818,12.565514941134596
A,PRO,854,A_PRO_854,4.640217222309227
A,PRO,916,A_PRO_916,9.30012423557811
A,THR,847,A_THR_847,17.46646824167626
A,THR,851,A_THR_851,15.972423157418618
A,TYR,797,A_TYR_797,28.130172356131933
A,TYR,801,A_TYR_801,27.85750699681808
A,VAL,792,A_VAL_792,15.272374709373029
A,VAL,821,A_VAL_821,1.9151780596693426
A,VAL,844,A_VAL_844,16.24203528921592
A,VAL,917,A_VAL_917,10.871388617696237
