chain,resname,resnum,res_key,density
A,ALA,667,A_ALA_667,6.598117312585412
A,ALA,694,A_ALA_694,11.844276416836458
A,ALA,698,A_ALA_698,12.159598218243989
A,ALA,739,A_ALA_739,12.398955467764328
A,ARG,662,A_ARG_662,2.6772701339675145
A,ARG,693,A_ARG_693,26.78918758733177
A,ARG,700,A_ARG_700,27.259049072072912
A,ARG,732,A_ARG_732,24.21324161025082
A,ARG,733,A_ARG_733,10.742002571362692
A,ASN,660,A_ASN_660,15.375376264580604
A,ASP,726,A_ASP_726,6.337257912624202
A,ASP,734,A_ASP_734,16.482573617914856
A,CYS,691,A_CYS_691,18.359207001615374
A,CYS,695,A_CYS_695,17.892300476398013
A,GLN,692,A_GLN_692,22.852202904554787
A,GLU,689,A_GLU_689,22.513635546723076
A,GLU,701,A_GLU_701,24.962275097085513
A,GLU,730,A_GLU_730,14.516900514938733
A,GLU,737,A_GLU_737,2.9603539400758785
A,GLU,738,A_GLU_738,13.799459346094988
A,HIS,735,A_HIS_735,23.330321447839182
A,ILE,690,A_ILE_690,17.067515673183237
A,ILE,699,A_ILE_699,18.80426867411233
A,ILE,703,A_ILE_703,10.569961406033782
A,ILE,731,A_ILE_731,18.283647123913035
A,LEU,657,A_LEU_657,3.214340285292763
A,LEU,661,A_LEU_661,18.27510073326796
A,LEU,687,A_LEU_687,5.726324319760377
A,LEU,697,A_LEU_697,17.595401299743916
A,LYS,663,A_LYS_663,11.701173189217537
A,LYS,696,A_LYS_696,20.73093312101498
A,MET,740,A_MET_740,2.760666573309937
A,PHE,736,A_PHE_736,26.494125166306677
A,PRO,665,A_PRO_665,16.398834931952138
A,PRO,729,A_PRO_729,10.261324237131037
A,SER,664,A_SER_664,15.478734504928578
A,SER,702,A_SER_702,12.586541848387972
A,THR,688,A_THR_688,15.040748021462669
A,VAL,666,A_VAL_666,16.327146911705242
A,VAL,670,A_VAL_670,5.558437189333727
A,VAL,728,A_VAL_728,16.05014039267607
