chain,resname,resnum,res_key,density
A,ALA,190,A_ALA_190,12.799103994532693
A,ALA,199,A_ALA_199,11.835300172920592
A,ALA,202,A_ALA_202,12.632386377249617
A,ALA,204,A_ALA_204,12.562235101508257
A,ARG,206,A_ARG_206,14.484218935097601
A,ASN,200,A_ASN_200,21.113703203357222
A,ASN,241,A_ASN_241,17.950838712397385
A,ASN,250,A_ASN_250,21.341287319440113
A,ASP,201,A_ASP_201,22.020268603808926
A,ASP,249,A_ASP_249,8.21903064927315
A,CYS,195,A_CYS_195,17.84173173143399
A,GLU,193,A_GLU_193,22.65261813132422
A,HIS,198,A_HIS_198,23.988838344573168
A,ILE,192,A_ILE_192,18.659436832328158
A,ILE,207,A_ILE_207,18.962282207605593
A,ILE,213,A_ILE_213,2.634916439846779
A,ILE,215,A_ILE_215,2.0836989805309845
A,LEU,187,A_LEU_187,8.27726009228934
A,LEU,194,A_LEU_194,18.834137266329293
A,LEU,205,A_LEU_205,18.36270206754621
A,LEU,208,A_LEU_208,18.00648930280579
A,LEU,212,A_LEU_212,18.260372156433103
A,LEU,245,A_LEU_245,18.596338339181507
A,LEU,248,A_LEU_248,18.142191616321472
A,LEU,252,A_LEU_252,15.776666482250832
A,LEU,253,A_LEU_253,12.340754198221621
A,LEU,263,A_LEU_263,3.7917368037664723
A,LEU,264,A_LEU_264,9.597639652882538
A,LEU,267,A_LEU_267,7.759607511844739
A,LYS,189,A_LYS_189,13.023790709046814
A,PHE,143,A_PHE_143,14.752418249477367
A,PHE,188,A_PHE_188,26.625149531899602
A,PHE,209,A_PHE_209,25.31984504232939
A,SER,196,A_SER_196,15.477450468450606
A,SER,203,A_SER_203,13.995816540719021
A,SER,210,A_SER_210,9.431667618744315
A,SER,211,A_SER_211,15.496179896463035
A,THR,191,A_THR_191,17.370111366374264
A,THR,197,A_THR_197,17.808595496324376
A,THR,244,A_THR_244,15.251914727119203
