chain,resname,resnum,res_key,density
A,ALA,67,A_ALA_67,12.538293206547415
A,ALA,142,A_ALA_142,5.6581829455813395
A,ALA,177,A_ALA_177,12.094847790722753
A,ARG,113,A_ARG_113,14.454134034707486
A,ARG,144,A_ARG_144,15.990199256129518
A,ARG,147,A_ARG_147,27.38817915594352
A,ASP,107,A_ASP_107,12.057273666145349
A,ASP,150,A_ASP_150,20.656170099173952
A,ASP,169,A_ASP_169,21.261280415738234
A,ASP,179,A_ASP_179,17.984792872626656
A,CYS,69,A_CYS_69,11.181043344701823
A,CYS,105,A_CYS_105,14.388260143806233
A,CYS,174,A_CYS_174,18.690554541260713
A,GLU,66,A_GLU_66,3.1842634865822737
A,GLU,167,A_GLU_167,20.871245148193125
A,GLY,111,A_GLY_111,10.83582392172073
A,GLY,149,A_GLY_149,7.53750910615469
A,HIS,115,A_HIS_115,12.04995976493496
A,ILE,70,A_ILE_70,6.6998209333180885
A,ILE,114,A_ILE_114,17.623129890731043
A,ILE,146,A_ILE_146,18.429151549919347
A,ILE,175,A_ILE_175,17.783836995705332
A,ILE,182,A_ILE_182,12.305516426142123
A,LEU,58,A_LEU_58,8.582316844638525
A,LYS,109,A_LYS_109,21.061074089491623
A,LYS,112,A_LYS_112,20.378940246610835
A,LYS,148,A_LYS_148,18.3850190750729
A,PHE,139,A_PHE_139,19.868382601947953
A,PHE,152,A_PHE_152,6.888806853358902
A,PRO,106,A_PRO_106,10.491906350532851
A,PRO,145,A_PRO_145,15.55990508831227
A,PRO,170,A_PRO_170,16.275085374927237
A,PRO,172,A_PRO_172,16.801793078156518
A,PRO,178,A_PRO_178,4.40693358534805
A,SER,37,A_SER_37,4.94543481643225
A,SER,171,A_SER_171,15.394143592124061
A,THR,56,A_THR_56,17.528211535456496
A,THR,168,A_THR_168,18.176851904455866
A,THR,180,A_THR_180,17.66468783644265
A,TYR,110,A_TYR_110,27.979608753718843
A,TYR,138,A_TYR_138,1.9488727682094011
A,TYR,143,A_TYR_143,18.875213283442825
A,TYR,173,A_TYR_173,29.530862677013264
A,VAL,57,A_VAL_57,9.00017991950314
A,VAL,68,A_VAL_68,16.255874731214227
A,VAL,108,A_VAL_108,15.359970390158157
A,VAL,116,A_VAL_116,4.4547035334521645
A,VAL,165,A_VAL_165,16.443768057796447
A,VAL,166,A_VAL_166,8.737853064905156
A,VAL,176,A_VAL_176,16.205472305601212
A,VAL,181,A_VAL_181,10.579555146884939
