chain,resname,resnum,res_key,density
A,ALA,134,A_ALA_134,7.884126009290387
A,ALA,143,A_ALA_143,3.160038894339949
A,ALA,145,A_ALA_145,10.358996645671944
A,ALA,164,A_ALA_164,12.704548981099798
A,ASN,172,A_ASN_172,20.95549119224505
A,ASN,173,A_ASN_173,20.240381162881548
A,ASN,180,A_ASN_180,19.74744787983421
A,ASN,184,A_ASN_184,21.121157165836237
A,ASP,155,A_ASP_155,21.679098137908213
A,ASP,189,A_ASP_189,1.9733504918755613
A,CYS,156,A_CYS_156,17.72536801323781
A,CYS,157,A_CYS_157,17.68414125159493
A,CYS,175,A_CYS_175,18.29968826813494
A,CYS,190,A_CYS_190,11.314291108107723
A,GLU,152,A_GLU_152,22.612032391825693
A,GLU,188,A_GLU_188,5.667689274045463
A,GLY,158,A_GLY_158,11.230263161696403
A,GLY,178,A_GLY_178,10.20129251704054
A,HIS,151,A_HIS_151,24.614704186239617
A,ILE,181,A_ILE_181,18.4877714812599
A,ILE,182,A_ILE_182,10.695619015463496
A,LEU,131,A_LEU_131,12.637451247468135
A,LEU,154,A_LEU_154,12.709963480780662
A,LEU,165,A_LEU_165,13.02572671872414
A,LEU,170,A_LEU_170,12.81561031361108
A,LEU,174,A_LEU_174,18.625101317335417
A,LEU,185,A_LEU_185,9.089543507684754
A,LYS,144,A_LYS_144,19.14469972532074
A,LYS,148,A_LYS_148,21.614969605417365
A,LYS,171,A_LYS_171,19.03006804788921
A,LYS,187,A_LYS_187,20.70388203581222
A,LYS,193,A_LYS_193,4.130304717012874
A,PHE,150,A_PHE_150,14.520855752500054
A,PRO,176,A_PRO_176,16.702804762349313
A,SER,159,A_SER_159,2.613508231381859
A,SER,160,A_SER_160,3.498717176296484
A,SER,168,A_SER_168,15.693610006755009
A,SER,177,A_SER_177,15.815529026887594
A,SER,179,A_SER_179,16.60682402448913
A,SER,183,A_SER_183,16.496423941473587
A,THR,149,A_THR_149,15.766174507992009
A,THR,153,A_THR_153,13.048609879794377
A,THR,163,A_THR_163,11.520253883103376
A,THR,166,A_THR_166,15.742297572886045
A,THR,167,A_THR_167,17.79365097040138
A,TYR,127,A_TYR_127,10.970831664126738
A,VAL,135,A_VAL_135,4.281064669417545
A,VAL,146,A_VAL_146,9.045825775178034
A,VAL,147,A_VAL_147,16.750788967098625
A,VAL,169,A_VAL_169,14.476699885840976
