chain,resname,resnum,res_key,density
A,ALA,76,A_ALA_76,9.516361866902919
A,ASN,37,A_ASN_37,21.61481921504037
A,ASN,66,A_ASN_66,6.081754707983933
A,ASN,75,A_ASN_75,2.2310609314725585
A,ASP,65,A_ASP_65,16.762041574266327
A,CYS,41,A_CYS_41,17.851279878565073
A,GLN,38,A_GLN_38,19.16528256634512
A,GLN,57,A_GLN_57,2.467586699496227
A,GLU,39,A_GLU_39,23.661002573893203
A,GLU,43,A_GLU_43,22.902141251676213
A,GLU,69,A_GLU_69,23.62312922548544
A,GLY,9,A_GLY_9,4.029912800247951
A,GLY,45,A_GLY_45,2.4964708773299273
A,ILE,44,A_ILE_44,16.61092658492702
A,ILE,72,A_ILE_72,18.99149556378759
A,ILE,74,A_ILE_74,2.7240861456525383
A,LEU,70,A_LEU_70,10.501799886389891
A,LEU,71,A_LEU_71,10.58020497101178
A,LYS,29,A_LYS_29,3.269202240674044
A,LYS,33,A_LYS_33,20.047136602832886
A,LYS,34,A_LYS_34,20.51498082521754
A,MET,68,A_MET_68,23.152265564961525
A,MET,73,A_MET_73,22.060717915790963
A,PHE,35,A_PHE_35,25.809924343517412
A,SER,8,A_SER_8,3.072787404751018
A,SER,10,A_SER_10,10.270379528928853
A,SER,36,A_SER_36,9.588474949746953
A,THR,32,A_THR_32,18.203031510309767
A,THR,40,A_THR_40,17.50313537816536
A,VAL,30,A_VAL_30,16.359396071545536
A,VAL,31,A_VAL_31,15.659436766240212
A,VAL,42,A_VAL_42,16.73965208091161
