chain,resname,resnum,res_key,density
A,ALA,95,A_ALA_95,5.089438829276221
A,ALA,223,A_ALA_223,6.368198472851061
A,ARG,96,A_ARG_96,7.603878318007796
A,ASN,64,A_ASN_64,20.45007530726007
A,ASN,66,A_ASN_66,20.88591418833864
A,ASN,273,A_ASN_273,8.939219701411306
A,ASP,65,A_ASP_65,22.43114245013599
A,ASP,224,A_ASP_224,16.78436898633467
A,CYS,60,A_CYS_60,18.100869486196988
A,CYS,91,A_CYS_91,17.697304673530866
A,GLN,13,A_GLN_13,4.592421193055887
A,GLN,57,A_GLN_57,23.122398215691593
A,GLN,277,A_GLN_277,19.46046747398875
A,GLU,62,A_GLU_62,22.396671853775754
A,GLU,69,A_GLU_69,17.614131735707065
A,GLU,278,A_GLU_278,3.1945866144789767
A,GLY,9,A_GLY_9,9.563924465817944
A,GLY,59,A_GLY_59,10.217219126841576
A,GLY,61,A_GLY_61,10.132728955092146
A,GLY,251,A_GLY_251,9.626311606606656
A,HIS,12,A_HIS_12,23.83004858651087
A,HIS,250,A_HIS_250,23.46390290314364
A,ILE,63,A_ILE_63,19.012656981904332
A,ILE,89,A_ILE_89,18.494523029174815
A,ILE,252,A_ILE_252,18.80977767472553
A,ILE,275,A_ILE_275,18.540952479744732
A,LEU,15,A_LEU_15,5.9292332206992935
A,LEU,67,A_LEU_67,19.04205079886441
A,LEU,70,A_LEU_70,12.557508882558619
A,LYS,280,A_LYS_280,8.655404635585885
A,MET,68,A_MET_68,2.9514314536022
A,MET,222,A_MET_222,11.030369324478972
A,PHE,92,A_PHE_92,18.406946431378344
A,PHE,253,A_PHE_253,17.171695643228272
A,PRO,90,A_PRO_90,15.919350851108344
A,PRO,93,A_PRO_93,16.76266242001545
A,PRO,276,A_PRO_276,15.678762520969848
A,SER,10,A_SER_10,16.152749739263864
A,SER,11,A_SER_11,15.3996328196145
A,SER,16,A_SER_16,3.214039006788733
A,SER,58,A_SER_58,15.406614594039468
A,SER,254,A_SER_254,12.509708054450055
A,THR,249,A_THR_249,5.3210998128232765
A,THR,272,A_THR_272,8.928255481729304
A,THR,274,A_THR_274,18.279649526109964
A,TYR,94,A_TYR_94,24.48709703829017
A,VAL,56,A_VAL_56,9.537301673774028
A,VAL,88,A_VAL_88,5.845915227692551
