chain,resname,resnum,res_key,density
A,ARG,68,A_ARG_68,6.5001631222264304
A,ASP,76,A_ASP_76,20.505122879008496
A,CYS,6,A_CYS_6,2.4600940747656526
A,CYS,105,A_CYS_105,18.62087362840041
A,GLN,74,A_GLN_74,17.094105919736716
A,GLU,100,A_GLU_100,23.97371400200584
A,HIS,103,A_HIS_103,24.099078009006984
A,HIS,104,A_HIS_104,23.87391261577217
A,ILE,101,A_ILE_101,18.805724400299972
A,LEU,70,A_LEU_70,10.232252758344444
A,LEU,79,A_LEU_79,2.953630626471595
A,LEU,111,A_LEU_111,3.0329371421910523
A,LYS,5,A_LYS_5,16.212326775062614
A,LYS,96,A_LYS_96,3.4762636368839233
A,LYS,107,A_LYS_107,20.31347782042628
A,PHE,78,A_PHE_78,25.150244144798783
A,PHE,110,A_PHE_110,25.30295570459828
A,PRO,69,A_PRO_69,16.240299517459267
A,PRO,73,A_PRO_73,16.566726235141807
A,PRO,99,A_PRO_99,14.874486365378758
A,PRO,106,A_PRO_106,15.898445878862931
A,PRO,109,A_PRO_109,16.476515778863458
A,SER,71,A_SER_71,12.719844191682517
A,THR,75,A_THR_75,17.16691346545133
A,THR,102,A_THR_102,17.64595075877621
A,THR,108,A_THR_108,17.15821772351435
A,TRP,97,A_TRP_97,7.523262796828473
A,TYR,72,A_TYR_72,28.31093321261719
A,VAL,7,A_VAL_7,16.389262850228874
A,VAL,9,A_VAL_9,6.228287018369039
A,VAL,77,A_VAL_77,15.581064738217735
A,VAL,80,A_VAL_80,1.8934887088892034
A,VAL,98,A_VAL_98,17.805943524396096
