chain,resname,resnum,res_key,density
A,ALA,94,A_ALA_94,12.346020935123214
A,ALA,98,A_ALA_98,6.831787822728682
A,ALA,119,A_ALA_119,12.30160082374858
A,ALA,157,A_ALA_157,5.666585448332634
A,ARG,93,A_ARG_93,14.54363786004161
A,ARG,95,A_ARG_95,2.684839813730925
A,ARG,117,A_ARG_117,26.748927720649448
A,ASP,112,A_ASP_112,21.998080549640243
A,ASP,120,A_ASP_120,21.9238187705003
A,ASP,155,A_ASP_155,21.762193212246785
A,CYS,78,A_CYS_78,14.406364271461477
A,CYS,115,A_CYS_115,17.573848869891656
A,CYS,136,A_CYS_136,3.173067315516484
A,CYS,137,A_CYS_137,17.49020360355186
A,CYS,154,A_CYS_154,18.244365907942967
A,CYS,161,A_CYS_161,17.908427689670773
A,GLN,90,A_GLN_90,20.360539638847058
A,GLN,123,A_GLN_123,6.904137608836033
A,GLN,150,A_GLN_150,19.931891448540025
A,GLU,97,A_GLU_97,23.580910824979007
A,GLY,77,A_GLY_77,8.613818988228438
A,GLY,142,A_GLY_142,4.7907046720874655
A,GLY,158,A_GLY_158,10.147529693846394
A,GLY,162,A_GLY_162,9.982988316822194
A,ILE,72,A_ILE_72,9.524311973127713
A,ILE,76,A_ILE_76,12.410695312184515
A,ILE,109,A_ILE_109,18.20763199667684
A,ILE,118,A_ILE_118,18.503777158942256
A,ILE,121,A_ILE_121,18.338502141959708
A,ILE,139,A_ILE_139,18.03882624617618
A,ILE,141,A_ILE_141,15.10368456219447
A,LEU,114,A_LEU_114,18.366486864986364
A,LEU,140,A_LEU_140,17.748992565536554
A,LYS,116,A_LYS_116,21.08173178997057
A,LYS,153,A_LYS_153,18.325627316059673
A,MET,80,A_MET_80,7.2313690052989665
A,MET,113,A_MET_113,22.245156248297185
A,MET,138,A_MET_138,20.06300024077426
A,PHE,163,A_PHE_163,14.913870752620554
A,PRO,110,A_PRO_110,15.808856156827016
A,PRO,156,A_PRO_156,4.348738095436239
A,SER,122,A_SER_122,12.936132320216009
A,THR,166,A_THR_166,2.006349349893844
A,TRP,101,A_TRP_101,14.28062443294212
A,TYR,152,A_TYR_152,27.57628790605311
A,TYR,159,A_TYR_159,16.669187647978116
A,TYR,160,A_TYR_160,28.134876583180027
A,VAL,79,A_VAL_79,5.839980470830758
A,VAL,91,A_VAL_91,7.945692537896469
A,VAL,111,A_VAL_111,16.065138541306556
A,VAL,151,A_VAL_151,14.411428376598705
