chain,resname,resnum,res_key,density
A,ALA,79,A_ALA_79,12.093425573195095
A,ALA,135,A_ALA_135,11.789578208620576
A,ALA,142,A_ALA_142,11.973003912691397
A,ARG,97,A_ARG_97,27.613257732537896
A,ARG,136,A_ARG_136,27.335797640654086
A,ARG,167,A_ARG_167,12.05038194815042
A,ASN,133,A_ASN_133,19.649975531244962
A,ASN,139,A_ASN_139,20.37833894198153
A,ASN,140,A_ASN_140,21.584457428877172
A,ASP,107,A_ASP_107,9.3668012520463
A,ASP,108,A_ASP_108,21.363786848922338
A,ASP,160,A_ASP_160,19.07962806310289
A,CYS,141,A_CYS_141,17.938608129803907
A,GLN,94,A_GLN_94,3.148151247564809
A,GLN,130,A_GLN_130,5.401989824128592
A,GLN,132,A_GLN_132,23.338061421854903
A,GLN,137,A_GLN_137,23.205948439163983
A,GLN,164,A_GLN_164,23.622561640918832
A,GLU,129,A_GLU_129,3.709294480645152
A,GLU,145,A_GLU_145,2.664877585778021
A,GLY,77,A_GLY_77,2.381296493227573
A,GLY,115,A_GLY_115,2.6951757475183524
A,GLY,131,A_GLY_131,10.26919009344331
A,ILE,100,A_ILE_100,2.1747070593191147
A,ILE,112,A_ILE_112,18.530817801691025
A,ILE,157,A_ILE_157,5.253446242351622
A,LEU,80,A_LEU_80,18.278803223121635
A,LEU,93,A_LEU_93,11.364494681666244
A,LEU,101,A_LEU_101,6.072521816331155
A,LEU,113,A_LEU_113,18.023774031101578
A,LEU,134,A_LEU_134,19.122432130853607
A,LEU,144,A_LEU_144,17.65598389215276
A,LEU,161,A_LEU_161,18.796385134051796
A,LYS,128,A_LYS_128,3.0484062292380907
A,LYS,168,A_LYS_168,4.654202635092128
A,MET,111,A_MET_111,20.933615456171154
A,PHE,78,A_PHE_78,16.43519459417349
A,PHE,90,A_PHE_90,4.179322325901449
A,PHE,143,A_PHE_143,24.702685496684577
A,PRO,110,A_PRO_110,16.15161857363681
A,TRP,138,A_TRP_138,32.60277249629141
A,TYR,82,A_TYR_82,10.24862803453576
A,VAL,81,A_VAL_81,2.3813343614506333
A,VAL,109,A_VAL_109,16.673809602397093
A,VAL,114,A_VAL_114,16.661558252402525
