chain,resname,resnum,res_key,density
A,ARG,107,A_ARG_107,26.58119639976376
A,ARG,213,A_ARG_213,15.9281963896678
A,ASP,108,A_ASP_108,22.19196026613653
A,ASP,209,A_ASP_209,14.339963644017269
A,CYS,111,A_CYS_111,18.29855040037748
A,GLN,118,A_GLN_118,9.684729139768628
A,GLU,122,A_GLU_122,3.178082588174163
A,LEU,105,A_LEU_105,18.173363816802862
A,LYS,109,A_LYS_109,20.53088597403299
A,LYS,115,A_LYS_115,19.913164252380664
A,LYS,116,A_LYS_116,6.197284279287116
A,MET,110,A_MET_110,22.158349036626625
A,MET,113,A_MET_113,22.31192113253368
A,MET,120,A_MET_120,10.764161867306504
A,PHE,81,A_PHE_81,16.054204973964794
A,PHE,142,A_PHE_142,14.053196373372792
A,PHE,211,A_PHE_211,4.257824377179057
A,SER,112,A_SER_112,15.687811805846078
A,THR,106,A_THR_106,18.60195261095569
A,VAL,114,A_VAL_114,15.658836525144153
A,VAL,140,A_VAL_140,5.8168460216856985
