chain,resname,resnum,res_key,density
A,ALA,13,A_ALA_13,12.995669310508653
A,ALA,35,A_ALA_35,12.225134293607859
A,ARG,29,A_ARG_29,7.173598972127859
A,ARG,64,A_ARG_64,24.03693498425958
A,ARG,69,A_ARG_69,2.231973048906163
A,ASN,38,A_ASN_38,21.721781797708985
A,ASN,40,A_ASN_40,22.12729243840567
A,ASP,37,A_ASP_37,15.602548841570481
A,CYS,20,A_CYS_20,17.316609396253305
A,CYS,41,A_CYS_41,17.410068566764576
A,GLN,42,A_GLN_42,23.391136936657258
A,GLN,60,A_GLN_60,20.090267437140476
A,GLU,14,A_GLU_14,21.154512569219886
A,GLU,21,A_GLU_21,10.565381198617818
A,GLU,34,A_GLU_34,23.664921949575366
A,GLU,36,A_GLU_36,23.881453518884488
A,GLY,15,A_GLY_15,4.73022764385453
A,GLY,30,A_GLY_30,10.422752636231339
A,GLY,65,A_GLY_65,9.988173292849478
A,HIS,11,A_HIS_11,24.101317394612515
A,HIS,16,A_HIS_16,8.434429863899807
A,ILE,7,A_ILE_7,13.455514897952703
A,ILE,17,A_ILE_17,2.3972583593731542
A,ILE,33,A_ILE_33,19.08498872685551
A,ILE,46,A_ILE_46,8.800283049133013
A,ILE,63,A_ILE_63,18.481077363475578
A,ILE,68,A_ILE_68,17.93179249414437
A,ILE,72,A_ILE_72,6.001196615003158
A,LEU,10,A_LEU_10,19.764284443995273
A,LEU,32,A_LEU_32,17.51698253502661
A,LEU,71,A_LEU_71,14.173245634584195
A,LEU,73,A_LEU_73,5.8718006421231435
A,LYS,31,A_LYS_31,15.042204575290494
A,LYS,67,A_LYS_67,16.55113353879673
A,MET,39,A_MET_39,21.935126252907214
A,MET,43,A_MET_43,21.621167188686194
A,PHE,70,A_PHE_70,10.693052536999746
A,SER,44,A_SER_44,15.790690950727992
A,SER,66,A_SER_66,15.98191348510897
A,THR,19,A_THR_19,10.137254340343803
A,THR,22,A_THR_22,8.634695989312284
A,TYR,28,A_TYR_28,29.165374599487187
A,TYR,62,A_TYR_62,28.67332594413565
A,VAL,18,A_VAL_18,16.568331441165164
A,VAL,61,A_VAL_61,16.729082405446395
