chain,resname,resnum,res_key,density
A,ARG,74,A_ARG_74,10.108121698386455
A,ARG,85,A_ARG_85,26.140109026375676
A,ARG,87,A_ARG_87,2.3855277638325534
A,ARG,92,A_ARG_92,2.719412726913273
A,ARG,94,A_ARG_94,10.827880753889946
A,ARG,98,A_ARG_98,14.35094040609221
A,ASN,56,A_ASN_56,18.075827724568185
A,ASN,110,A_ASN_110,2.7174900981647063
A,ASP,57,A_ASP_57,2.76827167776615
A,CYS,83,A_CYS_83,17.526545033976248
A,GLN,65,A_GLN_65,13.8229618749919
A,GLY,54,A_GLY_54,4.202598923799137
A,GLY,55,A_GLY_55,9.978391874448425
A,GLY,60,A_GLY_60,8.245077157985648
A,GLY,66,A_GLY_66,2.481707567579611
A,GLY,80,A_GLY_80,10.215121660570743
A,GLY,99,A_GLY_99,10.890911821828192
A,HIS,81,A_HIS_81,24.156082125420426
A,LEU,75,A_LEU_75,18.09937609298282
A,LEU,76,A_LEU_76,10.364097078676268
A,LEU,77,A_LEU_77,18.996838356896127
A,LYS,64,A_LYS_64,21.011387360857533
A,LYS,79,A_LYS_79,14.951788869910862
A,LYS,93,A_LYS_93,18.00202427464328
A,LYS,95,A_LYS_95,19.943163536404917
A,MET,32,A_MET_32,6.862211219335949
A,MET,63,A_MET_63,19.52420621275087
A,PHE,61,A_PHE_61,25.727673787594362
A,PRO,62,A_PRO_62,16.13375452472121
A,PRO,86,A_PRO_86,15.491111520993266
A,SER,53,A_SER_53,3.1740993269600213
A,SER,78,A_SER_78,15.80483464142012
A,SER,82,A_SER_82,16.331280388045
A,SER,96,A_SER_96,15.051507844954463
A,TYR,84,A_TYR_84,27.87431199826577
A,VAL,67,A_VAL_67,10.581599888621188
A,VAL,73,A_VAL_73,12.596430014822781
A,VAL,97,A_VAL_97,16.6535754249104
