chain,resname,resnum,res_key,density
A,ALA,208,A_ALA_208,1.6855941604326146
A,ALA,231,A_ALA_231,12.73431518328875
A,ALA,242,A_ALA_242,12.832212574041092
A,ALA,248,A_ALA_248,12.363066277592136
A,ALA,287,A_ALA_287,12.530678027618094
A,ALA,299,A_ALA_299,12.318892104228688
A,ALA,302,A_ALA_302,12.317490582849217
A,ARG,251,A_ARG_251,26.409291455863276
A,ARG,304,A_ARG_304,10.83235483320427
A,ASN,230,A_ASN_230,17.980950694855224
A,ASN,295,A_ASN_295,20.590676043660928
A,ASP,228,A_ASP_228,5.759821291905869
A,ASP,246,A_ASP_246,17.871158524566162
A,ASP,247,A_ASP_247,21.677636513398326
A,ASP,298,A_ASP_298,10.999123368026833
A,ASP,303,A_ASP_303,11.0986964731139
A,CYS,233,A_CYS_233,17.66172543367095
A,CYS,250,A_CYS_250,18.198318462399527
A,CYS,271,A_CYS_271,11.294779848200248
A,CYS,294,A_CYS_294,2.7759123970283657
A,GLU,226,A_GLU_226,8.28981672025737
A,GLU,260,A_GLU_260,17.87831921434558
A,GLY,224,A_GLY_224,10.312269416581856
A,GLY,244,A_GLY_244,10.910377373695912
A,GLY,272,A_GLY_272,10.426958954945965
A,GLY,288,A_GLY_288,10.785548057593342
A,HIS,225,A_HIS_225,23.428191484459244
A,HIS,266,A_HIS_266,14.929177019416336
A,ILE,229,A_ILE_229,18.3063652652785
A,ILE,232,A_ILE_232,16.59984333465641
A,ILE,269,A_ILE_269,19.405250180899838
A,ILE,270,A_ILE_270,7.116943590987375
A,ILE,273,A_ILE_273,17.372936504020917
A,LEU,30,A_LEU_30,1.9955335280405129
A,LEU,252,A_LEU_252,18.10424266491558
A,LEU,261,A_LEU_261,12.635902792092757
A,LEU,284,A_LEU_284,5.886560290946571
A,LEU,285,A_LEU_285,17.853356410339693
A,LEU,286,A_LEU_286,12.434701145615861
A,LEU,300,A_LEU_300,2.9116443359305286
A,LYS,301,A_LYS_301,2.556248703262299
A,MET,262,A_MET_262,20.60582515221816
A,PHE,241,A_PHE_241,21.24331860125677
A,PHE,253,A_PHE_253,26.384067977287206
A,PHE,278,A_PHE_278,19.223363289448976
A,SER,227,A_SER_227,12.142545271480563
A,SER,245,A_SER_245,15.858999861673114
A,SER,265,A_SER_265,15.90732249941884
A,SER,275,A_SER_275,13.184517542956275
A,SER,277,A_SER_277,9.834568809822176
A,THR,243,A_THR_243,17.63366948077315
A,THR,249,A_THR_249,17.487969179553687
A,THR,263,A_THR_263,17.64112579365262
A,THR,274,A_THR_274,16.080299451149926
A,TRP,297,A_TRP_297,31.84953098347615
A,TYR,264,A_TYR_264,29.229108324074208
A,TYR,289,A_TYR_289,25.638163363280313
A,VAL,276,A_VAL_276,15.721220772524937
A,VAL,296,A_VAL_296,9.956639820460808
