chain,resname,resnum,res_key,density
A,ALA,220,A_ALA_220,13.08534816385089
A,ALA,260,A_ALA_260,6.658204124885935
A,ARG,210,A_ARG_210,14.68076227587478
A,ARG,254,A_ARG_254,26.486204258047557
A,ARG,256,A_ARG_256,16.33347539086803
A,ARG,335,A_ARG_335,2.2351924218930868
A,ASN,252,A_ASN_252,18.213692215764127
A,ASP,211,A_ASP_211,22.420296698467823
A,CYS,217,A_CYS_217,17.870333947745024
A,CYS,257,A_CYS_257,17.442034872956803
A,GLU,214,A_GLU_214,23.370997674793138
A,GLU,226,A_GLU_226,11.975123852771638
A,GLU,237,A_GLU_237,10.793492319237584
A,GLU,253,A_GLU_253,23.207427580506316
A,GLU,259,A_GLU_259,14.701518488897626
A,GLY,182,A_GLY_182,7.7934040699885205
A,GLY,251,A_GLY_251,11.179395230991334
A,GLY,302,A_GLY_302,6.268246292126036
A,GLY,308,A_GLY_308,10.388127799238529
A,ILE,192,A_ILE_192,5.753589096576063
A,ILE,208,A_ILE_208,5.967938496901006
A,ILE,212,A_ILE_212,18.166954050374944
A,ILE,250,A_ILE_250,18.580050298283215
A,ILE,309,A_ILE_309,12.920845323218641
A,LEU,185,A_LEU_185,18.53628658699013
A,LEU,189,A_LEU_189,19.059059156525553
A,LEU,193,A_LEU_193,7.822501990986748
A,LEU,216,A_LEU_216,18.95217958437579
A,LEU,221,A_LEU_221,2.604477866541126
A,LEU,236,A_LEU_236,15.415797197664277
A,LEU,261,A_LEU_261,10.549664413837611
A,LYS,213,A_LYS_213,20.674214410786753
A,LYS,215,A_LYS_215,21.289808731930083
A,LYS,238,A_LYS_238,20.439702039333657
A,MET,190,A_MET_190,2.8828543313127706
A,MET,305,A_MET_305,13.671533147634886
A,PHE,223,A_PHE_223,3.9069601076462566
A,PHE,255,A_PHE_255,25.353670111018115
A,PHE,262,A_PHE_262,4.302647840040147
A,PRO,258,A_PRO_258,16.03442137698518
A,PRO,307,A_PRO_307,15.490688828247203
A,SER,239,A_SER_239,8.560499172102068
A,THR,186,A_THR_186,18.130519048380144
A,THR,249,A_THR_249,2.2302850696491965
A,THR,303,A_THR_303,16.82487953404285
A,THR,304,A_THR_304,10.425519777905672
A,TYR,188,A_TYR_188,14.588335477622666
A,TYR,218,A_TYR_218,28.167657001772866
A,TYR,240,A_TYR_240,17.7583176702947
A,TYR,306,A_TYR_306,29.66102482327863
A,VAL,209,A_VAL_209,14.352009161438955
A,VAL,219,A_VAL_219,16.22787656661987
