chain,resname,resnum,res_key,density
A,ALA,183,A_ALA_183,12.072517561092395
A,ALA,186,A_ALA_186,12.349255889805914
A,ALA,198,A_ALA_198,11.778056482715565
A,ALA,318,A_ALA_318,7.835240075935424
A,ALA,324,A_ALA_324,8.854127609540793
A,ALA,370,A_ALA_370,12.499511546795507
A,ARG,189,A_ARG_189,26.306301633211596
A,ARG,322,A_ARG_322,26.621413559603365
A,ASN,195,A_ASN_195,21.25333877516472
A,ASP,215,A_ASP_215,21.399343407676067
A,CYS,371,A_CYS_371,17.721902176867047
A,GLU,185,A_GLU_185,20.90159310691998
A,GLU,197,A_GLU_197,14.825914405964186
A,GLU,216,A_GLU_216,16.47439193300399
A,GLU,321,A_GLU_321,8.173000840941953
A,GLU,369,A_GLU_369,23.633427836934647
A,GLY,217,A_GLY_217,10.36555730631069
A,GLY,319,A_GLY_319,11.338028008471888
A,GLY,368,A_GLY_368,10.282153944659258
A,HIS,200,A_HIS_200,23.710979519048344
A,HIS,361,A_HIS_361,13.729250150970067
A,ILE,199,A_ILE_199,17.997866445739255
A,ILE,201,A_ILE_201,17.522209821796082
A,ILE,202,A_ILE_202,17.20032444500032
A,ILE,360,A_ILE_360,2.8507486400402624
A,ILE,373,A_ILE_373,17.70586443458057
A,LEU,182,A_LEU_182,19.007538520653274
A,LEU,188,A_LEU_188,12.510182254931141
A,LEU,190,A_LEU_190,18.9535634246511
A,LEU,196,A_LEU_196,16.64512950757916
A,LEU,214,A_LEU_214,18.72796294254181
A,LEU,219,A_LEU_219,18.25264079276722
A,LEU,220,A_LEU_220,11.675270807365344
A,LEU,323,A_LEU_323,18.095072246984998
A,LEU,325,A_LEU_325,19.210373944884086
A,LEU,367,A_LEU_367,12.74127178975222
A,LEU,375,A_LEU_375,5.087555045535877
A,LEU,390,A_LEU_390,5.552274553270531
A,LEU,394,A_LEU_394,10.471125276800215
A,LYS,181,A_LYS_181,3.244592767927958
A,LYS,191,A_LYS_191,14.258748754169865
A,PHE,218,A_PHE_218,25.713268591781176
A,PHE,362,A_PHE_362,18.833404123268163
A,SER,193,A_SER_193,5.382230888202379
A,SER,363,A_SER_363,4.801511664246948
A,THR,327,A_THR_327,6.334649312899217
A,THR,372,A_THR_372,17.15413806416018
A,TYR,213,A_TYR_213,24.128887183429978
A,VAL,184,A_VAL_184,11.28150040810061
A,VAL,187,A_VAL_187,16.639861270349236
A,VAL,326,A_VAL_326,16.853349860874083
A,VAL,365,A_VAL_365,16.661230195372276
A,VAL,374,A_VAL_374,15.721500545880001
