chain,resname,resnum,res_key,density
A,ARG,57,A_ARG_57,2.296023104084781
A,ASP,531,A_ASP_531,20.785224418436446
A,CYS,535,A_CYS_535,20.97874563569043
A,HIS,532,A_HIS_532,17.15978424484685
A,HIS,533,A_HIS_533,23.985394086680145
A,PRO,530,A_PRO_530,2.7774511404752342
A,PRO,534,A_PRO_534,16.944557763842404
