chain,resname,resnum,res_key,density
A,ALA,142,A_ALA_142,12.896337970576356
A,ALA,177,A_ALA_177,12.08462778270573
A,ALA,194,A_ALA_194,2.069535107324111
A,ALA,268,A_ALA_268,12.371953034633433
A,ASN,154,A_ASN_154,20.511492345132957
A,ASN,183,A_ASN_183,2.470232223021523
A,ASN,269,A_ASN_269,21.43771759842908
A,ASP,147,A_ASP_147,15.378792370829759
A,ASP,176,A_ASP_176,12.890134479118629
A,ASP,187,A_ASP_187,16.901581930915093
A,CYS,144,A_CYS_144,17.999679542630396
A,CYS,155,A_CYS_155,17.316896477296368
A,CYS,172,A_CYS_172,15.284432464937458
A,CYS,264,A_CYS_264,18.19699522807263
A,GLN,146,A_GLN_146,12.43526645812568
A,GLN,265,A_GLN_265,22.45214377613041
A,GLU,153,A_GLU_153,19.466551638780476
A,GLY,152,A_GLY_152,10.890187351741035
A,HIS,151,A_HIS_151,24.564970300161725
A,ILE,149,A_ILE_149,18.121549362480867
A,ILE,191,A_ILE_191,10.68394945790539
A,ILE,263,A_ILE_263,19.03319013182125
A,LEU,157,A_LEU_157,18.350679595193256
A,LEU,175,A_LEU_175,15.295329067587934
A,LEU,179,A_LEU_179,10.70267111208642
A,LEU,180,A_LEU_180,14.167427012417864
A,LEU,270,A_LEU_270,15.49415617752021
A,LYS,178,A_LYS_178,15.990336274197492
A,LYS,181,A_LYS_181,12.13811095954534
A,LYS,266,A_LYS_266,21.049584006923222
A,LYS,267,A_LYS_267,20.461077498228413
A,PHE,158,A_PHE_158,25.51970615536873
A,PHE,190,A_PHE_190,14.294875888166377
A,PRO,143,A_PRO_143,14.809949810549304
A,PRO,145,A_PRO_145,15.647046380598079
A,SER,262,A_SER_262,3.345447612214593
A,TRP,148,A_TRP_148,31.357356846522467
A,TRP,150,A_TRP_150,31.505348671023516
A,TYR,156,A_TYR_156,27.938263406876708
