chain,resname,resnum,res_key,density
A,ALA,530,A_ALA_530,7.046917592706496
A,ASN,518,A_ASN_518,11.826297890593146
A,ASN,551,A_ASN_551,16.543871439509992
A,CYS,514,A_CYS_514,7.445542853584911
A,CYS,521,A_CYS_521,18.44127619441645
A,CYS,522,A_CYS_522,11.709003846800828
A,CYS,534,A_CYS_534,16.978171428911477
A,CYS,548,A_CYS_548,17.864865556344373
A,CYS,555,A_CYS_555,16.95426960864048
A,GLN,61,A_GLN_61,2.479529931948928
A,GLN,531,A_GLN_531,10.437393884399235
A,GLN,535,A_GLN_535,22.524915793470786
A,GLU,528,A_GLU_528,15.020275351140437
A,GLU,536,A_GLU_536,14.467007584823552
A,GLU,554,A_GLU_554,23.61974430327576
A,GLY,544,A_GLY_544,6.006125022695818
A,GLY,550,A_GLY_550,7.186667386991969
A,GLY,559,A_GLY_559,7.934590368286678
A,ILE,538,A_ILE_538,2.0425787220899436
A,LYS,532,A_LYS_532,19.226261000381694
A,LYS,533,A_LYS_533,17.978318610153426
A,LYS,543,A_LYS_543,1.8711732203213522
A,PHE,527,A_PHE_527,14.391140596972471
A,PRO,520,A_PRO_520,16.443626641242805
A,PRO,556,A_PRO_556,16.74376633135486
A,PRO,557,A_PRO_557,15.698447941242872
A,PRO,558,A_PRO_558,17.140398761067814
A,SER,515,A_SER_515,3.6363497774059077
A,SER,519,A_SER_519,15.119383435096095
A,SER,546,A_SER_546,15.384288856617156
A,SER,552,A_SER_552,15.448981184581214
A,SER,553,A_SER_553,16.35881212821685
A,THR,529,A_THR_529,6.667988511992265
A,THR,549,A_THR_549,16.98681076536077
A,TYR,547,A_TYR_547,25.181424364203785
A,VAL,545,A_VAL_545,13.761835386966741
