chain,resname,resnum,res_key,density
A,ALA,592,A_ALA_592,11.867110375691901
A,ARG,625,A_ARG_625,19.976950475368454
A,ASN,594,A_ASN_594,12.872463195181972
A,ASN,598,A_ASN_598,19.895054305500665
A,ASN,621,A_ASN_621,20.83714149499182
A,ASN,638,A_ASN_638,20.846952243660358
A,ASP,569,A_ASP_569,22.38422941879456
A,ASP,597,A_ASP_597,21.956599416593086
A,ASP,636,A_ASP_636,22.29888211270881
A,CYS,591,A_CYS_591,15.590928096703713
A,CYS,593,A_CYS_593,17.155223975974145
A,CYS,600,A_CYS_600,16.732813514537725
A,CYS,603,A_CYS_603,17.468053508145942
A,CYS,604,A_CYS_604,3.168269348773486
A,CYS,611,A_CYS_611,5.2938655011269375
A,CYS,630,A_CYS_630,17.566945445792225
A,CYS,635,A_CYS_635,18.277823316860573
A,CYS,641,A_CYS_641,16.991540447536075
A,GLU,595,A_GLU_595,20.766864883913396
A,GLU,642,A_GLU_642,22.495367427188803
A,GLY,627,A_GLY_627,10.021251784550932
A,GLY,633,A_GLY_633,10.067253842746805
A,GLY,639,A_GLY_639,9.884551209704432
A,LEU,570,A_LEU_570,8.655441130442835
A,LEU,622,A_LEU_622,17.307754834608026
A,LEU,624,A_LEU_624,17.279589282907207
A,LYS,601,A_LYS_601,19.65221606519105
A,LYS,626,A_LYS_626,16.030230363856703
A,LYS,628,A_LYS_628,20.853388908486256
A,LYS,640,A_LYS_640,19.478273916682063
A,LYS,643,A_LYS_643,4.582668558061251
A,MET,637,A_MET_637,14.028931622994012
A,PHE,623,A_PHE_623,24.66697981771999
A,PHE,634,A_PHE_634,20.743160630047072
A,PRO,613,A_PRO_613,15.900193784559242
A,PRO,629,A_PRO_629,16.583273636419978
A,SER,599,A_SER_599,14.635281363426133
A,THR,596,A_THR_596,17.636971918243102
A,THR,631,A_THR_631,17.322130506330492
A,TYR,614,A_TYR_614,12.841692569837551
A,VAL,602,A_VAL_602,16.83989830158299
A,VAL,612,A_VAL_612,5.411143509512354
A,VAL,632,A_VAL_632,15.94592658504708
