chain,resname,resnum,res_key,density
A,ARG,482,A_ARG_482,18.67566196564858
A,ARG,517,A_ARG_517,26.83167476694811
A,ASN,480,A_ASN_480,20.401170532416486
A,ASN,497,A_ASN_497,2.8625149350143104
A,ASN,498,A_ASN_498,2.374637178543838
A,ASN,503,A_ASN_503,20.67880796664472
A,ASN,518,A_ASN_518,19.932480695571055
A,ASP,484,A_ASP_484,19.82404661226517
A,ASP,490,A_ASP_490,22.124257360512523
A,ASP,499,A_ASP_499,22.046247969706286
A,ASP,505,A_ASP_505,20.743760812013626
A,ASP,516,A_ASP_516,17.931799111590337
A,CYS,478,A_CYS_478,17.40032856954709
A,CYS,489,A_CYS_489,17.8248745541959
A,CYS,501,A_CYS_501,17.74107878041321
A,CYS,502,A_CYS_502,17.328913750125498
A,CYS,506,A_CYS_506,17.57422562437329
A,CYS,514,A_CYS_514,18.081556725574906
A,CYS,522,A_CYS_522,8.742079844310313
A,CYS,525,A_CYS_525,18.161135144794045
A,GLN,92,A_GLN_92,2.457893821748596
A,GLN,513,A_GLN_513,12.06396848316285
A,GLU,485,A_GLU_485,12.571971056915709
A,GLU,487,A_GLU_487,23.115889822022286
A,GLU,488,A_GLU_488,23.396592342612948
A,GLU,510,A_GLU_510,2.447353241179325
A,GLY,479,A_GLY_479,10.90658442164886
A,GLY,486,A_GLY_486,10.1421617278922
A,GLY,492,A_GLY_492,10.29411192677312
A,ILE,493,A_ILE_493,4.687854651615337
A,LEU,496,A_LEU_496,17.83312797713846
A,LEU,508,A_LEU_508,17.42075516099355
A,LYS,476,A_LYS_476,1.8507829615318692
A,LYS,509,A_LYS_509,20.16640808615886
A,PHE,527,A_PHE_527,1.8443582014447788
A,PRO,491,A_PRO_491,16.465420243344376
A,SER,481,A_SER_481,15.619552163423815
A,SER,504,A_SER_504,15.249181697057704
A,SER,515,A_SER_515,16.163771827998044
A,SER,519,A_SER_519,15.119383435096095
A,SER,553,A_SER_553,16.35881212821685
A,THR,500,A_THR_500,14.42496581587716
A,THR,507,A_THR_507,18.18555408364135
A,TYR,495,A_TYR_495,16.132651355567944
A,VAL,477,A_VAL_477,10.043793229932076
A,VAL,483,A_VAL_483,16.021221051952185
A,VAL,512,A_VAL_512,15.812132539606047
