chain,resname,resnum,res_key,density
A,ALA,592,A_ALA_592,11.867110375691901
A,ARG,605,A_ARG_605,21.515787731972292
A,ARG,610,A_ARG_610,14.58088464806584
A,ASN,594,A_ASN_594,21.529246318083274
A,ASN,598,A_ASN_598,19.895054305500665
A,ASN,621,A_ASN_621,7.732469771063311
A,ASP,597,A_ASP_597,21.956599416593086
A,ASP,606,A_ASP_606,2.732830661659767
A,CYS,582,A_CYS_582,5.307345356372733
A,CYS,591,A_CYS_591,17.55507798296416
A,CYS,593,A_CYS_593,17.155223975974145
A,CYS,600,A_CYS_600,16.732813514537725
A,CYS,603,A_CYS_603,17.468053508145942
A,CYS,604,A_CYS_604,18.827863009811804
A,CYS,611,A_CYS_611,17.4024727420923
A,CYS,630,A_CYS_630,17.566945445792225
A,CYS,635,A_CYS_635,7.045082469596184
A,CYS,641,A_CYS_641,11.680493923087674
A,GLU,589,A_GLU_589,5.779485410787371
A,GLU,595,A_GLU_595,24.03438850928361
A,GLY,609,A_GLY_609,5.596884927089902
A,GLY,639,A_GLY_639,7.251694707305892
A,LEU,622,A_LEU_622,5.360949904333597
A,LEU,624,A_LEU_624,11.244808827835877
A,LYS,601,A_LYS_601,19.65221606519105
A,LYS,628,A_LYS_628,16.27394860058702
A,LYS,640,A_LYS_640,4.3533043439041395
A,PHE,623,A_PHE_623,11.255487426883526
A,PRO,613,A_PRO_613,15.900193784559242
A,PRO,629,A_PRO_629,12.744736727203932
A,SER,590,A_SER_590,11.98160521839856
A,SER,599,A_SER_599,14.635281363426133
A,THR,596,A_THR_596,17.636971918243102
A,THR,631,A_THR_631,17.322130506330492
A,TYR,614,A_TYR_614,12.841692569837551
A,VAL,602,A_VAL_602,16.83989830158299
A,VAL,612,A_VAL_612,16.23040828737338
A,VAL,632,A_VAL_632,8.355688797010036
