chain,resname,resnum,res_key,density
A,CYS,824,A_CYS_824,20.76135720884929
A,GLU,821,A_GLU_821,23.38545263277275
A,GLU,823,A_GLU_823,22.614146622681222
A,LYS,820,A_LYS_820,5.586008220268287
A,THR,822,A_THR_822,18.392452673845895
