chain,resname,resnum,res_key,density
A,ALA,61,A_ALA_61,2.55242282045854
A,ALA,64,A_ALA_64,11.961236718492863
A,ALA,81,A_ALA_81,12.531665215181594
A,ALA,137,A_ALA_137,13.123237239408233
A,ALA,161,A_ALA_161,12.841284535576232
A,ALA,164,A_ALA_164,12.506032070305697
A,ALA,166,A_ALA_166,9.583190663595458
A,ALA,167,A_ALA_167,2.7211049080741914
A,ARG,67,A_ARG_67,6.028837178271983
A,ARG,142,A_ARG_142,7.669875165552813
A,ARG,160,A_ARG_160,12.309343684248871
A,ARG,162,A_ARG_162,26.577077783789356
A,ARG,163,A_ARG_163,12.567651655311916
A,ASN,66,A_ASN_66,5.863971495137953
A,ASN,68,A_ASN_68,5.677172007535095
A,ASP,141,A_ASP_141,15.378440646786862
A,CYS,75,A_CYS_75,18.73693587447316
A,CYS,78,A_CYS_78,18.60877202410855
A,CYS,79,A_CYS_79,18.919746333139877
A,CYS,133,A_CYS_133,5.5244908766383976
A,HIS,70,A_HIS_70,23.49347058000932
A,ILE,63,A_ILE_63,19.02717673708972
A,ILE,77,A_ILE_77,18.36879349949746
A,ILE,138,A_ILE_138,18.813529436801346
A,ILE,168,A_ILE_168,12.870613068146602
A,LEU,69,A_LEU_69,18.283752134396583
A,LEU,80,A_LEU_80,19.11822110782152
A,LEU,82,A_LEU_82,15.03004057231524
A,LEU,135,A_LEU_135,5.05326831464436
A,LEU,158,A_LEU_158,18.39043683225374
A,LEU,305,A_LEU_305,5.236766346755644
A,LYS,65,A_LYS_65,2.851679172262888
A,MET,73,A_MET_73,21.515749588972476
A,PHE,76,A_PHE_76,26.02014688024571
A,PHE,134,A_PHE_134,25.94242164114945
A,PRO,72,A_PRO_72,16.364514471026364
A,PRO,159,A_PRO_159,16.60092660364299
A,SER,71,A_SER_71,15.708727802289461
A,SER,83,A_SER_83,7.914879287869049
A,SER,130,A_SER_130,3.745864601897882
A,THR,62,A_THR_62,5.729356570444515
A,THR,157,A_THR_157,10.768296017270371
A,TRP,169,A_TRP_169,20.02247615759714
A,TYR,74,A_TYR_74,29.17222199375711
A,TYR,152,A_TYR_152,9.51257424871182
A,TYR,298,A_TYR_298,17.669992654040737
A,VAL,59,A_VAL_59,11.062742992175247
A,VAL,60,A_VAL_60,16.51138872828057
A,VAL,156,A_VAL_156,13.337025840991682
A,VAL,165,A_VAL_165,16.89745518199615
