chain,resname,resnum,res_key,density
A,ALA,57,A_ALA_57,12.40210203710977
A,ALA,61,A_ALA_61,11.774408050004057
A,ALA,64,A_ALA_64,11.961236718492863
A,ALA,81,A_ALA_81,12.531665215181594
A,ALA,137,A_ALA_137,2.1114912070485357
A,ALA,161,A_ALA_161,10.005543827378611
A,ALA,166,A_ALA_166,2.6361235928929276
A,ALA,291,A_ALA_291,3.232860936243292
A,ARG,162,A_ARG_162,14.28380100189526
A,ASN,56,A_ASN_56,20.819969160238337
A,ASN,66,A_ASN_66,11.892659415162766
A,ASP,84,A_ASP_84,21.18371843707419
A,ASP,294,A_ASP_294,15.951531142388053
A,CYS,75,A_CYS_75,18.73693587447316
A,CYS,78,A_CYS_78,18.60877202410855
A,CYS,79,A_CYS_79,18.919746333139877
A,CYS,133,A_CYS_133,2.1043763779285998
A,GLU,55,A_GLU_55,5.709103290795618
A,HIS,70,A_HIS_70,17.822635180231277
A,ILE,63,A_ILE_63,19.02717673708972
A,ILE,77,A_ILE_77,18.36879349949746
A,ILE,138,A_ILE_138,13.168448446023275
A,ILE,168,A_ILE_168,5.668671850456316
A,LEU,58,A_LEU_58,12.151019229106272
A,LEU,69,A_LEU_69,18.283752134396583
A,LEU,80,A_LEU_80,19.11822110782152
A,LEU,82,A_LEU_82,18.490220273133403
A,LEU,85,A_LEU_85,15.319625663074698
A,LEU,86,A_LEU_86,8.877633804283406
A,LEU,135,A_LEU_135,9.368351858197919
A,LEU,158,A_LEU_158,2.0819152071236933
A,LEU,305,A_LEU_305,9.2069600074615
A,LYS,65,A_LYS_65,9.420645184293656
A,MET,73,A_MET_73,21.515749588972476
A,PHE,76,A_PHE_76,26.02014688024571
A,PHE,134,A_PHE_134,25.94242164114945
A,PRO,72,A_PRO_72,12.690421185793756
A,PRO,295,A_PRO_295,16.36517689690202
A,SER,71,A_SER_71,15.708727802289461
A,SER,83,A_SER_83,15.874598000711261
A,SER,127,A_SER_127,3.007562527585841
A,SER,130,A_SER_130,13.319598585452141
A,SER,131,A_SER_131,15.447726443868568
A,THR,62,A_THR_62,17.660932590402954
A,TRP,169,A_TRP_169,21.122864074934164
A,TYR,74,A_TYR_74,29.17222199375711
A,TYR,298,A_TYR_298,22.274149232214118
A,VAL,59,A_VAL_59,15.42021386386291
A,VAL,60,A_VAL_60,16.51138872828057
A,VAL,165,A_VAL_165,16.89745518199615
