chain,resname,resnum,res_key,density
A,ALA,22,A_ALA_22,5.518572017865353
A,ALA,289,A_ALA_289,2.754172539242262
A,ARG,26,A_ARG_26,15.95304728561997
A,ARG,178,A_ARG_178,5.501065651521541
A,ARG,187,A_ARG_187,13.414897089005425
A,ARG,282,A_ARG_282,10.107913324186152
A,ARG,283,A_ARG_283,27.06736592847911
A,ASN,279,A_ASN_279,12.730215283801535
A,ASN,287,A_ASN_287,21.112169921156998
A,ASP,188,A_ASP_188,5.630143203035573
A,ASP,257,A_ASP_257,21.98308351548416
A,CYS,183,A_CYS_183,18.44229614748143
A,CYS,201,A_CYS_201,18.118224497666727
A,CYS,204,A_CYS_204,18.315759759099457
A,CYS,206,A_CYS_206,18.22197320141737
A,CYS,256,A_CYS_256,18.06857635394834
A,CYS,259,A_CYS_259,17.612689640572878
A,CYS,284,A_CYS_284,17.430569066481937
A,GLN,179,A_GLN_179,23.913123725273927
A,GLN,200,A_GLN_200,22.91402689710758
A,GLN,202,A_GLN_202,13.17252497785229
A,GLN,269,A_GLN_269,3.616981198815302
A,GLU,285,A_GLU_285,12.180919257546797
A,GLY,198,A_GLY_198,7.570190967506006
A,GLY,260,A_GLY_260,10.185533228028596
A,GLY,270,A_GLY_270,2.0172579326400144
A,HIS,27,A_HIS_27,4.965401413939505
A,HIS,170,A_HIS_170,8.576558190324807
A,HIS,185,A_HIS_185,9.335649704072623
A,HIS,209,A_HIS_209,2.477174042308599
A,HIS,258,A_HIS_258,22.74837061052665
A,HIS,281,A_HIS_281,25.303064531595965
A,ILE,190,A_ILE_190,12.432442702449908
A,ILE,216,A_ILE_216,2.1081242108224676
A,LEU,25,A_LEU_25,3.091739090541789
A,LEU,177,A_LEU_177,17.927339029045488
A,LEU,262,A_LEU_262,16.05549521872657
A,LEU,263,A_LEU_263,17.919138842966696
A,LEU,271,A_LEU_271,3.202031366588011
A,MET,278,A_MET_278,13.625223549246636
A,PHE,172,A_PHE_172,10.708607064084383
A,PHE,189,A_PHE_189,9.148947467121307
A,PHE,245,A_PHE_245,2.0884410788095122
A,PHE,255,A_PHE_255,25.16646786274079
A,PRO,180,A_PRO_180,12.45505018538201
A,SER,184,A_SER_184,15.539303525513317
A,SER,261,A_SER_261,16.303375371138245
A,THR,175,A_THR_175,7.0145014188493615
A,THR,181,A_THR_181,17.142397737169816
A,THR,205,A_THR_205,18.36895425236818
A,THR,254,A_THR_254,9.516962537211976
A,THR,286,A_THR_286,8.298729612372892
A,TRP,23,A_TRP_23,4.368218281439899
A,TRP,264,A_TRP_264,9.572223393319153
A,TYR,176,A_TYR_176,5.6899292916007465
A,TYR,182,A_TYR_182,24.36200747620502
A,TYR,199,A_TYR_199,13.165309866025956
A,VAL,203,A_VAL_203,8.537231070999571
A,VAL,207,A_VAL_207,16.688357282272804
A,VAL,208,A_VAL_208,15.659865732116726
A,VAL,280,A_VAL_280,16.165425249399714
A,VAL,288,A_VAL_288,12.326220154726945
