chain,resname,resnum,res_key,density
A,ALA,289,A_ALA_289,2.754172539242262
A,ARG,26,A_ARG_26,2.8990083562183373
A,ARG,187,A_ARG_187,27.01303286643114
A,ARG,282,A_ARG_282,14.020112183804926
A,ARG,283,A_ARG_283,27.06736592847911
A,ASN,279,A_ASN_279,22.005350781415437
A,ASN,287,A_ASN_287,17.705971753395964
A,ASP,188,A_ASP_188,10.512605589581057
A,ASP,257,A_ASP_257,21.98308351548416
A,CYS,183,A_CYS_183,18.44229614748143
A,CYS,186,A_CYS_186,5.876582352618891
A,CYS,204,A_CYS_204,6.276478380083096
A,CYS,206,A_CYS_206,18.22197320141737
A,CYS,256,A_CYS_256,18.06857635394834
A,CYS,259,A_CYS_259,17.612689640572878
A,CYS,273,A_CYS_273,3.9238986137896905
A,CYS,284,A_CYS_284,17.430569066481937
A,GLN,179,A_GLN_179,18.9984720042609
A,GLN,269,A_GLN_269,14.96580471785457
A,GLN,272,A_GLN_272,16.984389363556804
A,GLU,285,A_GLU_285,13.790311197855303
A,GLY,260,A_GLY_260,10.185533228028596
A,GLY,270,A_GLY_270,10.478182274525343
A,HIS,185,A_HIS_185,10.205264665578373
A,HIS,243,A_HIS_243,4.45429050700719
A,HIS,258,A_HIS_258,22.74837061052665
A,HIS,281,A_HIS_281,25.303064531595965
A,ILE,190,A_ILE_190,6.211852901650532
A,LEU,177,A_LEU_177,3.592090684132303
A,LEU,262,A_LEU_262,18.00793891183494
A,LEU,263,A_LEU_263,17.919138842966696
A,LEU,271,A_LEU_271,18.209143422772357
A,LYS,277,A_LYS_277,8.42130465381413
A,MET,278,A_MET_278,21.390746858608146
A,PHE,189,A_PHE_189,17.56600273822952
A,PHE,245,A_PHE_245,12.58676649171747
A,PHE,255,A_PHE_255,25.16646786274079
A,PRO,180,A_PRO_180,12.45505018538201
A,PRO,253,A_PRO_253,9.790704574518811
A,SER,184,A_SER_184,15.539303525513317
A,SER,261,A_SER_261,16.303375371138245
A,THR,181,A_THR_181,17.142397737169816
A,THR,205,A_THR_205,18.36895425236818
A,THR,254,A_THR_254,17.756290953905143
A,THR,286,A_THR_286,2.773514163691812
A,TRP,264,A_TRP_264,23.21483125947292
A,TYR,182,A_TYR_182,27.36254789584784
A,TYR,250,A_TYR_250,18.049579924677904
A,VAL,207,A_VAL_207,16.688357282272804
A,VAL,208,A_VAL_208,6.806327965134442
A,VAL,252,A_VAL_252,3.0645119926233724
A,VAL,280,A_VAL_280,16.165425249399714
A,VAL,288,A_VAL_288,12.326220154726945
