chain,resname,resnum,res_key,density
A,ALA,159,A_ALA_159,3.9200738279492917
A,ALA,461,A_ALA_461,2.4714684666776336
A,ALA,463,A_ALA_463,4.617413795858221
A,ALA,519,A_ALA_519,3.520198783040306
A,ALA,549,A_ALA_549,11.540907247472424
A,ARG,161,A_ARG_161,17.739254573922913
A,ARG,163,A_ARG_163,7.750685190919713
A,ARG,458,A_ARG_458,23.618097434217944
A,ARG,531,A_ARG_531,26.614985680621377
A,ASN,537,A_ASN_537,10.915080837008947
A,ASP,449,A_ASP_449,18.48904791134713
A,ASP,451,A_ASP_451,12.763621854770683
A,ASP,532,A_ASP_532,20.919874731261864
A,ASP,550,A_ASP_550,20.77748851286495
A,ASP,589,A_ASP_589,16.02680762629445
A,CYS,452,A_CYS_452,18.762778378902016
A,CYS,554,A_CYS_554,18.761179200138955
A,CYS,568,A_CYS_568,18.385002997230202
A,GLU,456,A_GLU_456,22.659198076413954
A,GLU,556,A_GLU_556,23.798104567630332
A,GLY,527,A_GLY_527,10.369331688896292
A,GLY,552,A_GLY_552,10.350546375833925
A,GLY,557,A_GLY_557,10.344619406249368
A,GLY,569,A_GLY_569,7.04417370523214
A,GLY,585,A_GLY_585,7.875105936459516
A,HIS,524,A_HIS_524,24.87032437701831
A,HIS,526,A_HIS_526,7.403524351049041
A,ILE,459,A_ILE_459,18.97855789350734
A,ILE,529,A_ILE_529,18.04893056272745
A,ILE,558,A_ILE_558,17.846903272907248
A,ILE,578,A_ILE_578,1.6495159674668656
A,LEU,359,A_LEU_359,1.759398863178012
A,LEU,460,A_LEU_460,15.118671097185281
A,LEU,462,A_LEU_462,6.073523280226924
A,LEU,469,A_LEU_469,5.668069200276273
A,LEU,520,A_LEU_520,14.255990124823672
A,LEU,523,A_LEU_523,19.307023998906512
A,LEU,533,A_LEU_533,12.775611406139276
A,LEU,548,A_LEU_548,14.46635748330965
A,LYS,437,A_LYS_437,6.373730394848482
A,LYS,457,A_LYS_457,12.232596913297593
A,LYS,534,A_LYS_534,2.597908376503153
A,LYS,555,A_LYS_555,20.59954439009121
A,MET,454,A_MET_454,12.43537590771355
A,MET,553,A_MET_553,22.437844677664042
A,PHE,419,A_PHE_419,6.254311694732286
A,PHE,484,A_PHE_484,4.209426214180154
A,PHE,551,A_PHE_551,25.71785771379121
A,PHE,567,A_PHE_567,8.178922364872719
A,PRO,586,A_PRO_586,13.013123406666317
A,THR,453,A_THR_453,17.839010395004344
A,THR,455,A_THR_455,18.00680848923526
A,THR,564,A_THR_564,14.711145253395276
A,THR,566,A_THR_566,17.423510483482644
A,THR,570,A_THR_570,2.2554971192677855
A,TYR,530,A_TYR_530,27.919311961595866
A,TYR,584,A_TYR_584,20.083456250374372
A,VAL,160,A_VAL_160,5.7296854282591365
A,VAL,450,A_VAL_450,6.23577589456305
A,VAL,528,A_VAL_528,16.974547341066547
A,VAL,588,A_VAL_588,10.137239374055385
