chain,resname,resnum,res_key,density
A,ALA,435,A_ALA_435,5.83964639877424
A,ALA,461,A_ALA_461,11.842661881985322
A,ARG,402,A_ARG_402,17.001361743341885
A,ARG,458,A_ARG_458,14.224112040679513
A,ARG,464,A_ARG_464,11.194597575331983
A,ARG,481,A_ARG_481,9.610551372506887
A,CYS,474,A_CYS_474,17.83584183669169
A,CYS,475,A_CYS_475,18.04669535219967
A,GLN,471,A_GLN_471,5.797105699193945
A,GLN,477,A_GLN_477,22.5498623703547
A,GLU,456,A_GLU_456,22.659198076413954
A,GLU,487,A_GLU_487,3.0328688898099627
A,GLU,733,A_GLU_733,2.599142890636573
A,GLY,404,A_GLY_404,10.142043507578745
A,GLY,727,A_GLY_727,9.988952348862309
A,GLY,732,A_GLY_732,10.675243462827218
A,ILE,459,A_ILE_459,5.725524116282234
A,LEU,403,A_LEU_403,18.19500350105014
A,LEU,405,A_LEU_405,8.209006056926844
A,LEU,439,A_LEU_439,13.921049344151866
A,LEU,460,A_LEU_460,17.961038965827413
A,LEU,462,A_LEU_462,2.570049086685902
A,LEU,472,A_LEU_472,18.230551093041093
A,LEU,482,A_LEU_482,17.71287029694839
A,LEU,735,A_LEU_735,5.710695070319863
A,LYS,401,A_LYS_401,3.30084537803149
A,LYS,437,A_LYS_437,17.850195476791658
A,LYS,441,A_LYS_441,4.603487399674719
A,LYS,457,A_LYS_457,20.765276234231887
A,LYS,726,A_LYS_726,10.525634917919051
A,MET,454,A_MET_454,21.27541336625223
A,MET,486,A_MET_486,20.599133649879256
A,PHE,408,A_PHE_408,13.032790782573032
A,PHE,476,A_PHE_476,25.64951109210574
A,PHE,483,A_PHE_483,24.90009426070189
A,PHE,484,A_PHE_484,25.67475136558188
A,PHE,725,A_PHE_725,14.126258969371344
A,PHE,728,A_PHE_728,24.073093566765188
A,PHE,731,A_PHE_731,25.200389209371753
A,SER,729,A_SER_729,15.65845673637364
A,THR,453,A_THR_453,14.605784655134416
A,THR,455,A_THR_455,8.71053152052636
A,THR,478,A_THR_478,17.10858989932401
A,TYR,434,A_TYR_434,7.33008376938463
A,TYR,473,A_TYR_473,28.70505710889976
A,TYR,730,A_TYR_730,28.3692682990959
A,VAL,436,A_VAL_436,15.79496312724696
A,VAL,438,A_VAL_438,12.4706866107109
A,VAL,485,A_VAL_485,16.47564133308192
