chain,resname,resnum,res_key,density
A,ALA,289,A_ALA_289,12.30340920147172
A,ALA,320,A_ALA_320,5.654753226889047
A,ALA,326,A_ALA_326,12.256279427003134
A,ALA,334,A_ALA_334,12.291650731049003
A,ALA,337,A_ALA_337,12.657021363809456
A,ALA,338,A_ALA_338,13.046578579178354
A,ALA,362,A_ALA_362,6.661699790188496
A,ARG,276,A_ARG_276,3.2863904289566004
A,ARG,358,A_ARG_358,24.91927381916234
A,ASN,324,A_ASN_324,21.540671547030126
A,CYS,328,A_CYS_328,18.562874558689707
A,CYS,342,A_CYS_342,12.138041235087407
A,GLN,288,A_GLN_288,17.938170467665177
A,GLN,292,A_GLN_292,15.075113472954033
A,GLN,333,A_GLN_333,20.059056787981795
A,GLU,283,A_GLU_283,10.947368466417892
A,GLU,340,A_GLU_340,5.324687655171991
A,GLU,361,A_GLU_361,7.919125298418249
A,GLY,277,A_GLY_277,10.076695465889921
A,GLY,284,A_GLY_284,10.19036089767475
A,HIS,322,A_HIS_322,17.274885087204755
A,HIS,329,A_HIS_329,23.88046511478961
A,ILE,339,A_ILE_339,8.097891152612307
A,LEU,290,A_LEU_290,18.215505180990917
A,LEU,291,A_LEU_291,19.007065161881904
A,LEU,323,A_LEU_323,17.120580516133597
A,LEU,325,A_LEU_325,18.793147784162606
A,LEU,330,A_LEU_330,18.30309807592089
A,LEU,332,A_LEU_332,18.342032345980787
A,LYS,274,A_LYS_274,2.916674234585448
A,LYS,282,A_LYS_282,14.15768304681202
A,LYS,285,A_LYS_285,14.40446646698568
A,LYS,287,A_LYS_287,18.173515008583408
A,LYS,294,A_LYS_294,15.118686673884685
A,LYS,331,A_LYS_331,20.852512339726342
A,LYS,354,A_LYS_354,3.4507725187000884
A,MET,327,A_MET_327,22.510942001274383
A,PHE,281,A_PHE_281,25.58783695302897
A,PHE,335,A_PHE_335,26.001845595622157
A,SER,321,A_SER_321,13.345571759613126
A,SER,336,A_SER_336,9.001735262151824
A,SER,341,A_SER_341,15.819797807004814
A,THR,278,A_THR_278,17.73432038984368
A,TYR,280,A_TYR_280,17.04158615522248
A,TYR,286,A_TYR_286,28.199609529250964
A,TYR,293,A_TYR_293,27.445790461055882
A,VAL,279,A_VAL_279,9.092532006228227
