chain,resname,resnum,res_key,density
A,ARG,295,A_ARG_295,15.533947161406335
A,ARG,298,A_ARG_298,23.519274900361943
A,ARG,301,A_ARG_301,15.498154479637053
A,CYS,185,A_CYS_185,18.503867397236274
A,GLU,187,A_GLU_187,23.369556958723937
A,GLU,191,A_GLU_191,9.054251595552515
A,GLU,225,A_GLU_225,13.108977916733025
A,ILE,177,A_ILE_177,6.049091729639008
A,ILE,179,A_ILE_179,14.983949460593635
A,ILE,181,A_ILE_181,19.214058320612963
A,ILE,183,A_ILE_183,18.448257724883366
A,ILE,302,A_ILE_302,10.663759749156625
A,LEU,178,A_LEU_178,14.783330232472554
A,LEU,186,A_LEU_186,18.954034236832726
A,LEU,189,A_LEU_189,18.507981917194485
A,LEU,192,A_LEU_192,17.770664062840297
A,LEU,296,A_LEU_296,9.6279914583052
A,LYS,193,A_LYS_193,12.829967739977945
A,LYS,196,A_LYS_196,2.4499724168269976
A,PHE,184,A_PHE_184,25.224727703350098
A,PHE,221,A_PHE_221,25.692149580928398
A,PRO,190,A_PRO_190,12.681808881909234
A,SER,180,A_SER_180,15.644378135534868
A,THR,188,A_THR_188,17.67766574776961
A,VAL,182,A_VAL_182,16.816262129116257
A,VAL,299,A_VAL_299,16.398826420797064
