chain,resname,resnum,res_key,density
A,ALA,261,A_ALA_261,12.27411864738759
A,ARG,298,A_ARG_298,23.352064146491166
A,ARG,301,A_ARG_301,26.477138248771915
A,ASP,258,A_ASP_258,8.693590774302203
A,CYS,228,A_CYS_228,17.738632085468666
A,GLU,225,A_GLU_225,24.29429520317884
A,GLU,235,A_GLU_235,21.45466191049566
A,ILE,177,A_ILE_177,18.32852955054355
A,ILE,179,A_ILE_179,18.82042707328969
A,ILE,181,A_ILE_181,17.383581784764484
A,ILE,183,A_ILE_183,18.448257724883366
A,ILE,223,A_ILE_223,16.688579242073203
A,ILE,229,A_ILE_229,18.696439886784326
A,ILE,230,A_ILE_230,18.60463754382573
A,ILE,262,A_ILE_262,17.749466821305617
A,ILE,263,A_ILE_263,2.7142240255419314
A,ILE,302,A_ILE_302,2.9018294184128575
A,LEU,178,A_LEU_178,14.767062052946292
A,LEU,227,A_LEU_227,19.447234484238603
A,LEU,236,A_LEU_236,4.6783615689517575
A,LYS,304,A_LYS_304,10.243341537661175
A,MET,175,A_MET_175,14.802916886283192
A,PHE,184,A_PHE_184,9.00940952525512
A,PHE,221,A_PHE_221,13.079989818081938
A,PHE,222,A_PHE_222,25.627871756272746
A,PHE,232,A_PHE_232,24.10434304110795
A,PHE,234,A_PHE_234,21.366032764050544
A,PHE,266,A_PHE_266,15.580012704734811
A,PRO,220,A_PRO_220,5.511307057787697
A,PRO,264,A_PRO_264,6.92498168965429
A,SER,173,A_SER_173,16.401889571950083
A,SER,180,A_SER_180,15.644378135534868
A,SER,233,A_SER_233,15.51173543954652
A,THR,226,A_THR_226,17.76188809625121
A,TRP,231,A_TRP_231,32.29821929573161
A,TYR,265,A_TYR_265,28.423511656598286
A,VAL,172,A_VAL_172,12.43387237169735
A,VAL,174,A_VAL_174,11.418919837724372
A,VAL,176,A_VAL_176,16.643406993541273
A,VAL,182,A_VAL_182,9.60218263570859
A,VAL,224,A_VAL_224,16.59638216107744
