chain,resname,resnum,res_key,density
A,ALA,449,A_ALA_449,11.512092425897338
A,ALA,476,A_ALA_476,12.12076702949448
A,ALA,545,A_ALA_545,4.0330192359912695
A,ASN,455,A_ASN_455,21.165539736547352
A,ASN,475,A_ASN_475,20.49935886159384
A,ASN,479,A_ASN_479,20.97408614401758
A,ASP,458,A_ASP_458,21.35426474340973
A,CYS,456,A_CYS_456,17.751537476922007
A,CYS,473,A_CYS_473,16.720006476451797
A,GLN,451,A_GLN_451,22.144835691090996
A,GLN,452,A_GLN_452,23.019784390913223
A,GLN,480,A_GLN_480,22.897970671844163
A,GLN,562,A_GLN_562,12.107773020419298
A,GLU,472,A_GLU_472,23.2028409448747
A,GLU,481,A_GLU_481,14.928285357824512
A,GLY,448,A_GLY_448,10.491972091545925
A,GLY,453,A_GLY_453,10.737878196650943
A,GLY,461,A_GLY_461,2.856924703708532
A,GLY,469,A_GLY_469,9.746433727933852
A,GLY,477,A_GLY_477,10.434109099576299
A,GLY,478,A_GLY_478,10.750863447064127
A,HIS,474,A_HIS_474,22.806829707682144
A,HIS,492,A_HIS_492,8.5228308675721
A,LEU,450,A_LEU_450,17.45776307701948
A,LEU,457,A_LEU_457,17.306355805843257
A,LEU,460,A_LEU_460,16.02738405551312
A,LEU,497,A_LEU_497,5.89018727754033
A,LEU,531,A_LEU_531,1.7641970788606662
A,LEU,540,A_LEU_540,5.552117118402775
A,LEU,550,A_LEU_550,11.73618888722504
A,LEU,559,A_LEU_559,3.2384405850997537
A,LYS,564,A_LYS_564,13.745727387956451
A,PHE,447,A_PHE_447,5.544838519853264
A,PHE,565,A_PHE_565,25.783905632449144
A,SER,542,A_SER_542,16.6833967269278
A,SER,560,A_SER_560,2.8919997082220643
A,THR,454,A_THR_454,17.392422775747676
A,THR,459,A_THR_459,17.53031080422819
A,THR,566,A_THR_566,13.83657750032219
A,TRP,482,A_TRP_482,32.09780521596593
A,TRP,563,A_TRP_563,30.993285284680198
A,TYR,471,A_TYR_471,28.866257501102762
A,VAL,468,A_VAL_468,13.81296830998061
A,VAL,470,A_VAL_470,16.292383294148024
A,VAL,490,A_VAL_490,1.8957839947022472
