chain,resname,resnum,res_key,density
A,ALA,104,A_ALA_104,12.362962325886938
A,ALA,106,A_ALA_106,13.035331769212183
A,ALA,141,A_ALA_141,13.091277431716847
A,ALA,142,A_ALA_142,12.298187074323609
A,ALA,146,A_ALA_146,12.373056910255645
A,ALA,153,A_ALA_153,3.009890673232642
A,ALA,180,A_ALA_180,12.913643453181852
A,ALA,182,A_ALA_182,9.765787006443576
A,ALA,183,A_ALA_183,12.707184059128796
A,ARG,103,A_ARG_103,5.707059032794772
A,ARG,108,A_ARG_108,26.377011788699885
A,ARG,114,A_ARG_114,20.37464130518352
A,ARG,127,A_ARG_127,12.219074914353627
A,ARG,138,A_ARG_138,13.83435500510366
A,ASN,152,A_ASN_152,12.613748232509037
A,ASN,179,A_ASN_179,19.60225946946565
A,ASP,150,A_ASP_150,21.072228999525827
A,CYS,95,A_CYS_95,7.483466270110134
A,CYS,112,A_CYS_112,18.11027760793499
A,CYS,123,A_CYS_123,17.564488304917283
A,CYS,129,A_CYS_129,18.02981037745876
A,CYS,144,A_CYS_144,18.372271792137703
A,GLU,124,A_GLU_124,10.759852899104843
A,GLU,186,A_GLU_186,12.583345954306893
A,GLY,111,A_GLY_111,9.720805328337132
A,HIS,149,A_HIS_149,23.813014082976977
A,ILE,113,A_ILE_113,13.188104258463003
A,ILE,118,A_ILE_118,7.667379155748526
A,ILE,151,A_ILE_151,16.155436365792124
A,ILE,187,A_ILE_187,12.210199601289414
A,LEU,105,A_LEU_105,10.692914589243134
A,LEU,122,A_LEU_122,18.958786116956006
A,LEU,126,A_LEU_126,18.136127180755132
A,LEU,130,A_LEU_130,17.72948792344275
A,LEU,148,A_LEU_148,18.802204094060773
A,LEU,155,A_LEU_155,6.4410294649902
A,LEU,162,A_LEU_162,9.055476056379964
A,LEU,165,A_LEU_165,18.220793502020378
A,LEU,168,A_LEU_168,5.770877042284907
A,LEU,184,A_LEU_184,7.13917504354768
A,LYS,128,A_LYS_128,5.3595851483964285
A,LYS,131,A_LYS_131,2.7387960087742957
A,LYS,139,A_LYS_139,16.803641329301005
A,LYS,147,A_LYS_147,20.495055846219255
A,MET,74,A_MET_74,5.291921158522594
A,MET,110,A_MET_110,21.451274530284955
A,PHE,161,A_PHE_161,26.24191563192158
A,PRO,125,A_PRO_125,16.72174136163396
A,THR,109,A_THR_109,17.346337884154355
A,THR,119,A_THR_119,14.407749485369683
A,THR,140,A_THR_140,17.235437971386972
A,THR,164,A_THR_164,9.583538554306285
A,TYR,121,A_TYR_121,5.78975364169392
A,TYR,136,A_TYR_136,5.4385846664721225
A,VAL,107,A_VAL_107,16.781717445066135
A,VAL,137,A_VAL_137,14.446472364486807
A,VAL,143,A_VAL_143,16.84012772288098
A,VAL,145,A_VAL_145,16.014983839465128
A,VAL,156,A_VAL_156,16.693762403312153
A,VAL,176,A_VAL_176,3.5013722659977375
