chain,resname,resnum,res_key,density
A,ALA,848,A_ALA_848,3.3217831835087623
A,ALA,859,A_ALA_859,11.792519539500653
A,ALA,910,A_ALA_910,11.510575755778905
A,ALA,932,A_ALA_932,12.23355134087121
A,ARG,931,A_ARG_931,27.75482700811773
A,ASN,855,A_ASN_855,18.0042064581699
A,ASN,857,A_ASN_857,20.457139080951332
A,ASN,904,A_ASN_904,8.661423318911886
A,ASP,852,A_ASP_852,20.66889626330491
A,CYS,930,A_CYS_930,18.401372981184227
A,GLN,860,A_GLN_860,4.594370075514789
A,GLN,898,A_GLN_898,5.959191845309512
A,GLN,937,A_GLN_937,9.680777076686132
A,GLU,856,A_GLU_856,14.094458158056353
A,GLU,858,A_GLU_858,22.110518182699103
A,GLU,911,A_GLU_911,2.378033922825564
A,GLU,934,A_GLU_934,23.040936954906055
A,GLY,905,A_GLY_905,7.626811079974716
A,HIS,938,A_HIS_938,9.055958298639696
A,ILE,853,A_ILE_853,18.883749588360114
A,ILE,906,A_ILE_906,19.0444021880608
A,LEU,809,A_LEU_809,1.6711921705694044
A,LEU,831,A_LEU_831,1.6528913318712777
A,LEU,900,A_LEU_900,17.39001890115964
A,LEU,902,A_LEU_902,12.63842590267187
A,LEU,909,A_LEU_909,17.145889497247122
A,LEU,926,A_LEU_926,2.0464124017474603
A,LEU,928,A_LEU_928,17.286093174779587
A,LYS,851,A_LYS_851,10.52025247276832
A,LYS,901,A_LYS_901,11.113423482261338
A,LYS,929,A_LYS_929,20.150328833495564
A,MET,841,A_MET_841,6.989593352802993
A,PHE,771,A_PHE_771,4.47453782223096
A,PHE,835,A_PHE_835,1.9762633430896854
A,PHE,846,A_PHE_846,10.156065810283765
A,PHE,861,A_PHE_861,8.587950018546694
A,PRO,854,A_PRO_854,16.223496295701988
A,PRO,933,A_PRO_933,16.32105989590844
A,SER,899,A_SER_899,10.16541363852499
A,SER,927,A_SER_927,15.39680950015403
A,SER,936,A_SER_936,15.853337077573471
A,THR,849,A_THR_849,17.87249166025987
A,TRP,850,A_TRP_850,31.149628628820057
A,TRP,907,A_TRP_907,27.74997292352582
A,TYR,940,A_TYR_940,4.1245534813100395
A,TYR,943,A_TYR_943,5.014275046148967
A,VAL,908,A_VAL_908,15.65771273688604
A,VAL,935,A_VAL_935,17.133076290361934
A,VAL,939,A_VAL_939,17.068284373325987
