chain,resname,resnum,res_key,density
A,ALA,103,A_ALA_103,3.1816443168024025
A,ALA,135,A_ALA_135,12.339852653280749
A,ALA,136,A_ALA_136,12.427592645751073
A,ALA,158,A_ALA_158,12.407281755861364
A,ALA,221,A_ALA_221,4.7213316955878675
A,ARG,127,A_ARG_127,12.19331186187301
A,ASN,48,A_ASN_48,21.490329125606326
A,ASN,49,A_ASN_49,7.400839095182246
A,ASP,104,A_ASP_104,9.232219468153785
A,CYS,47,A_CYS_47,7.229646431713414
A,CYS,134,A_CYS_134,17.906556305019105
A,CYS,153,A_CYS_153,12.007909477142054
A,GLU,166,A_GLU_166,2.579109389866493
A,GLY,132,A_GLY_132,11.038082571489234
A,GLY,137,A_GLY_137,10.770734176581735
A,GLY,154,A_GLY_154,10.861684926203552
A,GLY,163,A_GLY_163,10.483358772568401
A,GLY,165,A_GLY_165,7.3154265561068454
A,ILE,111,A_ILE_111,7.704209870362399
A,ILE,133,A_ILE_133,18.667131191136423
A,ILE,160,A_ILE_160,18.903731620566106
A,ILE,219,A_ILE_219,12.11541004161398
A,LEU,129,A_LEU_129,19.295953773872423
A,LEU,141,A_LEU_141,15.040085932554062
A,LEU,152,A_LEU_152,3.5487662044175607
A,LEU,164,A_LEU_164,19.295015062043326
A,LEU,217,A_LEU_217,15.100966100641584
A,LEU,223,A_LEU_223,12.98332668690831
A,LEU,224,A_LEU_224,12.361122952321491
A,MET,55,A_MET_55,8.161196297095113
A,MET,216,A_MET_216,3.179616972351927
A,PHE,50,A_PHE_50,5.7869059489021755
A,PHE,139,A_PHE_139,25.841523488069598
A,PHE,157,A_PHE_157,25.70755586155798
A,PHE,169,A_PHE_169,3.9730560984179437
A,PRO,107,A_PRO_107,11.06587867619417
A,PRO,126,A_PRO_126,5.912452087162777
A,PRO,220,A_PRO_220,15.387853020121774
A,SER,51,A_SER_51,15.900403366399441
A,SER,125,A_SER_125,3.5268156554361902
A,SER,131,A_SER_131,15.593657192447479
A,SER,138,A_SER_138,16.722928842960215
A,SER,151,A_SER_151,3.482395860830127
A,SER,159,A_SER_159,16.744375077100013
A,SER,161,A_SER_161,15.936537054028499
A,SER,162,A_SER_162,16.4870774084314
A,THR,108,A_THR_108,8.02155536734477
A,TYR,52,A_TYR_52,6.641240889447234
A,VAL,128,A_VAL_128,13.549432797903181
A,VAL,130,A_VAL_130,16.461373080527565
A,VAL,140,A_VAL_140,17.13384268113329
A,VAL,142,A_VAL_142,6.384948352356357
A,VAL,155,A_VAL_155,14.40780608048496
A,VAL,156,A_VAL_156,17.164158091731604
