chain,resname,resnum,res_key,density
A,ALA,669,A_ALA_669,12.737544195045157
A,ASN,657,A_ASN_657,21.434340398128807
A,ASN,659,A_ASN_659,21.326826717137134
A,ASN,661,A_ASN_661,20.276302521857012
A,ASN,666,A_ASN_666,2.601217482391693
A,ASN,672,A_ASN_672,20.971202774763412
A,ASP,643,A_ASP_643,8.824350458084384
A,ASP,645,A_ASP_645,11.558033383514523
A,ASP,683,A_ASP_683,21.808871389636778
A,CYS,644,A_CYS_644,18.009852817658945
A,CYS,650,A_CYS_650,17.53093041622124
A,CYS,656,A_CYS_656,18.245267915997317
A,CYS,662,A_CYS_662,17.87044801012871
A,CYS,664,A_CYS_664,19.05487431094538
A,CYS,673,A_CYS_673,18.155204526287996
A,GLN,500,A_GLN_500,23.382827861103912
A,GLN,647,A_GLN_647,10.280774465443804
A,GLU,665,A_GLU_665,23.54417865574414
A,GLU,674,A_GLU_674,13.943108010944282
A,GLY,652,A_GLY_652,10.48723276212305
A,GLY,654,A_GLY_654,10.167869021364877
A,GLY,679,A_GLY_679,10.553006853386313
A,GLY,680,A_GLY_680,9.953929735873883
A,GLY,685,A_GLY_685,9.079527723213157
A,HIS,651,A_HIS_651,24.10076237859252
A,HIS,653,A_HIS_653,18.448699658780942
A,HIS,663,A_HIS_663,24.2170847553166
A,ILE,499,A_ILE_499,18.78465653449446
A,LYS,648,A_LYS_648,12.593948785795277
A,LYS,649,A_LYS_649,20.42236783561382
A,LYS,660,A_LYS_660,17.802623558458247
A,PHE,498,A_PHE_498,10.27963655218748
A,PRO,483,A_PRO_483,5.455724350177211
A,PRO,670,A_PRO_670,15.79318815729253
A,PRO,671,A_PRO_671,15.80956743316283
A,SER,658,A_SER_658,14.290083985654437
A,SER,681,A_SER_681,14.811470096685932
A,SER,684,A_SER_684,15.00380650698859
A,THR,675,A_THR_675,9.164520185076903
A,THR,687,A_THR_687,5.055883991132305
A,TRP,668,A_TRP_668,22.795621542043
A,TYR,503,A_TYR_503,13.448741669621487
A,TYR,642,A_TYR_642,6.96449597779084
A,TYR,678,A_TYR_678,2.6217789005109093
A,VAL,482,A_VAL_482,13.234028158712
A,VAL,497,A_VAL_497,13.359728321986214
A,VAL,646,A_VAL_646,16.61727346631963
A,VAL,655,A_VAL_655,16.5732199786598
A,VAL,682,A_VAL_682,16.14260162983995
