chain,resname,resnum,res_key,density
A,ALA,453,A_ALA_453,12.140918412019754
A,ALA,456,A_ALA_456,12.642521431778752
A,ARG,465,A_ARG_465,24.689095578810306
A,ASP,429,A_ASP_429,17.88732311442726
A,ASP,439,A_ASP_439,20.122128051044783
A,ASP,463,A_ASP_463,21.28089718685426
A,CYS,428,A_CYS_428,19.192904987505692
A,CYS,430,A_CYS_430,17.1773833453071
A,CYS,436,A_CYS_436,18.083498521282408
A,CYS,441,A_CYS_441,18.625208780848677
A,CYS,442,A_CYS_442,17.27427577811621
A,CYS,447,A_CYS_447,19.368385120672333
A,CYS,455,A_CYS_455,18.16982548040597
A,CYS,461,A_CYS_461,17.326878706897265
A,CYS,464,A_CYS_464,18.239985371043655
A,GLN,491,A_GLN_491,12.677729448673475
A,GLU,426,A_GLU_426,2.4891827348790567
A,GLU,427,A_GLU_427,23.421119009435145
A,GLU,435,A_GLU_435,5.795104425621044
A,GLU,437,A_GLU_437,12.773517027456041
A,GLU,443,A_GLU_443,24.280593993794945
A,GLU,454,A_GLU_454,23.415103086623944
A,GLY,431,A_GLY_431,5.974947317292822
A,GLY,444,A_GLY_444,10.047104967134029
A,GLY,458,A_GLY_458,8.190985644395306
A,LEU,438,A_LEU_438,14.652450827136738
A,LEU,449,A_LEU_449,16.46007813948557
A,LYS,448,A_LYS_448,14.264114255810382
A,LYS,450,A_LYS_450,21.220485770398774
A,LYS,462,A_LYS_462,15.087807664204679
A,PHE,452,A_PHE_452,25.170435210076512
A,PHE,466,A_PHE_466,12.89417482059942
A,PRO,440,A_PRO_440,16.01648441827888
A,SER,445,A_SER_445,2.692021385952495
A,SER,451,A_SER_451,15.66060861688504
A,THR,446,A_THR_446,10.237024197973113
A,TYR,457,A_TYR_457,26.528958546700974
A,VAL,422,A_VAL_422,3.544233165751808
