chain,resname,resnum,res_key,density
A,ARG,474,A_ARG_474,26.240353013588212
A,ASN,400,A_ASN_400,11.876703943802138
A,ASN,487,A_ASN_487,20.53603472853504
A,ASN,689,A_ASN_689,2.9783301682711043
A,ASP,459,A_ASP_459,21.101674052002444
A,ASP,481,A_ASP_481,8.791134789630057
A,ASP,496,A_ASP_496,18.335873357164324
A,ASP,683,A_ASP_683,6.2398827464490285
A,CYS,460,A_CYS_460,18.296711635782856
A,CYS,461,A_CYS_461,12.054293605641375
A,CYS,473,A_CYS_473,16.565586437697604
A,CYS,486,A_CYS_486,17.850205927476573
A,CYS,493,A_CYS_493,17.110584207189856
A,GLN,491,A_GLN_491,14.452111962685258
A,GLN,494,A_GLN_494,22.36136170167312
A,GLU,484,A_GLU_484,23.23853451779699
A,GLY,458,A_GLY_458,10.78515684055139
A,GLY,469,A_GLY_469,10.448415012721961
A,GLY,470,A_GLY_470,10.258514016815909
A,GLY,475,A_GLY_475,10.077424049598804
A,GLY,488,A_GLY_488,4.910272167764747
A,GLY,685,A_GLY_685,11.089959279937965
A,HIS,663,A_HIS_663,1.8814818587181281
A,LEU,467,A_LEU_467,18.917487869793554
A,LEU,472,A_LEU_472,17.882601719863843
A,LYS,397,A_LYS_397,13.808016275782167
A,LYS,462,A_LYS_462,9.148205176744721
A,LYS,476,A_LYS_476,14.726450579150804
A,PHE,466,A_PHE_466,4.666633886345193
A,PHE,492,A_PHE_492,18.648228748584945
A,PRO,468,A_PRO_468,16.023172053802597
A,PRO,483,A_PRO_483,16.04167308678317
A,PRO,495,A_PRO_495,16.487316887486458
A,PRO,686,A_PRO_686,14.294289433816457
A,SER,490,A_SER_490,15.134475981291928
A,SER,684,A_SER_684,15.00380650698859
A,THR,471,A_THR_471,18.09334476148574
A,THR,477,A_THR_477,4.396855708145331
A,THR,687,A_THR_687,14.681014201732458
A,TYR,457,A_TYR_457,5.483066663437409
A,TYR,485,A_TYR_485,28.42336605110898
A,VAL,482,A_VAL_482,14.641435286952522
A,VAL,497,A_VAL_497,8.311897391481846
