chain,resname,resnum,res_key,density
A,ALA,564,A_ALA_564,12.498769355257648
A,ALA,568,A_ALA_568,11.992458989994805
A,ALA,625,A_ALA_625,13.016074601291354
A,ALA,637,A_ALA_637,13.148115655046308
A,ARG,630,A_ARG_630,23.717723676999984
A,ASN,544,A_ASN_544,2.4969742376624127
A,ASN,567,A_ASN_567,20.062072907275528
A,ASN,618,A_ASN_618,8.559695210596201
A,ASN,631,A_ASN_631,21.79900012509541
A,ASP,636,A_ASP_636,20.920352798311317
A,CYS,553,A_CYS_553,14.14641139066435
A,CYS,563,A_CYS_563,14.737734456717419
A,CYS,570,A_CYS_570,17.30411035694589
A,CYS,623,A_CYS_623,17.65235731716164
A,CYS,629,A_CYS_629,16.97673644931848
A,CYS,634,A_CYS_634,18.45653692091619
A,GLN,633,A_GLN_633,23.30861153127915
A,GLU,619,A_GLU_619,23.434200300278974
A,GLY,566,A_GLY_566,10.441796985496602
A,GLY,571,A_GLY_571,10.280671553958042
A,GLY,620,A_GLY_620,9.962519882366543
A,GLY,624,A_GLY_624,10.417198014861196
A,GLY,626,A_GLY_626,9.887098756995588
A,ILE,541,A_ILE_541,3.9863978278422643
A,ILE,628,A_ILE_628,18.725062666074646
A,LEU,569,A_LEU_569,18.670538935051567
A,LEU,640,A_LEU_640,5.684035701293577
A,LYS,537,A_LYS_537,8.540919631133393
A,LYS,561,A_LYS_561,2.5537336978092697
A,LYS,622,A_LYS_622,17.891877806436366
A,LYS,627,A_LYS_627,21.2857230555125
A,PHE,540,A_PHE_540,8.322510735342508
A,PHE,632,A_PHE_632,21.78090761113885
A,SER,638,A_SER_638,10.430174139121306
A,THR,565,A_THR_565,17.97631794327074
A,THR,621,A_THR_621,17.773925109335465
A,TYR,511,A_TYR_511,9.906601544489707
A,TYR,520,A_TYR_520,13.70827516760205
A,VAL,617,A_VAL_617,14.483716278988702
A,VAL,635,A_VAL_635,16.087794476210394
A,VAL,639,A_VAL_639,12.850055580380113
