chain,resname,resnum,res_key,density
A,ALA,387,A_ALA_387,12.378296759815331
A,ARG,205,A_ARG_205,3.4331470853145793
A,ARG,361,A_ARG_361,26.896486478704375
A,ASN,356,A_ASN_356,20.37127639642207
A,ASN,373,A_ASN_373,12.652138978997169
A,ASN,381,A_ASN_381,8.970852055515671
A,ASP,358,A_ASP_358,21.042749349419267
A,ASP,359,A_ASP_359,18.94662083557274
A,ASP,362,A_ASP_362,21.314393739014612
A,ASP,389,A_ASP_389,21.503101194550688
A,CYS,363,A_CYS_363,17.534076904939596
A,CYS,365,A_CYS_365,18.340966168648052
A,CYS,370,A_CYS_370,18.212350364446102
A,CYS,385,A_CYS_385,17.741544282797772
A,GLU,388,A_GLU_388,24.494296981627794
A,GLU,391,A_GLU_391,23.454712112388453
A,GLY,350,A_GLY_350,7.669663217204843
A,GLY,354,A_GLY_354,10.334534748881511
A,GLY,360,A_GLY_360,10.271948079180259
A,GLY,366,A_GLY_366,2.5673753795696492
A,GLY,585,A_GLY_585,7.109420779854856
A,HIS,351,A_HIS_351,7.8013815245684075
A,HIS,357,A_HIS_357,17.609245801856503
A,ILE,371,A_ILE_371,15.377215896663271
A,ILE,586,A_ILE_586,3.693203507176361
A,LEU,253,A_LEU_253,8.963827263725333
A,LEU,353,A_LEU_353,5.597896586695299
A,LEU,393,A_LEU_393,2.8349386476014575
A,LYS,392,A_LYS_392,17.910285506338937
A,MET,252,A_MET_252,11.843264457283446
A,MET,355,A_MET_355,21.10378225390208
A,MET,372,A_MET_372,21.32027137134891
A,PHE,382,A_PHE_382,24.030625474935118
A,PHE,390,A_PHE_390,19.55593053557064
A,PHE,584,A_PHE_584,3.335376819549182
A,SER,364,A_SER_364,16.450016715810804
A,SER,369,A_SER_369,2.6376296446273946
A,SER,374,A_SER_374,2.560896707588825
A,SER,383,A_SER_383,15.794204034877117
A,SER,384,A_SER_384,16.390297589915292
A,SER,386,A_SER_386,15.025758122058493
A,VAL,207,A_VAL_207,4.8240753154443805
