chain,resname,resnum,res_key,density
A,ALA,510,A_ALA_510,12.451631278114482
A,ALA,522,A_ALA_522,1.848943446874956
A,ASN,501,A_ASN_501,20.715340012168323
A,ASN,507,A_ASN_507,2.84105270849733
A,ASN,514,A_ASN_514,20.384151337810778
A,ASN,657,A_ASN_657,18.865635145194318
A,ASP,481,A_ASP_481,19.950752161711
A,ASP,496,A_ASP_496,14.941017257331547
A,CYS,480,A_CYS_480,17.261957718440087
A,CYS,505,A_CYS_505,17.286235560871496
A,CYS,512,A_CYS_512,17.92293957269344
A,CYS,517,A_CYS_517,18.317236309194456
A,CYS,656,A_CYS_656,12.749456922359238
A,GLN,500,A_GLN_500,21.01098951779427
A,GLN,506,A_GLN_506,19.04715811416222
A,GLN,518,A_GLN_518,22.535532016434836
A,GLU,479,A_GLU_479,23.46094786239361
A,GLU,484,A_GLU_484,8.705910708159061
A,GLU,619,A_GLU_619,3.0696186397085863
A,GLY,475,A_GLY_475,5.861760120499291
A,GLY,502,A_GLY_502,10.35708500772094
A,GLY,515,A_GLY_515,10.306460841190102
A,GLY,620,A_GLY_620,7.3311823002038174
A,GLY,654,A_GLY_654,2.3598479686709117
A,HIS,663,A_HIS_663,16.7833078871622
A,ILE,499,A_ILE_499,18.78465653449446
A,LEU,640,A_LEU_640,1.9059557224564014
A,LYS,476,A_LYS_476,20.845227304267343
A,MET,516,A_MET_516,21.470469932424457
A,PHE,498,A_PHE_498,24.401318772871928
A,PRO,483,A_PRO_483,16.04167308678317
A,PRO,504,A_PRO_504,16.114831396036884
A,SER,325,A_SER_325,3.366587213024171
A,SER,478,A_SER_478,16.27428813619543
A,SER,658,A_SER_658,11.566981275451994
A,THR,477,A_THR_477,17.222208428368578
A,TYR,503,A_TYR_503,28.947925565115597
A,TYR,511,A_TYR_511,18.912089550262202
A,TYR,513,A_TYR_513,23.53853972841726
A,TYR,519,A_TYR_519,18.5042274118564
A,TYR,642,A_TYR_642,8.51404978208739
A,VAL,482,A_VAL_482,16.456874659284104
A,VAL,497,A_VAL_497,14.67649559350922
A,VAL,655,A_VAL_655,16.5732199786598
