chain,resname,resnum,res_key,density
A,ALA,453,A_ALA_453,12.140918412019754
A,ALA,456,A_ALA_456,12.642521431778752
A,ARG,465,A_ARG_465,22.09242967230577
A,ASN,487,A_ASN_487,13.583297629062415
A,ASP,439,A_ASP_439,9.05582619813348
A,ASP,459,A_ASP_459,21.101674052002444
A,ASP,463,A_ASP_463,21.28089718685426
A,CYS,428,A_CYS_428,4.2778153044022815
A,CYS,441,A_CYS_441,18.625208780848677
A,CYS,442,A_CYS_442,4.198042776994154
A,CYS,455,A_CYS_455,18.16982548040597
A,CYS,460,A_CYS_460,18.296711635782856
A,CYS,461,A_CYS_461,17.326878706897265
A,CYS,464,A_CYS_464,18.239985371043655
A,CYS,473,A_CYS_473,16.565586437697604
A,CYS,486,A_CYS_486,17.850205927476573
A,CYS,493,A_CYS_493,17.110584207189856
A,GLN,491,A_GLN_491,22.78476483989464
A,GLU,427,A_GLU_427,5.92756225205885
A,GLU,454,A_GLU_454,23.415103086623944
A,GLY,458,A_GLY_458,10.78515684055139
A,GLY,469,A_GLY_469,2.6847780173274804
A,GLY,488,A_GLY_488,10.410105347065379
A,LEU,403,A_LEU_403,1.8901262073550757
A,LEU,449,A_LEU_449,7.200806734330191
A,LEU,467,A_LEU_467,18.917487869793554
A,LEU,472,A_LEU_472,8.425927636035377
A,LYS,462,A_LYS_462,21.586732832890036
A,PHE,452,A_PHE_452,9.531204374395665
A,PHE,466,A_PHE_466,24.575748191489566
A,PHE,492,A_PHE_492,24.847289463502218
A,PRO,440,A_PRO_440,16.01648441827888
A,PRO,468,A_PRO_468,16.023172053802597
A,SER,489,A_SER_489,10.398973443123793
A,SER,490,A_SER_490,15.134475981291928
A,THR,471,A_THR_471,18.09334476148574
A,TYR,457,A_TYR_457,26.528958546700974
A,TYR,485,A_TYR_485,2.793489463909466
