chain,resname,resnum,res_key,density
A,ALA,522,A_ALA_522,12.253441978564824
A,ALA,532,A_ALA_532,13.1360431284847
A,ALA,534,A_ALA_534,12.812628304778737
A,ALA,535,A_ALA_535,12.149683692142908
A,ALA,568,A_ALA_568,3.558463064633823
A,ALA,589,A_ALA_589,3.1666267864862676
A,ASN,544,A_ASN_544,10.974331676299256
A,ASN,577,A_ASN_577,21.022280148224755
A,ASP,521,A_ASP_521,22.076732722418026
A,ASP,538,A_ASP_538,11.482633888948877
A,ASP,604,A_ASP_604,2.5809133903177566
A,CYS,524,A_CYS_524,17.329379198927466
A,CYS,539,A_CYS_539,18.66699947727865
A,CYS,575,A_CYS_575,17.294669881745193
A,CYS,600,A_CYS_600,18.314598631795654
A,GLN,523,A_GLN_523,21.521023021217868
A,GLN,525,A_GLN_525,23.13862736051052
A,GLN,574,A_GLN_574,21.646524433483904
A,GLN,579,A_GLN_579,10.813638142565706
A,GLN,592,A_GLN_592,23.15322583944798
A,GLU,576,A_GLU_576,23.573333309101578
A,GLU,580,A_GLU_580,8.618003232118548
A,GLY,529,A_GLY_529,10.749928026250437
A,GLY,551,A_GLY_551,4.869539565133083
A,GLY,571,A_GLY_571,5.758767570174232
A,GLY,602,A_GLY_602,10.290962240150318
A,GLY,615,A_GLY_615,10.19092264959458
A,ILE,527,A_ILE_527,18.192184363877445
A,ILE,541,A_ILE_541,3.1327081656306244
A,ILE,590,A_ILE_590,18.454974423396912
A,ILE,591,A_ILE_591,15.778686279187639
A,LEU,569,A_LEU_569,5.1236008919087945
A,LEU,573,A_LEU_573,17.723930730716454
A,LYS,531,A_LYS_531,12.561269334183084
A,LYS,533,A_LYS_533,21.282804715109087
A,LYS,537,A_LYS_537,10.853254557593665
A,LYS,572,A_LYS_572,20.63744667787486
A,LYS,599,A_LYS_599,16.280698586520646
A,MET,616,A_MET_616,10.530391314488494
A,PHE,528,A_PHE_528,25.025660055703945
A,PHE,540,A_PHE_540,25.175592403137586
A,PHE,550,A_PHE_550,15.464430626670897
A,PHE,605,A_PHE_605,4.197138613276103
A,PRO,536,A_PRO_536,16.351879195481228
A,PRO,582,A_PRO_582,5.441100240192535
A,PRO,594,A_PRO_594,4.504842488410971
A,PRO,614,A_PRO_614,5.803943122010821
A,SER,530,A_SER_530,10.542605431122917
A,SER,595,A_SER_595,13.191336517125743
A,THR,593,A_THR_593,17.15094581428407
A,THR,598,A_THR_598,17.54018473457763
A,TRP,601,A_TRP_601,31.739718044615607
A,TYR,519,A_TYR_519,5.95488378335844
A,TYR,520,A_TYR_520,29.09579538351823
A,VAL,526,A_VAL_526,12.197899617928444
A,VAL,543,A_VAL_543,13.566521670280444
A,VAL,578,A_VAL_578,16.317865053699755
A,VAL,603,A_VAL_603,16.71918150546807
A,VAL,617,A_VAL_617,10.623620763221341
