chain,resname,resnum,res_key,density
A,ALA,273,A_ALA_273,13.147042477099504
A,ALA,296,A_ALA_296,12.989861499089873
A,ASN,304,A_ASN_304,20.557720040987444
A,ASN,308,A_ASN_308,15.55309183359157
A,ASP,66,A_ASP_66,8.70566386077884
A,CYS,267,A_CYS_267,18.019396620665773
A,CYS,269,A_CYS_269,17.54390884466776
A,CYS,271,A_CYS_271,18.147105124072635
A,GLY,266,A_GLY_266,10.696079120371252
A,GLY,301,A_GLY_301,10.517604694289565
A,GLY,306,A_GLY_306,7.623989828104685
A,ILE,108,A_ILE_108,5.62811884814894
A,ILE,263,A_ILE_263,6.072012992871832
A,ILE,264,A_ILE_264,14.961709707173306
A,ILE,303,A_ILE_303,18.863740964036474
A,LEU,111,A_LEU_111,6.110820391965715
A,LEU,270,A_LEU_270,17.916742460151834
A,LEU,298,A_LEU_298,16.80416242323431
A,LEU,300,A_LEU_300,18.128682924425792
A,LEU,307,A_LEU_307,18.218127660709566
A,LEU,311,A_LEU_311,6.209582667599406
A,MET,74,A_MET_74,1.3700743617856135
A,MET,208,A_MET_208,1.6665182375226673
A,MET,265,A_MET_265,15.029556710260682
A,PHE,201,A_PHE_201,14.39455906066385
A,PHE,205,A_PHE_205,12.835561959485386
A,PHE,268,A_PHE_268,26.20436133099312
A,PHE,275,A_PHE_275,25.98003115708575
A,PHE,276,A_PHE_276,22.043919598043228
A,PHE,297,A_PHE_297,24.8667689188035
A,PRO,274,A_PRO_274,16.282579684793724
A,SER,107,A_SER_107,1.6098502008035673
A,SER,305,A_SER_305,15.956068365388312
A,THR,104,A_THR_104,15.23824055075518
A,THR,278,A_THR_278,6.002626279371485
A,THR,295,A_THR_295,5.939634229714407
A,TRP,272,A_TRP_272,32.16626809905565
A,TRP,294,A_TRP_294,3.720694130643467
A,TRP,299,A_TRP_299,19.127573191547565
A,TYR,302,A_TYR_302,25.711250446392086
A,VAL,29,A_VAL_29,2.063952658411336
A,VAL,277,A_VAL_277,8.783283462423732
A,VAL,293,A_VAL_293,3.0569640211794926
