chain,resname,resnum,res_key,density
A,ALA,106,A_ALA_106,2.843151857326608
A,ALA,193,A_ALA_193,13.90199306558349
A,ALA,200,A_ALA_200,12.403311946072495
A,ASN,162,A_ASN_162,20.66725276828271
A,ASN,189,A_ASN_189,22.00771286416917
A,ASN,279,A_ASN_279,21.17774571069866
A,ASP,100,A_ASP_100,6.027628112560375
A,CYS,196,A_CYS_196,17.443813515205516
A,ILE,108,A_ILE_108,7.878016557450278
A,ILE,148,A_ILE_148,8.382113617625444
A,ILE,152,A_ILE_152,17.886013457258592
A,ILE,157,A_ILE_157,12.899085103349506
A,ILE,194,A_ILE_194,18.643914714025637
A,ILE,203,A_ILE_203,14.674430678606123
A,ILE,280,A_ILE_280,18.437032875559858
A,LEU,102,A_LEU_102,12.582684153810948
A,LEU,155,A_LEU_155,5.372770656585063
A,LYS,190,A_LYS_190,12.51026036684399
A,MET,187,A_MET_187,5.801518479907285
A,PHE,109,A_PHE_109,13.152806914307861
A,PHE,151,A_PHE_151,11.358367423398075
A,PHE,154,A_PHE_154,4.90211351079299
A,PHE,186,A_PHE_186,13.112305291368257
A,PHE,201,A_PHE_201,25.040517560117205
A,PHE,275,A_PHE_275,21.04696928481976
A,PHE,276,A_PHE_276,24.784020201299438
A,PHE,284,A_PHE_284,1.9461459186896057
A,PRO,149,A_PRO_149,15.839084432805961
A,PRO,156,A_PRO_156,16.67037050552311
A,PRO,191,A_PRO_191,16.696937955835555
A,PRO,204,A_PRO_204,9.96857401764957
A,PRO,283,A_PRO_283,5.532429459571519
A,SER,98,A_SER_98,5.675812984750755
A,SER,153,A_SER_153,15.976204354849031
A,SER,197,A_SER_197,16.823181933706465
A,THR,97,A_THR_97,5.201025784889989
A,THR,104,A_THR_104,18.37601770267363
A,THR,105,A_THR_105,18.08076184441946
A,THR,150,A_THR_150,8.571929162337673
A,THR,195,A_THR_195,17.835493834477354
A,THR,278,A_THR_278,5.929125602984842
A,TRP,161,A_TRP_161,20.58584542174472
A,TRP,272,A_TRP_272,4.326840876327213
A,TRP,294,A_TRP_294,4.407859265998397
A,TYR,192,A_TYR_192,28.11714280246206
A,TYR,202,A_TYR_202,28.902815893752052
A,VAL,101,A_VAL_101,17.176604370655458
A,VAL,188,A_VAL_188,16.498840422178592
A,VAL,198,A_VAL_198,17.04213790304708
A,VAL,199,A_VAL_199,16.558538497845625
A,VAL,277,A_VAL_277,10.626169730097004
A,VAL,281,A_VAL_281,2.71705217098634
