chain,resname,resnum,res_key,density
A,ALA,63,A_ALA_63,2.815475348103647
A,ALA,65,A_ALA_65,13.443252462374282
A,ALA,106,A_ALA_106,12.80305259227296
A,ALA,139,A_ALA_139,12.687418071575689
A,ALA,200,A_ALA_200,9.763195365040058
A,ARG,137,A_ARG_137,5.978582567847524
A,ASP,66,A_ASP_66,2.580470843968496
A,CYS,112,A_CYS_112,18.305577243241668
A,CYS,113,A_CYS_113,19.269767580275694
A,CYS,145,A_CYS_145,18.02745979643691
A,GLY,143,A_GLY_143,10.46660281378596
A,GLY,144,A_GLY_144,10.411614430130717
A,HIS,110,A_HIS_110,23.1885574479391
A,ILE,59,A_ILE_59,10.712829701831083
A,ILE,108,A_ILE_108,18.389229970017865
A,ILE,114,A_ILE_114,11.0332843009419
A,ILE,138,A_ILE_138,14.449986798881104
A,ILE,148,A_ILE_148,18.88631136443611
A,ILE,152,A_ILE_152,12.390018111789185
A,LEU,62,A_LEU_62,17.927916299645858
A,LEU,68,A_LEU_68,1.7686282054537448
A,LEU,102,A_LEU_102,19.014622076239277
A,LEU,103,A_LEU_103,17.40334888739028
A,LEU,111,A_LEU_111,18.430407646449307
A,LEU,116,A_LEU_116,4.1512408135683065
A,LEU,140,A_LEU_140,17.148190127642902
A,LEU,142,A_LEU_142,18.12719076153172
A,MET,141,A_MET_141,22.209968162592883
A,MET,208,A_MET_208,5.607732326016589
A,PHE,58,A_PHE_58,25.43043483691974
A,PHE,64,A_PHE_64,18.912334758869946
A,PHE,109,A_PHE_109,25.095490303419005
A,PHE,151,A_PHE_151,16.768783485740613
A,PRO,149,A_PRO_149,15.839084432805961
A,PRO,204,A_PRO_204,7.113839467283763
A,SER,61,A_SER_61,16.008703636882625
A,SER,107,A_SER_107,16.396930414205052
A,SER,153,A_SER_153,7.9109230861834305
A,THR,104,A_THR_104,16.218056937099586
A,THR,105,A_THR_105,18.08076184441946
A,THR,150,A_THR_150,17.71388698112934
A,TRP,146,A_TRP_146,32.168032815127155
A,TYR,57,A_TYR_57,9.442330891458733
A,VAL,60,A_VAL_60,8.649870557507338
A,VAL,101,A_VAL_101,6.526451860936987
A,VAL,147,A_VAL_147,16.72572271724353
A,VAL,199,A_VAL_199,8.019389414579027
