chain,resname,resnum,res_key,density
A,ARG,96,A_ARG_96,26.87108797965412
A,ASN,162,A_ASN_162,8.041701276442433
A,ASN,163,A_ASN_163,2.234140963733164
A,ASP,100,A_ASP_100,18.21474476459664
A,CYS,93,A_CYS_93,18.7273151991351
A,CYS,184,A_CYS_184,17.46183958254381
A,GLU,80,A_GLU_80,20.39912451399363
A,GLU,90,A_GLU_90,23.129573205671992
A,GLY,77,A_GLY_77,10.70368723069417
A,GLY,89,A_GLY_89,10.615025148928789
A,GLY,160,A_GLY_160,4.6724675912528975
A,ILE,85,A_ILE_85,7.800470981924851
A,ILE,87,A_ILE_87,14.551594683806954
A,ILE,157,A_ILE_157,18.34035364214592
A,ILE,170,A_ILE_170,10.975730024433652
A,LEU,72,A_LEU_72,7.900733548190203
A,LEU,94,A_LEU_94,18.331132790183684
A,LEU,99,A_LEU_99,18.65916440745622
A,LEU,298,A_LEU_298,1.8107915207714036
A,LYS,174,A_LYS_174,21.250405518458916
A,MET,158,A_MET_158,21.451642977257045
A,MET,187,A_MET_187,10.178026443769268
A,PHE,76,A_PHE_76,26.02844177121237
A,PHE,92,A_PHE_92,25.000728564744122
A,PHE,154,A_PHE_154,18.076984887009957
A,PHE,186,A_PHE_186,25.187007720609984
A,SER,98,A_SER_98,16.44891199574133
A,SER,153,A_SER_153,3.5261753487620653
A,THR,97,A_THR_97,17.340341976557074
A,THR,182,A_THR_182,14.798926954612648
A,TRP,86,A_TRP_86,33.453501838657935
A,TYR,88,A_TYR_88,27.77584780043968
A,TYR,183,A_TYR_183,15.988230986886931
A,TYR,302,A_TYR_302,3.055162147346364
A,VAL,73,A_VAL_73,15.632871741041658
A,VAL,91,A_VAL_91,16.953418341337347
A,VAL,95,A_VAL_95,16.683060174991102
A,VAL,101,A_VAL_101,6.746095250354983
A,VAL,185,A_VAL_185,16.35330970680445
