chain,resname,resnum,res_key,density
A,ALA,231,A_ALA_231,6.055002285500745
A,ALA,234,A_ALA_234,9.57180157966192
A,ALA,253,A_ALA_253,9.35536106940967
A,ALA,259,A_ALA_259,5.439249913512647
A,ALA,273,A_ALA_273,12.668615804825436
A,ALA,321,A_ALA_321,8.988646191808229
A,ARG,239,A_ARG_239,27.76702144173426
A,ARG,255,A_ARG_255,8.877631766779912
A,ASN,204,A_ASN_204,8.692846114851411
A,ASN,236,A_ASN_236,2.743956773195131
A,ASN,270,A_ASN_270,20.97791010377216
A,ASP,262,A_ASP_262,2.7731555611522127
A,CYS,237,A_CYS_237,2.7531068142287287
A,CYS,276,A_CYS_276,18.211543617982958
A,GLN,206,A_GLN_206,22.60768346552711
A,GLN,316,A_GLN_316,7.581948158043206
A,GLU,209,A_GLU_209,12.751947979485754
A,GLU,235,A_GLU_235,22.884595246138463
A,GLU,271,A_GLU_271,15.05345384048625
A,GLU,320,A_GLU_320,23.49968317071217
A,GLY,313,A_GLY_313,5.515258374881635
A,HIS,260,A_HIS_260,24.42870018275779
A,HIS,275,A_HIS_275,24.149610063812737
A,ILE,279,A_ILE_279,17.871384312687855
A,ILE,280,A_ILE_280,19.259135331013496
A,ILE,284,A_ILE_284,8.986532057941693
A,ILE,296,A_ILE_296,7.327892805286998
A,ILE,314,A_ILE_314,5.059846340024396
A,ILE,324,A_ILE_324,7.769629180238682
A,LEU,201,A_LEU_201,16.76579832322795
A,LEU,202,A_LEU_202,18.13451932956246
A,LEU,242,A_LEU_242,12.791029347083981
A,LEU,261,A_LEU_261,18.193549088832366
A,LEU,266,A_LEU_266,18.37385952768958
A,LEU,318,A_LEU_318,4.697711207193397
A,LYS,207,A_LYS_207,2.6030738945981122
A,LYS,278,A_LYS_278,21.47804988630837
A,MET,205,A_MET_205,20.987994820289877
A,MET,281,A_MET_281,20.439120280487433
A,PHE,203,A_PHE_203,7.639896750912858
A,PHE,238,A_PHE_238,25.14879378343428
A,PHE,258,A_PHE_258,25.55683227427613
A,PHE,272,A_PHE_272,25.63633382830499
A,PHE,277,A_PHE_277,24.907161215864605
A,PRO,199,A_PRO_199,10.24242713439756
A,PRO,256,A_PRO_256,12.841118587408486
A,PRO,269,A_PRO_269,6.332739169751867
A,SER,283,A_SER_283,12.060168190228996
A,TRP,267,A_TRP_267,25.982753434885232
A,TYR,282,A_TYR_282,27.9558227907213
A,VAL,198,A_VAL_198,13.38496689976552
A,VAL,254,A_VAL_254,16.67655126761118
A,VAL,257,A_VAL_257,16.642553708466494
A,VAL,274,A_VAL_274,16.1403938741427
A,VAL,292,A_VAL_292,8.569942922071162
A,VAL,317,A_VAL_317,16.63532872330331
