chain,resname,resnum,res_key,density
A,ALA,582,A_ALA_582,12.60935999218442
A,ALA,599,A_ALA_599,12.390144715886567
A,ALA,602,A_ALA_602,8.928277512345387
A,ALA,603,A_ALA_603,4.987502345949017
A,ALA,632,A_ALA_632,12.550444650579223
A,ARG,594,A_ARG_594,26.079182631671035
A,ARG,628,A_ARG_628,24.980936974258736
A,ARG,642,A_ARG_642,5.891421438207473
A,ASN,543,A_ASN_543,10.009233422527464
A,ASN,585,A_ASN_585,14.590401208358713
A,ASP,580,A_ASP_580,8.584134692910265
A,CYS,538,A_CYS_538,15.011536176181467
A,CYS,595,A_CYS_595,18.712356124804135
A,CYS,645,A_CYS_645,17.539979859435636
A,GLN,545,A_GLN_545,11.526915680513042
A,GLN,579,A_GLN_579,21.02426653706142
A,GLU,540,A_GLU_540,3.47191741950016
A,GLU,631,A_GLU_631,5.039578102807434
A,GLU,638,A_GLU_638,13.456795217725102
A,GLU,652,A_GLU_652,2.7629546846802198
A,GLY,596,A_GLY_596,11.113067444004653
A,HIS,593,A_HIS_593,24.63517327454658
A,HIS,639,A_HIS_639,19.242234642876895
A,HIS,654,A_HIS_654,13.635102435613756
A,ILE,499,A_ILE_499,5.950322005963727
A,ILE,583,A_ILE_583,18.606505039037533
A,ILE,584,A_ILE_584,2.816647594864915
A,ILE,597,A_ILE_597,17.363248157111617
A,ILE,640,A_ILE_640,17.611459367759956
A,LEU,578,A_LEU_578,11.734003493701216
A,LEU,589,A_LEU_589,18.96407033297498
A,LEU,600,A_LEU_600,19.51396937355211
A,LEU,636,A_LEU_636,18.54205273720008
A,LEU,647,A_LEU_647,18.24806552985447
A,LEU,651,A_LEU_651,17.958377143034234
A,LEU,658,A_LEU_658,11.297595226332309
A,LYS,539,A_LYS_539,4.310936486932302
A,LYS,649,A_LYS_649,10.353502486655902
A,MET,591,A_MET_591,20.22940523026818
A,MET,598,A_MET_598,21.212630824535914
A,MET,646,A_MET_646,12.762470149332483
A,PHE,592,A_PHE_592,25.653907447107972
A,PHE,635,A_PHE_635,25.134054309858108
A,PHE,641,A_PHE_641,24.75866623900044
A,PHE,660,A_PHE_660,4.320429960351783
A,PRO,590,A_PRO_590,16.218399204300553
A,PRO,633,A_PRO_633,16.344620802663684
A,PRO,637,A_PRO_637,15.48011238873564
A,PRO,648,A_PRO_648,16.35773326816383
A,SER,581,A_SER_581,15.92075429396968
A,SER,650,A_SER_650,10.18545695618041
A,TYR,548,A_TYR_548,24.875234606858818
A,TYR,634,A_TYR_634,28.10581251177217
A,TYR,659,A_TYR_659,13.897065002579907
A,VAL,544,A_VAL_544,5.8321768667658125
A,VAL,601,A_VAL_601,17.256592652876808
