chain,resname,resnum,res_key,density
A,ALA,5,A_ALA_5,9.635244123258564
A,ALA,9,A_ALA_9,13.279545128549419
A,ALA,22,A_ALA_22,12.200099526801175
A,ASP,18,A_ASP_18,21.657540470022234
A,CYS,19,A_CYS_19,17.810010787986723
A,CYS,49,A_CYS_49,5.774381486282895
A,GLN,6,A_GLN_6,10.721445847404059
A,GLN,7,A_GLN_7,8.626639056471824
A,GLN,13,A_GLN_13,23.397643431033092
A,GLU,10,A_GLU_10,14.392695331093465
A,GLU,11,A_GLU_11,13.159348421942234
A,GLU,20,A_GLU_20,23.85408627336864
A,GLU,21,A_GLU_21,23.730564510775068
A,GLU,25,A_GLU_25,20.997909043184528
A,GLY,16,A_GLY_16,9.677489782325457
A,GLY,56,A_GLY_56,10.368935159656793
A,ILE,14,A_ILE_14,7.242350471533528
A,ILE,24,A_ILE_24,18.51159641983373
A,ILE,46,A_ILE_46,4.051591930978414
A,ILE,61,A_ILE_61,7.923512870325117
A,LEU,8,A_LEU_8,17.948463007009572
A,LEU,12,A_LEU_12,19.05933484654775
A,LEU,17,A_LEU_17,18.379017758381714
A,LEU,23,A_LEU_23,18.59587600686777
A,LEU,27,A_LEU_27,14.96685325104673
A,LEU,45,A_LEU_45,7.714351709883865
A,LEU,57,A_LEU_57,17.2121745511604
A,LEU,62,A_LEU_62,11.767062770240722
A,LYS,26,A_LYS_26,16.15875877790418
A,PHE,15,A_PHE_15,17.316034991912357
A,SER,4,A_SER_4,3.320173098372743
A,SER,59,A_SER_59,11.907197317710969
A,THR,58,A_THR_58,17.640810940886073
A,VAL,28,A_VAL_28,4.901098506837545
A,VAL,42,A_VAL_42,7.918616313900269
A,VAL,55,A_VAL_55,5.547543785077713
