chain,resname,resnum,res_key,density
A,ALA,602,A_ALA_602,5.75061474095092
A,ALA,603,A_ALA_603,5.0413511076250686
A,ALA,613,A_ALA_613,12.574169451566945
A,ALA,616,A_ALA_616,12.42324707839589
A,ALA,666,A_ALA_666,2.7891404441934013
A,ASN,606,A_ASN_606,21.07750227392001
A,ASP,504,A_ASP_504,15.565577756462122
A,CYS,618,A_CYS_618,18.837511234672444
A,GLN,610,A_GLN_610,22.998723586823566
A,GLN,619,A_GLN_619,23.539909695255798
A,GLU,626,A_GLU_626,7.881835379876824
A,GLU,667,A_GLU_667,6.25570642986435
A,GLY,670,A_GLY_670,2.7955526168416642
A,HIS,620,A_HIS_620,23.845392694631496
A,ILE,501,A_ILE_501,1.8136670086586713
A,ILE,502,A_ILE_502,9.524212443169638
A,ILE,572,A_ILE_572,5.955602792266767
A,ILE,612,A_ILE_612,18.377380693415166
A,ILE,625,A_ILE_625,15.01441070790657
A,ILE,665,A_ILE_665,18.81548161590552
A,LEU,605,A_LEU_605,17.88784757982657
A,LEU,669,A_LEU_669,18.246215506581663
A,LYS,623,A_LYS_623,18.721378349398677
A,LYS,664,A_LYS_664,9.994845294591716
A,MET,611,A_MET_611,14.674755115038119
A,PHE,607,A_PHE_607,14.45328652955271
A,PHE,617,A_PHE_617,25.408553852193894
A,PHE,660,A_PHE_660,14.642588084022318
A,PRO,503,A_PRO_503,10.06261363137229
A,PRO,615,A_PRO_615,15.809993062872794
A,SER,609,A_SER_609,16.755211506915682
A,SER,622,A_SER_622,15.179308997934568
A,SER,668,A_SER_668,16.161873291711952
A,SER,672,A_SER_672,5.1888268262579995
A,TYR,604,A_TYR_604,6.155293393995332
A,TYR,674,A_TYR_674,1.8456916914026675
A,VAL,505,A_VAL_505,10.49693118025204
A,VAL,608,A_VAL_608,17.129657754758213
A,VAL,614,A_VAL_614,16.281018071056625
A,VAL,621,A_VAL_621,16.945147425559966
A,VAL,624,A_VAL_624,16.2362218628895
