chain,resname,resnum,res_key,density
A,ALA,47,A_ALA_47,13.210719230555677
A,ASN,63,A_ASN_63,5.362690811852088
A,CYS,19,A_CYS_19,5.733214955878163
A,CYS,49,A_CYS_49,17.94387600024587
A,GLU,44,A_GLU_44,15.197572569367141
A,GLU,60,A_GLU_60,7.672706728605806
A,GLU,66,A_GLU_66,2.78172667534776
A,GLU,68,A_GLU_68,17.22782272165594
A,GLY,16,A_GLY_16,5.121020570138397
A,GLY,43,A_GLY_43,11.077111390776334
A,GLY,56,A_GLY_56,10.368935159656793
A,HIS,53,A_HIS_53,23.57256839704858
A,ILE,46,A_ILE_46,18.894408731121974
A,ILE,61,A_ILE_61,18.800174185872393
A,LEU,12,A_LEU_12,7.548231543013696
A,LEU,17,A_LEU_17,15.292891132492521
A,LEU,27,A_LEU_27,4.030714815665789
A,LEU,45,A_LEU_45,18.262420069891103
A,LEU,57,A_LEU_57,17.2121745511604
A,LEU,62,A_LEU_62,17.87172079801427
A,LYS,54,A_LYS_54,20.53588979085258
A,MET,41,A_MET_41,5.799261475878371
A,PHE,15,A_PHE_15,23.172830733981638
A,PHE,48,A_PHE_48,25.250784616074224
A,PHE,65,A_PHE_65,24.8501418308758
A,PHE,69,A_PHE_69,19.81623064364547
A,SER,51,A_SER_51,16.140710206635628
A,SER,64,A_SER_64,15.673709043807378
A,THR,50,A_THR_50,18.16707194639062
A,THR,52,A_THR_52,17.319254576197373
A,THR,58,A_THR_58,17.640810940886073
A,VAL,42,A_VAL_42,17.233788385100134
A,VAL,55,A_VAL_55,16.157272792769948
