chain,resname,resnum,res_key,density
A,ARG,29,A_ARG_29,6.405928506613215
A,ARG,40,A_ARG_40,27.080962297628712
A,ASP,35,A_ASP_35,21.935443084329304
A,CYS,37,A_CYS_37,18.277703326396896
A,GLU,33,A_GLU_33,22.37622222047434
A,GLU,41,A_GLU_41,23.216195899341997
A,ILE,34,A_ILE_34,18.280438372240496
A,LEU,38,A_LEU_38,18.40313417839447
A,LYS,30,A_LYS_30,12.965043320661128
A,LYS,32,A_LYS_32,14.523347503934595
A,LYS,36,A_LYS_36,21.11990470286218
A,LYS,42,A_LYS_42,21.180453831172105
A,SER,31,A_SER_31,15.659089857119703
A,SER,39,A_SER_39,15.858527662573469
A,THR,43,A_THR_43,18.84991659896543
A,TYR,44,A_TYR_44,19.99118692406186
A,VAL,45,A_VAL_45,8.762621504970035
