chain,resname,resnum,res_key,density
A,ALA,217,A_ALA_217,5.852616928743744
A,ALA,263,A_ALA_263,12.571905539089894
A,ARG,221,A_ARG_221,26.27015964144978
A,ARG,369,A_ARG_369,7.946753263142356
A,CYS,258,A_CYS_258,18.819175321830507
A,GLN,219,A_GLN_219,2.7893037467028106
A,GLN,229,A_GLN_229,12.211609651562428
A,GLN,256,A_GLN_256,23.407849613757108
A,GLU,232,A_GLU_232,7.222539212537672
A,GLU,334,A_GLU_334,9.122646557098891
A,GLY,222,A_GLY_222,7.111027502518944
A,GLY,262,A_GLY_262,10.23325851352183
A,HIS,253,A_HIS_253,2.0953919524198623
A,HIS,257,A_HIS_257,24.033686130667256
A,HIS,439,A_HIS_439,4.48323645807123
A,ILE,254,A_ILE_254,10.039578933232002
A,ILE,441,A_ILE_441,1.8905306142701064
A,LEU,223,A_LEU_223,2.533881476989162
A,LEU,230,A_LEU_230,5.953535228852485
A,PRO,259,A_PRO_259,16.850947119884932
A,PRO,261,A_PRO_261,15.864636509463253
A,PRO,264,A_PRO_264,4.8128071864857205
A,SER,255,A_SER_255,16.23485034581104
A,SER,260,A_SER_260,16.655285054042295
A,TRP,218,A_TRP_218,28.585727638898913
A,VAL,231,A_VAL_231,16.9405640777057
