chain,resname,resnum,res_key,density
A,ARG,362,A_ARG_362,10.565234496810755
A,ARG,373,A_ARG_373,10.918200948352945
A,ARG,415,A_ARG_415,21.42145692531539
A,ASN,414,A_ASN_414,11.98456121482936
A,CYS,343,A_CYS_343,17.146333850439603
A,CYS,423,A_CYS_423,17.129223656790543
A,GLN,332,A_GLN_332,10.154864183956287
A,GLN,410,A_GLN_410,22.405867152293702
A,GLN,418,A_GLN_418,8.267423006805046
A,GLU,232,A_GLU_232,3.195997176404477
A,GLU,356,A_GLU_356,23.224515555963798
A,GLU,359,A_GLU_359,23.17151798303984
A,GLU,361,A_GLU_361,22.405969247503464
A,GLU,419,A_GLU_419,6.495542695850518
A,ILE,408,A_ILE_408,9.408511625504023
A,LEU,228,A_LEU_228,7.8038826947021755
A,LEU,230,A_LEU_230,9.40804887679657
A,LEU,288,A_LEU_288,3.3150553273887615
A,LEU,341,A_LEU_341,17.93428967791181
A,LEU,374,A_LEU_374,17.539632262561163
A,LEU,375,A_LEU_375,2.726131392903806
A,LEU,409,A_LEU_409,17.929717801204976
A,LEU,420,A_LEU_420,14.373242189022701
A,LEU,421,A_LEU_421,18.39568374070867
A,LEU,422,A_LEU_422,18.5664059734254
A,LYS,346,A_LYS_346,19.654514721613786
A,LYS,357,A_LYS_357,19.197399793676166
A,MET,339,A_MET_339,10.381823453843605
A,PHE,233,A_PHE_233,12.981392199675268
A,SER,330,A_SER_330,10.397260163963853
A,SER,331,A_SER_331,16.955128070446218
A,SER,344,A_SER_344,15.19755777853509
A,SER,345,A_SER_345,15.896771624762255
A,SER,377,A_SER_377,15.84853459701049
A,THR,340,A_THR_340,14.080987096813411
A,THR,342,A_THR_342,17.16597355224389
A,THR,360,A_THR_360,17.55470304428637
A,THR,413,A_THR_413,17.477515048890503
A,THR,424,A_THR_424,17.54842759328657
A,TYR,333,A_TYR_333,24.180898205812507
A,TYR,372,A_TYR_372,25.6204581078168
A,TYR,426,A_TYR_426,9.498801242884621
A,VAL,329,A_VAL_329,13.318799330136102
A,VAL,347,A_VAL_347,2.997567508938687
A,VAL,355,A_VAL_355,5.666267203620327
A,VAL,358,A_VAL_358,16.402315526818217
A,VAL,411,A_VAL_411,16.702896142804768
A,VAL,412,A_VAL_412,15.86438252387279
