chain,resname,resnum,res_key,density
A,ALA,296,A_ALA_296,12.805043984747417
A,ALA,425,A_ALA_425,11.636293292523218
A,ARG,286,A_ARG_286,10.922263519868036
A,ARG,291,A_ARG_291,19.741177663102185
A,ARG,443,A_ARG_443,18.67221046350486
A,ASN,414,A_ASN_414,2.2509396058154563
A,ASP,290,A_ASP_290,4.923405622743225
A,CYS,343,A_CYS_343,17.146333850439603
A,CYS,423,A_CYS_423,17.129223656790543
A,GLN,229,A_GLN_229,6.834749480646902
A,GLN,410,A_GLN_410,22.405867152293702
A,GLN,418,A_GLN_418,3.2136635436829804
A,GLU,287,A_GLU_287,10.519501352221768
A,GLU,419,A_GLU_419,10.213975056161761
A,GLY,222,A_GLY_222,5.731088104545114
A,GLY,224,A_GLY_224,10.329173347674342
A,GLY,283,A_GLY_283,7.663411751664643
A,GLY,284,A_GLY_284,10.609944399413799
A,GLY,292,A_GLY_292,10.125263916221758
A,HIS,295,A_HIS_295,23.609396231695843
A,ILE,254,A_ILE_254,2.1823340373541584
A,ILE,274,A_ILE_274,5.458731489031915
A,ILE,408,A_ILE_408,14.277014442376089
A,ILE,441,A_ILE_441,4.019318367396057
A,LEU,223,A_LEU_223,17.809470066926135
A,LEU,228,A_LEU_228,17.572512684882852
A,LEU,230,A_LEU_230,11.994054044930763
A,LEU,266,A_LEU_266,1.879265570970681
A,LEU,285,A_LEU_285,17.912093073960115
A,LEU,288,A_LEU_288,17.62255165973864
A,LEU,299,A_LEU_299,18.49184167120172
A,LEU,409,A_LEU_409,17.929717801204976
A,LEU,420,A_LEU_420,17.703890168178617
A,LEU,421,A_LEU_421,18.39568374070867
A,LEU,422,A_LEU_422,18.5664059734254
A,LEU,444,A_LEU_444,17.839335078602172
A,LYS,346,A_LYS_346,19.654514721613786
A,PHE,233,A_PHE_233,4.548849616744317
A,PHE,278,A_PHE_278,16.646887377059517
A,PHE,297,A_PHE_297,25.199189541576445
A,PHE,298,A_PHE_298,25.10289255268819
A,PRO,279,A_PRO_279,1.6428114127427271
A,PRO,293,A_PRO_293,15.691092264364244
A,PRO,294,A_PRO_294,15.92293379255471
A,SER,344,A_SER_344,15.19755777853509
A,SER,345,A_SER_345,12.767190078239992
A,THR,225,A_THR_225,14.758480796770517
A,THR,342,A_THR_342,5.630053332362389
A,THR,413,A_THR_413,17.477515048890503
A,THR,424,A_THR_424,17.54842759328657
A,TYR,275,A_TYR_275,3.7362872204563145
A,TYR,289,A_TYR_289,27.932644780066447
A,TYR,333,A_TYR_333,15.235967988255439
A,TYR,426,A_TYR_426,27.94249975059167
A,TYR,442,A_TYR_442,12.018760548055313
A,VAL,271,A_VAL_271,10.328256433647628
A,VAL,300,A_VAL_300,16.258935820696635
A,VAL,411,A_VAL_411,16.702896142804768
A,VAL,412,A_VAL_412,15.86438252387279
A,VAL,427,A_VAL_427,2.7374722056924687
A,VAL,445,A_VAL_445,4.548935344264953
