chain,resname,resnum,res_key,density
A,ALA,368,A_ALA_368,4.946420879708905
A,ALA,454,A_ALA_454,6.023790750710562
A,ALA,529,A_ALA_529,10.972766177446546
A,ALA,584,A_ALA_584,12.371753687620362
A,ARG,578,A_ARG_578,26.34178613795787
A,ARG,583,A_ARG_583,26.94117696400999
A,ARG,585,A_ARG_585,14.288425973624644
A,ARG,589,A_ARG_589,26.702326770845147
A,ASN,452,A_ASN_452,20.87298372091807
A,ASN,511,A_ASN_511,14.824927618017348
A,CYS,548,A_CYS_548,18.094278393427423
A,CYS,579,A_CYS_579,17.580381678155973
A,GLU,453,A_GLU_453,22.675393793664576
A,GLU,507,A_GLU_507,2.9297476605666137
A,GLU,526,A_GLU_526,10.113567666127642
A,GLU,582,A_GLU_582,23.786345295570744
A,GLY,551,A_GLY_551,10.69119232802952
A,GLY,581,A_GLY_581,10.968169232094066
A,GLY,586,A_GLY_586,9.52888206779234
A,HIS,460,A_HIS_460,2.530311467183889
A,HIS,527,A_HIS_527,10.677453843797933
A,ILE,556,A_ILE_556,10.539876047405711
A,LEU,509,A_LEU_509,12.939514741874836
A,LEU,525,A_LEU_525,18.5728181693051
A,LEU,546,A_LEU_546,18.18121457486228
A,LEU,555,A_LEU_555,7.154329601248284
A,LEU,590,A_LEU_590,16.12577892354251
A,LEU,610,A_LEU_610,12.188119105658867
A,LEU,612,A_LEU_612,11.847016369768951
A,LYS,523,A_LYS_523,3.0261676220415996
A,LYS,545,A_LYS_545,13.955585084911695
A,MET,552,A_MET_552,21.476348656806746
A,MET,553,A_MET_553,21.044090009947595
A,PHE,547,A_PHE_547,25.27868898633895
A,PRO,549,A_PRO_549,15.029725654512248
A,SER,550,A_SER_550,16.151200879371963
A,SER,554,A_SER_554,15.938631283551056
A,SER,575,A_SER_575,6.106899244137509
A,THR,451,A_THR_451,5.902088826904473
A,THR,524,A_THR_524,4.258873921757717
A,THR,576,A_THR_576,17.05078059336188
A,THR,587,A_THR_587,16.785695564581438
A,THR,611,A_THR_611,8.711731127811225
A,TRP,510,A_TRP_510,16.435857998490288
A,TRP,580,A_TRP_580,12.831579376719898
A,TRP,608,A_TRP_608,8.403982631611244
A,TYR,588,A_TYR_588,27.787793317004173
A,TYR,613,A_TYR_613,3.431186656566982
A,VAL,450,A_VAL_450,3.6819536233893597
A,VAL,508,A_VAL_508,5.762356137694427
A,VAL,512,A_VAL_512,16.117668049017876
A,VAL,528,A_VAL_528,15.806711103091725
A,VAL,530,A_VAL_530,10.882972960496122
A,VAL,577,A_VAL_577,10.240377126692469
A,VAL,591,A_VAL_591,8.238626574358323
