chain,resname,resnum,res_key,density
A,CYS,20,A_CYS_20,16.743975660999464
A,LEU,17,A_LEU_17,15.157525598480952
A,LEU,21,A_LEU_21,18.368212569649916
A,LEU,23,A_LEU_23,16.06023271684628
A,PRO,18,A_PRO_18,16.105535358681177
A,THR,19,A_THR_19,16.959034704252492
A,TRP,22,A_TRP_22,31.266447263839712
