chain,resname,resnum,res_key,density
A,ALA,415,A_ALA_415,12.420083315476504
A,ALA,434,A_ALA_434,12.680118164433793
A,ALA,507,A_ALA_507,11.764131251652504
A,ARG,446,A_ARG_446,26.70764826957878
A,ASN,440,A_ASN_440,4.471399517612415
A,ASN,451,A_ASN_451,12.704918750212869
A,ASN,506,A_ASN_506,6.239496898282535
A,ASP,445,A_ASP_445,22.324838639215972
A,ASP,509,A_ASP_509,12.921131753311773
A,CYS,329,A_CYS_329,6.926250652145388
A,CYS,448,A_CYS_448,18.502523241194886
A,GLN,414,A_GLN_414,17.08032827950713
A,GLN,420,A_GLN_420,17.2437755439514
A,GLN,461,A_GLN_461,23.399178174134047
A,GLU,417,A_GLU_417,20.47390477898359
A,GLU,456,A_GLU_456,14.591344303646235
A,GLU,462,A_GLU_462,2.419659207484853
A,GLU,469,A_GLU_469,17.328268697333232
A,GLY,436,A_GLY_436,10.219532449694285
A,GLY,438,A_GLY_438,10.54137591997654
A,ILE,315,A_ILE_315,7.380416052214482
A,ILE,421,A_ILE_421,6.107950152826973
A,ILE,471,A_ILE_471,10.935631682101327
A,LEU,408,A_LEU_408,5.612153468011414
A,LEU,437,A_LEU_437,16.975953496910073
A,LEU,439,A_LEU_439,18.708693966341887
A,LEU,447,A_LEU_447,17.592913315092094
A,LEU,450,A_LEU_450,17.744461660889588
A,LEU,487,A_LEU_487,8.314155778166597
A,LEU,503,A_LEU_503,3.8225900789700793
A,LEU,505,A_LEU_505,17.497822755314328
A,LEU,510,A_LEU_510,17.88563745784967
A,LYS,449,A_LYS_449,20.46413620959752
A,LYS,455,A_LYS_455,7.675203708304126
A,LYS,508,A_LYS_508,10.692636081133841
A,PHE,409,A_PHE_409,25.37813320253795
A,PHE,416,A_PHE_416,25.7229559032245
A,PHE,418,A_PHE_418,18.836162873861532
A,PHE,472,A_PHE_472,8.3404562219032
A,PRO,419,A_PRO_419,16.580390157625057
A,PRO,444,A_PRO_444,9.77217538906428
A,PRO,467,A_PRO_467,15.430356752067604
A,PRO,470,A_PRO_470,16.28374217020631
A,SER,410,A_SER_410,2.6156133251946225
A,SER,468,A_SER_468,10.97166402890547
A,SER,488,A_SER_488,10.347068177770607
A,SER,511,A_SER_511,4.75940012961664
A,THR,432,A_THR_432,3.170922854071683
A,THR,457,A_THR_457,17.528836229945703
A,TRP,458,A_TRP_458,31.706397412728776
A,TRP,460,A_TRP_460,32.84020866507631
A,TYR,433,A_TYR_433,17.83663673359731
A,TYR,435,A_TYR_435,27.772520158944772
A,VAL,365,A_VAL_365,5.801309062172961
A,VAL,443,A_VAL_443,3.188369256892745
A,VAL,452,A_VAL_452,4.5312662802206365
A,VAL,459,A_VAL_459,16.157343124468948
A,VAL,486,A_VAL_486,16.40726359467686
