chain,resname,resnum,res_key,density
A,ALA,766,A_ALA_766,12.487869497203516
A,ASP,768,A_ASP_768,20.98942449157674
A,CYS,769,A_CYS_769,17.68717626191717
A,GLN,772,A_GLN_772,22.226978804804784
A,HIS,771,A_HIS_771,24.27220646581687
A,HIS,773,A_HIS_773,4.72925160053202
A,LEU,767,A_LEU_767,17.88778896773735
A,PRO,770,A_PRO_770,16.418164715608693
A,SER,765,A_SER_765,6.133881021577276
