chain,resname,resnum,res_key,density
A,ALA,417,A_ALA_417,2.7143715892269014
A,ALA,475,A_ALA_475,6.246821274806698
A,ALA,476,A_ALA_476,12.197051421888366
A,ALA,643,A_ALA_643,9.865427740483423
A,ARG,316,A_ARG_316,26.952057344637737
A,ARG,423,A_ARG_423,26.32752374563066
A,ARG,429,A_ARG_429,12.185369736022912
A,ASP,282,A_ASP_282,18.162286396425753
A,ASP,430,A_ASP_430,21.977901429723076
A,CYS,425,A_CYS_425,17.404543280991724
A,CYS,646,A_CYS_646,16.691187089248192
A,GLN,279,A_GLN_279,3.269180911895503
A,GLN,317,A_GLN_317,22.293646319037652
A,GLN,421,A_GLN_421,12.64735161125095
A,GLY,180,A_GLY_180,5.404886558337751
A,GLY,315,A_GLY_315,7.75335468018878
A,GLY,318,A_GLY_318,10.435071937982535
A,GLY,320,A_GLY_320,10.790836257611243
A,GLY,649,A_GLY_649,11.027953250114521
A,ILE,283,A_ILE_283,3.716747886984523
A,ILE,322,A_ILE_322,8.421238146312822
A,ILE,416,A_ILE_416,8.197532201450846
A,ILE,434,A_ILE_434,5.278291415199835
A,ILE,478,A_ILE_478,10.564124097478773
A,LEU,418,A_LEU_418,5.761728926819074
A,LEU,420,A_LEU_420,18.82932320159469
A,LEU,426,A_LEU_426,18.60353542297119
A,LEU,644,A_LEU_644,18.377978400775692
A,LEU,650,A_LEU_650,18.94158769370617
A,LYS,477,A_LYS_477,11.831435810444212
A,MET,419,A_MET_419,21.55717439730864
A,PHE,319,A_PHE_319,25.697817301677443
A,PRO,424,A_PRO_424,16.137193683535834
A,PRO,645,A_PRO_645,15.714298160142036
A,PRO,647,A_PRO_647,15.565384320359025
A,PRO,648,A_PRO_648,15.880848550301742
A,SER,321,A_SER_321,7.481205142881104
A,SER,481,A_SER_481,15.52793172126936
A,THR,427,A_THR_427,17.985494050810786
A,THR,480,A_THR_480,17.44490144410045
A,TRP,428,A_TRP_428,19.395761130183846
A,TRP,479,A_TRP_479,28.38137473267573
A,VAL,181,A_VAL_181,7.631379074411717
A,VAL,312,A_VAL_312,3.369112714071268
A,VAL,422,A_VAL_422,16.08184853529003
A,VAL,431,A_VAL_431,12.939062842868601
A,VAL,482,A_VAL_482,16.139609412914734
