chain,resname,resnum,res_key,density
A,ALA,306,A_ALA_306,12.669483858659959
A,ALA,319,A_ALA_319,2.3725979987380668
A,ALA,327,A_ALA_327,11.894425837645748
A,ALA,332,A_ALA_332,13.114911061768783
A,ALA,349,A_ALA_349,11.96386043522641
A,ALA,365,A_ALA_365,1.8937059704822814
A,ARG,308,A_ARG_308,19.447722638762222
A,ARG,348,A_ARG_348,11.100159652584846
A,ASN,331,A_ASN_331,21.771251927913642
A,ASN,351,A_ASN_351,12.558966351935059
A,ASP,299,A_ASP_299,16.058613505741683
A,ASP,337,A_ASP_337,21.349600122795383
A,CYS,305,A_CYS_305,18.17626341718325
A,CYS,334,A_CYS_334,17.95373556511876
A,GLN,295,A_GLN_295,5.847714218025622
A,GLN,324,A_GLN_324,21.36428629625458
A,GLU,297,A_GLU_297,22.80829021655398
A,GLY,312,A_GLY_312,5.7382004863081715
A,GLY,322,A_GLY_322,5.166357542952123
A,ILE,298,A_ILE_298,10.781396446479572
A,ILE,338,A_ILE_338,4.504598849056132
A,LEU,281,A_LEU_281,5.781091042466988
A,LEU,296,A_LEU_296,6.438535918786668
A,LEU,317,A_LEU_317,18.208893234387233
A,LEU,347,A_LEU_347,10.024421797589874
A,LYS,303,A_LYS_303,5.967338956756455
A,LYS,304,A_LYS_304,21.31597736450521
A,LYS,313,A_LYS_313,16.96123176587317
A,LYS,330,A_LYS_330,21.18160354676088
A,PHE,294,A_PHE_294,4.033787790093101
A,PHE,307,A_PHE_307,25.206448856527278
A,PHE,336,A_PHE_336,25.2267037026358
A,SER,325,A_SER_325,15.830528911936025
A,SER,328,A_SER_328,12.024179758936265
A,SER,329,A_SER_329,16.174251744523804
A,SER,333,A_SER_333,15.614990181042813
A,SER,350,A_SER_350,15.90366390384491
A,THR,302,A_THR_302,7.279222673781941
A,THR,309,A_THR_309,11.52942235648656
A,THR,316,A_THR_316,17.7255468657282
A,THR,318,A_THR_318,17.462876699402496
A,THR,326,A_THR_326,17.54086447870185
A,TRP,315,A_TRP_315,32.4450462792791
A,TYR,314,A_TYR_314,27.8345715400928
A,TYR,335,A_TYR_335,28.854881791311524
A,VAL,323,A_VAL_323,16.058714492367155
A,VAL,355,A_VAL_355,2.087042115138418
