chain,resname,resnum,res_key,density
A,ALA,95,A_ALA_95,9.052676802711883
A,ALA,209,A_ALA_209,13.109678698948489
A,ALA,242,A_ALA_242,12.627405525002416
A,ALA,245,A_ALA_245,6.025123457623021
A,ARG,100,A_ARG_100,7.841330991476916
A,ARG,185,A_ARG_185,22.78448211280307
A,ARG,197,A_ARG_197,19.479705710365884
A,ARG,224,A_ARG_224,27.391465536846727
A,ARG,229,A_ARG_229,26.915951730112525
A,ASP,97,A_ASP_97,21.732606533935733
A,ASP,98,A_ASP_98,20.73748231693772
A,ASP,183,A_ASP_183,3.3032808279303576
A,ASP,199,A_ASP_199,9.462052295731489
A,ASP,225,A_ASP_225,21.578787320079822
A,CYS,226,A_CYS_226,17.724766478794525
A,GLN,184,A_GLN_184,5.797025944302942
A,GLU,207,A_GLU_207,23.153429718270186
A,GLU,227,A_GLU_227,23.610311303193306
A,GLY,99,A_GLY_99,9.896269679741543
A,GLY,211,A_GLY_211,10.72834778744571
A,GLY,228,A_GLY_228,9.949734361677105
A,GLY,243,A_GLY_243,6.09994616047242
A,HIS,96,A_HIS_96,17.078579252377686
A,HIS,198,A_HIS_198,24.606284079310175
A,LEU,196,A_LEU_196,5.935378898196964
A,LEU,214,A_LEU_214,2.7939867041527564
A,LEU,231,A_LEU_231,12.416950831632734
A,LYS,131,A_LYS_131,2.2921547628489263
A,LYS,241,A_LYS_241,2.6702629102073083
A,PHE,223,A_PHE_223,13.249151070193196
A,PRO,208,A_PRO_208,16.365702150150426
A,SER,187,A_SER_187,7.9710105670990465
A,THR,210,A_THR_210,17.84555497830247
A,THR,213,A_THR_213,16.395165776874638
A,THR,246,A_THR_246,9.232301458085821
A,TYR,186,A_TYR_186,10.474572232654097
A,TYR,212,A_TYR_212,27.44387383558319
A,TYR,230,A_TYR_230,27.892999915462052
