chain,resname,resnum,res_key,density
A,ASP,1207,A_ASP_1207,21.40104629048234
A,CYS,1204,A_CYS_1204,17.964759468059405
A,GLN,1201,A_GLN_1201,22.201205686455484
A,GLN,1202,A_GLN_1202,22.345055281234664
A,ILE,1205,A_ILE_1205,18.477046428065727
A,LYS,1198,A_LYS_1198,12.69580663490203
A,LYS,1199,A_LYS_1199,18.452641969563192
A,LYS,1200,A_LYS_1200,18.200322964589745
A,MET,1197,A_MET_1197,8.178167643967576
A,PHE,1203,A_PHE_1203,25.90215468031011
A,SER,1206,A_SER_1206,15.373928299068714
A,TRP,1196,A_TRP_1196,13.007426162469386
A,VAL,1208,A_VAL_1208,15.037621293081095
