chain,resname,resnum,res_key,density
A,ALA,221,A_ALA_221,6.9938216153862145
A,ALA,357,A_ALA_357,5.4757487519637555
A,ARG,219,A_ARG_219,25.865280851543815
A,ARG,410,A_ARG_410,26.51794438363765
A,ASN,189,A_ASN_189,10.966171336271671
A,ASP,128,A_ASP_128,3.467005307069929
A,ASP,359,A_ASP_359,11.344066442870798
A,CYS,186,A_CYS_186,18.134291270591227
A,CYS,407,A_CYS_407,16.91091382825433
A,GLN,217,A_GLN_217,23.685759068659888
A,GLU,159,A_GLU_159,4.479153422286318
A,GLU,408,A_GLU_408,23.012432100254014
A,GLY,160,A_GLY_160,10.301870341352805
A,GLY,184,A_GLY_184,9.97847046666485
A,GLY,405,A_GLY_405,10.80734952473297
A,HIS,218,A_HIS_218,23.40286116528006
A,ILE,126,A_ILE_126,5.734313174644383
A,ILE,190,A_ILE_190,6.33566356266919
A,LEU,182,A_LEU_182,3.089772997550941
A,LYS,216,A_LYS_216,12.825644116486234
A,LYS,411,A_LYS_411,2.7068374190524307
A,MET,185,A_MET_185,20.728217580990023
A,PHE,401,A_PHE_401,6.035354697161202
A,PRO,183,A_PRO_183,6.091926825859668
A,PRO,222,A_PRO_222,4.399790586536345
A,SER,188,A_SER_188,15.775699792965478
A,SER,402,A_SER_402,16.037980066872223
A,SER,403,A_SER_403,15.513054193462134
A,SER,404,A_SER_404,15.722330662544124
A,SER,406,A_SER_406,15.258518953308698
A,THR,220,A_THR_220,18.28129376180684
A,THR,409,A_THR_409,17.23243674335215
A,TRP,158,A_TRP_158,7.535795769683537
A,TRP,181,A_TRP_181,10.24796310767464
A,TYR,187,A_TYR_187,24.282445899980708
