chain,resname,resnum,res_key,density
A,ALA,27,A_ALA_27,2.75744468985065
A,ARG,20,A_ARG_20,12.938110609606497
A,ARG,25,A_ARG_25,25.821127865911148
A,CYS,23,A_CYS_23,17.956114827423708
A,GLY,21,A_GLY_21,10.71750577578974
A,LEU,17,A_LEU_17,2.0554878608846687
A,LEU,22,A_LEU_22,18.599099800110853
A,LEU,26,A_LEU_26,18.22300822361729
A,MET,199,A_MET_199,16.875033909485715
A,THR,24,A_THR_24,18.085676564630315
