chain,resname,resnum,res_key,density
A,ALA,182,A_ALA_182,10.430984595687594
A,ALA,221,A_ALA_221,12.84296927720645
A,ALA,261,A_ALA_261,11.990304303119181
A,ARG,184,A_ARG_184,11.146894752006355
A,ARG,211,A_ARG_211,14.693784863345929
A,ARG,255,A_ARG_255,24.002191834785453
A,ARG,257,A_ARG_257,25.608726210834522
A,ARG,313,A_ARG_313,8.474948855603287
A,ASN,253,A_ASN_253,21.30840894374424
A,ASP,185,A_ASP_185,21.744279156810332
A,ASP,188,A_ASP_188,21.927561391764158
A,ASP,212,A_ASP_212,5.749774570959881
A,CYS,218,A_CYS_218,18.504897388732253
A,CYS,258,A_CYS_258,18.63479128046856
A,GLN,264,A_GLN_264,23.014392662301358
A,GLU,196,A_GLU_196,10.749110449940229
A,GLU,215,A_GLU_215,14.0575133308696
A,GLU,227,A_GLU_227,1.6092453740533919
A,GLU,254,A_GLU_254,22.666932220379902
A,GLU,260,A_GLU_260,23.408217563332236
A,GLY,183,A_GLY_183,10.76901280774881
A,GLY,252,A_GLY_252,10.867188088152195
A,GLY,269,A_GLY_269,2.7887386091698545
A,ILE,193,A_ILE_193,17.907955225124823
A,ILE,251,A_ILE_251,15.242104043786465
A,ILE,262,A_ILE_262,19.187937137355682
A,ILE,270,A_ILE_270,2.0599976467073
A,ILE,275,A_ILE_275,1.7866895145736266
A,ILE,310,A_ILE_310,6.166111694725702
A,LEU,181,A_LEU_181,15.773441975825223
A,LEU,186,A_LEU_186,17.715244854753475
A,LEU,190,A_LEU_190,19.217924829189958
A,LEU,194,A_LEU_194,15.241324009601803
A,LEU,217,A_LEU_217,14.990889812528476
A,LEU,268,A_LEU_268,17.12717815987573
A,LYS,192,A_LYS_192,20.585352793926646
A,LYS,214,A_LYS_214,21.89354774199642
A,LYS,216,A_LYS_216,5.497694325766238
A,MET,191,A_MET_191,14.020050525006619
A,MET,228,A_MET_228,9.252440477606102
A,PHE,224,A_PHE_224,19.97935179220424
A,PHE,256,A_PHE_256,24.944746400793196
A,PHE,263,A_PHE_263,25.49129393501503
A,PHE,267,A_PHE_267,25.859608404202525
A,PRO,259,A_PRO_259,16.79031225620728
A,PRO,265,A_PRO_265,16.04778464199013
A,PRO,308,A_PRO_308,7.7569656799533675
A,SER,156,A_SER_156,3.3795310013681545
A,SER,266,A_SER_266,8.619535056891051
A,SER,304,A_SER_304,13.17538920863415
A,THR,187,A_THR_187,17.39399186605323
A,THR,195,A_THR_195,2.928342753731147
A,TYR,189,A_TYR_189,28.42646984279996
A,TYR,219,A_TYR_219,28.51558503353873
A,TYR,307,A_TYR_307,29.262000954261406
A,VAL,210,A_VAL_210,13.633084501575695
A,VAL,213,A_VAL_213,16.534978078683515
A,VAL,220,A_VAL_220,16.07512176721229
