chain,resname,resnum,res_key,density
A,ALA,221,A_ALA_221,12.84296927720645
A,ALA,261,A_ALA_261,6.311307995735881
A,ARG,211,A_ARG_211,14.693784863345929
A,ARG,239,A_ARG_239,27.2756594361448
A,ARG,255,A_ARG_255,26.360872212704084
A,ARG,257,A_ARG_257,15.601156254455361
A,ARG,336,A_ARG_336,2.2070362943056274
A,ASN,253,A_ASN_253,18.771365631693506
A,ASP,212,A_ASP_212,22.417364135498676
A,CYS,218,A_CYS_218,18.504897388732253
A,CYS,258,A_CYS_258,18.63479128046856
A,GLU,215,A_GLU_215,22.697674861281754
A,GLU,227,A_GLU_227,7.328659107861341
A,GLU,238,A_GLU_238,11.29329853095959
A,GLU,254,A_GLU_254,22.666932220379902
A,GLU,260,A_GLU_260,17.61451445902988
A,GLY,183,A_GLY_183,8.062195061030394
A,GLY,252,A_GLY_252,10.867188088152195
A,GLY,303,A_GLY_303,6.4783393251331045
A,GLY,309,A_GLY_309,10.550388424427478
A,ILE,193,A_ILE_193,6.038805947115824
A,ILE,209,A_ILE_209,5.927276958605763
A,ILE,251,A_ILE_251,18.024825107700806
A,ILE,262,A_ILE_262,11.05218149973202
A,ILE,310,A_ILE_310,12.84942223109466
A,LEU,186,A_LEU_186,17.715244854753475
A,LEU,190,A_LEU_190,19.217924829189958
A,LEU,194,A_LEU_194,5.815862388006256
A,LEU,217,A_LEU_217,18.862490778675955
A,LEU,222,A_LEU_222,2.530744180369134
A,LYS,214,A_LYS_214,21.89354774199642
A,LYS,216,A_LYS_216,18.258494892465837
A,MET,191,A_MET_191,2.8077475934942355
A,MET,306,A_MET_306,13.714099603035553
A,PHE,224,A_PHE_224,4.0865884764328895
A,PHE,256,A_PHE_256,24.944746400793196
A,PHE,263,A_PHE_263,4.225228643062376
A,PRO,237,A_PRO_237,14.486041332499061
A,PRO,259,A_PRO_259,16.79031225620728
A,PRO,308,A_PRO_308,16.176171798110516
A,SER,236,A_SER_236,3.0627955476825495
A,SER,240,A_SER_240,8.91111164337609
A,SER,304,A_SER_304,16.125192196003265
A,THR,187,A_THR_187,17.39399186605323
A,THR,250,A_THR_250,2.3469871515680727
A,THR,305,A_THR_305,10.59478776897401
A,TYR,189,A_TYR_189,14.41354020449573
A,TYR,219,A_TYR_219,28.51558503353873
A,TYR,241,A_TYR_241,17.813433812965137
A,TYR,307,A_TYR_307,29.262000954261406
A,VAL,210,A_VAL_210,14.305979990060376
A,VAL,213,A_VAL_213,16.534978078683515
A,VAL,220,A_VAL_220,16.07512176721229
