chain,resname,resnum,res_key,density
A,ALA,65,A_ALA_65,2.856792552439137
A,ALA,99,A_ALA_99,3.5857215290061974
A,ALA,102,A_ALA_102,2.023490184744532
A,ARG,68,A_ARG_68,2.701223106050142
A,ARG,123,A_ARG_123,12.900222900861136
A,ARG,217,A_ARG_217,21.256614138364792
A,ASN,61,A_ASN_61,21.679215622507265
A,ASP,229,A_ASP_229,3.1338155849468365
A,CYS,122,A_CYS_122,5.634181463489513
A,CYS,130,A_CYS_130,18.221392287968605
A,CYS,131,A_CYS_131,18.32191553657036
A,GLN,58,A_GLN_58,8.157549021490755
A,GLN,127,A_GLN_127,24.303989224248106
A,GLN,129,A_GLN_129,23.306409250764425
A,GLU,133,A_GLU_133,23.858325777137168
A,GLU,138,A_GLU_138,12.092710228337861
A,ILE,126,A_ILE_126,19.018308331557208
A,LEU,106,A_LEU_106,1.5489033512957437
A,LEU,124,A_LEU_124,14.377625540932838
A,LEU,128,A_LEU_128,18.043231497057164
A,LEU,132,A_LEU_132,18.118317747201104
A,LEU,212,A_LEU_212,5.4532884353018565
A,LEU,213,A_LEU_213,18.607272758278047
A,LEU,216,A_LEU_216,16.13331021117562
A,LEU,224,A_LEU_224,1.8598784241283142
A,LEU,232,A_LEU_232,15.04804660708664
A,LEU,233,A_LEU_233,1.690499635404116
A,MET,134,A_MET_134,22.064539195422196
A,MET,209,A_MET_209,8.379911693633197
A,MET,220,A_MET_220,9.22160260895385
A,PHE,60,A_PHE_60,25.47500832377915
A,SER,214,A_SER_214,2.928468991277169
A,THR,62,A_THR_62,2.701707730697935
A,THR,136,A_THR_136,15.181813857804505
A,THR,137,A_THR_137,14.456242713993163
A,TYR,125,A_TYR_125,21.7538124003519
A,TYR,135,A_TYR_135,23.832929759914922
A,VAL,57,A_VAL_57,17.119613129671492
A,VAL,64,A_VAL_64,16.155719414329834
