chain,resname,resnum,res_key,density
A,ASP,198,A_ASP_198,7.985703483557287
A,CYS,144,A_CYS_144,18.81759566212888
A,GLN,150,A_GLN_150,19.38110368933861
A,GLU,138,A_GLU_138,17.78150110019734
A,GLU,200,A_GLU_200,4.726392453399336
A,GLU,203,A_GLU_203,17.439600427571957
A,GLY,75,A_GLY_75,7.39677460107235
A,GLY,147,A_GLY_147,10.84043535424568
A,HIS,152,A_HIS_152,7.024661947627868
A,ILE,72,A_ILE_72,2.6779346151229695
A,ILE,74,A_ILE_74,18.497329216384813
A,ILE,143,A_ILE_143,18.80913998771133
A,ILE,199,A_ILE_199,19.52365257552931
A,LEU,70,A_LEU_70,3.36374451753918
A,LEU,140,A_LEU_140,19.16068196227069
A,LEU,145,A_LEU_145,19.15591776813817
A,LEU,146,A_LEU_146,18.518358105265563
A,LEU,149,A_LEU_149,18.441274637438333
A,LYS,141,A_LYS_141,21.467875237976365
A,MET,88,A_MET_88,6.887454448974723
A,MET,139,A_MET_139,14.51027977552348
A,MET,206,A_MET_206,10.80010484971498
A,PHE,151,A_PHE_151,19.408272285960678
A,SER,142,A_SER_142,16.301190901312786
A,SER,148,A_SER_148,15.367435582004026
A,SER,196,A_SER_196,5.175731849963006
A,THR,136,A_THR_136,5.608087727940244
A,THR,137,A_THR_137,14.82464298138682
A,THR,202,A_THR_202,17.705558390913357
A,TYR,67,A_TYR_67,7.177576538787058
A,VAL,71,A_VAL_71,16.54473958374091
A,VAL,195,A_VAL_195,11.598957042224256
