chain,resname,resnum,res_key,density
A,ALA,28,A_ALA_28,13.044620338499719
A,ALA,75,A_ALA_75,3.177422977896818
A,ALA,78,A_ALA_78,7.345825845305484
A,ARG,58,A_ARG_58,27.584377790971562
A,ARG,60,A_ARG_60,18.950626163055226
A,ARG,64,A_ARG_64,26.832983172003903
A,ARG,73,A_ARG_73,5.81427134590891
A,ASN,54,A_ASN_54,3.430477351234534
A,ASN,84,A_ASN_84,8.375207677501319
A,ASP,22,A_ASP_22,3.1342628387358524
A,ASP,59,A_ASP_59,21.590573371169206
A,CYS,62,A_CYS_62,17.923570979662436
A,CYS,63,A_CYS_63,17.674874521026105
A,CYS,81,A_CYS_81,17.90826145757329
A,GLN,24,A_GLN_24,20.268028308457424
A,GLN,31,A_GLN_31,5.878598735165252
A,GLN,90,A_GLN_90,8.031208980591334
A,GLU,56,A_GLU_56,13.369088480279183
A,GLU,207,A_GLU_207,14.407337785208686
A,GLY,77,A_GLY_77,3.3590241955151745
A,GLY,79,A_GLY_79,10.667544175198856
A,ILE,29,A_ILE_29,2.857369195588285
A,ILE,45,A_ILE_45,1.7575797150054238
A,ILE,83,A_ILE_83,4.846761344235876
A,ILE,206,A_ILE_206,1.8126137565224987
A,LEU,25,A_LEU_25,17.855387197580328
A,LEU,57,A_LEU_57,13.386345232871673
A,LEU,61,A_LEU_61,17.451199221791846
A,LEU,72,A_LEU_72,3.3315719081070356
A,LEU,203,A_LEU_203,3.4688431462495144
A,LYS,55,A_LYS_55,5.877937844372764
A,MET,65,A_MET_65,21.00039095432894
A,PHE,67,A_PHE_67,2.674060613710485
A,PHE,80,A_PHE_80,25.672074511303936
A,SER,74,A_SER_74,9.907577328899418
A,THR,27,A_THR_27,2.7525544620040154
A,THR,66,A_THR_66,17.585104217017292
A,THR,87,A_THR_87,12.130144451460279
A,TRP,32,A_TRP_32,16.59840554951252
A,TRP,35,A_TRP_35,1.6156514393851498
A,TYR,82,A_TYR_82,27.801975893932898
A,VAL,210,A_VAL_210,1.996030397402696
