chain,resname,resnum,res_key,density
A,ALA,75,A_ALA_75,12.38248868048503
A,ALA,78,A_ALA_78,11.79274257339797
A,ALA,131,A_ALA_131,9.019340081521264
A,ARG,118,A_ARG_118,21.04981334506407
A,ARG,129,A_ARG_129,27.603905875045747
A,ASN,38,A_ASN_38,20.45513763096767
A,ASN,84,A_ASN_84,20.644292684418108
A,ASN,182,A_ASN_182,20.95587742354573
A,ASP,36,A_ASP_36,8.521770754893442
A,ASP,85,A_ASP_85,21.596004423539455
A,ASP,116,A_ASP_116,11.40473662113167
A,ASP,181,A_ASP_181,12.59474234301572
A,ASP,219,A_ASP_219,2.822449287563176
A,ASP,297,A_ASP_297,3.0300988448128314
A,CYS,125,A_CYS_125,17.795139875879933
A,GLN,44,A_GLN_44,12.280573077971216
A,GLN,120,A_GLN_120,22.010193407222477
A,GLN,128,A_GLN_128,19.934606145482203
A,GLU,180,A_GLU_180,14.422091036830931
A,GLY,77,A_GLY_77,10.20432420757017
A,GLY,79,A_GLY_79,6.000352826566546
A,GLY,119,A_GLY_119,10.489826081345534
A,GLY,183,A_GLY_183,10.538235028106868
A,ILE,83,A_ILE_83,18.247023215649453
A,ILE,89,A_ILE_89,6.665118098996139
A,ILE,172,A_ILE_172,15.884871825864536
A,LEU,86,A_LEU_86,10.243590881409805
A,LEU,130,A_LEU_130,18.76572824873744
A,LEU,133,A_LEU_133,13.283752015575441
A,LYS,37,A_LYS_37,5.409660344896318
A,LYS,40,A_LYS_40,20.629306267564505
A,LYS,42,A_LYS_42,2.6563696549824
A,LYS,132,A_LYS_132,13.262124263766466
A,LYS,179,A_LYS_179,10.07805783844672
A,MET,76,A_MET_76,20.739409872461163
A,PRO,39,A_PRO_39,16.224289953725183
A,PRO,296,A_PRO_296,13.049071626258916
A,SER,74,A_SER_74,6.173371516750733
A,SER,123,A_SER_123,15.30385760287102
A,SER,124,A_SER_124,15.32220249355257
A,SER,126,A_SER_126,16.540437191920777
A,SER,127,A_SER_127,15.406180952944625
A,THR,41,A_THR_41,17.800153431351173
A,THR,87,A_THR_87,15.129590234966518
A,THR,117,A_THR_117,10.097829160196907
A,THR,122,A_THR_122,18.31406716664029
A,THR,134,A_THR_134,2.961492220995692
A,THR,173,A_THR_173,4.4510231832375435
A,TRP,32,A_TRP_32,5.816661202987577
A,TRP,217,A_TRP_217,8.279996705105589
A,TYR,82,A_TYR_82,18.461226138457633
A,TYR,115,A_TYR_115,6.09718999443681
A,VAL,88,A_VAL_88,13.321684658559745
A,VAL,121,A_VAL_121,15.94992645148627
