chain,resname,resnum,res_key,density
A,ALA,28,A_ALA_28,13.044620338499719
A,ALA,78,A_ALA_78,5.523265572266686
A,ARG,58,A_ARG_58,27.584377790971562
A,ARG,60,A_ARG_60,18.950626163055226
A,ARG,64,A_ARG_64,26.832983172003903
A,ASN,54,A_ASN_54,9.707204013215133
A,ASP,22,A_ASP_22,22.317346483217875
A,ASP,26,A_ASP_26,19.553700857706865
A,ASP,59,A_ASP_59,21.590573371169206
A,CYS,62,A_CYS_62,17.923570979662436
A,CYS,63,A_CYS_63,17.674874521026105
A,CYS,81,A_CYS_81,17.90826145757329
A,GLN,24,A_GLN_24,23.150729331478676
A,GLN,31,A_GLN_31,19.420615228233117
A,GLN,90,A_GLN_90,3.537285037148619
A,GLU,56,A_GLU_56,19.689083313996242
A,GLU,207,A_GLU_207,7.180086434528547
A,GLY,30,A_GLY_30,2.8372143163646553
A,GLY,79,A_GLY_79,10.667544175198856
A,ILE,29,A_ILE_29,18.582230512316773
A,ILE,45,A_ILE_45,5.789116867876077
A,LEU,25,A_LEU_25,17.855387197580328
A,LEU,57,A_LEU_57,18.96187172140433
A,LEU,61,A_LEU_61,17.451199221791846
A,LYS,55,A_LYS_55,14.622931874986573
A,MET,53,A_MET_53,3.304945579728121
A,MET,65,A_MET_65,14.185865110250152
A,PHE,80,A_PHE_80,25.672074511303936
A,PRO,23,A_PRO_23,14.367260956719416
A,THR,20,A_THR_20,7.138683240879621
A,THR,27,A_THR_27,17.7814112454852
A,THR,87,A_THR_87,1.9305285075080927
A,TRP,32,A_TRP_32,20.433049154125538
A,TRP,35,A_TRP_35,3.899943137076279
A,TYR,82,A_TYR_82,20.921390316957243
