chain,resname,resnum,res_key,density
A,ALA,276,A_ALA_276,12.512835425550152
A,ALA,453,A_ALA_453,8.834982169006931
A,ALA,454,A_ALA_454,5.741698841525183
A,ALA,458,A_ALA_458,12.368078328939335
A,ARG,250,A_ARG_250,25.947492966715213
A,ASN,253,A_ASN_253,20.75273988522249
A,ASN,372,A_ASN_372,20.701120233193226
A,ASP,242,A_ASP_242,12.545997348243244
A,ASP,367,A_ASP_367,2.7854225492403293
A,CYS,247,A_CYS_247,17.394461407039252
A,CYS,368,A_CYS_368,18.37387491293689
A,CYS,441,A_CYS_441,15.526412234506662
A,GLU,241,A_GLU_241,23.513038440939532
A,GLU,251,A_GLU_251,23.367535901722405
A,GLU,459,A_GLU_459,23.264657800619645
A,GLY,281,A_GLY_281,10.590224428407145
A,GLY,442,A_GLY_442,4.622456657699946
A,ILE,246,A_ILE_246,17.892427576245836
A,LEU,243,A_LEU_243,18.426939943504614
A,LEU,252,A_LEU_252,16.441243652984834
A,LEU,275,A_LEU_275,3.3850164409967682
A,LYS,244,A_LYS_244,20.454508536124433
A,LYS,245,A_LYS_245,20.56067748938531
A,LYS,278,A_LYS_278,10.515466385819439
A,LYS,371,A_LYS_371,1.8227688134547024
A,MET,240,A_MET_240,17.921659912004912
A,MET,365,A_MET_365,23.063110301363114
A,MET,460,A_MET_460,9.809619310482631
A,PHE,248,A_PHE_248,24.945709091615583
A,PHE,277,A_PHE_277,16.571220826358648
A,PHE,280,A_PHE_280,25.225096760749494
A,PHE,282,A_PHE_282,19.55339332627282
A,SER,254,A_SER_254,10.079240403347503
A,SER,444,A_SER_444,3.047281254263235
A,SER,452,A_SER_452,16.358274533675004
A,SER,462,A_SER_462,4.493042978045542
A,TRP,364,A_TRP_364,28.66700352118191
A,TRP,369,A_TRP_369,4.901645085487867
A,TYR,239,A_TYR_239,6.065855174205361
A,TYR,249,A_TYR_249,29.30609909046772
A,TYR,463,A_TYR_463,12.650516223638554
A,VAL,279,A_VAL_279,16.727015933983463
A,VAL,451,A_VAL_451,2.7882550308714253
A,VAL,455,A_VAL_455,15.438029346147156
A,VAL,456,A_VAL_456,16.93185083556526
A,VAL,457,A_VAL_457,10.885071465489444
