chain,resname,resnum,res_key,density
A,ALA,524,A_ALA_524,12.695228886397766
A,ALA,565,A_ALA_565,12.771734037977442
A,ALA,580,A_ALA_580,12.563093908382328
A,ALA,584,A_ALA_584,12.062930139510367
A,ALA,604,A_ALA_604,8.952718403504717
A,ASN,561,A_ASN_561,20.955215621784426
A,ASP,603,A_ASP_603,2.724936823166948
A,CYS,520,A_CYS_520,18.132403468351587
A,CYS,563,A_CYS_563,18.01341943245892
A,CYS,583,A_CYS_583,17.935667073233738
A,GLN,560,A_GLN_560,22.73569658258672
A,GLN,588,A_GLN_588,8.897756966200072
A,GLU,581,A_GLU_581,24.29019077866309
A,GLU,595,A_GLU_595,10.849824953782107
A,GLU,596,A_GLU_596,8.582076850366443
A,GLU,597,A_GLU_597,23.834121513115026
A,GLY,562,A_GLY_562,9.979658565223318
A,HIS,485,A_HIS_485,22.97628407284058
A,HIS,527,A_HIS_527,19.16301363206232
A,ILE,393,A_ILE_393,2.756102874975646
A,ILE,486,A_ILE_486,18.388188554135382
A,ILE,525,A_ILE_525,17.44443703265674
A,ILE,555,A_ILE_555,2.8783696417336033
A,ILE,602,A_ILE_602,18.582124881946132
A,LEU,526,A_LEU_526,17.980987424913447
A,LEU,567,A_LEU_567,2.824982806602851
A,LEU,593,A_LEU_593,6.323276101521974
A,LEU,594,A_LEU_594,18.543884082280975
A,LEU,598,A_LEU_598,18.071118653996134
A,LEU,601,A_LEU_601,18.289337762408106
A,LEU,605,A_LEU_605,11.872221280207127
A,LYS,392,A_LYS_392,21.734666253831183
A,LYS,395,A_LYS_395,3.908610135404601
A,LYS,488,A_LYS_488,14.13306474237243
A,LYS,518,A_LYS_518,3.1352456337314516
A,LYS,599,A_LYS_599,12.925214159440056
A,LYS,600,A_LYS_600,12.583708539462918
A,MET,582,A_MET_582,20.103599799524172
A,PHE,519,A_PHE_519,2.5367532658680076
A,PHE,523,A_PHE_523,24.849494305865104
A,PHE,557,A_PHE_557,24.729787303323597
A,PHE,559,A_PHE_559,25.042527804231796
A,PHE,609,A_PHE_609,6.129409125500215
A,SER,390,A_SER_390,5.922578716018185
A,SER,391,A_SER_391,12.191590738497949
A,SER,487,A_SER_487,15.237556973574218
A,SER,585,A_SER_585,4.589524289351216
A,THR,388,A_THR_388,2.909503151920343
A,THR,522,A_THR_522,6.064884868742995
A,THR,556,A_THR_556,17.718041866707935
A,THR,558,A_THR_558,17.54163780235957
A,THR,566,A_THR_566,16.503913198993942
A,TYR,484,A_TYR_484,12.211394215059693
A,TYR,578,A_TYR_578,6.86024352200841
A,TYR,579,A_TYR_579,12.491659557545553
A,VAL,528,A_VAL_528,6.290966035174812
A,VAL,564,A_VAL_564,15.394847212512882
