chain,resname,resnum,res_key,density
A,ALA,270,A_ALA_270,11.842280812521834
A,ALA,273,A_ALA_273,12.692715211707847
A,ALA,289,A_ALA_289,12.305646780249997
A,ALA,294,A_ALA_294,12.237894203318284
A,ALA,299,A_ALA_299,12.66629304077254
A,ALA,314,A_ALA_314,3.2451032985814394
A,ALA,331,A_ALA_331,10.499005091206357
A,ALA,374,A_ALA_374,12.037798976107652
A,ARG,215,A_ARG_215,2.58583613422711
A,ARG,308,A_ARG_308,2.0460263667343423
A,ARG,373,A_ARG_373,3.411374291511084
A,ASN,216,A_ASN_216,5.007729149505202
A,ASN,293,A_ASN_293,19.912213679208
A,ASN,300,A_ASN_300,21.15005882489892
A,ASN,380,A_ASN_380,2.628582880558395
A,CYS,295,A_CYS_295,18.351131583647707
A,CYS,305,A_CYS_305,3.3350978942851874
A,CYS,315,A_CYS_315,17.08722398999584
A,CYS,316,A_CYS_316,11.630988554322004
A,CYS,376,A_CYS_376,18.660296352176037
A,GLN,301,A_GLN_301,22.644365321357657
A,GLU,290,A_GLU_290,14.712802495975332
A,GLU,297,A_GLU_297,23.082170827853318
A,ILE,212,A_ILE_212,6.0270763347073775
A,ILE,234,A_ILE_234,5.456415434229312
A,ILE,291,A_ILE_291,18.98726866032135
A,ILE,332,A_ILE_332,18.994647376913136
A,ILE,335,A_ILE_335,18.181506469366575
A,ILE,341,A_ILE_341,9.859765475991091
A,LEU,269,A_LEU_269,17.394236852915995
A,LEU,286,A_LEU_286,3.74176792698582
A,LEU,317,A_LEU_317,17.041512400876357
A,LEU,318,A_LEU_318,14.404883109690873
A,LEU,378,A_LEU_378,17.77958450180245
A,LYS,336,A_LYS_336,2.520570094690276
A,LYS,338,A_LYS_338,10.167872791148715
A,LYS,352,A_LYS_352,3.094148850898806
A,MET,302,A_MET_302,18.46383035265794
A,MET,377,A_MET_377,21.123839491627336
A,PHE,296,A_PHE_296,25.072043173984667
A,PHE,343,A_PHE_343,4.436428878679948
A,PHE,351,A_PHE_351,14.660802864146316
A,PRO,274,A_PRO_274,16.270492402171747
A,PRO,298,A_PRO_298,15.457803359682336
A,PRO,307,A_PRO_307,13.211310964161893
A,SER,287,A_SER_287,6.198871299617748
A,SER,379,A_SER_379,16.093762931549364
A,THR,271,A_THR_271,16.901136921559573
A,THR,292,A_THR_292,17.631263150337983
A,THR,340,A_THR_340,5.789056065432545
A,THR,381,A_THR_381,4.368886085818225
A,TYR,272,A_TYR_272,29.20573719758175
A,TYR,312,A_TYR_312,17.695249633008796
A,TYR,319,A_TYR_319,22.555175566255745
A,VAL,275,A_VAL_275,11.815103422875339
A,VAL,288,A_VAL_288,13.600302472407968
A,VAL,303,A_VAL_303,5.968502151219682
A,VAL,328,A_VAL_328,1.8084373251069077
A,VAL,375,A_VAL_375,15.949251457340859
