chain,resname,resnum,res_key,density
A,ALA,294,A_ALA_294,11.712814546196423
A,ALA,302,A_ALA_302,9.160479102120409
A,ALA,308,A_ALA_308,12.011208699030513
A,ALA,313,A_ALA_313,13.008158067563073
A,ALA,314,A_ALA_314,12.406399760104636
A,ALA,318,A_ALA_318,9.31012506745946
A,ARG,295,A_ARG_295,27.07729567105764
A,ARG,312,A_ARG_312,26.998038917694714
A,ARG,316,A_ARG_316,19.77487396123943
A,ARG,466,A_ARG_466,12.153660204552978
A,ARG,472,A_ARG_472,16.54985893971764
A,ASP,298,A_ASP_298,21.769841507589522
A,ASP,468,A_ASP_468,18.48727954751767
A,ASP,469,A_ASP_469,12.436312973212406
A,ASP,470,A_ASP_470,16.37874136558725
A,ASP,477,A_ASP_477,16.158072544951423
A,CYS,228,A_CYS_228,17.594383926862804
A,CYS,296,A_CYS_296,18.164844919431395
A,GLN,467,A_GLN_467,22.217847476295457
A,GLU,286,A_GLU_286,14.6734631408939
A,GLU,309,A_GLU_309,10.70484976083577
A,GLU,315,A_GLU_315,22.85306847885798
A,GLY,225,A_GLY_225,10.205430703473569
A,GLY,292,A_GLY_292,10.586379303364154
A,GLY,307,A_GLY_307,5.414585557547076
A,ILE,226,A_ILE_226,18.263398517552208
A,ILE,284,A_ILE_284,3.1206546579367354
A,ILE,301,A_ILE_301,17.799731665448306
A,ILE,325,A_ILE_325,7.81317123128271
A,LEU,223,A_LEU_223,16.03126655698371
A,LEU,274,A_LEU_274,1.8848404334302484
A,LEU,287,A_LEU_287,8.315156157475737
A,LEU,288,A_LEU_288,16.550433093268175
A,LEU,289,A_LEU_289,18.18682424937574
A,LEU,311,A_LEU_311,17.089298185187268
A,LEU,480,A_LEU_480,4.013725112242174
A,LYS,227,A_LYS_227,19.556327517952244
A,LYS,290,A_LYS_290,9.902816610974504
A,LYS,310,A_LYS_310,11.692543430308932
A,LYS,319,A_LYS_319,13.85595414339031
A,PHE,293,A_PHE_293,12.250339656614035
A,PHE,317,A_PHE_317,2.5579600349557996
A,PRO,229,A_PRO_229,6.85110809962636
A,SER,206,A_SER_206,6.654250025417677
A,SER,224,A_SER_224,15.876091808499746
A,SER,300,A_SER_300,15.376041682377242
A,THR,285,A_THR_285,17.93606490735322
A,TRP,299,A_TRP_299,29.435755166911107
A,TRP,326,A_TRP_326,21.698621107923184
A,TYR,304,A_TYR_304,22.78293610872901
A,TYR,329,A_TYR_329,1.9617118794668245
A,TYR,465,A_TYR_465,14.439030333419904
A,TYR,476,A_TYR_476,22.647789772204955
A,VAL,297,A_VAL_297,16.901024517060343
A,VAL,303,A_VAL_303,3.0495089899321792
