chain,resname,resnum,res_key,density
A,ALA,188,A_ALA_188,1.7790813688025386
A,ALA,205,A_ALA_205,11.895675694826545
A,ALA,217,A_ALA_217,1.850086948859047
A,ARG,166,A_ARG_166,21.31106117134546
A,ASN,210,A_ASN_210,21.568260305122568
A,ASP,164,A_ASP_164,21.41405422995692
A,ASP,216,A_ASP_216,2.550382003948756
A,CYS,127,A_CYS_127,17.342962602524842
A,CYS,203,A_CYS_203,18.234208673037788
A,GLN,162,A_GLN_162,23.327869782380624
A,GLN,208,A_GLN_208,23.726791338072967
A,GLU,185,A_GLU_185,14.881644641514232
A,GLU,202,A_GLU_202,23.398361769360505
A,GLU,213,A_GLU_213,23.538269002591342
A,GLY,61,A_GLY_61,10.818044021495176
A,GLY,160,A_GLY_160,10.408531933772377
A,ILE,157,A_ILE_157,9.0142458178046
A,ILE,201,A_ILE_201,18.281169602382338
A,LEU,54,A_LEU_54,3.878456126204674
A,LEU,65,A_LEU_65,18.9784367094659
A,LEU,125,A_LEU_125,11.851873953694968
A,LEU,126,A_LEU_126,7.8982666719886545
A,LEU,158,A_LEU_158,17.28351736400821
A,LEU,165,A_LEU_165,15.483631147839038
A,LEU,206,A_LEU_206,18.12620301494418
A,LEU,211,A_LEU_211,17.954521984537525
A,LYS,62,A_LYS_62,14.516829871252455
A,LYS,209,A_LYS_209,20.720624034284086
A,LYS,212,A_LYS_212,15.1095818654087
A,PHE,128,A_PHE_128,24.650399955950363
A,PHE,215,A_PHE_215,22.315646095439504
A,SER,64,A_SER_64,16.107294869258407
A,SER,68,A_SER_68,15.014746588474258
A,SER,129,A_SER_129,16.05997473672774
A,SER,163,A_SER_163,16.54571319941769
A,SER,199,A_SER_199,8.968578416195381
A,SER,204,A_SER_204,15.993060198438565
A,THR,63,A_THR_63,5.93274850887916
A,THR,161,A_THR_161,18.02707960092339
A,THR,207,A_THR_207,17.98041317494532
A,TYR,69,A_TYR_69,13.29726445593271
A,TYR,74,A_TYR_74,14.246425427336376
A,TYR,200,A_TYR_200,29.036307202729354
A,VAL,60,A_VAL_60,13.55745832044688
A,VAL,66,A_VAL_66,4.8601555825800205
A,VAL,130,A_VAL_130,15.501063836728097
A,VAL,131,A_VAL_131,11.15356666296125
A,VAL,159,A_VAL_159,16.555753888941105
A,VAL,183,A_VAL_183,3.449482398219138
A,VAL,214,A_VAL_214,16.406652502821398
