chain,resname,resnum,res_key,density
A,ALA,276,A_ALA_276,8.715913927602447
A,ALA,307,A_ALA_307,12.151800315055437
A,ALA,335,A_ALA_335,12.014541781452401
A,ALA,358,A_ALA_358,6.424065479113705
A,ARG,282,A_ARG_282,26.116676393804536
A,ARG,305,A_ARG_305,6.016758125238686
A,ARG,330,A_ARG_330,24.692643218928005
A,ASN,277,A_ASN_277,6.271856772704282
A,ASN,316,A_ASN_316,20.225627527655654
A,ASP,357,A_ASP_357,21.666256786255918
A,CYS,286,A_CYS_286,17.8899574122819
A,CYS,312,A_CYS_312,17.26269090037257
A,CYS,332,A_CYS_332,17.595751717264605
A,GLN,317,A_GLN_317,23.164014216129058
A,GLU,283,A_GLU_283,2.6992757695196095
A,GLU,306,A_GLU_306,13.914203840011677
A,GLU,309,A_GLU_309,23.508943326147346
A,GLU,314,A_GLU_314,22.414014058232883
A,GLY,331,A_GLY_331,10.44533328054064
A,GLY,353,A_GLY_353,3.9086130242213395
A,ILE,294,A_ILE_294,3.381545185857468
A,ILE,323,A_ILE_323,8.009600552426217
A,LEU,268,A_LEU_268,2.031909548367528
A,LEU,289,A_LEU_289,14.962518314014662
A,LEU,290,A_LEU_290,8.606306781153028
A,LEU,297,A_LEU_297,16.602845023699835
A,LEU,302,A_LEU_302,4.034811519775528
A,LEU,308,A_LEU_308,18.269361204748584
A,LEU,315,A_LEU_315,17.887998680781703
A,LEU,320,A_LEU_320,1.572898510166311
A,LEU,355,A_LEU_355,18.458960399562454
A,LYS,295,A_LYS_295,5.806075749067569
A,LYS,310,A_LYS_310,20.976972196229113
A,LYS,334,A_LYS_334,20.34684713899038
A,MET,287,A_MET_287,2.742854752123922
A,PHE,311,A_PHE_311,23.839515356971383
A,PHE,354,A_PHE_354,11.99349311504453
A,PRO,318,A_PRO_318,15.109473810466598
A,THR,313,A_THR_313,17.332079356149972
A,THR,319,A_THR_319,9.603680918989443
A,TRP,333,A_TRP_333,31.81805806396135
A,TRP,356,A_TRP_356,32.22341233346208
A,VAL,281,A_VAL_281,3.2922415095331115
A,VAL,285,A_VAL_285,16.936576505219943
A,VAL,299,A_VAL_299,5.677215934525582
A,VAL,336,A_VAL_336,14.39376147026088
A,VAL,337,A_VAL_337,8.576714159269605
