chain,resname,resnum,res_key,density
A,ALA,202,A_ALA_202,12.733502650153525
A,ALA,246,A_ALA_246,6.118547092586857
A,ALA,249,A_ALA_249,10.992012174905675
A,ALA,255,A_ALA_255,12.52822460252058
A,ALA,256,A_ALA_256,6.642056658995724
A,ALA,259,A_ALA_259,2.806432339460068
A,ALA,406,A_ALA_406,12.632467532853852
A,ALA,408,A_ALA_408,13.231133625640007
A,ALA,409,A_ALA_409,13.378710479998716
A,ALA,414,A_ALA_414,2.9929241639685156
A,ARG,247,A_ARG_247,22.364598209027644
A,ASN,172,A_ASN_172,5.956456696607406
A,ASN,248,A_ASN_248,20.60179824962512
A,ASP,201,A_ASP_201,18.04814904946138
A,CYS,208,A_CYS_208,19.03142359641911
A,GLN,169,A_GLN_169,3.43339296666512
A,GLY,200,A_GLY_200,5.522975908317293
A,GLY,205,A_GLY_205,10.794451990177684
A,ILE,402,A_ILE_402,4.8417374833878135
A,ILE,411,A_ILE_411,14.761706190362698
A,ILE,412,A_ILE_412,19.692170886895358
A,LEU,173,A_LEU_173,18.613988835009582
A,LEU,174,A_LEU_174,2.8046115178423894
A,LEU,204,A_LEU_204,17.365843519715465
A,LEU,206,A_LEU_206,18.844720101313758
A,LEU,210,A_LEU_210,19.078644343842498
A,LEU,211,A_LEU_211,19.081984766384554
A,LEU,212,A_LEU_212,18.246355389232246
A,LEU,213,A_LEU_213,18.562866058554974
A,LEU,215,A_LEU_215,15.459093164016508
A,LEU,250,A_LEU_250,14.622415494045875
A,LEU,407,A_LEU_407,18.748923841154838
A,LYS,216,A_LYS_216,4.952628524755319
A,LYS,404,A_LYS_404,10.989789335640346
A,MET,209,A_MET_209,22.82344359781019
A,MET,413,A_MET_413,22.172611374714535
A,PHE,254,A_PHE_254,24.810409779975302
A,PHE,270,A_PHE_270,13.177413151384323
A,PRO,403,A_PRO_403,16.19753428875503
A,SER,253,A_SER_253,13.29186772656407
A,SER,405,A_SER_405,15.238881457663563
A,THR,61,A_THR_61,1.8592061881262765
A,VAL,199,A_VAL_199,3.3573085818848525
A,VAL,203,A_VAL_203,16.68067206844157
A,VAL,207,A_VAL_207,17.148683995064403
A,VAL,214,A_VAL_214,16.115596624880283
A,VAL,251,A_VAL_251,17.342557999911435
A,VAL,252,A_VAL_252,16.133727834279767
A,VAL,258,A_VAL_258,10.58957874025674
A,VAL,410,A_VAL_410,16.94292272396008
