chain,resname,resnum,res_key,density
A,ALA,164,A_ALA_164,4.3819643180329875
A,ARG,97,A_ARG_97,5.280472328970409
A,ARG,113,A_ARG_113,12.696260542036605
A,ARG,126,A_ARG_126,26.049165229648136
A,ASN,116,A_ASN_116,19.383429589478784
A,ASP,117,A_ASP_117,21.148078587025715
A,ASP,121,A_ASP_121,22.54261748764261
A,ASP,160,A_ASP_160,21.27182101316036
A,CYS,115,A_CYS_115,18.336525547972386
A,CYS,119,A_CYS_119,18.68217639303745
A,CYS,163,A_CYS_163,18.411078954351236
A,GLU,112,A_GLU_112,12.56070012409818
A,GLU,124,A_GLU_124,23.980781779403525
A,GLY,161,A_GLY_161,2.925687742111419
A,ILE,159,A_ILE_159,19.13171055675501
A,ILE,162,A_ILE_162,18.857691576307904
A,LEU,118,A_LEU_118,17.95859148664218
A,LEU,130,A_LEU_130,5.634238739146584
A,MET,111,A_MET_111,5.603542518580358
A,PHE,114,A_PHE_114,26.152619248618766
A,PHE,166,A_PHE_166,19.634478832203072
A,PRO,122,A_PRO_122,15.367482690460255
A,SER,158,A_SER_158,3.6382316868277105
A,THR,123,A_THR_123,2.9846647973878007
A,TYR,98,A_TYR_98,7.324549193608813
A,VAL,120,A_VAL_120,16.320468605550627
A,VAL,127,A_VAL_127,10.588938705523667
