chain,resname,resnum,res_key,density
A,ALA,333,A_ALA_333,12.567629016413438
A,ALA,374,A_ALA_374,9.295538379929985
A,ARG,368,A_ARG_368,8.318389074940336
A,ASP,372,A_ASP_372,21.716766573578646
A,ASP,378,A_ASP_378,21.362476097389102
A,ASP,379,A_ASP_379,22.12927095385995
A,CYS,330,A_CYS_330,17.619733620325288
A,CYS,380,A_CYS_380,18.09349763157177
A,GLN,327,A_GLN_327,19.494424003523022
A,GLN,332,A_GLN_332,23.226490422533267
A,GLN,377,A_GLN_377,11.898909552100793
A,GLU,316,A_GLU_316,12.569726480114143
A,GLU,371,A_GLU_371,13.813085253485628
A,GLY,334,A_GLY_334,9.928618903766187
A,ILE,340,A_ILE_340,1.856118760680562
A,LEU,328,A_LEU_328,17.894966515899114
A,LEU,367,A_LEU_367,15.70478272782084
A,LYS,317,A_LYS_317,6.0178065056055905
A,LYS,382,A_LYS_382,18.511976960008486
A,PHE,318,A_PHE_318,22.178038525723093
A,PHE,322,A_PHE_322,22.058657896736587
A,PHE,341,A_PHE_341,8.671872961180586
A,PHE,383,A_PHE_383,4.878443540981449
A,PRO,221,A_PRO_221,5.752525221033556
A,PRO,319,A_PRO_319,10.319777041716883
A,PRO,337,A_PRO_337,13.006317401611822
A,PRO,369,A_PRO_369,13.953463304232315
A,SER,376,A_SER_376,16.26022383226849
A,THR,335,A_THR_335,17.665983911022742
A,THR,336,A_THR_336,16.757845675081892
A,THR,375,A_THR_375,11.307524315366702
A,TRP,331,A_TRP_331,31.998820394148254
A,TRP,338,A_TRP_338,14.345663675606847
A,TYR,381,A_TYR_381,27.20067544573994
A,VAL,329,A_VAL_329,16.687866593230567
A,VAL,370,A_VAL_370,16.10743297969229
A,VAL,373,A_VAL_373,12.973484392487205
