chain,resname,resnum,res_key,density
A,ALA,333,A_ALA_333,12.567629016413438
A,ALA,374,A_ALA_374,12.746585075273996
A,ALA,384,A_ALA_384,2.994182996468176
A,ARG,368,A_ARG_368,27.55517586013245
A,ASP,372,A_ASP_372,21.716766573578646
A,ASP,378,A_ASP_378,21.362476097389102
A,ASP,379,A_ASP_379,22.12927095385995
A,CYS,330,A_CYS_330,17.619733620325288
A,CYS,380,A_CYS_380,18.09349763157177
A,GLN,327,A_GLN_327,11.982963811910086
A,GLN,332,A_GLN_332,15.082476405387474
A,GLN,364,A_GLN_364,4.760793225240451
A,GLN,377,A_GLN_377,13.635313265921482
A,GLU,316,A_GLU_316,3.0535421913298864
A,GLU,326,A_GLU_326,5.489595039469517
A,GLU,371,A_GLU_371,22.737606721638382
A,GLY,219,A_GLY_219,10.288906937753696
A,GLY,325,A_GLY_325,3.023732667156626
A,GLY,334,A_GLY_334,7.11000272018384
A,LEU,222,A_LEU_222,10.992873386602838
A,LEU,328,A_LEU_328,17.894966515899114
A,LEU,367,A_LEU_367,18.27632082646566
A,LYS,382,A_LYS_382,20.719360532752482
A,PHE,220,A_PHE_220,19.160301030205524
A,PHE,318,A_PHE_318,6.644485521728959
A,PHE,322,A_PHE_322,16.818241211667136
A,PHE,341,A_PHE_341,4.402885054933167
A,PHE,383,A_PHE_383,12.203363461601784
A,PRO,221,A_PRO_221,16.20736121293311
A,PRO,337,A_PRO_337,6.6721090504321845
A,PRO,363,A_PRO_363,2.995905904579476
A,PRO,369,A_PRO_369,15.940111167986704
A,SER,376,A_SER_376,16.26022383226849
A,THR,335,A_THR_335,15.720299617582148
A,THR,336,A_THR_336,16.757845675081892
A,THR,375,A_THR_375,18.392688562747132
A,TRP,331,A_TRP_331,31.998820394148254
A,TRP,338,A_TRP_338,14.345663675606847
A,TYR,366,A_TYR_366,5.582713311101815
A,TYR,381,A_TYR_381,27.20067544573994
A,VAL,329,A_VAL_329,16.687866593230567
A,VAL,370,A_VAL_370,16.10743297969229
A,VAL,373,A_VAL_373,16.19699284911866
