chain,resname,resnum,res_key,density
A,ALA,218,A_ALA_218,12.708677155331426
A,ALA,396,A_ALA_396,6.142793069644856
A,ALA,416,A_ALA_416,12.740910749676495
A,ALA,419,A_ALA_419,12.240715416101844
A,ALA,429,A_ALA_429,12.641109101028475
A,ASP,65,A_ASP_65,15.764647325989536
A,ASP,241,A_ASP_241,3.161199917840263
A,ASP,424,A_ASP_424,2.901243959159416
A,CYS,216,A_CYS_216,17.46649182549961
A,CYS,420,A_CYS_420,18.03852551088856
A,GLN,214,A_GLN_214,22.791668842793182
A,GLN,364,A_GLN_364,10.798365088260482
A,GLN,365,A_GLN_365,17.52961797532852
A,GLU,400,A_GLU_400,22.757414233813655
A,GLY,69,A_GLY_69,3.1554402974419027
A,GLY,217,A_GLY_217,10.380801191173456
A,GLY,219,A_GLY_219,7.1674097612313625
A,GLY,232,A_GLY_232,10.386108094828202
A,GLY,233,A_GLY_233,10.28778002686531
A,GLY,401,A_GLY_401,10.362865329842972
A,HIS,242,A_HIS_242,2.643695539003625
A,HIS,421,A_HIS_421,23.806440425860902
A,HIS,423,A_HIS_423,23.333426748411338
A,ILE,398,A_ILE_398,5.962063864388627
A,LEU,67,A_LEU_67,6.837512883449834
A,LEU,213,A_LEU_213,10.418032829587624
A,LEU,215,A_LEU_215,18.079320083467074
A,LEU,244,A_LEU_244,18.667014781310677
A,LEU,362,A_LEU_362,3.607114233545574
A,MET,399,A_MET_399,12.312247256653617
A,PHE,220,A_PHE_220,8.80333265779076
A,PHE,402,A_PHE_402,25.679922369422027
A,SER,230,A_SER_230,6.077274930872145
A,SER,234,A_SER_234,15.212213199351647
A,SER,243,A_SER_243,16.435810956746234
A,SER,418,A_SER_418,15.87111604210026
A,THR,246,A_THR_246,17.381661772902866
A,THR,428,A_THR_428,10.34054168538907
A,TYR,75,A_TYR_75,15.771218077683951
A,TYR,245,A_TYR_245,19.112685652860993
A,TYR,403,A_TYR_403,25.43415396709902
A,VAL,64,A_VAL_64,3.5950219650981294
A,VAL,231,A_VAL_231,15.67450149767228
A,VAL,397,A_VAL_397,7.459592292961323
A,VAL,404,A_VAL_404,4.5492322384851
A,VAL,417,A_VAL_417,16.942486690267614
A,VAL,422,A_VAL_422,16.681650076399286
