chain,resname,resnum,res_key,density
A,ARG,255,A_ARG_255,11.903040773643582
A,ARG,266,A_ARG_266,23.95340903621118
A,ASN,282,A_ASN_282,20.820716055963953
A,ASN,446,A_ASN_446,4.949716089452931
A,ASP,273,A_ASP_273,15.876437353342727
A,ASP,277,A_ASP_277,21.792747363279208
A,ASP,284,A_ASP_284,10.724357634368456
A,ASP,439,A_ASP_439,21.64037751592594
A,ASP,442,A_ASP_442,19.74549654728231
A,CYS,278,A_CYS_278,17.677229016257705
A,CYS,443,A_CYS_443,18.717005560001642
A,GLU,268,A_GLU_268,2.6383225950304414
A,GLU,280,A_GLU_280,24.177601971855196
A,GLU,441,A_GLU_441,19.85740716091579
A,GLY,444,A_GLY_444,10.742029305015876
A,ILE,263,A_ILE_263,18.984143982842888
A,ILE,264,A_ILE_264,17.23044825944107
A,LEU,274,A_LEU_274,18.640732836145347
A,LEU,297,A_LEU_297,1.7314512756724707
A,LEU,346,A_LEU_346,8.451547239874994
A,LEU,348,A_LEU_348,14.895667610517618
A,LEU,438,A_LEU_438,11.943233861001662
A,LYS,275,A_LYS_275,13.75350049312234
A,LYS,279,A_LYS_279,20.48688658757831
A,LYS,285,A_LYS_285,10.950676129747887
A,LYS,300,A_LYS_300,16.481016669454156
A,MET,276,A_MET_276,20.632247242284517
A,MET,349,A_MET_349,15.328768918213198
A,MET,440,A_MET_440,22.275427808543306
A,PRO,298,A_PRO_298,13.47924810409259
A,SER,286,A_SER_286,9.712733555088136
A,SER,345,A_SER_345,3.039717822865087
A,SER,356,A_SER_356,4.993912904464736
A,THR,392,A_THR_392,11.03076602396657
A,THR,437,A_THR_437,14.597386859971284
A,TYR,281,A_TYR_281,27.753346740174422
A,TYR,283,A_TYR_283,20.66584299619997
A,TYR,347,A_TYR_347,18.54540199127617
A,TYR,445,A_TYR_445,24.532767967344455
A,VAL,262,A_VAL_262,5.760413382432061
A,VAL,265,A_VAL_265,15.43554268692554
A,VAL,267,A_VAL_267,16.776729227905886
A,VAL,301,A_VAL_301,13.654018715696832
