chain,resname,resnum,res_key,density
A,ARG,261,A_ARG_261,15.699154444945158
A,ARG,264,A_ARG_264,18.82119138052142
A,ARG,336,A_ARG_336,2.8117140519661805
A,ASN,260,A_ASN_260,17.484838631252785
A,ASN,333,A_ASN_333,20.979654232031624
A,ASP,302,A_ASP_302,21.576073189677555
A,CYS,258,A_CYS_258,5.353622606879587
A,CYS,262,A_CYS_262,18.47406779384702
A,CYS,295,A_CYS_295,5.525257047183911
A,CYS,299,A_CYS_299,18.154061331818475
A,GLN,332,A_GLN_332,23.042869909713403
A,GLY,263,A_GLY_263,10.226545795063775
A,GLY,265,A_GLY_265,2.6567873885425604
A,GLY,303,A_GLY_303,2.644180285158159
A,GLY,334,A_GLY_334,10.966703712682587
A,GLY,335,A_GLY_335,10.962580388673722
A,ILE,298,A_ILE_298,18.156449018319293
A,PRO,300,A_PRO_300,16.28088008586243
A,PRO,329,A_PRO_329,1.616745411278452
A,PRO,330,A_PRO_330,5.576121445846743
A,PRO,331,A_PRO_331,12.332783270123935
A,THR,296,A_THR_296,17.37116699802745
A,THR,297,A_THR_297,17.30456096205227
A,VAL,301,A_VAL_301,16.356962662105982
