chain,resname,resnum,res_key,density
A,ALA,447,A_ALA_447,12.229980974052975
A,ALA,698,A_ALA_698,12.38023963593334
A,ALA,701,A_ALA_701,2.816433219297278
A,ALA,772,A_ALA_772,7.980411876800678
A,ALA,789,A_ALA_789,11.883615284490755
A,ARG,713,A_ARG_713,26.18264987734486
A,ARG,755,A_ARG_755,14.538958833185582
A,ARG,813,A_ARG_813,6.6021310426609965
A,ASP,444,A_ASP_444,21.16936552317491
A,CYS,716,A_CYS_716,17.926926433751458
A,CYS,792,A_CYS_792,17.547267573982005
A,CYS,811,A_CYS_811,9.978628826347107
A,GLN,696,A_GLN_696,3.1362638513379992
A,GLN,775,A_GLN_775,22.24574928911018
A,GLN,787,A_GLN_787,2.813810048513622
A,GLU,731,A_GLU_731,10.88235220898029
A,GLU,776,A_GLU_776,17.04090872356437
A,HIS,781,A_HIS_781,8.743843767026652
A,HIS,791,A_HIS_791,23.943771831711366
A,ILE,777,A_ILE_777,17.646933232261247
A,ILE,782,A_ILE_782,3.8798163992736514
A,ILE,810,A_ILE_810,15.372439402680445
A,LEU,445,A_LEU_445,18.707125621855408
A,LEU,697,A_LEU_697,12.417469024307564
A,LEU,712,A_LEU_712,17.768161664309748
A,LEU,717,A_LEU_717,12.082437197683024
A,LEU,730,A_LEU_730,1.9182048598918802
A,LEU,734,A_LEU_734,1.9015510277349787
A,LEU,754,A_LEU_754,18.483293970300032
A,LEU,756,A_LEU_756,17.46202684359393
A,LEU,758,A_LEU_758,9.885241997299019
A,LEU,770,A_LEU_770,12.030059946764094
A,LEU,790,A_LEU_790,18.33315753228901
A,LEU,796,A_LEU_796,4.707389050016071
A,LEU,824,A_LEU_824,1.6678945825547382
A,LYS,773,A_LYS_773,5.7982082185449855
A,LYS,788,A_LYS_788,6.095512784777559
A,PHE,700,A_PHE_700,18.835570662826488
A,PHE,794,A_PHE_794,24.669485164182856
A,PHE,822,A_PHE_822,6.4369333600240495
A,PRO,442,A_PRO_442,7.1760794628271825
A,PRO,443,A_PRO_443,7.712260697888089
A,PRO,778,A_PRO_778,11.625368443723328
A,SER,448,A_SER_448,7.424152590773714
A,SER,711,A_SER_711,15.413891255458473
A,SER,757,A_SER_757,15.677824748362164
A,SER,768,A_SER_768,3.0164772837792078
A,THR,446,A_THR_446,17.76406327443135
A,THR,793,A_THR_793,17.282341542306767
A,THR,795,A_THR_795,17.769497618769442
A,TYR,710,A_TYR_710,3.275215366091759
A,TYR,715,A_TYR_715,27.50322928788683
A,TYR,774,A_TYR_774,16.432823050680362
A,VAL,699,A_VAL_699,15.93103842721938
A,VAL,714,A_VAL_714,16.199359179185677
A,VAL,727,A_VAL_727,3.7381945485478187
A,VAL,812,A_VAL_812,13.099487938371105
