chain,resname,resnum,res_key,density
A,ALA,641,A_ALA_641,2.3250890014849275
A,ARG,539,A_ARG_539,2.644840384138999
A,ARG,555,A_ARG_555,2.2035412650959145
A,ASN,585,A_ASN_585,15.34010680612178
A,ASP,675,A_ASP_675,10.85566526222849
A,CYS,607,A_CYS_607,18.30012154526411
A,GLN,640,A_GLN_640,17.838976990857553
A,GLN,676,A_GLN_676,19.931599308787842
A,GLU,579,A_GLU_579,10.569471944869928
A,GLY,547,A_GLY_547,9.995090151586547
A,GLY,608,A_GLY_608,9.832373632893386
A,GLY,611,A_GLY_611,7.580222259040356
A,GLY,678,A_GLY_678,9.771864316391738
A,ILE,558,A_ILE_558,8.377405496413084
A,ILE,584,A_ILE_584,17.869826458073167
A,ILE,619,A_ILE_619,14.186578594953659
A,ILE,672,A_ILE_672,18.908050095365606
A,LEU,556,A_LEU_556,17.807933954707938
A,LEU,565,A_LEU_565,18.313117143260502
A,LEU,566,A_LEU_566,11.502277646104748
A,LEU,582,A_LEU_582,18.576186695597837
A,LEU,583,A_LEU_583,18.764787262523356
A,LEU,612,A_LEU_612,18.50416186213657
A,LEU,614,A_LEU_614,7.8598436363779385
A,LEU,620,A_LEU_620,17.151572797027615
A,LEU,637,A_LEU_637,5.519350257012816
A,LEU,673,A_LEU_673,10.806150378323078
A,LEU,674,A_LEU_674,17.276569410277254
A,LEU,677,A_LEU_677,17.992681627675616
A,LYS,638,A_LYS_638,5.604601804893893
A,MET,580,A_MET_580,21.34384612276628
A,MET,622,A_MET_622,15.37185742351186
A,PHE,549,A_PHE_549,8.672816112848073
A,PRO,603,A_PRO_603,5.834603409449212
A,PRO,609,A_PRO_609,16.05420649906104
A,PRO,617,A_PRO_617,2.609378278191991
A,SER,543,A_SER_543,5.82223192178291
A,SER,544,A_SER_544,12.493561059051158
A,SER,546,A_SER_546,8.776744938644068
A,SER,557,A_SER_557,4.439764526053123
A,SER,564,A_SER_564,16.09733462015298
A,SER,604,A_SER_604,15.78796318419729
A,THR,606,A_THR_606,17.072013826202603
A,THR,610,A_THR_610,18.048523939066413
A,THR,621,A_THR_621,12.67649734180619
A,THR,639,A_THR_639,15.01201854021736
A,THR,679,A_THR_679,17.952670104104904
A,TRP,646,A_TRP_646,3.5385319127335135
A,TYR,578,A_TYR_578,9.6895690853964
A,TYR,581,A_TYR_581,28.52854947395351
A,TYR,680,A_TYR_680,28.20186571697714
A,VAL,545,A_VAL_545,14.376028246485019
A,VAL,563,A_VAL_563,12.873266584172221
A,VAL,567,A_VAL_567,10.849285401965124
A,VAL,605,A_VAL_605,15.854406656891273
A,VAL,618,A_VAL_618,16.284688004717964
A,VAL,681,A_VAL_681,7.169103224617272
