chain,resname,resnum,res_key,density
A,ALA,319,A_ALA_319,12.973363810085095
A,ASN,347,A_ASN_347,21.382481758156263
A,ASN,356,A_ASN_356,19.700813453608216
A,ASP,350,A_ASP_350,21.278410666333656
A,CYS,314,A_CYS_314,14.909496621335354
A,CYS,318,A_CYS_318,18.24439998372547
A,CYS,348,A_CYS_348,17.499940200915482
A,CYS,353,A_CYS_353,17.191869581394574
A,GLN,355,A_GLN_355,22.183614590671034
A,GLU,317,A_GLU_317,19.983021691679294
A,GLY,351,A_GLY_351,10.859526203979685
A,HIS,320,A_HIS_320,3.1031831275969766
A,LEU,352,A_LEU_352,17.849163652663833
A,LYS,346,A_LYS_346,5.751252947362838
A,LYS,357,A_LYS_357,2.4559411920258043
A,MET,354,A_MET_354,21.25208879559231
A,SER,315,A_SER_315,15.725023293375411
A,THR,316,A_THR_316,17.26389455313445
A,THR,349,A_THR_349,16.899361519229746
