chain,resname,resnum,res_key,density
A,ALA,294,A_ALA_294,12.385693418872695
A,ARG,261,A_ARG_261,26.164898592420432
A,ARG,264,A_ARG_264,16.36060764003271
A,ARG,269,A_ARG_269,4.731426187006445
A,ASN,260,A_ASN_260,21.050464081739253
A,CYS,258,A_CYS_258,17.42942950334647
A,CYS,262,A_CYS_262,18.47406779384702
A,CYS,295,A_CYS_295,17.66103750601064
A,CYS,299,A_CYS_299,8.45298344629649
A,GLN,267,A_GLN_267,22.576566285178163
A,GLN,291,A_GLN_291,3.047487045410519
A,GLU,254,A_GLU_254,5.724596594036242
A,GLY,263,A_GLY_263,10.226545795063775
A,GLY,265,A_GLY_265,9.787524648658959
A,ILE,298,A_ILE_298,14.135085760733347
A,LYS,268,A_LYS_268,20.790467404033365
A,LYS,292,A_LYS_292,17.57501561976744
A,PRO,257,A_PRO_257,15.88013071867671
A,SER,256,A_SER_256,16.49495066277826
A,SER,259,A_SER_259,15.611783599526586
A,THR,293,A_THR_293,17.68206702555778
A,THR,296,A_THR_296,17.37116699802745
A,THR,297,A_THR_297,17.30456096205227
A,TRP,255,A_TRP_255,30.75062200172236
A,TRP,266,A_TRP_266,30.771272264064404
