chain,resname,resnum,res_key,density
A,ALA,277,A_ALA_277,12.995848968549303
A,ALA,283,A_ALA_283,12.000284720291134
A,ALA,289,A_ALA_289,12.558551576890672
A,ARG,271,A_ARG_271,25.4075674848539
A,ASN,246,A_ASN_246,20.806945742216083
A,ASN,275,A_ASN_275,17.810576186228253
A,CYS,273,A_CYS_273,17.24713827066448
A,CYS,285,A_CYS_285,18.461541612052688
A,GLN,288,A_GLN_288,14.47569503237651
A,GLU,286,A_GLU_286,22.960550709749416
A,GLY,247,A_GLY_247,10.44311273543261
A,GLY,248,A_GLY_248,9.902799444023344
A,GLY,281,A_GLY_281,5.723880434887165
A,GLY,282,A_GLY_282,10.641493363315568
A,GLY,287,A_GLY_287,9.912443897533135
A,LEU,279,A_LEU_279,2.5730886631488215
A,PHE,284,A_PHE_284,25.791786025809422
A,PHE,290,A_PHE_290,2.7109248363868463
A,PRO,276,A_PRO_276,16.044702158960195
A,PRO,278,A_PRO_278,16.32587584802082
A,SER,250,A_SER_250,16.059888271328976
A,SER,251,A_SER_251,2.83658152774088
A,THR,270,A_THR_270,2.4271048824770283
A,THR,272,A_THR_272,17.44292079692862
A,THR,274,A_THR_274,17.67353015868656
A,TRP,249,A_TRP_249,31.837495217422166
A,TRP,252,A_TRP_252,10.353213173357352
A,VAL,245,A_VAL_245,11.42476394168326
