chain,resname,resnum,res_key,density
A,ALA,80,A_ALA_80,2.7741748666896897
A,ALA,156,A_ALA_156,12.780311354617147
A,ALA,157,A_ALA_157,12.329296970242462
A,ARG,168,A_ARG_168,15.119096043408256
A,ARG,215,A_ARG_215,27.377159250934756
A,ASN,183,A_ASN_183,15.602213663867625
A,ASN,221,A_ASN_221,11.528371335570979
A,CYS,162,A_CYS_162,19.07836133946704
A,GLN,75,A_GLN_75,20.161826865022235
A,GLN,159,A_GLN_159,23.06220117524233
A,GLN,169,A_GLN_169,19.19204360465758
A,GLN,208,A_GLN_208,3.5501080255739756
A,GLN,214,A_GLN_214,23.10768021421197
A,GLU,91,A_GLU_91,8.869910523984542
A,GLU,160,A_GLU_160,23.935306521614386
A,GLU,179,A_GLU_179,21.438932916813226
A,GLU,211,A_GLU_211,24.125415636967894
A,GLU,213,A_GLU_213,10.873257833658595
A,GLU,218,A_GLU_218,22.951948440700598
A,GLU,223,A_GLU_223,9.953447448621894
A,HIS,216,A_HIS_216,22.999679928609645
A,ILE,155,A_ILE_155,14.461964011602348
A,ILE,166,A_ILE_166,19.942677683914567
A,ILE,212,A_ILE_212,19.581818566681964
A,LEU,78,A_LEU_78,16.16721930737833
A,LEU,88,A_LEU_88,2.0221814269253504
A,LEU,167,A_LEU_167,19.115185867845273
A,LEU,170,A_LEU_170,6.9570456612522955
A,LEU,186,A_LEU_186,12.632268775970575
A,LEU,219,A_LEU_219,19.493037159424087
A,LEU,222,A_LEU_222,18.841226097687173
A,LYS,158,A_LYS_158,21.349556467686046
A,LYS,161,A_LYS_161,21.08677870843767
A,LYS,163,A_LYS_163,21.323771470269687
A,LYS,217,A_LYS_217,14.691907346085225
A,MET,82,A_MET_82,21.972718960321682
A,PHE,165,A_PHE_165,26.098618355282717
A,SER,210,A_SER_210,3.281853395287851
A,THR,154,A_THR_154,5.849082078882671
A,THR,164,A_THR_164,18.065679036386427
A,TRP,191,A_TRP_191,12.653540095926077
A,VAL,79,A_VAL_79,16.857418497189403
A,VAL,182,A_VAL_182,16.608344091384023
A,VAL,220,A_VAL_220,15.116355957082195
