chain,resname,resnum,res_key,density
A,ALA,174,A_ALA_174,12.771224259443148
A,ALA,192,A_ALA_192,9.360226330157364
A,ARG,191,A_ARG_191,27.202395971929832
A,ASN,173,A_ASN_173,21.105063862378568
A,CYS,164,A_CYS_164,17.443579002394614
A,CYS,167,A_CYS_167,17.519085728106777
A,CYS,185,A_CYS_185,18.09420716161688
A,CYS,188,A_CYS_188,18.063341288524988
A,CYS,199,A_CYS_199,5.643616471920603
A,GLN,160,A_GLN_160,3.1649638540307845
A,GLN,172,A_GLN_172,23.16410200345504
A,GLU,161,A_GLU_161,7.724987389383337
A,GLU,170,A_GLU_170,20.52670242246788
A,GLU,186,A_GLU_186,24.20737961467973
A,GLY,169,A_GLY_169,10.564092129919011
A,GLY,187,A_GLY_187,10.290001349893044
A,HIS,182,A_HIS_182,12.543800182204315
A,ILE,166,A_ILE_166,17.64662631405587
A,ILE,171,A_ILE_171,18.417694456519893
A,ILE,189,A_ILE_189,18.82780882345957
A,LEU,168,A_LEU_168,16.34478532028116
A,LEU,177,A_LEU_177,12.514848103477092
A,LEU,193,A_LEU_193,10.148322162037758
A,LYS,175,A_LYS_175,20.739359312976834
A,MET,201,A_MET_201,11.217910647017236
A,PHE,184,A_PHE_184,24.382923834656914
A,PRO,165,A_PRO_165,15.409153321732463
A,PRO,200,A_PRO_200,9.699058707507255
A,SER,162,A_SER_162,12.32226654696651
A,SER,183,A_SER_183,15.860845155327535
A,THR,163,A_THR_163,17.0792227509472
A,THR,176,A_THR_176,17.555621142617067
A,THR,190,A_THR_190,17.768918849535257
