chain,resname,resnum,res_key,density
A,ALA,260,A_ALA_260,12.581376777749707
A,ALA,261,A_ALA_261,13.061084371617419
A,ASN,134,A_ASN_134,22.00829765227116
A,CYS,255,A_CYS_255,17.99886494428297
A,GLN,145,A_GLN_145,15.324516410612365
A,GLU,242,A_GLU_242,4.5395332157015105
A,GLY,135,A_GLY_135,11.09243433177554
A,GLY,140,A_GLY_140,10.994108604927073
A,GLY,262,A_GLY_262,6.760863156365746
A,HIS,252,A_HIS_252,25.090180128890164
A,ILE,133,A_ILE_133,5.785193796832419
A,ILE,136,A_ILE_136,10.328496695705212
A,ILE,137,A_ILE_137,18.64790835158523
A,ILE,143,A_ILE_143,2.733060899045439
A,ILE,240,A_ILE_240,18.901684855966085
A,ILE,254,A_ILE_254,18.8202683500415
A,ILE,263,A_ILE_263,8.771053247188124
A,LEU,138,A_LEU_138,17.985953805457246
A,LEU,141,A_LEU_141,19.27126459512611
A,LEU,233,A_LEU_233,18.78225179066025
A,LEU,235,A_LEU_235,10.66382640619864
A,LEU,238,A_LEU_238,18.867714198136458
A,LEU,253,A_LEU_253,18.161376942150188
A,LEU,257,A_LEU_257,18.84644287656848
A,LEU,258,A_LEU_258,18.79418020741445
A,LYS,241,A_LYS_241,20.986754063621035
A,PHE,239,A_PHE_239,12.243473377657743
A,PHE,248,A_PHE_248,14.497046846961652
A,PRO,245,A_PRO_245,3.2394772298122647
A,SER,131,A_SER_131,3.4248559094802418
A,SER,244,A_SER_244,12.981048371605311
A,SER,259,A_SER_259,15.558613263275799
A,THR,232,A_THR_232,5.666231262007334
A,THR,234,A_THR_234,18.17893975841266
A,THR,236,A_THR_236,17.96255766999709
A,TRP,142,A_TRP_142,22.864184987340547
A,TRP,249,A_TRP_249,19.88418895358081
A,TRP,250,A_TRP_250,32.518509680579974
A,TRP,256,A_TRP_256,32.461742406431874
A,TYR,237,A_TYR_237,28.62227042799791
A,TYR,243,A_TYR_243,2.714449136228726
A,TYR,251,A_TYR_251,28.249748086568317
A,VAL,139,A_VAL_139,14.348372914108914
