chain,resname,resnum,res_key,density
A,ALA,376,A_ALA_376,12.831844554094834
A,ALA,378,A_ALA_378,12.079128607124535
A,CYS,383,A_CYS_383,18.66000175861565
A,GLN,375,A_GLN_375,5.254820048914601
A,GLY,258,A_GLY_258,2.602353469434001
A,GLY,387,A_GLY_387,10.731557049867076
A,GLY,394,A_GLY_394,11.046048223985851
A,GLY,395,A_GLY_395,4.514948728449817
A,HIS,388,A_HIS_388,24.110029037924477
A,ILE,379,A_ILE_379,18.683795628924514
A,LEU,254,A_LEU_254,12.943400293895404
A,LEU,380,A_LEU_380,18.181509440913956
A,LEU,381,A_LEU_381,18.054907761106573
A,LEU,384,A_LEU_384,18.025543527228738
A,LEU,385,A_LEU_385,18.618121759382387
A,PHE,253,A_PHE_253,21.619963335139758
A,PHE,377,A_PHE_377,17.434047941687375
A,SER,256,A_SER_256,16.650489361922236
A,SER,257,A_SER_257,15.189022621937232
A,SER,382,A_SER_382,17.030624113442038
A,THR,389,A_THR_389,17.75476033844853
A,THR,391,A_THR_391,18.60071765965504
A,TYR,386,A_TYR_386,26.777791679555904
A,VAL,390,A_VAL_390,15.362022564916463
A,VAL,398,A_VAL_398,5.882823667137719
