chain,resname,resnum,res_key,density
A,ALA,116,A_ALA_116,3.5907968496673437
A,ALA,163,A_ALA_163,12.699699193217663
A,ALA,167,A_ALA_167,6.534384907546011
A,ALA,349,A_ALA_349,12.001907016015858
A,ARG,160,A_ARG_160,9.955194336041025
A,ASN,159,A_ASN_159,21.503505327719388
A,ASN,307,A_ASN_307,8.830801412463618
A,CYS,115,A_CYS_115,11.173494522560947
A,CYS,347,A_CYS_347,19.01503892078891
A,CYS,350,A_CYS_350,18.943980228835596
A,GLN,120,A_GLN_120,11.072891703594117
A,GLN,352,A_GLN_352,21.33642158375445
A,GLY,118,A_GLY_118,10.48106131493629
A,GLY,127,A_GLY_127,2.4261036966825955
A,GLY,351,A_GLY_351,11.212423037475665
A,ILE,165,A_ILE_165,2.5045040391534092
A,ILE,346,A_ILE_346,19.493815922501764
A,ILE,355,A_ILE_355,18.62816534376534
A,LEU,119,A_LEU_119,18.148909026955923
A,LEU,124,A_LEU_124,7.209364610757055
A,LEU,129,A_LEU_129,1.7589641383789838
A,LEU,162,A_LEU_162,18.430053935304976
A,LEU,164,A_LEU_164,2.6537869816502564
A,LEU,342,A_LEU_342,5.451197488006093
A,LEU,343,A_LEU_343,17.063230253724416
A,LEU,344,A_LEU_344,17.014816762467504
A,LEU,353,A_LEU_353,18.062426435190932
A,MET,158,A_MET_158,3.554193673717101
A,MET,303,A_MET_303,22.73110147910315
A,MET,371,A_MET_371,7.426845883458107
A,PHE,114,A_PHE_114,18.469583008066145
A,PHE,354,A_PHE_354,25.450366761681636
A,PHE,356,A_PHE_356,22.609994277737698
A,SER,122,A_SER_122,15.978393544490672
A,SER,170,A_SER_170,5.352359854624694
A,SER,299,A_SER_299,11.570996774583127
A,SER,345,A_SER_345,16.51741038676393
A,SER,348,A_SER_348,15.887495745816672
A,THR,117,A_THR_117,5.817057579537391
A,THR,125,A_THR_125,17.087058979855808
A,THR,358,A_THR_358,6.166216270955999
A,TRP,126,A_TRP_126,29.717937980790147
A,TYR,123,A_TYR_123,28.794201904542735
A,TYR,357,A_TYR_357,15.780564172744189
A,VAL,121,A_VAL_121,16.714522772944296
A,VAL,166,A_VAL_166,16.74696372828642
A,VAL,300,A_VAL_300,13.890805241196583
