chain,resname,resnum,res_key,density
A,ALA,109,A_ALA_109,13.267861538187953
A,ALA,116,A_ALA_116,13.411910035730516
A,ALA,364,A_ALA_364,2.9193910491706982
A,ARG,374,A_ARG_374,11.064345788741258
A,ARG,412,A_ARG_412,2.426869056182715
A,CYS,115,A_CYS_115,18.72598359787571
A,CYS,350,A_CYS_350,9.997987558786342
A,GLN,108,A_GLN_108,12.459400059008328
A,GLN,120,A_GLN_120,23.159138189624137
A,GLN,352,A_GLN_352,9.858388187398063
A,GLN,361,A_GLN_361,22.56690561610941
A,GLY,118,A_GLY_118,10.48106131493629
A,GLY,351,A_GLY_351,11.212423037475665
A,GLY,360,A_GLY_360,10.560262481687026
A,GLY,363,A_GLY_363,11.320787586362055
A,ILE,355,A_ILE_355,18.62816534376534
A,ILE,359,A_ILE_359,19.056923707426442
A,ILE,369,A_ILE_369,14.271096697338553
A,ILE,370,A_ILE_370,18.955328687343794
A,LEU,110,A_LEU_110,16.94529299280815
A,LEU,112,A_LEU_112,18.908005087036635
A,LEU,113,A_LEU_113,18.66865499241709
A,LEU,119,A_LEU_119,18.148909026955923
A,LEU,353,A_LEU_353,16.12751283591063
A,LEU,373,A_LEU_373,5.85838242506939
A,LYS,111,A_LYS_111,21.49717100807335
A,MET,106,A_MET_106,3.217408127654133
A,MET,371,A_MET_371,17.627427755709267
A,PHE,114,A_PHE_114,25.570215935837936
A,PHE,354,A_PHE_354,25.450366761681636
A,PHE,356,A_PHE_356,12.705244950251828
A,PHE,362,A_PHE_362,24.989591293416563
A,PHE,367,A_PHE_367,25.442276870723113
A,PHE,377,A_PHE_377,4.096714570150871
A,SER,122,A_SER_122,12.867012632277245
A,SER,299,A_SER_299,4.843882372571306
A,THR,117,A_THR_117,17.659288614825925
A,THR,358,A_THR_358,18.106489253782538
A,THR,368,A_THR_368,11.084023937264991
A,TRP,107,A_TRP_107,5.99639477060008
A,TYR,123,A_TYR_123,16.834957052870415
A,TYR,357,A_TYR_357,28.388606580652098
A,VAL,121,A_VAL_121,16.714522772944296
A,VAL,366,A_VAL_366,16.793534679359563
