chain,resname,resnum,res_key,density
A,ALA,43,A_ALA_43,6.842500140714754
A,ALA,203,A_ALA_203,12.535390668584462
A,ALA,215,A_ALA_215,4.1925730667176975
A,ALA,276,A_ALA_276,12.50035853192122
A,ALA,280,A_ALA_280,12.522063930887128
A,ARG,38,A_ARG_38,16.652633152864045
A,ASN,42,A_ASN_42,18.44715110070129
A,ASN,193,A_ASN_193,21.479926621842054
A,ASP,282,A_ASP_282,18.558115517704223
A,CYS,199,A_CYS_199,17.832195110696432
A,GLN,153,A_GLN_153,2.2134999283813537
A,GLN,200,A_GLN_200,22.69750028299777
A,GLN,212,A_GLN_212,22.89745107542077
A,GLU,202,A_GLU_202,22.534968406507414
A,GLY,271,A_GLY_271,11.004679685596043
A,GLY,277,A_GLY_277,10.794158814554974
A,ILE,273,A_ILE_273,18.55624141852098
A,ILE,279,A_ILE_279,18.515413381849225
A,LEU,34,A_LEU_34,6.243594879379158
A,LEU,191,A_LEU_191,5.781945534504414
A,LEU,195,A_LEU_195,17.56780261349616
A,LEU,204,A_LEU_204,17.190115736469977
A,LEU,269,A_LEU_269,3.1286564259788747
A,LEU,272,A_LEU_272,12.504954584550436
A,LEU,274,A_LEU_274,18.03817594552549
A,LEU,275,A_LEU_275,18.56988762055907
A,LYS,205,A_LYS_205,18.634380080217166
A,LYS,216,A_LYS_216,11.414543019687784
A,LYS,219,A_LYS_219,2.711298312892618
A,PHE,36,A_PHE_36,14.73933641445047
A,PHE,39,A_PHE_39,26.04039867688979
A,PHE,206,A_PHE_206,22.351644356754758
A,PHE,281,A_PHE_281,24.242405901782416
A,SER,192,A_SER_192,13.104360361243346
A,SER,196,A_SER_196,16.294779180421845
A,SER,197,A_SER_197,15.912292760627428
A,SER,270,A_SER_270,15.133426019700249
A,SER,283,A_SER_283,2.7555014356737795
A,THR,285,A_THR_285,3.024462981312115
A,TRP,35,A_TRP_35,32.30671034779518
A,TRP,198,A_TRP_198,32.42804829980547
A,TYR,46,A_TYR_46,9.637030370753557
A,TYR,201,A_TYR_201,27.816155462162104
A,TYR,278,A_TYR_278,28.76389567386028
A,VAL,40,A_VAL_40,2.953067319103478
A,VAL,194,A_VAL_194,17.244512747009654
A,VAL,207,A_VAL_207,13.697314721947546
