chain,resname,resnum,res_key,density
A,ALA,167,A_ALA_167,12.54062849134699
A,ARG,178,A_ARG_178,2.2844214839653194
A,CYS,171,A_CYS_171,17.958914541471085
A,CYS,174,A_CYS_174,18.470016002767778
A,GLN,176,A_GLN_176,23.152685006349817
A,GLN,301,A_GLN_301,17.27989224734734
A,GLY,168,A_GLY_168,10.947521234961819
A,ILE,165,A_ILE_165,3.4699052168320588
A,LEU,169,A_LEU_169,18.75816693055751
A,LEU,173,A_LEU_173,18.118277234652112
A,LEU,353,A_LEU_353,3.9095497991280865
A,LYS,175,A_LYS_175,20.2160802866473
A,PHE,304,A_PHE_304,2.1395237274069308
A,PRO,177,A_PRO_177,16.02163953245547
A,SER,170,A_SER_170,15.806376875074823
A,SER,298,A_SER_298,16.19590768009631
A,SER,299,A_SER_299,6.661681227002011
A,VAL,166,A_VAL_166,12.204178604954317
A,VAL,172,A_VAL_172,15.942331726227561
A,VAL,300,A_VAL_300,16.44737778197093
