chain,resname,resnum,res_key,density
A,ALA,163,A_ALA_163,6.06995261127177
A,ALA,167,A_ALA_167,12.54062849134699
A,ARG,178,A_ARG_178,11.668605461964187
A,CYS,171,A_CYS_171,17.958914541471085
A,CYS,174,A_CYS_174,18.470016002767778
A,GLN,176,A_GLN_176,23.152685006349817
A,GLN,301,A_GLN_301,22.343589805029897
A,GLY,168,A_GLY_168,10.947521234961819
A,GLY,305,A_GLY_305,4.71979670319594
A,HIS,179,A_HIS_179,20.40397475878031
A,ILE,165,A_ILE_165,17.10372392007111
A,LEU,162,A_LEU_162,3.201279467213594
A,LEU,164,A_LEU_164,16.350066893834615
A,LEU,169,A_LEU_169,18.75816693055751
A,LEU,173,A_LEU_173,18.118277234652112
A,LEU,353,A_LEU_353,5.8677584137424414
A,LYS,175,A_LYS_175,17.722082966533346
A,MET,183,A_MET_183,7.6431847877830235
A,MET,297,A_MET_297,11.595254418863
A,MET,302,A_MET_302,12.863898406857999
A,MET,303,A_MET_303,22.73110147910315
A,PHE,304,A_PHE_304,25.19593497253723
A,PRO,177,A_PRO_177,16.02163953245547
A,SER,170,A_SER_170,15.806376875074823
A,SER,298,A_SER_298,16.19590768009631
A,SER,299,A_SER_299,11.278318130379091
A,TYR,186,A_TYR_186,5.522973956896103
A,VAL,166,A_VAL_166,16.74696372828642
A,VAL,172,A_VAL_172,15.942331726227561
A,VAL,300,A_VAL_300,16.44737778197093
