chain,resname,resnum,res_key,density
A,ALA,64,A_ALA_64,6.419385271439861
A,ALA,71,A_ALA_71,5.57106249968694
A,ALA,290,A_ALA_290,12.370309376573935
A,ASP,289,A_ASP_289,16.250669998548393
A,ASP,349,A_ASP_349,20.877688546345606
A,CYS,296,A_CYS_296,18.124745751287552
A,CYS,303,A_CYS_303,15.423403196745706
A,GLN,66,A_GLN_66,23.58932211843423
A,GLN,76,A_GLN_76,12.454504479227847
A,GLY,355,A_GLY_355,7.316464365583995
A,ILE,65,A_ILE_65,18.81147541535963
A,ILE,67,A_ILE_67,11.222478357747974
A,ILE,70,A_ILE_70,15.622057322915305
A,ILE,293,A_ILE_293,19.184366904056823
A,ILE,301,A_ILE_301,18.46245125611834
A,ILE,304,A_ILE_304,10.446332011791569
A,ILE,345,A_ILE_345,18.64722576734997
A,ILE,346,A_ILE_346,18.300353815247288
A,ILE,347,A_ILE_347,12.945899373175143
A,ILE,350,A_ILE_350,19.081243130800882
A,ILE,353,A_ILE_353,19.33644270195226
A,ILE,354,A_ILE_354,16.630120097944122
A,ILE,357,A_ILE_357,10.0182017653711
A,LEU,68,A_LEU_68,17.813193531667093
A,LEU,294,A_LEU_294,18.768296608036994
A,LEU,297,A_LEU_297,18.688836707006786
A,LEU,300,A_LEU_300,19.258358780142906
A,LEU,302,A_LEU_302,18.796274356848045
A,LEU,351,A_LEU_351,17.1526341419851
A,LEU,377,A_LEU_377,4.1909793804701
A,LYS,62,A_LYS_62,8.118555837353323
A,LYS,69,A_LYS_69,21.381699017387852
A,MET,72,A_MET_72,21.676082851409436
A,MET,344,A_MET_344,6.2695648064196305
A,PHE,288,A_PHE_288,10.367119493071506
A,PHE,291,A_PHE_291,26.466355978241722
A,SER,299,A_SER_299,15.842467344281815
A,SER,348,A_SER_348,16.11974501755492
A,SER,356,A_SER_356,16.5966505330882
A,SER,380,A_SER_380,13.378515827971418
A,THR,74,A_THR_74,3.082947940080865
A,THR,295,A_THR_295,17.566943195315254
A,THR,352,A_THR_352,17.45942916799816
A,THR,381,A_THR_381,6.654208909074762
A,TRP,61,A_TRP_61,3.443386439939193
A,TYR,342,A_TYR_342,3.108046269898263
A,TYR,391,A_TYR_391,3.1865305619364275
A,VAL,73,A_VAL_73,16.714106078119812
A,VAL,292,A_VAL_292,16.481603076449964
A,VAL,298,A_VAL_298,16.77034954367267
A,VAL,384,A_VAL_384,10.720011366840312
