chain,resname,resnum,res_key,density
A,ALA,55,A_ALA_55,12.25087166848093
A,ALA,64,A_ALA_64,2.768155018329692
A,ARG,56,A_ARG_56,14.522883180415839
A,ARG,58,A_ARG_58,18.72468411211567
A,ARG,390,A_ARG_390,10.455803643397251
A,ASN,48,A_ASN_48,20.67458894640843
A,ASN,533,A_ASN_533,15.126121815067657
A,CYS,50,A_CYS_50,17.73354957731046
A,GLU,51,A_GLU_51,23.194061656117203
A,GLY,57,A_GLY_57,10.152019405369229
A,GLY,393,A_GLY_393,5.489847441898371
A,ILE,67,A_ILE_67,1.9376529184225697
A,LEU,63,A_LEU_63,18.80951190229367
A,LEU,392,A_LEU_392,2.6037890367300363
A,LYS,43,A_LYS_43,3.0882765393206077
A,LYS,52,A_LYS_52,21.180069765854636
A,LYS,59,A_LYS_59,14.706012184254178
A,LYS,62,A_LYS_62,14.963454555919341
A,MET,47,A_MET_47,21.57724166307966
A,PHE,44,A_PHE_44,20.383022986630415
A,PHE,45,A_PHE_45,5.4569801862940714
A,PHE,46,A_PHE_46,7.821211337656008
A,PHE,53,A_PHE_53,25.333434470847347
A,PHE,394,A_PHE_394,25.816546911353683
A,PHE,395,A_PHE_395,19.761869327763865
A,PRO,49,A_PRO_49,15.322832538711479
A,PRO,60,A_PRO_60,16.149357322147246
A,PRO,532,A_PRO_532,16.040381257857163
A,TRP,54,A_TRP_54,31.84339497835905
A,TRP,61,A_TRP_61,7.594175519914309
A,TYR,342,A_TYR_342,2.8971991652933435
A,TYR,391,A_TYR_391,21.256644030529714
