chain,resname,resnum,res_key,density
A,ALA,48,A_ALA_48,12.879054308154162
A,ALA,119,A_ALA_119,3.2528686535656353
A,ALA,122,A_ALA_122,12.129579004668962
A,ALA,172,A_ALA_172,12.431159447018388
A,ALA,223,A_ALA_223,3.3412952230770423
A,ALA,658,A_ALA_658,1.8517440487539563
A,ARG,52,A_ARG_52,26.001478306823397
A,ARG,285,A_ARG_285,14.143320324466645
A,ARG,652,A_ARG_652,5.955751999457113
A,ARG,657,A_ARG_657,10.635970559430143
A,ASN,290,A_ASN_290,15.058555771479767
A,ASP,69,A_ASP_69,3.4652109712554684
A,ASP,175,A_ASP_175,21.205439433999807
A,ASP,655,A_ASP_655,6.119906196945477
A,CYS,50,A_CYS_50,17.106863204614584
A,CYS,62,A_CYS_62,18.264489441119157
A,GLN,59,A_GLN_59,5.954348719806809
A,GLN,63,A_GLN_63,22.35903190995954
A,GLU,174,A_GLU_174,13.894366302491424
A,GLU,184,A_GLU_184,2.5794834230511205
A,GLU,650,A_GLU_650,16.737325351492593
A,GLY,61,A_GLY_61,10.896125021864396
A,GLY,120,A_GLY_120,10.33889380199766
A,HIS,220,A_HIS_220,11.578384914205525
A,HIS,222,A_HIS_222,2.7442317968573504
A,ILE,60,A_ILE_60,19.333111442567446
A,ILE,180,A_ILE_180,17.61430781830084
A,ILE,456,A_ILE_456,4.124071578504505
A,ILE,656,A_ILE_656,18.739031456396518
A,LEU,53,A_LEU_53,18.59476108753635
A,LEU,54,A_LEU_54,2.781403224575149
A,LEU,121,A_LEU_121,18.244719657741268
A,LEU,171,A_LEU_171,15.800764384074181
A,LEU,182,A_LEU_182,17.39533660108786
A,LEU,183,A_LEU_183,2.7371402917004115
A,LEU,217,A_LEU_217,14.93074308253563
A,MET,108,A_MET_108,8.721294804814132
A,MET,221,A_MET_221,20.43010310215972
A,PHE,103,A_PHE_103,12.766483451463358
A,PHE,176,A_PHE_176,25.262798142670313
A,PHE,178,A_PHE_178,25.024321643477187
A,PHE,181,A_PHE_181,25.781524270016092
A,PHE,218,A_PHE_218,10.372027225214895
A,PHE,287,A_PHE_287,24.75196308879221
A,PHE,288,A_PHE_288,25.4593680997222
A,PHE,335,A_PHE_335,2.109637027709936
A,PRO,49,A_PRO_49,16.573391879053105
A,PRO,136,A_PRO_136,3.7668412215776095
A,PRO,179,A_PRO_179,17.04673440837947
A,SER,64,A_SER_64,14.972874162070017
A,SER,65,A_SER_65,2.816560330165
A,SER,177,A_SER_177,12.47920869499861
A,SER,219,A_SER_219,15.634566391062638
A,SER,286,A_SER_286,14.96852396203738
A,SER,651,A_SER_651,15.435262264859162
A,THR,47,A_THR_47,17.780325796563876
A,TRP,289,A_TRP_289,31.30937832388788
A,TRP,653,A_TRP_653,26.758073253832364
A,TYR,173,A_TYR_173,6.935921049224216
A,TYR,554,A_TYR_554,16.637031831392502
A,VAL,51,A_VAL_51,17.22586494028119
A,VAL,123,A_VAL_123,15.429217974907194
A,VAL,291,A_VAL_291,16.020097166242298
