chain,resname,resnum,res_key,density
A,ALA,28,A_ALA_28,12.731557449678826
A,ARG,19,A_ARG_19,16.26004534383306
A,CYS,24,A_CYS_24,18.46460047979913
A,CYS,31,A_CYS_31,18.31083437125548
A,GLY,16,A_GLY_16,6.107823172473603
A,GLY,29,A_GLY_29,10.633760194595057
A,LEU,17,A_LEU_17,15.823474777816928
A,LEU,18,A_LEU_18,15.639862499404526
A,LEU,20,A_LEU_20,18.24345776371345
A,LEU,21,A_LEU_21,18.071964566121885
A,LEU,26,A_LEU_26,18.56698954628771
A,LEU,27,A_LEU_27,18.28216217261489
A,LEU,30,A_LEU_30,17.54751746315169
A,PHE,23,A_PHE_23,25.01339730674781
A,SER,22,A_SER_22,15.653111324503724
A,VAL,25,A_VAL_25,16.684153074958424
