chain,resname,resnum,res_key,density
A,ALA,28,A_ALA_28,12.731557449678826
A,ARG,32,A_ARG_32,26.902834968325145
A,ASN,34,A_ASN_34,21.048689460587326
A,CYS,24,A_CYS_24,12.600171848467133
A,CYS,31,A_CYS_31,18.31083437125548
A,GLY,29,A_GLY_29,10.633760194595057
A,GLY,33,A_GLY_33,10.361797176290175
A,LEU,26,A_LEU_26,16.770694998472976
A,LEU,27,A_LEU_27,18.28216217261489
A,LEU,30,A_LEU_30,17.54751746315169
A,LYS,39,A_LYS_39,2.328435194573792
A,PHE,23,A_PHE_23,5.697908672090283
A,SER,35,A_SER_35,4.193281954542459
A,VAL,25,A_VAL_25,14.652557942295713
