chain,resname,resnum,res_key,density
A,ALA,157,A_ALA_157,12.914856049363763
A,ALA,447,A_ALA_447,8.526826343522456
A,ARG,105,A_ARG_105,2.7185355854130244
A,ARG,160,A_ARG_160,18.14800327049201
A,ARG,281,A_ARG_281,2.7602043392609477
A,ARG,285,A_ARG_285,2.4741206341646658
A,ASN,142,A_ASN_142,20.006376777993903
A,ASN,165,A_ASN_165,21.05677710975239
A,ASN,169,A_ASN_169,12.916099953473667
A,ASP,143,A_ASP_143,21.795110676920046
A,ASP,336,A_ASP_336,15.675502701684167
A,CYS,140,A_CYS_140,17.10448032528444
A,CYS,159,A_CYS_159,17.800375926313446
A,GLN,139,A_GLN_139,23.95939160890158
A,GLN,163,A_GLN_163,22.240323024515078
A,GLN,367,A_GLN_367,2.5567173046919844
A,GLN,428,A_GLN_428,10.43359977468273
A,GLN,454,A_GLN_454,12.220249053470685
A,GLU,161,A_GLU_161,12.568973643837534
A,GLU,333,A_GLU_333,3.225668692144125
A,GLY,144,A_GLY_144,10.65467926720262
A,GLY,146,A_GLY_146,7.106055579556459
A,GLY,168,A_GLY_168,10.53022835401418
A,GLY,170,A_GLY_170,10.34760529908756
A,GLY,446,A_GLY_446,5.71472316237233
A,HIS,158,A_HIS_158,24.278565726260418
A,ILE,162,A_ILE_162,15.621263027249949
A,LEU,167,A_LEU_167,10.800938644931957
A,LEU,171,A_LEU_171,2.78668538406342
A,LEU,422,A_LEU_422,5.702929299701378
A,PHE,145,A_PHE_145,19.05408269725047
A,PHE,156,A_PHE_156,9.385661152245117
A,PHE,448,A_PHE_448,20.193704975109455
A,PRO,136,A_PRO_136,5.624514820442036
A,PRO,141,A_PRO_141,16.63502205290723
A,PRO,421,A_PRO_421,3.783376569171629
A,PRO,423,A_PRO_423,12.186209604035785
A,PRO,424,A_PRO_424,15.694982442832892
A,SER,135,A_SER_135,10.387935781990226
A,SER,137,A_SER_137,15.853966862756012
A,SER,166,A_SER_166,15.725689431997198
A,SER,425,A_SER_425,2.7619502096430657
A,THR,334,A_THR_334,10.02898869329178
A,TRP,164,A_TRP_164,31.426437972807562
A,TRP,648,A_TRP_648,2.160731874183517
A,TYR,148,A_TYR_148,19.237522265980274
A,TYR,173,A_TYR_173,22.398238495662856
A,TYR,337,A_TYR_337,12.720760373951258
A,TYR,453,A_TYR_453,20.380076798237468
A,VAL,138,A_VAL_138,16.214908316759164
A,VAL,147,A_VAL_147,2.4100792576013457
