chain,resname,resnum,res_key,density
A,ALA,572,A_ALA_572,12.596997729122482
A,ARG,539,A_ARG_539,18.61623086803201
A,ARG,583,A_ARG_583,21.692904854859144
A,ARG,619,A_ARG_619,26.575048905739152
A,ARG,622,A_ARG_622,25.99302791398021
A,ASN,573,A_ASN_573,20.424222746274165
A,ASN,580,A_ASN_580,20.73175140108016
A,ASP,588,A_ASP_588,11.091679229531302
A,CYS,586,A_CYS_586,17.853209425293528
A,CYS,620,A_CYS_620,17.11604911908365
A,GLN,585,A_GLN_585,22.522215999870728
A,GLN,587,A_GLN_587,22.839033235872076
A,GLN,606,A_GLN_606,13.971223301331985
A,GLU,584,A_GLU_584,18.326355820069143
A,GLU,595,A_GLU_595,14.171983800243503
A,GLU,601,A_GLU_601,20.36529744342568
A,GLY,576,A_GLY_576,10.592604906506555
A,GLY,607,A_GLY_607,10.499586412236722
A,ILE,537,A_ILE_537,14.030769474045538
A,LEU,538,A_LEU_538,10.445544189966018
A,LEU,581,A_LEU_581,18.099504832291373
A,LEU,617,A_LEU_617,12.614986185893194
A,PRO,589,A_PRO_589,15.318181917890492
A,PRO,608,A_PRO_608,6.5100517171001435
A,PRO,618,A_PRO_618,15.353169118640931
A,SER,536,A_SER_536,5.24929739718902
A,SER,594,A_SER_594,3.1435609688289627
A,SER,603,A_SER_603,14.577093830859297
A,SER,623,A_SER_623,15.678238295611365
A,THR,575,A_THR_575,2.613429309245209
A,THR,577,A_THR_577,17.538310706968062
A,THR,582,A_THR_582,17.784489918210312
A,THR,624,A_THR_624,2.926673339369035
A,TRP,604,A_TRP_604,31.962029101534963
A,TYR,569,A_TYR_569,18.86890069264961
A,TYR,600,A_TYR_600,15.595233429486283
A,TYR,602,A_TYR_602,27.934707989720835
A,VAL,578,A_VAL_578,15.597287118185761
A,VAL,579,A_VAL_579,16.70721980511501
A,VAL,592,A_VAL_592,5.419300603662575
A,VAL,605,A_VAL_605,16.679451460900765
A,VAL,621,A_VAL_621,16.577554736334758
