chain,resname,resnum,res_key,density
A,ALA,442,A_ALA_442,5.879439516328345
A,ALA,444,A_ALA_444,12.59525389747205
A,CYS,446,A_CYS_446,17.42971340850753
A,GLN,449,A_GLN_449,14.933363958994219
A,GLU,448,A_GLU_448,22.914771870192226
A,GLY,443,A_GLY_443,10.146357271260396
A,SER,445,A_SER_445,15.768515547858861
A,THR,447,A_THR_447,17.55860332969941
