chain,resname,resnum,res_key,density
A,ALA,309,A_ALA_309,8.866927821519809
A,ALA,340,A_ALA_340,12.358738734869693
A,ARG,286,A_ARG_286,2.788002764924517
A,ARG,339,A_ARG_339,27.179748246739784
A,ASN,333,A_ASN_333,2.57689823964465
A,ASP,284,A_ASP_284,21.185345513741165
A,ASP,295,A_ASP_295,21.371135727391174
A,CYS,283,A_CYS_283,17.92640785543723
A,CYS,329,A_CYS_329,17.8551887152635
A,GLN,310,A_GLN_310,11.18715370989961
A,GLN,313,A_GLN_313,14.197449410132398
A,GLN,342,A_GLN_342,22.633021525122693
A,GLU,262,A_GLU_262,12.605846036661681
A,GLU,341,A_GLU_341,22.142509519969437
A,GLY,293,A_GLY_293,10.61283717271595
A,GLY,311,A_GLY_311,10.036059032910398
A,GLY,336,A_GLY_336,3.040741848868868
A,GLY,338,A_GLY_338,10.83885304869982
A,ILE,265,A_ILE_265,17.959250269228896
A,ILE,344,A_ILE_344,3.83472778296343
A,LEU,281,A_LEU_281,17.79044302247268
A,LEU,314,A_LEU_314,17.854032141051075
A,MET,337,A_MET_337,20.90825340878814
A,PHE,303,A_PHE_303,10.961488717275774
A,PHE,327,A_PHE_327,25.305882787589738
A,PRO,261,A_PRO_261,15.686735036044785
A,PRO,291,A_PRO_291,5.581177140759954
A,SER,264,A_SER_264,16.38357894324568
A,SER,266,A_SER_266,15.881406420462636
A,SER,282,A_SER_282,15.715722621130952
A,SER,297,A_SER_297,16.393917063874348
A,SER,312,A_SER_312,15.727104336118702
A,THR,298,A_THR_298,18.510979328861723
A,THR,299,A_THR_299,11.362320878603535
A,THR,326,A_THR_326,16.800558987652852
A,THR,330,A_THR_330,17.68364758339698
A,THR,332,A_THR_332,17.323557864887505
A,TRP,296,A_TRP_296,32.4824790084493
A,TYR,294,A_TYR_294,28.893617197386803
A,VAL,263,A_VAL_263,15.647703072370904
A,VAL,285,A_VAL_285,16.180045259167915
A,VAL,328,A_VAL_328,17.025899476199523
A,VAL,331,A_VAL_331,16.6630011950264
A,VAL,343,A_VAL_343,4.299993231252419
