chain,resname,resnum,res_key,density
A,ALA,370,A_ALA_370,12.650410949065249
A,ALA,372,A_ALA_372,12.188318607115043
A,ALA,374,A_ALA_374,12.466879598812227
A,ALA,535,A_ALA_535,12.314177852264049
A,ALA,547,A_ALA_547,8.920245965461788
A,ARG,529,A_ARG_529,10.698716815165241
A,ARG,542,A_ARG_542,14.984699125704132
A,ASP,373,A_ASP_373,21.645436094921028
A,CYS,377,A_CYS_377,17.61573123965993
A,GLN,544,A_GLN_544,23.410517373742298
A,GLU,371,A_GLU_371,23.47198283723888
A,GLU,381,A_GLU_381,15.111123374506038
A,GLU,543,A_GLU_543,17.60525209350673
A,GLY,375,A_GLY_375,10.294252184985076
A,GLY,531,A_GLY_531,2.4701220886932207
A,GLY,595,A_GLY_595,1.7225751209246196
A,HIS,380,A_HIS_380,24.111681342934098
A,ILE,545,A_ILE_545,18.47850474491491
A,ILE,549,A_ILE_549,2.6897162442994813
A,LEU,378,A_LEU_378,18.294088744715754
A,LEU,379,A_LEU_379,17.347457381933797
A,LEU,537,A_LEU_537,18.10794987846806
A,LEU,546,A_LEU_546,11.308604098653102
A,LYS,548,A_LYS_548,17.086357819712656
A,PHE,367,A_PHE_367,23.09270783233039
A,PHE,593,A_PHE_593,18.586393628815756
A,PRO,536,A_PRO_536,10.773682679504287
A,PRO,539,A_PRO_539,14.287482048735349
A,SER,376,A_SER_376,16.114131359046937
A,SER,527,A_SER_527,2.8066416569905814
A,SER,541,A_SER_541,14.974085908191524
A,THR,538,A_THR_538,18.413019775686944
A,THR,540,A_THR_540,18.08423965738963
A,VAL,368,A_VAL_368,15.034283606862845
A,VAL,369,A_VAL_369,14.977469234875777
A,VAL,528,A_VAL_528,17.1107781410166
A,VAL,530,A_VAL_530,13.747205740025294
A,VAL,594,A_VAL_594,5.024701887257221
