chain,resname,resnum,res_key,density
A,ALA,13,A_ALA_13,12.739900771633987
A,ALA,321,A_ALA_321,6.76494846391379
A,ARG,38,A_ARG_38,8.76425951697865
A,ARG,354,A_ARG_354,26.689337588974183
A,ASN,353,A_ASN_353,9.854769996863094
A,ASN,365,A_ASN_365,2.819106910237721
A,ASP,329,A_ASP_329,21.285906173073705
A,ASP,331,A_ASP_331,19.168854296556844
A,CYS,325,A_CYS_325,17.97736338142521
A,GLN,14,A_GLN_14,11.955484096213778
A,GLN,36,A_GLN_36,22.270399939835194
A,GLN,334,A_GLN_334,13.670472858191255
A,GLN,356,A_GLN_356,2.671821496309658
A,GLU,8,A_GLU_8,23.280633051619613
A,GLU,9,A_GLU_9,20.273542906979834
A,GLU,322,A_GLU_322,17.75598936071877
A,GLY,33,A_GLY_33,10.621623116780672
A,ILE,333,A_ILE_333,18.29800756750872
A,LEU,12,A_LEU_12,18.07124422625138
A,LEU,15,A_LEU_15,12.177358559752825
A,LEU,29,A_LEU_29,15.730855959129771
A,LEU,32,A_LEU_32,15.388987023446953
A,LEU,330,A_LEU_330,17.785242208145323
A,LEU,337,A_LEU_337,6.0045707584563965
A,LEU,352,A_LEU_352,18.04361896079635
A,LEU,823,A_LEU_823,11.160870953211493
A,LYS,34,A_LYS_34,20.203268558891587
A,LYS,366,A_LYS_366,4.696227420719353
A,LYS,821,A_LYS_821,6.023379891582314
A,MET,10,A_MET_10,20.373674705626783
A,MET,355,A_MET_355,20.05899536916648
A,PHE,37,A_PHE_37,24.722327569686335
A,PHE,820,A_PHE_820,4.3085147815617075
A,PHE,822,A_PHE_822,24.370609888061487
A,PHE,825,A_PHE_825,12.698905859846482
A,PRO,326,A_PRO_326,16.415215029293893
A,PRO,361,A_PRO_361,16.280995434791286
A,PRO,362,A_PRO_362,15.912991151510463
A,PRO,824,A_PRO_824,16.88234367952612
A,SER,7,A_SER_7,9.591422226694021
A,SER,332,A_SER_332,14.677091958261858
A,THR,11,A_THR_11,17.685741636107913
A,THR,328,A_THR_328,18.633664907574648
A,THR,357,A_THR_357,4.497019552202236
A,THR,360,A_THR_360,5.7487698576293305
A,THR,363,A_THR_363,10.50503374773675
A,TRP,324,A_TRP_324,31.42316533799017
A,TYR,364,A_TYR_364,29.41778445741095
A,TYR,386,A_TYR_386,15.432350926481577
A,VAL,35,A_VAL_35,16.389353797850493
A,VAL,323,A_VAL_323,17.212955836683193
A,VAL,327,A_VAL_327,16.169185585520328
