chain,resname,resnum,res_key,density
A,ALA,643,A_ALA_643,11.925208039788386
A,ASN,614,A_ASN_614,12.924691289134916
A,CYS,637,A_CYS_637,18.965881695385406
A,GLN,632,A_GLN_632,23.448986726771025
A,GLN,636,A_GLN_636,23.310679672565378
A,GLY,631,A_GLY_631,10.694109296078942
A,GLY,634,A_GLY_634,10.515470577631518
A,HIS,611,A_HIS_611,5.604848765583678
A,ILE,613,A_ILE_613,6.234869093094295
A,ILE,635,A_ILE_635,18.08866105048202
A,LEU,582,A_LEU_582,10.635669317088542
A,LEU,617,A_LEU_617,12.93366515179441
A,LEU,639,A_LEU_639,18.60090917606859
A,LEU,644,A_LEU_644,15.339771711537763
A,LEU,645,A_LEU_645,8.927259104006671
A,LYS,633,A_LYS_633,20.9065600155529
A,MET,615,A_MET_615,22.225169052208237
A,MET,627,A_MET_627,7.1156726544763105
A,PHE,612,A_PHE_612,7.933374332144446
A,PHE,616,A_PHE_616,25.591418381993225
A,PHE,618,A_PHE_618,25.683348203198065
A,PHE,638,A_PHE_638,25.35631259351461
A,SER,581,A_SER_581,13.036161737851108
A,SER,619,A_SER_619,12.558640579882027
A,TYR,585,A_TYR_585,16.742046261778885
A,TYR,620,A_TYR_620,27.271646356062043
A,TYR,629,A_TYR_629,9.250373012639152
A,VAL,640,A_VAL_640,16.652075106163103
A,VAL,641,A_VAL_641,16.204690960858123
A,VAL,642,A_VAL_642,16.54344427188006
