chain,resname,resnum,res_key,density
A,ALA,643,A_ALA_643,11.925208039788386
A,CYS,646,A_CYS_646,18.25409152005572
A,CYS,728,A_CYS_728,18.547675207549595
A,CYS,731,A_CYS_731,7.111211756253029
A,GLN,720,A_GLN_720,9.859238543444697
A,GLU,575,A_GLU_575,23.15483036300657
A,GLY,571,A_GLY_571,10.309628343188848
A,HIS,723,A_HIS_723,10.928753243726389
A,ILE,568,A_ILE_568,3.48790193533727
A,ILE,573,A_ILE_573,18.582511246728487
A,ILE,576,A_ILE_576,16.238102357137713
A,ILE,577,A_ILE_577,19.436480421650092
A,ILE,725,A_ILE_725,4.538203274722903
A,LEU,582,A_LEU_582,12.442543986388216
A,LEU,639,A_LEU_639,14.585816743137238
A,LEU,644,A_LEU_644,18.659273034257748
A,LEU,645,A_LEU_645,18.486053813360154
A,LEU,651,A_LEU_651,17.584960835687696
A,LEU,652,A_LEU_652,14.414463856230975
A,LEU,729,A_LEU_729,2.444900237753567
A,LYS,654,A_LYS_654,2.805472983485333
A,MET,579,A_MET_579,14.147822767106328
A,MET,650,A_MET_650,20.78666245475646
A,PHE,570,A_PHE_570,23.476529177521762
A,PHE,572,A_PHE_572,13.044965898006875
A,PHE,578,A_PHE_578,24.99277133623436
A,PHE,616,A_PHE_616,1.9613465983098113
A,PHE,638,A_PHE_638,8.165658263515246
A,PHE,653,A_PHE_653,21.261793016585642
A,PRO,574,A_PRO_574,15.427049250011416
A,PRO,648,A_PRO_648,15.523949980836726
A,SER,581,A_SER_581,15.70524971324692
A,THR,580,A_THR_580,12.740842813787
A,THR,724,A_THR_724,17.1820206624436
A,TRP,649,A_TRP_649,31.242392963341107
A,TYR,569,A_TYR_569,10.079145011860064
A,TYR,727,A_TYR_727,27.92902729801963
A,VAL,640,A_VAL_640,14.529130182981556
A,VAL,641,A_VAL_641,16.204690960858123
A,VAL,642,A_VAL_642,16.54344427188006
A,VAL,647,A_VAL_647,17.148802349083464
