chain,resname,resnum,res_key,density
A,ALA,804,A_ALA_804,2.5500314762778933
A,ALA,847,A_ALA_847,1.92279188721978
A,ALA,912,A_ALA_912,12.86755028318577
A,ALA,936,A_ALA_936,6.085103167912473
A,ALA,938,A_ALA_938,5.039875839902473
A,ARG,836,A_ARG_836,2.6812152951786277
A,ASN,911,A_ASN_911,20.873164605198262
A,ASN,914,A_ASN_914,21.341673764518575
A,ASP,800,A_ASP_800,19.027550697508225
A,ASP,981,A_ASP_981,22.293075562086447
A,CYS,910,A_CYS_910,18.120051543593654
A,GLN,972,A_GLN_972,8.946263930167873
A,GLU,908,A_GLU_908,23.171394945003748
A,GLU,982,A_GLU_982,14.334143166148998
A,ILE,840,A_ILE_840,16.09369108705707
A,ILE,907,A_ILE_907,19.41408603134721
A,ILE,973,A_ILE_973,10.789452493682635
A,ILE,978,A_ILE_978,18.547274094347244
A,LEU,807,A_LEU_807,5.116586867677498
A,LEU,904,A_LEU_904,16.791908057618645
A,LEU,913,A_LEU_913,18.47748973127602
A,LEU,922,A_LEU_922,12.252887239310105
A,LEU,933,A_LEU_933,15.6378638066454
A,LEU,934,A_LEU_934,16.121371061224067
A,LEU,971,A_LEU_971,18.462035400961554
A,LEU,975,A_LEU_975,17.995852323436097
A,LEU,979,A_LEU_979,18.71170902134798
A,LEU,980,A_LEU_980,16.353585092494395
A,LYS,985,A_LYS_985,6.954125201815922
A,MET,909,A_MET_909,21.14336106521105
A,MET,941,A_MET_941,15.995942519315257
A,PRO,803,A_PRO_803,16.31461805872385
A,PRO,927,A_PRO_927,16.1546349363245
A,PRO,976,A_PRO_976,16.55342263823398
A,SER,766,A_SER_766,13.436288666885263
A,SER,767,A_SER_767,10.101674198924453
A,SER,902,A_SER_902,6.123327660599209
A,SER,915,A_SER_915,16.142115483364897
A,SER,917,A_SER_917,2.6697750321489084
A,SER,940,A_SER_940,7.8451165795431566
A,SER,974,A_SER_974,15.673793194242478
A,THR,799,A_THR_799,8.160224262279323
A,THR,906,A_THR_906,17.55469019070376
A,TYR,763,A_TYR_763,27.42879051971117
A,TYR,843,A_TYR_843,20.503122855789023
A,VAL,844,A_VAL_844,10.902521884310984
A,VAL,903,A_VAL_903,15.042677552695892
A,VAL,905,A_VAL_905,16.7198541625106
A,VAL,916,A_VAL_916,13.483443690816532
A,VAL,937,A_VAL_937,15.981630367873525
A,VAL,970,A_VAL_970,8.124913207665607
A,VAL,977,A_VAL_977,16.805888968724688
