chain,resname,resnum,res_key,density
A,ALA,68,A_ALA_68,1.9079453192791767
A,ALA,263,A_ALA_263,12.52503951428764
A,ALA,270,A_ALA_270,12.736260105254091
A,ALA,292,A_ALA_292,3.599326849968622
A,ALA,299,A_ALA_299,12.32251240783541
A,ALA,301,A_ALA_301,13.7706088770496
A,ALA,303,A_ALA_303,13.148011135099967
A,ALA,305,A_ALA_305,8.95967275154951
A,ALA,306,A_ALA_306,8.929287183019897
A,ALA,779,A_ALA_779,6.476315385543073
A,ASN,275,A_ASN_275,18.06987358125587
A,CYS,268,A_CYS_268,17.730367121275712
A,HIS,262,A_HIS_262,23.516217818930514
A,ILE,64,A_ILE_64,15.609595525140415
A,ILE,264,A_ILE_264,18.6574715488354
A,ILE,267,A_ILE_267,19.120659865814897
A,ILE,274,A_ILE_274,18.380530489305176
A,ILE,276,A_ILE_276,6.31459695563537
A,ILE,298,A_ILE_298,17.961006820524233
A,ILE,307,A_ILE_307,4.022446738765419
A,ILE,775,A_ILE_775,14.125004623071835
A,ILE,780,A_ILE_780,6.534242452028764
A,LEU,67,A_LEU_67,3.9683195206599367
A,LEU,260,A_LEU_260,5.143186552548249
A,LEU,302,A_LEU_302,18.6266502836888
A,LYS,297,A_LYS_297,10.932474930518627
A,PHE,279,A_PHE_279,6.378338547271188
A,PHE,296,A_PHE_296,26.115780859862106
A,PHE,776,A_PHE_776,25.94438604425534
A,SER,261,A_SER_261,16.469765495074167
A,SER,265,A_SER_265,15.956779034784635
A,TRP,272,A_TRP_272,32.39715160930244
A,TYR,294,A_TYR_294,6.128834843201648
A,TYR,295,A_TYR_295,23.884669161959916
A,VAL,266,A_VAL_266,16.426253648717
A,VAL,269,A_VAL_269,16.74728391175367
A,VAL,271,A_VAL_271,17.694981915346325
A,VAL,273,A_VAL_273,17.312845137302933
A,VAL,300,A_VAL_300,16.90483472875671
A,VAL,304,A_VAL_304,7.0903861948089775
A,VAL,772,A_VAL_772,17.091389413998833
