chain,resname,resnum,res_key,density
A,ARG,185,A_ARG_185,12.078724695148189
A,ARG,189,A_ARG_189,21.761573458844946
A,ARG,192,A_ARG_192,26.72229133265727
A,ARG,232,A_ARG_232,26.45986115720676
A,ASN,194,A_ASN_194,21.939502530718364
A,ASN,231,A_ASN_231,12.209091942018077
A,ASP,227,A_ASP_227,5.576471249088044
A,CYS,191,A_CYS_191,18.13738090626493
A,CYS,237,A_CYS_237,2.827383798651759
A,GLN,225,A_GLN_225,17.834246064969154
A,GLN,228,A_GLN_228,20.40484188319946
A,GLU,184,A_GLU_184,14.374681234508703
A,GLY,193,A_GLY_193,10.70420950861017
A,GLY,226,A_GLY_226,10.534793957345968
A,ILE,222,A_ILE_222,15.253104271442563
A,ILE,236,A_ILE_236,14.84820697180962
A,LEU,187,A_LEU_187,18.20306479472468
A,LEU,197,A_LEU_197,12.241245167230584
A,LEU,229,A_LEU_229,18.70281185796419
A,LYS,230,A_LYS_230,13.106770822112965
A,LYS,234,A_LYS_234,4.833964681776134
A,LYS,235,A_LYS_235,7.087962311167247
A,MET,186,A_MET_186,21.525554113863596
A,PHE,183,A_PHE_183,16.72931315763404
A,PHE,196,A_PHE_196,16.84424752281836
A,PHE,223,A_PHE_223,12.777046850971209
A,PHE,224,A_PHE_224,24.696350355045602
A,TRP,188,A_TRP_188,31.72535968574948
A,VAL,190,A_VAL_190,16.6972265747113
A,VAL,195,A_VAL_195,16.156345833313665
A,VAL,233,A_VAL_233,17.47773560406347
