chain,resname,resnum,res_key,density
A,ALA,414,A_ALA_414,11.905530214971959
A,ALA,418,A_ALA_418,12.483171588407496
A,ALA,424,A_ALA_424,5.950697038894653
A,ALA,444,A_ALA_444,3.2184772129771257
A,ALA,468,A_ALA_468,11.989208118948138
A,ALA,470,A_ALA_470,12.886897309082444
A,ARG,464,A_ARG_464,2.93389133454527
A,ARG,467,A_ARG_467,25.08663005017796
A,ASN,421,A_ASN_421,2.745914918559277
A,ASN,453,A_ASN_453,21.430908714935672
A,ASN,472,A_ASN_472,20.46699556720578
A,ASP,456,A_ASP_456,22.256362150193695
A,ASP,458,A_ASP_458,18.060213639299292
A,CYS,404,A_CYS_404,7.125478702881497
A,CYS,417,A_CYS_417,18.117975767422294
A,CYS,447,A_CYS_447,18.016466925937163
A,CYS,471,A_CYS_471,18.365897647365774
A,GLN,460,A_GLN_460,2.372750085711208
A,GLN,477,A_GLN_477,19.587944011374933
A,GLU,392,A_GLU_392,2.632611577158407
A,GLU,450,A_GLU_450,22.489286221507236
A,GLU,466,A_GLU_466,14.433257062364122
A,GLY,405,A_GLY_405,4.6808837026935874
A,GLY,469,A_GLY_469,10.900917801002098
A,ILE,416,A_ILE_416,2.823788114822317
A,ILE,475,A_ILE_475,19.30984245706264
A,LEU,410,A_LEU_410,6.140902212679771
A,LEU,413,A_LEU_413,5.724934734282649
A,LEU,419,A_LEU_419,12.437302709882518
A,LEU,425,A_LEU_425,15.194914593646672
A,LEU,445,A_LEU_445,8.125568827011195
A,LEU,448,A_LEU_448,17.697332094940496
A,LEU,459,A_LEU_459,17.736752081486117
A,LEU,462,A_LEU_462,9.738914761380148
A,LEU,478,A_LEU_478,12.406614899656109
A,LYS,451,A_LYS_451,15.95283313193966
A,LYS,476,A_LYS_476,21.062555273638147
A,MET,452,A_MET_452,21.12252261066576
A,PHE,455,A_PHE_455,26.100288261509764
A,PRO,391,A_PRO_391,15.241188118840661
A,SER,423,A_SER_423,3.195486752667342
A,SER,463,A_SER_463,3.6222240104753367
A,THR,390,A_THR_390,2.7456352414032095
A,THR,415,A_THR_415,18.113699927520592
A,THR,443,A_THR_443,3.2723950404341955
A,THR,446,A_THR_446,17.624659415240682
A,THR,457,A_THR_457,17.4823893537735
A,THR,473,A_THR_473,18.105592732809384
A,TYR,434,A_TYR_434,2.043064194157257
A,VAL,411,A_VAL_411,16.20192823713317
A,VAL,449,A_VAL_449,16.084602234934966
A,VAL,454,A_VAL_454,16.62397337551471
A,VAL,465,A_VAL_465,5.937920437591053
A,VAL,474,A_VAL_474,16.709138731418186
