chain,resname,resnum,res_key,density
A,ALA,178,A_ALA_178,8.095650855876503
A,ALA,182,A_ALA_182,12.633907422598242
A,ARG,188,A_ARG_188,27.050907564529098
A,ARG,190,A_ARG_190,26.87483873672096
A,ARG,191,A_ARG_191,24.39063193468389
A,ARG,192,A_ARG_192,23.573733936212527
A,ARG,193,A_ARG_193,16.798947026000427
A,ASN,110,A_ASN_110,5.684560040937001
A,ASP,186,A_ASP_186,22.083347321002638
A,CYS,185,A_CYS_185,18.02010807188701
A,CYS,189,A_CYS_189,18.534830657189577
A,GLU,187,A_GLU_187,22.58579183903701
A,GLY,115,A_GLY_115,7.903860425464809
A,LEU,113,A_LEU_113,2.6941483855988726
A,LEU,177,A_LEU_177,3.147599680561146
A,LEU,179,A_LEU_179,14.84523891924719
A,PHE,111,A_PHE_111,25.032718965363706
A,PHE,181,A_PHE_181,25.392924558493895
A,PRO,183,A_PRO_183,16.597980783419786
A,SER,180,A_SER_180,15.793306006356044
A,TRP,184,A_TRP_184,33.547289364963554
A,VAL,112,A_VAL_112,17.014600758800032
