chain,resname,resnum,res_key,density
A,ALA,98,A_ALA_98,11.712218758389263
A,ARG,103,A_ARG_103,27.133828276638425
A,ASN,110,A_ASN_110,6.502532304850489
A,ASP,107,A_ASP_107,20.379508505022876
A,CYS,104,A_CYS_104,18.04396579712843
A,GLN,106,A_GLN_106,22.409952960379744
A,GLU,108,A_GLU_108,14.34515378758635
A,GLY,101,A_GLY_101,9.840319839517411
A,LEU,95,A_LEU_95,3.3906200612491113
A,LEU,96,A_LEU_96,3.3338249957600112
A,LEU,97,A_LEU_97,3.173318357622099
A,LEU,100,A_LEU_100,16.744391520306102
A,MET,1,A_MET_1,3.133663061725864
A,MET,7,A_MET_7,14.593826525953048
A,MET,11,A_MET_11,11.097531305015433
A,PRO,109,A_PRO_109,16.032167596507662
A,SER,99,A_SER_99,16.175614325679607
A,THR,3,A_THR_3,11.23732128857569
A,THR,8,A_THR_8,2.9410686343421495
A,TRP,105,A_TRP_105,32.961214481516016
A,VAL,102,A_VAL_102,16.625368962663067
