chain,resname,resnum,res_key,density
A,ALA,535,A_ALA_535,11.772067724668378
A,ALA,552,A_ALA_552,10.135492132804767
A,ARG,523,A_ARG_523,16.864532224319607
A,ASN,525,A_ASN_525,11.05076646700126
A,ASP,532,A_ASP_532,20.84643086959487
A,ASP,536,A_ASP_536,13.864757999537405
A,ASP,546,A_ASP_546,12.693958627950973
A,ASP,550,A_ASP_550,21.71663174093306
A,CYS,526,A_CYS_526,18.576773498162638
A,CYS,527,A_CYS_527,17.924468799513058
A,CYS,530,A_CYS_530,18.348910920037834
A,CYS,531,A_CYS_531,18.046990825233493
A,CYS,548,A_CYS_548,18.102280607117876
A,CYS,551,A_CYS_551,18.164536318359893
A,GLN,554,A_GLN_554,17.36534107973143
A,GLU,524,A_GLU_524,4.98610106035099
A,GLU,533,A_GLU_533,24.377373836287425
A,ILE,522,A_ILE_522,18.124645508074266
A,LEU,529,A_LEU_529,18.497582970636135
A,LEU,547,A_LEU_547,18.045841156252873
A,LEU,553,A_LEU_553,2.8659341011878157
A,LEU,555,A_LEU_555,5.684672611721621
A,MET,549,A_MET_549,12.706226481678465
A,PRO,559,A_PRO_559,4.039254301595423
A,SER,521,A_SER_521,3.237974534818856
A,SER,528,A_SER_528,15.691662046828498
A,SER,545,A_SER_545,3.4742863897161427
A,VAL,520,A_VAL_520,1.8614281179993863
A,VAL,534,A_VAL_534,16.181812610191546
