chain,resname,resnum,res_key,density
A,ALA,109,A_ALA_109,5.99436653002598
A,ALA,158,A_ALA_158,1.8276003654142834
A,ALA,400,A_ALA_400,7.683114587268307
A,ARG,112,A_ARG_112,25.991608461184057
A,ARG,405,A_ARG_405,25.756900630341114
A,ASP,153,A_ASP_153,19.13392821625914
A,ASP,402,A_ASP_402,21.70874305092741
A,ASP,426,A_ASP_426,7.686322602319575
A,CYS,404,A_CYS_404,17.433211179274842
A,CYS,421,A_CYS_421,18.056979531107586
A,GLN,374,A_GLN_374,21.74130490747728
A,GLN,406,A_GLN_406,22.46516465100309
A,GLN,472,A_GLN_472,20.31058326652405
A,GLN,473,A_GLN_473,6.033380539864818
A,GLU,152,A_GLU_152,3.190848920854393
A,GLU,424,A_GLU_424,15.246941974270731
A,GLY,156,A_GLY_156,2.611645729282611
A,GLY,371,A_GLY_371,10.713354842152123
A,GLY,403,A_GLY_403,10.120418863668519
A,HIS,417,A_HIS_417,24.44651692110599
A,HIS,419,A_HIS_419,17.11199911154213
A,ILE,111,A_ILE_111,18.50072282752196
A,ILE,375,A_ILE_375,14.448709887821288
A,ILE,408,A_ILE_408,10.932009726531593
A,ILE,418,A_ILE_418,2.9028455495092658
A,LEU,108,A_LEU_108,4.697711025194682
A,LEU,114,A_LEU_114,12.43532798007789
A,LEU,155,A_LEU_155,17.76252186992632
A,LEU,407,A_LEU_407,17.967022930981308
A,LEU,443,A_LEU_443,7.860017883590722
A,LYS,415,A_LYS_415,5.9703182513226825
A,LYS,423,A_LYS_423,20.31130375351407
A,MET,373,A_MET_373,21.268383613409238
A,MET,469,A_MET_469,21.711537666962407
A,PHE,347,A_PHE_347,8.386942453258438
A,PHE,468,A_PHE_468,4.640536303890512
A,PRO,154,A_PRO_154,16.131309437722877
A,PRO,416,A_PRO_416,9.4045792481341
A,PRO,420,A_PRO_420,16.239217048584276
A,SER,370,A_SER_370,15.81039208808367
A,SER,414,A_SER_414,4.892898414194557
A,SER,467,A_SER_467,5.718143582473074
A,SER,470,A_SER_470,3.272966643122978
A,THR,113,A_THR_113,18.116009947107283
A,THR,369,A_THR_369,18.13130568863436
A,TRP,409,A_TRP_409,24.27510007478736
A,TRP,422,A_TRP_422,31.947499224338923
A,TYR,401,A_TYR_401,27.55534878112678
A,VAL,110,A_VAL_110,6.077541765688567
A,VAL,115,A_VAL_115,9.734357216953601
A,VAL,367,A_VAL_367,10.337890781826689
A,VAL,368,A_VAL_368,4.749087625389458
A,VAL,372,A_VAL_372,15.466540787827123
A,VAL,428,A_VAL_428,5.732662669896682
