chain,resname,resnum,res_key,density
A,ALA,320,A_ALA_320,8.853733713901068
A,ALA,358,A_ALA_358,12.48504035296208
A,ALA,378,A_ALA_378,11.725356957344957
A,ALA,464,A_ALA_464,11.754512951730511
A,ALA,465,A_ALA_465,6.931418448368911
A,ALA,498,A_ALA_498,13.317481067859305
A,ARG,319,A_ARG_319,5.305138299801204
A,ARG,351,A_ARG_351,26.461898370130644
A,ARG,380,A_ARG_380,27.803830917589647
A,ASN,323,A_ASN_323,14.951621260816115
A,ASN,495,A_ASN_495,2.943061856444927
A,ASP,326,A_ASP_326,7.342518295347647
A,ASP,357,A_ASP_357,21.372483066772894
A,ASP,381,A_ASP_381,5.744348112298802
A,CYS,352,A_CYS_352,19.13318285421052
A,CYS,355,A_CYS_355,16.615672461213947
A,GLY,359,A_GLY_359,10.099030829502055
A,GLY,376,A_GLY_376,2.9857058351801165
A,GLY,461,A_GLY_461,10.465158193009394
A,LEU,432,A_LEU_432,10.517023563165143
A,LEU,434,A_LEU_434,7.335658090844475
A,LEU,500,A_LEU_500,5.510137690130469
A,MET,321,A_MET_321,10.374260645949702
A,PHE,354,A_PHE_354,25.30811476170799
A,PHE,462,A_PHE_462,24.880233075568857
A,PHE,463,A_PHE_463,25.102038215851742
A,PHE,478,A_PHE_478,14.196447854399851
A,PHE,494,A_PHE_494,24.59699333676157
A,PHE,499,A_PHE_499,12.88814527167515
A,SER,460,A_SER_460,14.880429845180654
A,SER,492,A_SER_492,4.592818855657505
A,THR,353,A_THR_353,17.19662033695856
A,THR,379,A_THR_379,17.31657213698259
A,THR,458,A_THR_458,3.020077511095364
A,THR,493,A_THR_493,8.148861272335754
A,TRP,361,A_TRP_361,28.57511268894352
A,TRP,377,A_TRP_377,29.087897024146873
A,TYR,363,A_TYR_363,4.2641959304435195
A,TYR,497,A_TYR_497,20.80205621998814
A,VAL,356,A_VAL_356,16.873576511212057
A,VAL,360,A_VAL_360,2.1386684637356574
A,VAL,459,A_VAL_459,6.176917915494105
