chain,resname,resnum,res_key,density
A,ARG,47,A_ARG_47,6.7222232213321576
A,ARG,562,A_ARG_562,26.14542932541336
A,ASN,42,A_ASN_42,14.643262295661659
A,ASP,546,A_ASP_546,15.597427256905807
A,CYS,44,A_CYS_44,16.6512157790593
A,CYS,46,A_CYS_46,18.27004778213992
A,CYS,542,A_CYS_542,17.81772524626802
A,CYS,558,A_CYS_558,17.88277829068329
A,CYS,561,A_CYS_561,18.011472767616166
A,GLU,556,A_GLU_556,10.048226648048725
A,GLU,564,A_GLU_564,14.368495956623436
A,GLY,543,A_GLY_543,11.591946303355002
A,HIS,544,A_HIS_544,23.576163250073517
A,ILE,45,A_ILE_45,14.37214483505229
A,ILE,565,A_ILE_565,18.190789790345775
A,LEU,539,A_LEU_539,18.031235546046922
A,LEU,547,A_LEU_547,5.831946095656602
A,LEU,555,A_LEU_555,9.951016866852452
A,LEU,560,A_LEU_560,18.39606983502651
A,LYS,540,A_LYS_540,10.43504205503304
A,LYS,563,A_LYS_563,21.50491997986593
A,PRO,541,A_PRO_541,16.08838592236733
A,PRO,559,A_PRO_559,15.901872336541082
A,SER,43,A_SER_43,11.09570304214611
A,SER,528,A_SER_528,3.2696289520923556
A,SER,545,A_SER_545,4.613797349421706
A,THR,557,A_THR_557,17.45903733194719
A,VAL,566,A_VAL_566,2.2886759815383115
