chain,resname,resnum,res_key,density
A,ARG,433,A_ARG_433,26.59606351462034
A,ARG,465,A_ARG_465,26.853961231492757
A,ARG,472,A_ARG_472,19.16342283862505
A,ASP,451,A_ASP_451,18.41283764212394
A,ASP,458,A_ASP_458,22.42027665919765
A,CYS,469,A_CYS_469,18.082982716083222
A,GLN,429,A_GLN_429,3.4213481132054384
A,GLN,452,A_GLN_452,10.096827669550747
A,GLU,449,A_GLU_449,23.561966770749134
A,GLY,430,A_GLY_430,4.49309613551473
A,GLY,447,A_GLY_447,10.000192915141557
A,GLY,455,A_GLY_455,10.266968133903283
A,GLY,459,A_GLY_459,10.139294847046376
A,GLY,474,A_GLY_474,10.231236586725206
A,HIS,457,A_HIS_457,23.36964446687908
A,HIS,473,A_HIS_473,23.684197164416666
A,ILE,431,A_ILE_431,18.79105617803556
A,ILE,448,A_ILE_448,18.12999672937297
A,LEU,450,A_LEU_450,18.346323680627624
A,LYS,456,A_LYS_456,12.86119026482538
A,PHE,434,A_PHE_434,10.469132751781176
A,PHE,467,A_PHE_467,24.9511361850161
A,PHE,476,A_PHE_476,17.541261592817023
A,PRO,453,A_PRO_453,15.75774409780895
A,PRO,470,A_PRO_470,15.667312755851716
A,PRO,471,A_PRO_471,15.98654490181695
A,SER,460,A_SER_460,14.975934710005001
A,THR,454,A_THR_454,7.092176573563031
A,THR,468,A_THR_468,17.72732960919782
A,TYR,466,A_TYR_466,16.40669786037243
A,VAL,432,A_VAL_432,10.755398435085723
A,VAL,461,A_VAL_461,8.682800937569692
A,VAL,464,A_VAL_464,5.996064811570934
A,VAL,475,A_VAL_475,16.36557484123595
