chain,resname,resnum,res_key,density
A,ALA,132,A_ALA_132,12.033689482426919
A,ALA,158,A_ALA_158,3.51915829542284
A,ALA,174,A_ALA_174,1.777811749126781
A,ARG,13,A_ARG_13,14.126762343262218
A,ASP,135,A_ASP_135,13.796968871299237
A,ASP,140,A_ASP_140,5.130159793049229
A,ASP,165,A_ASP_165,20.992885079411717
A,CYS,167,A_CYS_167,18.51951752118042
A,CYS,208,A_CYS_208,18.341055244074305
A,GLU,130,A_GLU_130,14.696933259373896
A,GLU,133,A_GLU_133,23.77629590823731
A,GLU,166,A_GLU_166,22.708695506462252
A,GLY,137,A_GLY_137,10.766777951896985
A,HIS,129,A_HIS_129,24.33396463130689
A,ILE,126,A_ILE_126,14.692489200357327
A,ILE,160,A_ILE_160,15.381326122579706
A,LEU,128,A_LEU_128,17.704642909443493
A,LEU,139,A_LEU_139,7.48753616644747
A,LEU,145,A_LEU_145,7.5640324723854
A,LEU,162,A_LEU_162,17.662245657069683
A,LEU,163,A_LEU_163,19.23634810614089
A,LEU,164,A_LEU_164,18.579161006558465
A,LEU,169,A_LEU_169,17.997129430446474
A,LEU,175,A_LEU_175,1.8971743794921918
A,LEU,209,A_LEU_209,17.53789344242238
A,LEU,213,A_LEU_213,8.651512471532387
A,LYS,212,A_LYS_212,20.372497988620253
A,MET,125,A_MET_125,20.473584909175642
A,MET,131,A_MET_131,14.00302794299911
A,PHE,9,A_PHE_9,12.90270266894934
A,PRO,168,A_PRO_168,15.23997619375493
A,PRO,170,A_PRO_170,17.3242781240186
A,SER,124,A_SER_124,2.8601761364158445
A,SER,345,A_SER_345,5.665240960910667
A,THR,127,A_THR_127,9.83237346968094
A,THR,134,A_THR_134,15.640146289116057
A,THR,161,A_THR_161,18.873222771143627
A,THR,171,A_THR_171,6.521803300236692
A,TRP,138,A_TRP_138,31.901194674797264
A,VAL,141,A_VAL_141,17.237412006255774
A,VAL,142,A_VAL_142,13.21066069980868
A,VAL,159,A_VAL_159,5.908267172938956
A,VAL,205,A_VAL_205,10.727448314960538
