chain,resname,resnum,res_key,density
A,ALA,271,A_ALA_271,6.750548329262812
A,ALA,291,A_ALA_291,6.287249809346228
A,ALA,319,A_ALA_319,3.358453204074346
A,ALA,355,A_ALA_355,12.470771134279321
A,ARG,295,A_ARG_295,14.13537781600541
A,ARG,311,A_ARG_311,15.59611972217498
A,ARG,343,A_ARG_343,5.805835139158578
A,ASN,282,A_ASN_282,8.469003900474018
A,ASN,286,A_ASN_286,20.34778738665192
A,ASP,298,A_ASP_298,14.777517206553581
A,CYS,270,A_CYS_270,18.479112197065312
A,CYS,313,A_CYS_313,18.09877185964733
A,GLN,322,A_GLN_322,23.020847579001064
A,GLU,317,A_GLU_317,2.57457548602084
A,GLU,327,A_GLU_327,2.8550514136991523
A,GLY,285,A_GLY_285,10.584136774251714
A,GLY,297,A_GLY_297,7.098313546633943
A,GLY,314,A_GLY_314,10.726252551671378
A,GLY,321,A_GLY_321,10.1650394490674
A,GLY,325,A_GLY_325,10.321367514006413
A,GLY,337,A_GLY_337,3.3111036581912106
A,ILE,360,A_ILE_360,12.351144955713103
A,LEU,268,A_LEU_268,12.745434361029936
A,LEU,272,A_LEU_272,8.679158636186102
A,LEU,287,A_LEU_287,16.350873132654705
A,LEU,289,A_LEU_289,18.962948933720675
A,LEU,292,A_LEU_292,12.456735846013135
A,LEU,294,A_LEU_294,18.877917161633903
A,LEU,296,A_LEU_296,18.751364572445812
A,LEU,302,A_LEU_302,2.1116193601980138
A,LEU,310,A_LEU_310,18.610305258056094
A,LEU,353,A_LEU_353,5.694612601797085
A,MET,288,A_MET_288,21.50974991912882
A,PHE,312,A_PHE_312,24.947392370400742
A,PHE,318,A_PHE_318,5.523197909564012
A,PHE,345,A_PHE_345,21.29746693711992
A,PHE,354,A_PHE_354,24.236371684463386
A,PRO,267,A_PRO_267,9.988248778108265
A,PRO,284,A_PRO_284,15.905605803455035
A,SER,269,A_SER_269,15.578239429502897
A,SER,290,A_SER_290,12.473983205482268
A,SER,320,A_SER_320,5.498048487692801
A,SER,356,A_SER_356,15.614104142091609
A,SER,358,A_SER_358,2.7628917147558276
A,THR,309,A_THR_309,5.551590839238345
A,THR,315,A_THR_315,17.54680531229968
A,THR,316,A_THR_316,17.50902867378801
A,TRP,323,A_TRP_323,28.11865125923961
A,TYR,344,A_TYR_344,27.5207365995512
A,VAL,283,A_VAL_283,15.921840929787479
A,VAL,300,A_VAL_300,6.042020766982561
A,VAL,324,A_VAL_324,16.545994840412774
A,VAL,326,A_VAL_326,16.035459432045577
A,VAL,357,A_VAL_357,16.778838462695713
