chain,resname,resnum,res_key,density
A,ALA,223,A_ALA_223,12.014740835076235
A,ALA,235,A_ALA_235,12.241679313361885
A,ALA,239,A_ALA_239,12.458961852073356
A,ARG,250,A_ARG_250,9.361787989137124
A,ARG,255,A_ARG_255,13.250637332008473
A,ASP,241,A_ASP_241,21.304072241878508
A,CYS,217,A_CYS_217,17.578623464274752
A,CYS,220,A_CYS_220,17.744306618537177
A,CYS,229,A_CYS_229,11.55884614003432
A,CYS,232,A_CYS_232,7.703071075514908
A,CYS,237,A_CYS_237,18.473356801485146
A,CYS,240,A_CYS_240,18.3311568207072
A,GLN,234,A_GLN_234,19.846026575162522
A,GLY,215,A_GLY_215,3.347989667713429
A,GLY,221,A_GLY_221,10.718192599845166
A,GLY,225,A_GLY_225,10.374720846867222
A,GLY,246,A_GLY_246,7.535537718526598
A,HIS,228,A_HIS_228,10.203958804888048
A,HIS,242,A_HIS_242,24.029044016411564
A,HIS,245,A_HIS_245,23.389260379824275
A,HIS,247,A_HIS_247,4.598025424324982
A,LEU,219,A_LEU_219,18.415485565441426
A,LEU,227,A_LEU_227,17.413779181289012
A,LEU,236,A_LEU_236,17.12035271086573
A,LEU,243,A_LEU_243,18.48645265931213
A,PHE,218,A_PHE_218,25.18182474758989
A,PHE,244,A_PHE_244,25.598524473092272
A,PRO,216,A_PRO_216,10.125175218011222
A,PRO,224,A_PRO_224,16.146997473659237
A,PRO,238,A_PRO_238,16.095719286408112
A,SER,222,A_SER_222,15.791107229688638
A,THR,226,A_THR_226,17.326485201552238
