chain,resname,resnum,res_key,density
A,ALA,307,A_ALA_307,12.410782096876268
A,ALA,308,A_ALA_308,11.814641240207813
A,ALA,310,A_ALA_310,13.0308921704932
A,ALA,317,A_ALA_317,7.542152020201471
A,ALA,322,A_ALA_322,12.81470738282315
A,ARG,325,A_ARG_325,26.85591337405812
A,ARG,327,A_ARG_327,8.761446130155749
A,ASN,313,A_ASN_313,14.357141059857955
A,ASP,324,A_ASP_324,21.401822738307576
A,CYS,306,A_CYS_306,18.508307284045507
A,CYS,309,A_CYS_309,17.289402690272873
A,CYS,320,A_CYS_320,17.142519600027224
A,CYS,323,A_CYS_323,18.199772349494094
A,CYS,329,A_CYS_329,17.70914420389047
A,GLN,641,A_GLN_641,10.269406709485722
A,GLU,660,A_GLU_660,3.4215368387329446
A,GLY,328,A_GLY_328,2.6823051920482537
A,GLY,331,A_GLY_331,4.19747492813933
A,HIS,305,A_HIS_305,7.6945714831670005
A,LEU,312,A_LEU_312,10.156133882500917
A,LEU,319,A_LEU_319,18.015519193839204
A,MET,311,A_MET_311,21.171699269914487
A,PRO,326,A_PRO_326,15.90219890862358
A,TRP,304,A_TRP_304,17.22901236266859
A,TRP,656,A_TRP_656,2.7173542743670107
A,VAL,318,A_VAL_318,10.835929401403877
A,VAL,321,A_VAL_321,16.14320355931773
