chain,resname,resnum,res_key,density
A,ALA,500,A_ALA_500,12.966277733322812
A,ALA,501,A_ALA_501,12.444125048902258
A,ALA,503,A_ALA_503,12.260150758871644
A,ALA,511,A_ALA_511,8.690889654761307
A,ARG,496,A_ARG_496,14.078398270902396
A,ARG,525,A_ARG_525,5.390825790785916
A,ARG,555,A_ARG_555,23.910082984736658
A,ARG,556,A_ARG_556,20.77036376373142
A,ASP,560,A_ASP_560,7.987971808367622
A,CYS,504,A_CYS_504,18.35294852161571
A,GLU,497,A_GLU_497,11.76520322054764
A,GLU,499,A_GLU_499,23.01239569744422
A,GLU,506,A_GLU_506,23.14840682561727
A,GLU,507,A_GLU_507,23.55476795502086
A,GLY,498,A_GLY_498,11.315305108121713
A,GLY,502,A_GLY_502,10.381176214440988
A,HIS,562,A_HIS_562,9.348402162786037
A,ILE,495,A_ILE_495,18.975546264620117
A,ILE,508,A_ILE_508,18.397368762144737
A,LEU,491,A_LEU_491,7.3079851466729
A,LEU,512,A_LEU_512,8.917819896205014
A,LEU,521,A_LEU_521,17.934039551453214
A,LEU,524,A_LEU_524,17.777296827537125
A,LEU,528,A_LEU_528,7.413925258504762
A,LEU,559,A_LEU_559,18.32051098093095
A,MET,494,A_MET_494,12.639669054949426
A,PHE,509,A_PHE_509,24.1516016442096
A,PRO,505,A_PRO_505,16.094101688379645
A,PRO,520,A_PRO_520,13.244210024057828
A,SER,493,A_SER_493,3.2357793841576066
A,SER,510,A_SER_510,14.72271296505997
A,TRP,523,A_TRP_523,4.230756988940449
A,TRP,558,A_TRP_558,18.03122894721311
A,VAL,492,A_VAL_492,3.116402165048054
