chain,resname,resnum,res_key,density
A,ALA,536,A_ALA_536,12.842819968623308
A,ALA,539,A_ALA_539,8.918385424577602
A,ALA,548,A_ALA_548,11.828237805640633
A,ALA,554,A_ALA_554,11.964035809658938
A,ALA,557,A_ALA_557,11.935110894462328
A,ALA,568,A_ALA_568,7.722309604010043
A,ARG,555,A_ARG_555,26.66822154322086
A,ARG,556,A_ARG_556,17.176252037660934
A,ARG,576,A_ARG_576,12.277014714509235
A,ASP,604,A_ASP_604,2.648146109145392
A,CYS,551,A_CYS_551,17.694076282004936
A,CYS,572,A_CYS_572,17.297384851737164
A,GLN,552,A_GLN_552,21.535908877097796
A,GLN,600,A_GLN_600,10.356856218875267
A,GLU,507,A_GLU_507,3.066209381940888
A,GLU,527,A_GLU_527,5.827496374977937
A,GLU,533,A_GLU_533,23.512381717371902
A,GLU,537,A_GLU_537,17.446109596852253
A,GLU,553,A_GLU_553,22.51547333504666
A,GLY,540,A_GLY_540,3.028209297558592
A,GLY,547,A_GLY_547,3.6317843074380147
A,GLY,602,A_GLY_602,10.628881393518977
A,GLY,603,A_GLY_603,9.725621790369683
A,HIS,601,A_HIS_601,10.296263634521184
A,LEU,524,A_LEU_524,3.2166322564244676
A,LEU,528,A_LEU_528,18.50033142619675
A,LEU,532,A_LEU_532,18.13800330831342
A,LEU,538,A_LEU_538,2.61868710343339
A,LEU,559,A_LEU_559,10.517673146570509
A,LEU,598,A_LEU_598,5.9229341333963035
A,LYS,579,A_LYS_579,2.7165421333104605
A,MET,534,A_MET_534,15.156585410787317
A,PHE,549,A_PHE_549,24.486072573234956
A,PHE,599,A_PHE_599,26.08314834909315
A,PRO,529,A_PRO_529,16.052412457080827
A,SER,550,A_SER_550,15.442939780723599
A,TRP,558,A_TRP_558,25.389978913896723
A,TYR,530,A_TYR_530,17.035780842450116
A,VAL,531,A_VAL_531,16.106212533545342
A,VAL,535,A_VAL_535,16.596538014545004
A,VAL,569,A_VAL_569,2.1703046513139057
