chain,resname,resnum,res_key,density
A,ALA,307,A_ALA_307,12.410782096876268
A,ALA,308,A_ALA_308,11.814641240207813
A,ALA,310,A_ALA_310,13.0308921704932
A,ALA,317,A_ALA_317,12.14107763172509
A,ALA,322,A_ALA_322,12.81470738282315
A,ARG,325,A_ARG_325,26.85591337405812
A,ARG,327,A_ARG_327,26.063388345341817
A,ASN,313,A_ASN_313,20.4313025685881
A,ASP,324,A_ASP_324,18.230832308083713
A,CYS,306,A_CYS_306,18.508307284045507
A,CYS,309,A_CYS_309,17.289402690272873
A,CYS,320,A_CYS_320,17.142519600027224
A,CYS,323,A_CYS_323,18.199772349494094
A,CYS,329,A_CYS_329,17.70914420389047
A,GLU,314,A_GLU_314,11.12734699252659
A,GLY,328,A_GLY_328,10.445360203950125
A,GLY,331,A_GLY_331,9.728959913244239
A,HIS,305,A_HIS_305,24.130074658849566
A,LEU,302,A_LEU_302,3.543297429168434
A,LEU,312,A_LEU_312,17.799617455210548
A,LEU,319,A_LEU_319,18.015519193839204
A,LEU,332,A_LEU_332,2.430588195809717
A,LYS,330,A_LYS_330,16.18990430615439
A,MET,311,A_MET_311,21.171699269914487
A,PRO,303,A_PRO_303,11.933269097482839
A,PRO,326,A_PRO_326,15.90219890862358
A,TRP,304,A_TRP_304,30.309209841563792
A,VAL,318,A_VAL_318,10.835929401403877
A,VAL,321,A_VAL_321,16.14320355931773
