chain,resname,resnum,res_key,density
A,ALA,441,A_ALA_441,2.048182250073137
A,ARG,434,A_ARG_434,3.4784046852301236
A,ARG,480,A_ARG_480,21.894095988580588
A,ARG,485,A_ARG_485,20.49573734812758
A,ASN,422,A_ASN_422,21.389423407503717
A,ASP,475,A_ASP_475,21.863056377330658
A,ASP,482,A_ASP_482,21.86661802457346
A,CYS,415,A_CYS_415,17.675864894107526
A,CYS,418,A_CYS_418,18.102834192171585
A,CYS,421,A_CYS_421,16.97708712519459
A,CYS,429,A_CYS_429,17.863376808695612
A,CYS,432,A_CYS_432,12.057355479114975
A,GLN,411,A_GLN_411,13.832762552948989
A,GLN,479,A_GLN_479,12.448155441782687
A,GLN,481,A_GLN_481,23.056471976099967
A,GLU,477,A_GLU_477,23.778080976358673
A,GLY,426,A_GLY_426,8.107764368345357
A,HIS,417,A_HIS_417,7.526327407160448
A,ILE,416,A_ILE_416,11.568197245993035
A,ILE,439,A_ILE_439,3.378266989175135
A,LYS,478,A_LYS_478,21.079667377291248
A,LYS,483,A_LYS_483,2.7206299955078963
A,MET,431,A_MET_431,21.125478308952815
A,MET,484,A_MET_484,7.514238480237891
A,PHE,420,A_PHE_420,25.346247430860775
A,PRO,425,A_PRO_425,6.331900698916468
A,PRO,476,A_PRO_476,10.618336645598418
A,SER,410,A_SER_410,9.154002948203352
A,SER,423,A_SER_423,15.43949888029338
A,SER,424,A_SER_424,16.06205523644136
A,SER,436,A_SER_436,4.895826375256239
A,THR,419,A_THR_419,17.342060153603015
A,TRP,413,A_TRP_413,32.21749446471408
A,TRP,427,A_TRP_427,7.8998958300208315
A,TYR,414,A_TYR_414,28.80778196971499
A,VAL,412,A_VAL_412,16.496986265389886
A,VAL,428,A_VAL_428,11.029390850920008
A,VAL,430,A_VAL_430,16.918628111486377
