chain,resname,resnum,res_key,density
A,ALA,536,A_ALA_536,12.842819968623308
A,ALA,539,A_ALA_539,12.02743038039408
A,ALA,548,A_ALA_548,11.828237805640633
A,ALA,554,A_ALA_554,11.964035809658938
A,ALA,557,A_ALA_557,11.935110894462328
A,ALA,568,A_ALA_568,12.560032832133768
A,ARG,555,A_ARG_555,14.400215639900424
A,ARG,556,A_ARG_556,19.78702788678196
A,ARG,561,A_ARG_561,23.79678871112321
A,ARG,574,A_ARG_574,26.8901300837073
A,ARG,576,A_ARG_576,26.795685871644736
A,ARG,577,A_ARG_577,26.73022480118299
A,ARG,578,A_ARG_578,26.889587571784503
A,ASN,564,A_ASN_564,5.8589642739287795
A,ASP,543,A_ASP_543,20.966640011778672
A,ASP,560,A_ASP_560,22.022314592134304
A,ASP,566,A_ASP_566,13.146091569228751
A,ASP,604,A_ASP_604,2.648146109145392
A,CYS,551,A_CYS_551,11.708663964943856
A,CYS,572,A_CYS_572,17.297384851737164
A,GLN,541,A_GLN_541,9.207245366712918
A,GLN,542,A_GLN_542,22.585010420252637
A,GLN,552,A_GLN_552,13.991549265225908
A,GLU,533,A_GLU_533,10.986791167402101
A,GLU,537,A_GLU_537,12.219601611062927
A,GLU,553,A_GLU_553,22.51547333504666
A,GLU,567,A_GLU_567,13.889653284936713
A,GLU,570,A_GLU_570,23.832193781316132
A,GLU,571,A_GLU_571,23.43234900833294
A,GLY,540,A_GLY_540,10.76317784575004
A,GLY,547,A_GLY_547,10.827427682672738
A,GLY,602,A_GLY_602,7.981071997592009
A,GLY,603,A_GLY_603,9.725621790369683
A,LEU,532,A_LEU_532,16.494597128945525
A,LEU,538,A_LEU_538,18.43851264315262
A,LEU,546,A_LEU_546,18.36908991717952
A,LEU,559,A_LEU_559,9.33685381008894
A,LEU,565,A_LEU_565,16.418720165420975
A,LEU,598,A_LEU_598,13.860959655374598
A,LYS,579,A_LYS_579,17.127002253968595
A,MET,534,A_MET_534,11.111938019766981
A,PHE,549,A_PHE_549,24.486072573234956
A,PHE,599,A_PHE_599,6.969516614004768
A,PRO,544,A_PRO_544,2.676825992767647
A,SER,550,A_SER_550,15.442939780723599
A,THR,575,A_THR_575,18.046027279769408
A,TRP,558,A_TRP_558,18.946531647269616
A,VAL,531,A_VAL_531,3.263276786534029
A,VAL,535,A_VAL_535,16.596538014545004
A,VAL,569,A_VAL_569,16.155898894503622
A,VAL,573,A_VAL_573,16.757375274982447
A,VAL,580,A_VAL_580,6.798993986181696
