chain,resname,resnum,res_key,density
A,ALA,800,A_ALA_800,12.391299715897599
A,ALA,815,A_ALA_815,12.547061627873111
A,ARG,810,A_ARG_810,12.131853827695217
A,ARG,830,A_ARG_830,6.0055623215972
A,CYS,799,A_CYS_799,17.891511314547365
A,CYS,802,A_CYS_802,17.675408577882344
A,CYS,817,A_CYS_817,17.59365343894458
A,CYS,820,A_CYS_820,18.006077406885616
A,CYS,825,A_CYS_825,11.445823688686797
A,GLN,801,A_GLN_801,21.28380882717412
A,GLN,819,A_GLN_819,22.526484734899768
A,GLN,822,A_GLN_822,21.466391459485045
A,GLN,831,A_GLN_831,16.21796853386622
A,GLU,787,A_GLU_787,3.192598663597403
A,GLU,809,A_GLU_809,2.68840776088754
A,GLU,814,A_GLU_814,14.185263723248307
A,GLY,805,A_GLY_805,10.40585368207422
A,HIS,821,A_HIS_821,24.56362698547992
A,ILE,807,A_ILE_807,11.881499928469363
A,LEU,797,A_LEU_797,17.880986583512726
A,LEU,813,A_LEU_813,3.0849669832630124
A,LYS,783,A_LYS_783,4.2290521666270156
A,LYS,795,A_LYS_795,3.165530078516334
A,LYS,829,A_LYS_829,12.03412983274861
A,PHE,796,A_PHE_796,11.844144688894295
A,PHE,804,A_PHE_804,25.2554663796024
A,PHE,806,A_PHE_806,25.018906058494395
A,PHE,824,A_PHE_824,25.539988698128493
A,PRO,818,A_PRO_818,15.013039905026668
A,SER,803,A_SER_803,16.03527579264063
A,THR,816,A_THR_816,18.188177649765112
A,THR,823,A_THR_823,16.9851731705236
A,TRP,798,A_TRP_798,21.149155984201087
A,TRP,832,A_TRP_832,11.533284573340415
A,TYR,808,A_TYR_808,25.618418641402577
A,VAL,826,A_VAL_826,8.728465172542343
