chain,resname,resnum,res_key,density
A,ALA,696,A_ALA_696,13.264904789301344
A,ALA,700,A_ALA_700,11.675562006530651
A,ALA,705,A_ALA_705,11.875867763179546
A,ALA,713,A_ALA_713,9.415139881452042
A,ALA,746,A_ALA_746,12.501880066858954
A,ARG,693,A_ARG_693,2.995155291858935
A,ARG,710,A_ARG_710,12.114775722125444
A,ARG,727,A_ARG_727,2.6580452815370594
A,ASN,709,A_ASN_709,2.501196335666367
A,ASP,724,A_ASP_724,21.947088243150958
A,CYS,699,A_CYS_699,17.598525752038693
A,CYS,702,A_CYS_702,18.039406407094724
A,CYS,717,A_CYS_717,5.231513606568138
A,CYS,719,A_CYS_719,17.446315034192956
A,CYS,722,A_CYS_722,18.78072648440987
A,CYS,725,A_CYS_725,18.04498430665943
A,CYS,744,A_CYS_744,10.040997728961349
A,CYS,747,A_CYS_747,4.746685160713886
A,GLN,697,A_GLN_697,22.966305255371577
A,GLN,712,A_GLN_712,14.305856577288472
A,GLN,728,A_GLN_728,3.3594968693323124
A,GLU,698,A_GLU_698,22.96745561247182
A,GLU,718,A_GLU_718,5.939949811354816
A,GLY,703,A_GLY_703,10.209164186803033
A,HIS,708,A_HIS_708,19.54882444120805
A,HIS,729,A_HIS_729,2.147209533233518
A,ILE,721,A_ILE_721,18.02388175860573
A,LEU,694,A_LEU_694,3.0263707270518143
A,LEU,695,A_LEU_695,5.580164724948263
A,LEU,706,A_LEU_706,17.335635671661198
A,LEU,714,A_LEU_714,10.695373176422095
A,MET,711,A_MET_711,21.078872872199984
A,PHE,726,A_PHE_726,18.725661751365646
A,PRO,707,A_PRO_707,14.173678542842001
A,PRO,723,A_PRO_723,16.0224101282725
A,PRO,745,A_PRO_745,15.959888555105236
A,THR,720,A_THR_720,17.642772599946003
A,TRP,704,A_TRP_704,31.628135180914818
A,VAL,701,A_VAL_701,16.06996287975381
