chain,resname,resnum,res_key,density
A,ALA,904,A_ALA_904,2.427675139115365
A,ALA,1012,A_ALA_1012,2.716802309840618
A,ALA,1018,A_ALA_1018,2.9247157993443267
A,ARG,882,A_ARG_882,24.663191183687747
A,ARG,928,A_ARG_928,26.03602732718727
A,ARG,935,A_ARG_935,27.62220813108592
A,ARG,1032,A_ARG_1032,13.475683695620294
A,ARG,1069,A_ARG_1069,14.971939107850034
A,ASN,903,A_ASN_903,20.577562128794824
A,ASN,1011,A_ASN_1011,20.560873119317783
A,ASP,929,A_ASP_929,20.840561714236625
A,ASP,936,A_ASP_936,18.0172239520238
A,ASP,1016,A_ASP_1016,18.820769513244706
A,CYS,885,A_CYS_885,6.384596205400316
A,CYS,898,A_CYS_898,17.26237646605186
A,CYS,901,A_CYS_901,17.581100735555946
A,CYS,930,A_CYS_930,17.48785328699975
A,GLN,1065,A_GLN_1065,11.006038041028297
A,GLU,1004,A_GLU_1004,23.92121585897411
A,GLY,883,A_GLY_883,3.3082523145123908
A,GLY,884,A_GLY_884,5.6034523283346385
A,GLY,900,A_GLY_900,9.496102954079044
A,GLY,924,A_GLY_924,10.033548048809326
A,GLY,1064,A_GLY_1064,10.174595724914118
A,HIS,887,A_HIS_887,2.6129254872010264
A,HIS,925,A_HIS_925,14.139612794137946
A,HIS,926,A_HIS_926,23.584775326863394
A,ILE,1010,A_ILE_1010,18.054000817671174
A,ILE,1067,A_ILE_1067,18.51287364700469
A,LEU,931,A_LEU_931,18.296647474346813
A,LEU,934,A_LEU_934,18.11604948967417
A,LEU,942,A_LEU_942,7.047088459837048
A,LEU,945,A_LEU_945,1.6775238192786734
A,LEU,1006,A_LEU_1006,5.949687677121043
A,LEU,1009,A_LEU_1009,5.332380793308802
A,LEU,1015,A_LEU_1015,13.064949407713499
A,LEU,1063,A_LEU_1063,17.430805207769012
A,LYS,1003,A_LYS_1003,11.919426524946246
A,MET,886,A_MET_886,20.55504715586166
A,PHE,897,A_PHE_897,7.777325648094484
A,PHE,905,A_PHE_905,8.174790083860334
A,PHE,932,A_PHE_932,25.08056206636913
A,PRO,927,A_PRO_927,16.58648621614757
A,PRO,1017,A_PRO_1017,15.619477830433073
A,PRO,1062,A_PRO_1062,5.467034851691684
A,PRO,1068,A_PRO_1068,15.844764578739753
A,SER,899,A_SER_899,15.103624322366976
A,SER,1008,A_SER_1008,12.460222922457763
A,SER,1014,A_SER_1014,4.332440703860568
A,SER,1066,A_SER_1066,14.771602518410829
A,TRP,937,A_TRP_937,25.192526885895553
A,TYR,902,A_TYR_902,28.66865233353352
A,TYR,933,A_TYR_933,27.689240660029512
A,TYR,1005,A_TYR_1005,2.6754298055712162
A,TYR,1021,A_TYR_1021,11.01718483774769
A,TYR,1033,A_TYR_1033,16.214653429113813
A,VAL,1007,A_VAL_1007,16.64168530856907
A,VAL,1061,A_VAL_1061,1.7584085976997177
