chain,resname,resnum,res_key,density
A,ALA,904,A_ALA_904,13.07786746906491
A,ALA,907,A_ALA_907,12.184415929185498
A,ARG,917,A_ARG_917,13.994348585001008
A,ASN,903,A_ASN_903,9.94192204064986
A,ASN,909,A_ASN_909,20.447069799746412
A,ASN,915,A_ASN_915,20.623880527837755
A,CYS,911,A_CYS_911,17.58518093226273
A,CYS,916,A_CYS_916,17.755691312146865
A,GLN,896,A_GLN_896,3.138285916373893
A,GLU,913,A_GLU_913,22.857891294853374
A,GLY,924,A_GLY_924,10.033548048809326
A,HIS,923,A_HIS_923,23.797909609037564
A,HIS,925,A_HIS_925,23.310244890564274
A,HIS,926,A_HIS_926,2.849317127054212
A,HIS,1035,A_HIS_1035,4.688601271739987
A,LEU,922,A_LEU_922,16.9756898241429
A,LYS,908,A_LYS_908,18.54038784596681
A,LYS,910,A_LYS_910,20.690089738528407
A,LYS,919,A_LYS_919,21.23701468477513
A,LYS,920,A_LYS_920,17.398525303950414
A,PHE,905,A_PHE_905,20.52340844740136
A,PRO,912,A_PRO_912,15.923207617469286
A,PRO,914,A_PRO_914,16.449003224131676
A,SER,921,A_SER_921,14.93579262592165
A,TYR,906,A_TYR_906,27.884209114194473
A,VAL,918,A_VAL_918,16.216076464607916
