chain,resname,resnum,res_key,density
A,ASN,196,A_ASN_196,2.721589495709214
A,ASP,129,A_ASP_129,5.756630371802868
A,CYS,200,A_CYS_200,18.325198642801137
A,GLN,201,A_GLN_201,23.03736772777222
A,GLU,197,A_GLU_197,14.213197197002412
A,GLY,130,A_GLY_130,10.698829161462346
A,HIS,199,A_HIS_199,23.780267660726434
A,ILE,202,A_ILE_202,18.22613475279193
A,LYS,95,A_LYS_95,4.653615574605061
A,LYS,204,A_LYS_204,6.366174045514654
A,MET,203,A_MET_203,21.401889317620256
A,PHE,198,A_PHE_198,25.545882488653017
