chain,resname,resnum,res_key,density
A,ALA,79,A_ALA_79,3.4990621796822228
A,ALA,132,A_ALA_132,9.341512843938617
A,ALA,299,A_ALA_299,12.630193599172713
A,ARG,75,A_ARG_75,2.489681383737584
A,ARG,93,A_ARG_93,13.126331277667596
A,ARG,298,A_ARG_298,25.79657868741552
A,ASN,76,A_ASN_76,17.777284662581977
A,ASP,100,A_ASP_100,21.02335800946351
A,ASP,129,A_ASP_129,2.9594835745189307
A,CYS,81,A_CYS_81,17.436168843511286
A,CYS,149,A_CYS_149,17.825069691395022
A,CYS,233,A_CYS_233,17.711788008505504
A,GLN,153,A_GLN_153,16.38043665697592
A,GLN,240,A_GLN_240,17.077094784815664
A,GLU,86,A_GLU_86,8.449303952927435
A,GLU,103,A_GLU_103,10.677892762804307
A,GLY,130,A_GLY_130,6.1542285497962395
A,HIS,96,A_HIS_96,7.058425613845832
A,HIS,131,A_HIS_131,24.415784750698982
A,HIS,146,A_HIS_146,16.699236438485926
A,ILE,89,A_ILE_89,9.899151403093278
A,ILE,97,A_ILE_97,18.900136314052972
A,ILE,99,A_ILE_99,6.222548298945412
A,ILE,101,A_ILE_101,19.028527439967807
A,LEU,84,A_LEU_84,17.9753749981794
A,LEU,148,A_LEU_148,17.54856019132662
A,LEU,296,A_LEU_296,17.6365436499417
A,LEU,300,A_LEU_300,16.645764134138005
A,LYS,94,A_LYS_94,15.816835939826435
A,LYS,95,A_LYS_95,20.861716702433473
A,LYS,150,A_LYS_150,21.289413758581183
A,LYS,239,A_LYS_239,12.493322991243584
A,PHE,83,A_PHE_83,18.17861331089748
A,PHE,147,A_PHE_147,25.483061399315677
A,PRO,82,A_PRO_82,16.39600629585107
A,PRO,297,A_PRO_297,16.11900530454692
A,SER,85,A_SER_85,11.343029015714139
A,SER,152,A_SER_152,14.975732547632427
A,SER,294,A_SER_294,3.1383354447768297
A,SER,301,A_SER_301,2.635077051546772
A,THR,80,A_THR_80,5.341295463978184
A,THR,102,A_THR_102,17.12289671612478
A,THR,236,A_THR_236,17.35554730986594
A,TRP,237,A_TRP_237,30.099884120547642
A,TRP,251,A_TRP_251,11.381402838744338
A,TYR,133,A_TYR_133,3.112522737415754
A,TYR,235,A_TYR_235,28.27229612190048
A,VAL,104,A_VAL_104,10.583380953326643
A,VAL,145,A_VAL_145,9.825618648313357
A,VAL,151,A_VAL_151,16.810499980358305
A,VAL,234,A_VAL_234,15.656841185995727
A,VAL,238,A_VAL_238,15.819674205252593
A,VAL,295,A_VAL_295,9.518216362022168
