chain,resname,resnum,res_key,density
A,ALA,27,A_ALA_27,12.311603694329502
A,ALA,33,A_ALA_33,12.070365143503686
A,ALA,59,A_ALA_59,12.122873601932351
A,ASN,56,A_ASN_56,8.49207511345156
A,ASN,287,A_ASN_287,8.285635210263273
A,ASP,9,A_ASP_9,21.690424855124483
A,ASP,97,A_ASP_97,6.4909634360272355
A,CYS,12,A_CYS_12,10.417538530340146
A,CYS,82,A_CYS_82,17.881263221676946
A,GLN,36,A_GLN_36,23.128359314059995
A,GLU,4,A_GLU_4,16.884284126010726
A,GLU,26,A_GLU_26,6.089058805679699
A,GLU,29,A_GLU_29,10.596573433739662
A,GLY,60,A_GLY_60,2.9734762150894416
A,GLY,64,A_GLY_64,4.448032718292536
A,GLY,288,A_GLY_288,10.567210184344635
A,HIS,6,A_HIS_6,24.143715267579488
A,HIS,85,A_HIS_85,18.38939778435311
A,HIS,91,A_HIS_91,12.182165689496523
A,ILE,5,A_ILE_5,18.49990681038069
A,ILE,30,A_ILE_30,18.709020517560667
A,ILE,34,A_ILE_34,18.53080080691952
A,ILE,80,A_ILE_80,17.681249745500647
A,LEU,3,A_LEU_3,6.0529125903545395
A,LEU,13,A_LEU_13,12.341163432800952
A,LEU,28,A_LEU_28,10.712879937805031
A,LEU,31,A_LEU_31,18.631958089434026
A,LEU,58,A_LEU_58,9.273372935257212
A,LEU,93,A_LEU_93,18.349812832509993
A,LEU,95,A_LEU_95,17.553713317736506
A,LEU,96,A_LEU_96,18.656996272947303
A,LEU,291,A_LEU_291,9.359031896719701
A,LYS,61,A_LYS_61,9.584121513358435
A,LYS,292,A_LYS_292,2.8555127267261904
A,MET,7,A_MET_7,20.740138829790947
A,MET,11,A_MET_11,21.70530653772913
A,MET,55,A_MET_55,19.36682225035544
A,PHE,65,A_PHE_65,17.24184708754034
A,PHE,272,A_PHE_272,1.9489324972025786
A,PRO,10,A_PRO_10,16.778347683671985
A,PRO,37,A_PRO_37,10.209401032000784
A,PRO,84,A_PRO_84,16.682094655083866
A,PRO,86,A_PRO_86,4.062834647595318
A,SER,8,A_SER_8,15.27526200923907
A,SER,32,A_SER_32,7.142484803693678
A,SER,289,A_SER_289,2.8129702840101163
A,THR,35,A_THR_35,2.579690013685668
A,THR,92,A_THR_92,17.275487806327998
A,TRP,79,A_TRP_79,14.336486550917293
A,TRP,81,A_TRP_81,31.61880254021279
A,VAL,38,A_VAL_38,17.157506794627906
A,VAL,39,A_VAL_39,15.234665226862656
A,VAL,40,A_VAL_40,15.459285026338005
A,VAL,41,A_VAL_41,13.537194520833582
A,VAL,83,A_VAL_83,16.558080699959547
A,VAL,94,A_VAL_94,16.615210206904372
