chain,resname,resnum,res_key,density
A,ALA,27,A_ALA_27,12.311603694329502
A,ASN,16,A_ASN_16,20.70945489106852
A,ASN,24,A_ASN_24,21.443270931294578
A,ASP,9,A_ASP_9,12.660027950043405
A,ASP,97,A_ASP_97,20.77337311335132
A,CYS,12,A_CYS_12,17.30153380746618
A,CYS,82,A_CYS_82,8.356654834530172
A,GLN,20,A_GLN_20,3.285425164500522
A,GLN,25,A_GLN_25,23.654119598423282
A,GLU,15,A_GLU_15,22.369303019751413
A,GLU,26,A_GLU_26,23.661529493888146
A,GLU,29,A_GLU_29,2.904326581646594
A,GLU,99,A_GLU_99,15.059362148232225
A,GLY,64,A_GLY_64,5.673083457767455
A,GLY,77,A_GLY_77,10.712429771255895
A,HIS,74,A_HIS_74,9.658724084546023
A,ILE,14,A_ILE_14,18.509217895567648
A,ILE,30,A_ILE_30,12.54032334490621
A,ILE,78,A_ILE_78,18.26215297921204
A,ILE,80,A_ILE_80,17.681249745500647
A,ILE,115,A_ILE_115,6.116036771008504
A,LEU,13,A_LEU_13,17.423141337987218
A,LEU,21,A_LEU_21,13.515174300905642
A,LEU,28,A_LEU_28,18.278341706425543
A,LEU,31,A_LEU_31,10.703496839603554
A,LEU,95,A_LEU_95,5.692869239351069
A,LEU,96,A_LEU_96,18.656996272947303
A,LEU,122,A_LEU_122,1.7013231830844873
A,LYS,22,A_LYS_22,20.125643848542243
A,LYS,76,A_LYS_76,16.56698030719432
A,MET,7,A_MET_7,10.541515164941073
A,MET,11,A_MET_11,21.70530653772913
A,PHE,17,A_PHE_17,6.622798983601437
A,PHE,65,A_PHE_65,21.57205949034704
A,PRO,10,A_PRO_10,16.778347683671985
A,SER,66,A_SER_66,4.667839627154646
A,THR,75,A_THR_75,17.619632571483585
A,THR,98,A_THR_98,15.395565121823118
A,TRP,79,A_TRP_79,31.622259078372874
A,TRP,81,A_TRP_81,18.87596046388019
A,VAL,23,A_VAL_23,15.90293870771803
A,VAL,94,A_VAL_94,1.9326809353177938
A,VAL,295,A_VAL_295,5.91537432059391
A,VAL,299,A_VAL_299,3.6305472142266773
