chain,resname,resnum,res_key,density
A,ALA,443,A_ALA_443,12.361191236994344
A,CYS,441,A_CYS_441,17.78728568386061
A,GLN,444,A_GLN_444,19.837998132219504
A,HIS,438,A_HIS_438,17.16943962188338
A,ILE,440,A_ILE_440,17.65928779786597
A,PRO,442,A_PRO_442,16.667759101148647
A,SER,439,A_SER_439,16.2639625042117
