chain,resname,resnum,res_key,density
A,ALA,87,A_ALA_87,12.190749202876164
A,ARG,60,A_ARG_60,4.82694635884042
A,ARG,84,A_ARG_84,26.01478054649345
A,ARG,88,A_ARG_88,12.446699397103266
A,ARG,92,A_ARG_92,26.34988941304582
A,ARG,97,A_ARG_97,2.5320646927739783
A,ASN,45,A_ASN_45,20.69136701543932
A,ASN,73,A_ASN_73,20.825990746398254
A,ASN,94,A_ASN_94,21.22033341367208
A,CYS,44,A_CYS_44,16.649217874632875
A,CYS,85,A_CYS_85,18.34277536855324
A,GLN,86,A_GLN_86,21.84597942958928
A,GLU,53,A_GLU_53,5.814931853229083
A,GLU,65,A_GLU_65,10.643844202381374
A,GLU,219,A_GLU_219,5.810494388839758
A,GLY,46,A_GLY_46,9.854461636952227
A,GLY,72,A_GLY_72,10.582418214609865
A,GLY,89,A_GLY_89,10.575409008396715
A,HIS,21,A_HIS_21,5.579551569483106
A,HIS,59,A_HIS_59,16.124222815141238
A,ILE,25,A_ILE_25,17.4300249994445
A,LEU,42,A_LEU_42,17.240610923130816
A,LEU,67,A_LEU_67,14.857051829399952
A,LEU,69,A_LEU_69,18.026381222888645
A,LEU,75,A_LEU_75,18.24875734345833
A,LEU,82,A_LEU_82,17.74612463328924
A,LYS,22,A_LYS_22,20.15800628167965
A,LYS,54,A_LYS_54,12.084538970192977
A,LYS,66,A_LYS_66,5.304679802106639
A,PHE,47,A_PHE_47,26.19821884938669
A,PHE,49,A_PHE_49,15.137379214506156
A,PRO,23,A_PRO_23,15.94322887832484
A,PRO,91,A_PRO_91,16.044300349012214
A,PRO,95,A_PRO_95,15.779989496584102
A,SER,26,A_SER_26,15.87221838814564
A,SER,90,A_SER_90,16.399526518162567
A,SER,93,A_SER_93,16.43379758107511
A,THR,41,A_THR_41,5.533788514143987
A,THR,43,A_THR_43,16.86194925510638
A,THR,55,A_THR_55,17.439882413648515
A,THR,56,A_THR_56,17.496991241556604
A,THR,68,A_THR_68,17.04402348660133
A,THR,70,A_THR_70,17.5139423661073
A,THR,74,A_THR_74,18.052954230382532
A,TRP,57,A_TRP_57,31.39192327362104
A,TYR,58,A_TYR_58,27.657262089922128
A,TYR,83,A_TYR_83,25.837383481020236
A,TYR,111,A_TYR_111,10.962445604813832
A,VAL,24,A_VAL_24,16.24104288197193
A,VAL,27,A_VAL_27,4.380021840036155
A,VAL,77,A_VAL_77,1.832284148498953
A,VAL,96,A_VAL_96,15.790765689960216
