chain,resname,resnum,res_key,density
A,ALA,197,A_ALA_197,11.851846432513556
A,ALA,263,A_ALA_263,12.377153779142436
A,ASN,209,A_ASN_209,20.748112837987197
A,ASN,228,A_ASN_228,21.38682593633148
A,CYS,212,A_CYS_212,17.230645311697746
A,CYS,261,A_CYS_261,18.823061586635784
A,GLN,215,A_GLN_215,19.293546857508343
A,GLN,247,A_GLN_247,2.5781698923133876
A,GLU,194,A_GLU_194,23.151805669537396
A,GLU,213,A_GLU_213,22.97296713105675
A,GLU,245,A_GLU_245,22.866314431080067
A,GLU,264,A_GLU_264,12.425413671231553
A,GLY,262,A_GLY_262,10.253552917744425
A,HIS,192,A_HIS_192,14.275145531359268
A,HIS,226,A_HIS_226,12.234701258189462
A,HIS,271,A_HIS_271,4.37116457232072
A,HIS,273,A_HIS_273,18.406507587174968
A,ILE,236,A_ILE_236,1.7666542276853943
A,LEU,195,A_LEU_195,18.629294035313915
A,LEU,210,A_LEU_210,17.398037515862317
A,LEU,216,A_LEU_216,4.070110368834046
A,LEU,225,A_LEU_225,17.511687454960395
A,LEU,237,A_LEU_237,5.562453888049728
A,LEU,246,A_LEU_246,18.326998946990063
A,LEU,277,A_LEU_277,12.636995721897392
A,LYS,196,A_LYS_196,19.93843876924796
A,LYS,272,A_LYS_272,14.582498941929884
A,PHE,190,A_PHE_190,19.877374747274068
A,PHE,227,A_PHE_227,25.34569730734613
A,PHE,229,A_PHE_229,25.916596189541163
A,PHE,230,A_PHE_230,21.262420649828304
A,PRO,191,A_PRO_191,15.908435355670942
A,PRO,193,A_PRO_193,15.695418391217368
A,PRO,244,A_PRO_244,15.859853911784253
A,PRO,275,A_PRO_275,15.416899976509573
A,SER,211,A_SER_211,15.270163331013752
A,SER,241,A_SER_241,14.590875820636644
A,SER,274,A_SER_274,15.5776932456863
A,SER,276,A_SER_276,6.715770858893968
A,THR,198,A_THR_198,2.9723925743287927
A,THR,214,A_THR_214,16.520493819290067
A,THR,242,A_THR_242,11.474617178604756
A,TRP,240,A_TRP_240,15.434321528034264
A,TRP,260,A_TRP_260,23.842432298401732
A,TYR,243,A_TYR_243,18.39634357029425
A,TYR,259,A_TYR_259,14.567998956411028
