chain,resname,resnum,res_key,density
A,ALA,59,A_ALA_59,12.122873601932351
A,ASN,56,A_ASN_56,12.781420540495107
A,ASN,87,A_ASN_87,15.628918678501556
A,ASP,253,A_ASP_253,2.838923304563941
A,CYS,268,A_CYS_268,18.629648437666546
A,GLN,262,A_GLN_262,14.741875515729426
A,GLN,263,A_GLN_263,14.569843065673796
A,GLU,266,A_GLU_266,23.89539060873541
A,GLY,60,A_GLY_60,10.750710522052252
A,HIS,85,A_HIS_85,17.795799250156445
A,HIS,274,A_HIS_274,24.203961078950318
A,ILE,43,A_ILE_43,8.28709290388556
A,ILE,235,A_ILE_235,3.1235545799862896
A,ILE,271,A_ILE_271,18.41943646281599
A,LEU,54,A_LEU_54,19.283318832701053
A,LEU,58,A_LEU_58,17.684430606091578
A,LEU,93,A_LEU_93,7.177855293372436
A,LEU,95,A_LEU_95,7.257541832379965
A,LYS,51,A_LYS_51,3.380786240513973
A,LYS,57,A_LYS_57,20.445362849122564
A,LYS,61,A_LYS_61,11.029731858047652
A,LYS,232,A_LYS_232,7.45077924474808
A,MET,55,A_MET_55,22.0435664458706
A,PHE,234,A_PHE_234,21.76592280176432
A,PHE,236,A_PHE_236,12.808552706752316
A,PHE,260,A_PHE_260,12.39033379079234
A,PHE,267,A_PHE_267,25.839967113566413
A,PHE,272,A_PHE_272,24.927749308170235
A,PRO,84,A_PRO_84,3.314185640010763
A,PRO,86,A_PRO_86,15.10029868786106
A,SER,269,A_SER_269,16.016974243917094
A,SER,273,A_SER_273,15.291024374717693
A,SER,275,A_SER_275,15.781333794364333
A,THR,125,A_THR_125,6.91689864091391
A,THR,179,A_THR_179,7.516430693376072
A,THR,265,A_THR_265,17.327507113090217
A,TYR,53,A_TYR_53,19.405951924895202
A,TYR,270,A_TYR_270,28.009969613688995
A,VAL,39,A_VAL_39,1.7483692338366563
A,VAL,41,A_VAL_41,15.408652709369328
A,VAL,83,A_VAL_83,1.835864056143554
A,VAL,127,A_VAL_127,7.640173227534053
A,VAL,177,A_VAL_177,7.926898999623123
A,VAL,261,A_VAL_261,14.249332152760918
A,VAL,264,A_VAL_264,16.368174023203228
