chain,resname,resnum,res_key,density
A,ALA,400,A_ALA_400,12.713648346856479
A,ALA,407,A_ALA_407,12.938922846987001
A,ALA,455,A_ALA_455,12.066311286324096
A,ARG,396,A_ARG_396,3.5334862437846843
A,ARG,447,A_ARG_447,5.43980813465068
A,ARG,450,A_ARG_450,14.490253046717708
A,ASN,397,A_ASN_397,8.575319950364609
A,ASP,403,A_ASP_403,21.797712552634625
A,ASP,411,A_ASP_411,21.323699189154834
A,CYS,405,A_CYS_405,18.61629153535892
A,GLN,454,A_GLN_454,22.443888334681716
A,GLN,460,A_GLN_460,11.956131505623198
A,GLU,346,A_GLU_346,13.80330807197644
A,GLU,399,A_GLU_399,13.235923629825525
A,GLU,448,A_GLU_448,23.60619255051933
A,GLU,456,A_GLU_456,21.29578397937254
A,GLU,457,A_GLU_457,23.005469186534448
A,GLY,452,A_GLY_452,10.088000688975711
A,ILE,412,A_ILE_412,14.754714234704542
A,ILE,453,A_ILE_453,18.12539623799013
A,LEU,343,A_LEU_343,5.939755117706266
A,LEU,398,A_LEU_398,16.686486892043327
A,LEU,408,A_LEU_408,17.715096655389267
A,LEU,409,A_LEU_409,19.419162431044445
A,LEU,441,A_LEU_441,3.4419113621964903
A,LEU,459,A_LEU_459,18.63287909164823
A,LEU,463,A_LEU_463,4.714008034413283
A,LYS,410,A_LYS_410,21.53677839842921
A,LYS,442,A_LYS_442,5.117236675963483
A,LYS,444,A_LYS_444,5.906864859402067
A,LYS,451,A_LYS_451,20.995093995790675
A,LYS,461,A_LYS_461,20.55086595273272
A,MET,345,A_MET_345,8.362101180231353
A,PHE,413,A_PHE_413,16.94839890050485
A,PRO,344,A_PRO_344,16.411197014474673
A,PRO,449,A_PRO_449,15.931934578414989
A,SER,401,A_SER_401,15.86637377799225
A,SER,402,A_SER_402,16.46103010342689
A,SER,406,A_SER_406,15.81367770141199
A,TYR,404,A_TYR_404,29.418380129113203
A,TYR,445,A_TYR_445,29.155196552261984
A,TYR,446,A_TYR_446,26.32427361964231
A,TYR,462,A_TYR_462,28.8859056361157
A,VAL,458,A_VAL_458,16.33803371225532
