chain,resname,resnum,res_key,density
A,ARG,681,A_ARG_681,2.961760564593629
A,ARG,716,A_ARG_716,6.44319392739756
A,ASN,728,A_ASN_728,21.12006740018277
A,ASP,672,A_ASP_672,21.510951967916334
A,ASP,721,A_ASP_721,21.512757842004387
A,CYS,634,A_CYS_634,17.754475568898947
A,CYS,666,A_CYS_666,18.010081316375334
A,CYS,668,A_CYS_668,17.602992342336226
A,CYS,723,A_CYS_723,18.93987035316234
A,GLN,724,A_GLN_724,21.91614284101067
A,GLU,631,A_GLU_631,22.636016004625034
A,GLU,671,A_GLU_671,22.079609200247827
A,GLY,637,A_GLY_637,10.434404735583268
A,GLY,725,A_GLY_725,10.217032743648438
A,GLY,726,A_GLY_726,10.383243795794376
A,ILE,635,A_ILE_635,10.678056869681255
A,ILE,665,A_ILE_665,17.672255453946658
A,ILE,718,A_ILE_718,17.798113543289197
A,LEU,636,A_LEU_636,15.409448817163595
A,LEU,667,A_LEU_667,18.087330019210025
A,LEU,670,A_LEU_670,17.872113938274026
A,LEU,674,A_LEU_674,2.652384703843649
A,LYS,639,A_LYS_639,2.7105048142314034
A,LYS,717,A_LYS_717,20.474726129553712
A,LYS,722,A_LYS_722,14.522646499129891
A,PHE,673,A_PHE_673,25.50474278087787
A,PRO,729,A_PRO_729,15.526181974031172
A,SER,664,A_SER_664,5.56511998289361
A,SER,669,A_SER_669,15.007083820323288
A,SER,686,A_SER_686,8.264061179788754
A,TYR,630,A_TYR_630,12.621021704111204
A,TYR,638,A_TYR_638,17.259372537667588
A,TYR,715,A_TYR_715,10.181622650105938
A,VAL,727,A_VAL_727,16.724520884893856
A,VAL,730,A_VAL_730,4.9005826563029276
