chain,resname,resnum,res_key,density
A,ALA,255,A_ALA_255,12.718680217148478
A,ALA,259,A_ALA_259,2.839096312531674
A,ALA,273,A_ALA_273,12.42274777852507
A,ALA,279,A_ALA_279,12.54084603515644
A,ALA,283,A_ALA_283,12.107528060005539
A,ASN,237,A_ASN_237,20.255714581465124
A,ASN,274,A_ASN_274,20.831600204830433
A,ASP,280,A_ASP_280,21.870193458932874
A,ASP,826,A_ASP_826,3.3572235331533986
A,CYS,257,A_CYS_257,17.546652260307987
A,CYS,277,A_CYS_277,17.933921809080083
A,GLU,236,A_GLU_236,7.421095311922067
A,GLU,285,A_GLU_285,14.153689478363942
A,GLU,827,A_GLU_827,14.303150680387628
A,GLU,831,A_GLU_831,4.658872404187972
A,GLY,238,A_GLY_238,3.088560878587739
A,GLY,275,A_GLY_275,10.07784939126385
A,GLY,282,A_GLY_282,10.422960491902739
A,ILE,303,A_ILE_303,14.82918999789919
A,LEU,217,A_LEU_217,5.7277048579965735
A,LEU,233,A_LEU_233,7.554626585013125
A,LEU,258,A_LEU_258,17.804138363273438
A,LEU,281,A_LEU_281,18.77284338344957
A,LEU,284,A_LEU_284,18.221188499425615
A,LEU,286,A_LEU_286,2.7160800175616155
A,LEU,830,A_LEU_830,15.580372963602004
A,LYS,254,A_LYS_254,6.01764672922433
A,LYS,278,A_LYS_278,21.545877571215208
A,LYS,302,A_LYS_302,2.7876976715265545
A,PHE,269,A_PHE_269,5.520516809740087
A,PHE,306,A_PHE_306,7.216395347993853
A,SER,234,A_SER_234,3.3789077242068575
A,SER,276,A_SER_276,15.20140623745424
A,SER,305,A_SER_305,11.918373846285153
A,THR,235,A_THR_235,3.164460613426854
A,THR,270,A_THR_270,17.2269686791043
A,THR,271,A_THR_271,17.49270898122248
A,TYR,272,A_TYR_272,27.93586441929573
A,TYR,304,A_TYR_304,28.145442356018677
A,VAL,256,A_VAL_256,15.52704966761387
