chain,resname,resnum,res_key,density
A,ASN,743,A_ASN_743,20.85783109159498
A,ASP,698,A_ASP_698,20.57165411738022
A,ASP,735,A_ASP_735,21.60146740259785
A,CYS,702,A_CYS_702,16.932657685562095
A,CYS,740,A_CYS_740,17.697595726023582
A,GLN,691,A_GLN_691,18.702326013678295
A,GLU,690,A_GLU_690,10.395873834430052
A,GLU,693,A_GLU_693,23.29389813029747
A,GLU,700,A_GLU_700,14.885621699491699
A,GLU,707,A_GLU_707,6.934653715459341
A,GLY,678,A_GLY_678,10.222449583049789
A,GLY,696,A_GLY_696,10.869869067259572
A,GLY,705,A_GLY_705,11.150586179135995
A,HIS,697,A_HIS_697,5.932319320994395
A,HIS,709,A_HIS_709,3.2359547025205457
A,LEU,694,A_LEU_694,18.415511078179396
A,LEU,699,A_LEU_699,18.39715840286686
A,LEU,703,A_LEU_703,17.686226447083346
A,LEU,710,A_LEU_710,17.61667171254511
A,LEU,736,A_LEU_736,17.719180759842367
A,LEU,745,A_LEU_745,10.083610780420713
A,LYS,695,A_LYS_695,18.20632572832383
A,LYS,734,A_LYS_734,7.6786930694650435
A,LYS,737,A_LYS_737,20.697316604305215
A,LYS,738,A_LYS_738,20.707837212401444
A,LYS,739,A_LYS_739,21.02840621578966
A,PHE,677,A_PHE_677,20.789095314523323
A,PHE,701,A_PHE_701,18.769392727614573
A,PHE,744,A_PHE_744,26.079932630874502
A,PRO,692,A_PRO_692,10.419621031244386
A,SER,742,A_SER_742,15.477496362397567
A,SER,746,A_SER_746,8.978022615972055
A,THR,711,A_THR_711,2.8992672042629875
A,THR,741,A_THR_741,18.161819107576193
A,TYR,704,A_TYR_704,25.36275122614234
