chain,resname,resnum,res_key,density
A,ALA,572,A_ALA_572,12.483171854464683
A,ALA,583,A_ALA_583,12.575306374573433
A,ALA,648,A_ALA_648,12.539806677644304
A,ARG,591,A_ARG_591,26.93599519361964
A,ASP,585,A_ASP_585,21.07154399903683
A,CYS,569,A_CYS_569,6.0531938751828
A,CYS,577,A_CYS_577,17.80159287282992
A,CYS,582,A_CYS_582,18.015032455745867
A,CYS,649,A_CYS_649,17.96125801978845
A,GLN,514,A_GLN_514,8.555693425398896
A,GLN,589,A_GLN_589,22.971019527033572
A,GLU,571,A_GLU_571,12.378838020742245
A,GLU,584,A_GLU_584,11.79685039545542
A,GLY,347,A_GLY_347,5.441690703564265
A,GLY,523,A_GLY_523,10.267994343957978
A,GLY,527,A_GLY_527,10.655500045813584
A,GLY,645,A_GLY_645,10.395436216321363
A,HIS,580,A_HIS_580,23.772423678906264
A,HIS,587,A_HIS_587,17.542336481710585
A,ILE,321,A_ILE_321,12.66454243889152
A,ILE,355,A_ILE_355,16.220990312803746
A,ILE,524,A_ILE_524,10.165246566912653
A,ILE,574,A_ILE_574,18.37083605289705
A,ILE,644,A_ILE_644,5.8471887737253105
A,ILE,656,A_ILE_656,15.772667201875484
A,LEU,575,A_LEU_575,18.889810451617944
A,LEU,576,A_LEU_576,18.431653340979413
A,LEU,581,A_LEU_581,19.300411867123394
A,LEU,594,A_LEU_594,7.343770216858129
A,LYS,349,A_LYS_349,2.87149884512484
A,LYS,519,A_LYS_519,9.30588105429513
A,LYS,655,A_LYS_655,2.7682928741582304
A,MET,322,A_MET_322,2.8688051720533716
A,PHE,579,A_PHE_579,25.414654418774894
A,PHE,593,A_PHE_593,9.356460157638953
A,PHE,646,A_PHE_646,18.867389003175724
A,PHE,647,A_PHE_647,10.632804227602143
A,PHE,650,A_PHE_650,14.781685769685257
A,PHE,652,A_PHE_652,25.554190948763075
A,PRO,520,A_PRO_520,12.153665311780696
A,SER,570,A_SER_570,12.786372122116251
A,SER,592,A_SER_592,16.007867361812053
A,SER,596,A_SER_596,9.50529263329327
A,THR,325,A_THR_325,5.471292751228814
A,THR,518,A_THR_518,16.73644261299817
A,THR,573,A_THR_573,17.794545747486744
A,THR,595,A_THR_595,18.050570957905215
A,THR,654,A_THR_654,4.81458833650133
A,TRP,348,A_TRP_348,31.660219047805324
A,TRP,588,A_TRP_588,32.191591083190644
A,TRP,590,A_TRP_590,13.34638011324014
A,TRP,651,A_TRP_651,15.088603806278973
A,TYR,517,A_TYR_517,7.751984955323329
A,TYR,578,A_TYR_578,27.88046137433035
A,TYR,586,A_TYR_586,16.872701095524384
A,TYR,657,A_TYR_657,18.91617906832682
A,VAL,318,A_VAL_318,16.91203024304326
A,VAL,351,A_VAL_351,5.960717557930834
A,VAL,653,A_VAL_653,16.636771867187907
