chain,resname,resnum,res_key,density
A,ALA,232,A_ALA_232,6.3324519347918375
A,ALA,233,A_ALA_233,12.361201880842344
A,ARG,172,A_ARG_172,26.95544166209746
A,ARG,286,A_ARG_286,3.2974570116109274
A,ASN,175,A_ASN_175,20.881260416035094
A,ASP,166,A_ASP_166,21.188381171489482
A,ASP,288,A_ASP_288,11.94875683128384
A,CYS,164,A_CYS_164,17.00621905762203
A,CYS,174,A_CYS_174,17.420745199778104
A,GLN,151,A_GLN_151,8.825032917068501
A,GLN,171,A_GLN_171,20.935001242335474
A,GLN,550,A_GLN_550,19.03109528046927
A,GLU,236,A_GLU_236,15.028743686253764
A,GLU,292,A_GLU_292,22.21858630647735
A,GLY,170,A_GLY_170,5.704387986065592
A,GLY,177,A_GLY_177,10.139268539841146
A,HIS,152,A_HIS_152,3.3761345859898393
A,HIS,153,A_HIS_153,4.2046175490990505
A,HIS,296,A_HIS_296,4.802237824140127
A,HIS,549,A_HIS_549,5.837467657329697
A,ILE,290,A_ILE_290,18.686363226799035
A,LEU,235,A_LEU_235,16.011065203005185
A,LEU,291,A_LEU_291,18.059515990307542
A,LYS,234,A_LYS_234,20.307250933250423
A,MET,294,A_MET_294,20.95901138767666
A,MET,551,A_MET_551,19.609563649542064
A,PHE,173,A_PHE_173,25.339765284833465
A,PHE,178,A_PHE_178,14.105720252665728
A,PRO,160,A_PRO_160,16.37099196350305
A,PRO,176,A_PRO_176,16.177343437648407
A,PRO,179,A_PRO_179,4.752122308020203
A,PRO,237,A_PRO_237,3.8965689053650547
A,PRO,295,A_PRO_295,10.609673488271735
A,SER,293,A_SER_293,16.28207976382156
A,SER,548,A_SER_548,2.9226837922573727
A,THR,162,A_THR_162,18.456113275400124
A,TRP,163,A_TRP_163,31.11164222349909
A,TRP,287,A_TRP_287,12.3693647940935
A,TYR,165,A_TYR_165,28.37817440646074
A,TYR,217,A_TYR_217,4.19620190290016
A,TYR,289,A_TYR_289,29.120579822630454
A,VAL,161,A_VAL_161,14.203421917129337
A,VAL,167,A_VAL_167,12.677748959583841
