chain,resname,resnum,res_key,density
A,ALA,58,A_ALA_58,11.837010959527749
A,ALA,228,A_ALA_228,12.757838541230802
A,ARG,229,A_ARG_229,18.678952061257924
A,ASN,45,A_ASN_45,20.92536009686434
A,ASN,115,A_ASN_115,21.176675432469015
A,ASP,48,A_ASP_48,21.91020250608492
A,ASP,54,A_ASP_54,12.77965151255702
A,CYS,47,A_CYS_47,17.695804672516687
A,CYS,56,A_CYS_56,17.923772112859332
A,GLU,49,A_GLU_49,23.442183581132042
A,GLU,50,A_GLU_50,23.74224423410032
A,GLU,55,A_GLU_55,19.41430827667503
A,GLU,59,A_GLU_59,22.800575481461678
A,GLY,224,A_GLY_224,5.83195015160223
A,GLY,227,A_GLY_227,10.076151869397945
A,HIS,219,A_HIS_219,10.312886369294734
A,ILE,60,A_ILE_60,15.384058770915399
A,LEU,230,A_LEU_230,12.86956084586903
A,LYS,51,A_LYS_51,19.720914150137112
A,LYS,52,A_LYS_52,21.07714805390046
A,LYS,57,A_LYS_57,20.52009866828179
A,LYS,116,A_LYS_116,6.463299931545451
A,MET,226,A_MET_226,14.251922697232835
A,PHE,46,A_PHE_46,25.618196271219265
A,PHE,112,A_PHE_112,5.325394994417778
A,PHE,114,A_PHE_114,26.126629897269137
A,PHE,275,A_PHE_275,14.444849818297557
A,PRO,43,A_PRO_43,3.342619273986279
A,SER,53,A_SER_53,15.3760445339784
A,SER,225,A_SER_225,15.392984526768075
A,THR,113,A_THR_113,17.07589797019956
A,TYR,218,A_TYR_218,22.526299105892086
A,VAL,44,A_VAL_44,15.514870256580632
A,VAL,220,A_VAL_220,12.565484143861356
A,VAL,221,A_VAL_221,14.584221082063037
