chain,resname,resnum,res_key,density
A,ALA,232,A_ALA_232,12.983149224496861
A,ASN,279,A_ASN_279,20.22684614595427
A,ASP,222,A_ASP_222,18.212517106555946
A,ASP,282,A_ASP_282,21.63277783017805
A,CYS,230,A_CYS_230,17.972512629108103
A,GLN,177,A_GLN_177,5.462655194732342
A,GLU,224,A_GLU_224,22.871800690627193
A,GLY,233,A_GLY_233,9.944216142581677
A,GLY,276,A_GLY_276,10.508422374551795
A,HIS,175,A_HIS_175,11.996770509766437
A,ILE,221,A_ILE_221,3.2459051537754844
A,ILE,283,A_ILE_283,17.992900061691003
A,LEU,176,A_LEU_176,18.539225237620375
A,LEU,280,A_LEU_280,18.483419593157485
A,LEU,281,A_LEU_281,16.417235183164834
A,LEU,286,A_LEU_286,12.738756016109916
A,LYS,226,A_LYS_226,20.074496428866063
A,LYS,227,A_LYS_227,17.686611183119382
A,LYS,231,A_LYS_231,19.7813498988224
A,MET,277,A_MET_277,15.009903513368975
A,PHE,179,A_PHE_179,25.478733064550962
A,PHE,181,A_PHE_181,7.236997590402547
A,PHE,229,A_PHE_229,24.98871402943355
A,PRO,284,A_PRO_284,15.68152972429959
A,THR,178,A_THR_178,17.631876917613255
A,THR,180,A_THR_180,18.137203094146802
A,THR,182,A_THR_182,12.085567898367138
A,THR,275,A_THR_275,15.844271513358779
A,THR,278,A_THR_278,17.702758765420462
A,TRP,274,A_TRP_274,4.180033892399515
A,TYR,228,A_TYR_228,28.05364064844452
A,VAL,169,A_VAL_169,1.922597692861659
A,VAL,223,A_VAL_223,16.388225226343017
A,VAL,225,A_VAL_225,15.441339321688192
