chain,resname,resnum,res_key,density
A,ALA,206,A_ALA_206,13.118009270896843
A,ARG,213,A_ARG_213,26.301289873860753
A,ARG,276,A_ARG_276,20.054984133141055
A,ASN,204,A_ASN_204,18.05466365437666
A,ASN,226,A_ASN_226,16.057556538423917
A,ASN,298,A_ASN_298,21.24241563828349
A,ASP,203,A_ASP_203,6.381350509341637
A,ASP,209,A_ASP_209,22.194826598380054
A,ASP,224,A_ASP_224,21.012921130875718
A,CYS,211,A_CYS_211,17.689101658232488
A,GLN,279,A_GLN_279,2.6844698682717216
A,GLU,205,A_GLU_205,14.90218185551089
A,GLY,223,A_GLY_223,10.855818232130787
A,HIS,227,A_HIS_227,24.41922778831126
A,ILE,210,A_ILE_210,18.375999223025946
A,LEU,207,A_LEU_207,18.61892496574913
A,LEU,215,A_LEU_215,17.634306079082574
A,LEU,217,A_LEU_217,17.712147774669173
A,LEU,225,A_LEU_225,18.588331793422277
A,LEU,228,A_LEU_228,18.65973474683559
A,LEU,273,A_LEU_273,17.590047544726332
A,LYS,216,A_LYS_216,21.460285059971515
A,LYS,297,A_LYS_297,14.117175478586878
A,MET,299,A_MET_299,8.992878270694476
A,MET,300,A_MET_300,20.840820631085233
A,PHE,212,A_PHE_212,25.38068167850307
A,PHE,270,A_PHE_270,7.218139037702711
A,PRO,220,A_PRO_220,16.404807925231133
A,PRO,272,A_PRO_272,5.71360506773493
A,SER,275,A_SER_275,16.875375060710226
A,THR,214,A_THR_214,17.656140443410948
A,THR,218,A_THR_218,16.87063559840051
A,THR,219,A_THR_219,17.684492775514126
A,THR,221,A_THR_221,17.092327912477664
A,THR,274,A_THR_274,12.111030566332282
A,TYR,208,A_TYR_208,29.354123552545747
A,TYR,222,A_TYR_222,19.756694653565837
A,VAL,175,A_VAL_175,5.900452942617491
A,VAL,229,A_VAL_229,9.228741791597393
