chain,resname,resnum,res_key,density
A,ALA,27,A_ALA_27,3.1757586326389013
A,ALA,62,A_ALA_62,12.669055968501997
A,ALA,63,A_ALA_63,12.164815012712479
A,ALA,73,A_ALA_73,6.155858414340399
A,ALA,125,A_ALA_125,12.940980940911158
A,ARG,71,A_ARG_71,14.755680716439988
A,ASN,68,A_ASN_68,21.94766486165231
A,ASN,121,A_ASN_121,20.892049831976045
A,ASP,32,A_ASP_32,18.876607062661158
A,ASP,149,A_ASP_149,2.9406833343707013
A,CYS,65,A_CYS_65,19.21713513856109
A,GLN,31,A_GLN_31,22.56877176058476
A,GLN,67,A_GLN_67,22.851556320500944
A,GLN,72,A_GLN_72,21.693785197398682
A,GLU,120,A_GLU_120,23.239325498783987
A,GLY,34,A_GLY_34,2.7501845792342126
A,GLY,58,A_GLY_58,3.327052774836776
A,GLY,64,A_GLY_64,10.479814617599626
A,GLY,66,A_GLY_66,10.355195291840396
A,HIS,59,A_HIS_59,23.571433096900396
A,HIS,127,A_HIS_127,2.834919071576107
A,LEU,33,A_LEU_33,8.196632832934947
A,LEU,61,A_LEU_61,18.15248578475902
A,LEU,128,A_LEU_128,3.878035765159879
A,LYS,124,A_LYS_124,21.80154054021291
A,MET,119,A_MET_119,19.116670162088067
A,MET,122,A_MET_122,11.08114923199717
A,PRO,29,A_PRO_29,16.717479673044455
A,PRO,69,A_PRO_69,16.291969589510835
A,PRO,126,A_PRO_126,17.209340978387978
A,SER,87,A_SER_87,9.974899474999699
A,SER,123,A_SER_123,6.051100018266971
A,SER,145,A_SER_145,5.622468575159165
A,VAL,28,A_VAL_28,7.545199067961125
A,VAL,30,A_VAL_30,16.041427722316325
A,VAL,60,A_VAL_60,12.677533385711227
A,VAL,70,A_VAL_70,16.387590852276308
