chain,resname,resnum,res_key,density
A,ALA,221,A_ALA_221,12.033925473086859
A,ALA,228,A_ALA_228,12.57178819880609
A,ARG,145,A_ARG_145,13.950516871206931
A,ARG,175,A_ARG_175,14.52849922092689
A,ARG,229,A_ARG_229,25.862751071038655
A,ASN,176,A_ASN_176,5.188969635824506
A,ASN,198,A_ASN_198,8.513464977240142
A,ASN,223,A_ASN_223,2.6696796669469323
A,ASP,177,A_ASP_177,18.423999205465883
A,CYS,144,A_CYS_144,18.015578648774603
A,CYS,160,A_CYS_160,16.842858829749748
A,CYS,219,A_CYS_219,17.493771254723054
A,CYS,230,A_CYS_230,17.646968560424575
A,GLN,161,A_GLN_161,17.151637911264842
A,GLN,216,A_GLN_216,9.906090474936116
A,GLN,233,A_GLN_233,22.397346334219737
A,GLU,162,A_GLU_162,23.198827250654293
A,GLU,200,A_GLU_200,8.75333388386845
A,GLU,231,A_GLU_231,16.684331090074668
A,GLU,232,A_GLU_232,24.16484680214151
A,GLY,202,A_GLY_202,10.380003369270128
A,GLY,226,A_GLY_226,3.3344871837880543
A,HIS,159,A_HIS_159,16.794345748119294
A,HIS,170,A_HIS_170,12.563715354552622
A,ILE,220,A_ILE_220,18.520272241394032
A,LEU,158,A_LEU_158,18.222231134911805
A,LEU,180,A_LEU_180,18.597281852273856
A,LEU,197,A_LEU_197,12.244068700691633
A,LEU,204,A_LEU_204,18.94939427209957
A,PRO,139,A_PRO_139,13.12728778401995
A,PRO,142,A_PRO_142,16.015173616423652
A,PRO,169,A_PRO_169,13.785039659016302
A,PRO,179,A_PRO_179,15.604627289611408
A,SER,172,A_SER_172,15.508609989126137
A,SER,199,A_SER_199,11.516993643934565
A,SER,222,A_SER_222,16.36401081211474
A,SER,227,A_SER_227,16.25701635526425
A,THR,141,A_THR_141,17.676521301513468
A,THR,201,A_THR_201,10.089608083478367
A,THR,203,A_THR_203,15.160585782261684
A,TRP,173,A_TRP_173,32.01889419924155
A,TYR,171,A_TYR_171,27.916302518977986
A,TYR,174,A_TYR_174,28.653211194750714
A,TYR,217,A_TYR_217,26.32087428407839
A,TYR,218,A_TYR_218,28.608106854218732
A,VAL,140,A_VAL_140,10.331697257650406
A,VAL,143,A_VAL_143,16.293006181316805
A,VAL,146,A_VAL_146,12.898138900173272
A,VAL,178,A_VAL_178,10.479674405252045
