chain,resname,resnum,res_key,density
A,ALA,221,A_ALA_221,12.033925473086859
A,ALA,228,A_ALA_228,12.57178819880609
A,ARG,145,A_ARG_145,26.42474148625378
A,ARG,168,A_ARG_168,9.053990062379428
A,ARG,229,A_ARG_229,14.069945695660982
A,ASN,198,A_ASN_198,21.22161580592533
A,CYS,144,A_CYS_144,18.015578648774603
A,CYS,160,A_CYS_160,16.842858829749748
A,CYS,219,A_CYS_219,17.493771254723054
A,CYS,230,A_CYS_230,17.646968560424575
A,GLN,161,A_GLN_161,22.31204456978824
A,GLN,233,A_GLN_233,14.684458868250953
A,GLU,162,A_GLU_162,23.198827250654293
A,GLU,164,A_GLU_164,2.713616263465832
A,GLU,200,A_GLU_200,14.48306012632298
A,GLU,231,A_GLU_231,10.043615075072278
A,GLU,232,A_GLU_232,2.7498627629393373
A,GLY,202,A_GLY_202,10.380003369270128
A,HIS,159,A_HIS_159,23.91426915271845
A,HIS,170,A_HIS_170,16.97528005555001
A,HIS,196,A_HIS_196,3.181737472164122
A,ILE,220,A_ILE_220,18.520272241394032
A,LEU,158,A_LEU_158,18.222231134911805
A,LEU,180,A_LEU_180,1.7992661477623875
A,LEU,197,A_LEU_197,18.02868818487233
A,LEU,204,A_LEU_204,18.94939427209957
A,PRO,139,A_PRO_139,7.677533980123424
A,PRO,142,A_PRO_142,16.015173616423652
A,PRO,147,A_PRO_147,4.310380446905409
A,PRO,169,A_PRO_169,16.539420931001143
A,SER,163,A_SER_163,12.48779387087789
A,SER,172,A_SER_172,15.508609989126137
A,SER,199,A_SER_199,14.488631075763237
A,SER,222,A_SER_222,16.36401081211474
A,THR,141,A_THR_141,17.676521301513468
A,THR,157,A_THR_157,17.98605267644824
A,THR,201,A_THR_201,17.148125444211857
A,THR,203,A_THR_203,17.03833001984061
A,TRP,173,A_TRP_173,32.01889419924155
A,TYR,171,A_TYR_171,27.916302518977986
A,TYR,174,A_TYR_174,16.932814803475296
A,TYR,217,A_TYR_217,16.559732512375803
A,TYR,218,A_TYR_218,21.204111043489785
A,VAL,140,A_VAL_140,12.356076271206707
A,VAL,143,A_VAL_143,16.293006181316805
A,VAL,146,A_VAL_146,16.259815921831986
A,VAL,205,A_VAL_205,6.984730175984555
