chain,resname,resnum,res_key,density
A,ASN,34,A_ASN_34,10.278488648555724
A,ASP,30,A_ASP_30,12.198316351797109
A,CYS,31,A_CYS_31,18.07249569835858
A,CYS,53,A_CYS_53,17.0737232273478
A,CYS,56,A_CYS_56,18.1408459443834
A,GLY,32,A_GLY_32,10.27291829921018
A,HIS,33,A_HIS_33,23.143565551407168
A,ILE,18,A_ILE_18,3.840100363985538
A,ILE,29,A_ILE_29,18.590974991539955
A,ILE,40,A_ILE_40,3.7737296616189107
A,ILE,43,A_ILE_43,3.91592479955329
A,LEU,55,A_LEU_55,17.541006683682152
A,LYS,52,A_LYS_52,20.54039630545318
A,LYS,57,A_LYS_57,20.562779303561943
A,PHE,35,A_PHE_35,12.745121078306664
A,PHE,51,A_PHE_51,24.53071332272976
A,PRO,17,A_PRO_17,5.439412411847723
A,PRO,54,A_PRO_54,15.40974544521557
A,SER,59,A_SER_59,15.465335596664545
A,THR,58,A_THR_58,17.320547873464584
A,VAL,60,A_VAL_60,16.124211620719592
