chain,resname,resnum,res_key,density
A,ALA,433,A_ALA_433,12.517250037316437
A,ARG,427,A_ARG_427,19.334797043931037
A,CYS,429,A_CYS_429,17.824917565919094
A,CYS,430,A_CYS_430,18.36071297391598
A,CYS,431,A_CYS_431,18.422129243734453
A,GLY,438,A_GLY_438,4.97324196516181
A,ILE,435,A_ILE_435,18.697145935133722
A,LEU,437,A_LEU_437,14.818426847717767
A,LEU,504,A_LEU_504,5.8319278872754525
A,LEU,512,A_LEU_512,10.632692924823841
A,LEU,516,A_LEU_516,1.6839329570256947
A,MET,426,A_MET_426,14.421785834146995
A,MET,508,A_MET_508,5.879420234452841
A,PHE,428,A_PHE_428,25.63850240192742
A,PHE,505,A_PHE_505,12.609549233974006
A,PHE,513,A_PHE_513,13.480264560489125
A,PRO,423,A_PRO_423,5.712106766935857
A,SER,424,A_SER_424,12.751275660794299
A,TYR,436,A_TYR_436,20.24577848879701
A,TYR,439,A_TYR_439,4.263899545128465
A,VAL,425,A_VAL_425,15.157544661032702
A,VAL,432,A_VAL_432,16.55298330442688
A,VAL,434,A_VAL_434,16.570241260522252
A,VAL,509,A_VAL_509,17.563013402569666
