chain,resname,resnum,res_key,density
A,ARG,455,A_ARG_455,7.900685944195943
A,CYS,440,A_CYS_440,18.356858057927138
A,CYS,442,A_CYS_442,18.39800525863441
A,GLN,495,A_GLN_495,2.825610637135409
A,GLY,438,A_GLY_438,10.862098754417403
A,GLY,443,A_GLY_443,10.832805905823774
A,GLY,448,A_GLY_448,10.130134393614421
A,HIS,451,A_HIS_451,1.9116641343923029
A,ILE,435,A_ILE_435,14.850602672249106
A,ILE,445,A_ILE_445,18.33393868632005
A,LEU,437,A_LEU_437,16.57604484912735
A,LEU,447,A_LEU_447,18.298267312665306
A,LEU,457,A_LEU_457,18.3567527590615
A,LEU,464,A_LEU_464,12.217454550699946
A,LEU,496,A_LEU_496,12.681348941233079
A,LEU,498,A_LEU_498,15.515372114384549
A,LYS,453,A_LYS_453,6.083221523385092
A,MET,480,A_MET_480,6.998059122853463
A,PHE,441,A_PHE_441,25.16849416611819
A,PHE,454,A_PHE_454,24.16740836472227
A,PHE,493,A_PHE_493,25.525644574948508
A,PHE,501,A_PHE_501,19.146841569010203
A,PHE,505,A_PHE_505,4.276074893542998
A,PRO,449,A_PRO_449,6.415026497372956
A,SER,456,A_SER_456,5.768973934229054
A,SER,461,A_SER_461,4.930278841952954
A,SER,494,A_SER_494,15.82497240826997
A,SER,500,A_SER_500,7.970403153194511
A,TRP,444,A_TRP_444,32.255965402923806
A,TYR,436,A_TYR_436,25.116538462634832
A,TYR,439,A_TYR_439,27.750126771322755
A,TYR,450,A_TYR_450,3.9345020855445823
A,TYR,497,A_TYR_497,26.540100695307434
A,VAL,434,A_VAL_434,6.064301174219269
A,VAL,446,A_VAL_446,15.925607465453188
A,VAL,460,A_VAL_460,16.999200768188818
A,VAL,490,A_VAL_490,13.366086014796252
