chain,resname,resnum,res_key,density
A,ALA,421,A_ALA_421,7.626758853619946
A,ALA,433,A_ALA_433,12.517250037316437
A,ARG,427,A_ARG_427,24.839156059782404
A,CYS,429,A_CYS_429,17.824917565919094
A,CYS,430,A_CYS_430,18.36071297391598
A,CYS,431,A_CYS_431,18.422129243734453
A,ILE,435,A_ILE_435,18.697145935133722
A,ILE,468,A_ILE_468,5.886456817162792
A,ILE,514,A_ILE_514,2.544029301412699
A,ILE,517,A_ILE_517,4.373010864128359
A,LEU,422,A_LEU_422,18.932322907447997
A,LEU,437,A_LEU_437,12.444813863158702
A,LEU,510,A_LEU_510,16.364502183334423
A,LEU,512,A_LEU_512,16.914555230748725
A,LEU,516,A_LEU_516,9.833397614698365
A,MET,426,A_MET_426,21.47653351674199
A,MET,508,A_MET_508,5.879420234452841
A,PHE,428,A_PHE_428,25.63850240192742
A,PHE,465,A_PHE_465,6.480835431837733
A,PHE,505,A_PHE_505,17.632218257063368
A,PHE,513,A_PHE_513,25.97715517226044
A,PRO,423,A_PRO_423,14.615877729317463
A,SER,424,A_SER_424,16.288342460779862
A,TYR,436,A_TYR_436,28.375002132313146
A,VAL,425,A_VAL_425,17.269449131333538
A,VAL,432,A_VAL_432,16.55298330442688
A,VAL,434,A_VAL_434,16.570241260522252
A,VAL,509,A_VAL_509,17.563013402569666
