chain,resname,resnum,res_key,density
A,ALA,479,A_ALA_479,1.9189725448939585
A,ARG,455,A_ARG_455,10.554147368442774
A,ASN,469,A_ASN_469,21.02013682804163
A,ASP,471,A_ASP_471,21.221044341613446
A,ASP,472,A_ASP_472,21.366131546358776
A,CYS,440,A_CYS_440,18.356858057927138
A,CYS,442,A_CYS_442,3.069997445088495
A,CYS,463,A_CYS_463,18.111292391502175
A,GLU,462,A_GLU_462,24.06339483821007
A,GLY,443,A_GLY_443,10.832805905823774
A,GLY,448,A_GLY_448,4.447137098504314
A,GLY,470,A_GLY_470,10.253313053448252
A,HIS,451,A_HIS_451,23.899383863618876
A,ILE,468,A_ILE_468,19.012377259453466
A,ILE,502,A_ILE_502,12.357020509586878
A,ILE,506,A_ILE_506,3.7989556010804515
A,LEU,447,A_LEU_447,15.718224477867679
A,LEU,457,A_LEU_457,16.491135146315372
A,LEU,464,A_LEU_464,18.128176048651767
A,LEU,467,A_LEU_467,18.433375635558455
A,LEU,498,A_LEU_498,19.19382931709707
A,LYS,453,A_LYS_453,20.731087960877336
A,MET,459,A_MET_459,22.350984931288192
A,MET,473,A_MET_473,20.5759469595466
A,MET,480,A_MET_480,6.966813368559025
A,PHE,441,A_PHE_441,2.8380250579082906
A,PHE,454,A_PHE_454,24.16740836472227
A,PHE,465,A_PHE_465,25.35547143957426
A,PHE,474,A_PHE_474,11.236342282024573
A,PHE,477,A_PHE_477,13.746694103979834
A,PHE,501,A_PHE_501,22.378803258144007
A,PHE,505,A_PHE_505,14.565565989988663
A,SER,456,A_SER_456,16.123841579599706
A,SER,458,A_SER_458,15.514223643472214
A,SER,461,A_SER_461,16.519830542376916
A,SER,466,A_SER_466,16.132855587310047
A,THR,476,A_THR_476,17.629713798489256
A,TRP,444,A_TRP_444,16.998431437701328
A,TYR,436,A_TYR_436,25.585097751073896
A,TYR,439,A_TYR_439,13.77123249450903
A,TYR,497,A_TYR_497,20.504747072300336
A,VAL,452,A_VAL_452,14.282348799860928
A,VAL,460,A_VAL_460,16.999200768188818
A,VAL,475,A_VAL_475,16.508234493202135
