chain,resname,resnum,res_key,density
A,ARG,61,A_ARG_61,26.408762757960414
A,ARG,322,A_ARG_322,2.456655222372652
A,CYS,53,A_CYS_53,10.736295019310852
A,CYS,64,A_CYS_64,17.916198753216396
A,CYS,316,A_CYS_316,10.969149344848848
A,GLN,69,A_GLN_69,22.726608742110233
A,GLY,60,A_GLY_60,7.792260493831119
A,LEU,66,A_LEU_66,18.294385266507298
A,LEU,68,A_LEU_68,19.063522472614906
A,LEU,311,A_LEU_311,15.340451004575392
A,LEU,314,A_LEU_314,3.0120192224552538
A,LEU,315,A_LEU_315,18.96024059860735
A,LYS,55,A_LYS_55,13.491659120010198
A,LYS,62,A_LYS_62,20.530535455797654
A,LYS,65,A_LYS_65,21.53302416419077
A,LYS,72,A_LYS_72,4.872738300693005
A,MET,67,A_MET_67,21.947429932829877
A,PHE,56,A_PHE_56,21.430382675105268
A,PRO,52,A_PRO_52,16.057303801731862
A,PRO,63,A_PRO_63,16.373205551102057
A,SER,312,A_SER_312,15.335303180886251
A,SER,319,A_SER_319,2.893386161274142
A,THR,308,A_THR_308,3.466717086099249
A,TYR,47,A_TYR_47,3.047042185384205
A,TYR,355,A_TYR_355,7.265458438277708
A,TYR,404,A_TYR_404,11.92194456376582
A,VAL,70,A_VAL_70,16.918529789324452
A,VAL,71,A_VAL_71,13.71233141759963
