chain,resname,resnum,res_key,density
A,ALA,317,A_ALA_317,12.699111305036524
A,ARG,61,A_ARG_61,2.4931425935646185
A,ARG,318,A_ARG_318,25.737010723632633
A,ARG,322,A_ARG_322,26.563318126713977
A,ARG,403,A_ARG_403,14.029275125114633
A,ASN,352,A_ASN_352,20.93636279663314
A,ASP,362,A_ASP_362,21.35450790894556
A,CYS,64,A_CYS_64,5.839221062052924
A,CYS,309,A_CYS_309,18.260886284988423
A,CYS,316,A_CYS_316,18.31317668842871
A,GLN,69,A_GLN_69,22.726608742110233
A,GLY,323,A_GLY_323,7.3636813392920875
A,GLY,353,A_GLY_353,10.216229802363841
A,ILE,356,A_ILE_356,17.654691154715177
A,ILE,366,A_ILE_366,1.865278982594922
A,LEU,66,A_LEU_66,10.452149591076129
A,LEU,68,A_LEU_68,19.063522472614906
A,LEU,307,A_LEU_307,3.49528899071278
A,LEU,311,A_LEU_311,18.04410838173518
A,LEU,314,A_LEU_314,19.155007385121277
A,LEU,315,A_LEU_315,18.96024059860735
A,LEU,320,A_LEU_320,19.23356139401319
A,LEU,321,A_LEU_321,17.994227508789717
A,LEU,357,A_LEU_357,17.108167299084954
A,LEU,358,A_LEU_358,18.690350545204836
A,LYS,55,A_LYS_55,2.477188716764205
A,LYS,65,A_LYS_65,21.53302416419077
A,LYS,72,A_LYS_72,10.550704386701199
A,PHE,48,A_PHE_48,5.7757231574530845
A,PHE,313,A_PHE_313,26.152478447013213
A,PHE,324,A_PHE_324,4.5030815180094415
A,PHE,350,A_PHE_350,3.166334042460939
A,SER,310,A_SER_310,12.776263736974839
A,SER,312,A_SER_312,15.335303180886251
A,SER,319,A_SER_319,16.197083222247365
A,SER,361,A_SER_361,15.524210304945584
A,THR,308,A_THR_308,6.226078275609227
A,THR,360,A_THR_360,15.305750375786193
A,TRP,354,A_TRP_354,16.388389988865423
A,TYR,355,A_TYR_355,28.203141677877923
A,TYR,404,A_TYR_404,9.594365109003345
A,VAL,351,A_VAL_351,10.24854422571151
A,VAL,359,A_VAL_359,16.605962881819615
A,VAL,363,A_VAL_363,8.949605095924014
