chain,resname,resnum,res_key,density
A,ALA,38,A_ALA_38,12.735378257799528
A,ALA,70,A_ALA_70,12.127392077116166
A,ARG,79,A_ARG_79,10.832326888949101
A,ARG,99,A_ARG_99,12.514681388833583
A,ASN,244,A_ASN_244,20.26036183921513
A,ASP,44,A_ASP_44,10.30569565110316
A,CYS,39,A_CYS_39,18.684049262726244
A,CYS,220,A_CYS_220,17.626504408779255
A,GLN,68,A_GLN_68,6.105147398157191
A,GLN,77,A_GLN_77,20.222518119280828
A,GLU,222,A_GLU_222,24.367419742157583
A,GLY,35,A_GLY_35,7.972245251365706
A,GLY,36,A_GLY_36,10.819017922939125
A,GLY,41,A_GLY_41,10.818029352343373
A,GLY,42,A_GLY_42,9.73253499794968
A,GLY,243,A_GLY_243,7.7700582261734015
A,GLY,245,A_GLY_245,7.709448033524016
A,HIS,71,A_HIS_71,16.969123448653296
A,HIS,213,A_HIS_213,17.955600215929724
A,ILE,74,A_ILE_74,18.035314286235764
A,ILE,146,A_ILE_146,2.1094318149378437
A,ILE,212,A_ILE_212,8.055552149257016
A,ILE,215,A_ILE_215,14.325170994644841
A,ILE,221,A_ILE_221,18.18792288970839
A,ILE,223,A_ILE_223,14.066397288066016
A,ILE,306,A_ILE_306,5.69450376836543
A,LEU,45,A_LEU_45,13.20115527667509
A,LEU,69,A_LEU_69,18.773134374925046
A,LEU,78,A_LEU_78,17.7934010811761
A,LEU,216,A_LEU_216,19.222005906428205
A,LEU,224,A_LEU_224,12.631460897079764
A,LYS,72,A_LYS_72,19.337345596459684
A,LYS,217,A_LYS_217,14.69022209502894
A,LYS,218,A_LYS_218,11.952303590702511
A,MET,80,A_MET_80,8.847242511855898
A,PHE,43,A_PHE_43,24.64219807694267
A,PHE,47,A_PHE_47,4.469606232136254
A,PHE,73,A_PHE_73,25.85092547163943
A,PRO,37,A_PRO_37,16.428210173265274
A,PRO,76,A_PRO_76,16.249788907670503
A,SER,75,A_SER_75,15.320187057200226
A,SER,214,A_SER_214,6.179458744098785
A,SER,219,A_SER_219,16.27439377324199
A,SER,307,A_SER_307,5.352155009324193
A,TYR,40,A_TYR_40,28.236851125914054
A,VAL,144,A_VAL_144,5.911586355242752
