chain,resname,resnum,res_key,density
A,ARG,245,A_ARG_245,6.458906000114407
A,ARG,253,A_ARG_253,26.931141034528864
A,ARG,270,A_ARG_270,25.98936625139811
A,ARG,276,A_ARG_276,2.5825247952268886
A,ASN,273,A_ASN_273,20.55226634487707
A,CYS,272,A_CYS_272,17.992614102391713
A,CYS,317,A_CYS_317,11.45904903144969
A,GLN,319,A_GLN_319,22.58439794984693
A,GLN,322,A_GLN_322,22.902143442405425
A,GLN,324,A_GLN_324,22.970713418712048
A,GLU,251,A_GLU_251,10.02054023315494
A,GLU,323,A_GLU_323,22.531773190984268
A,GLY,254,A_GLY_254,10.816566276071303
A,GLY,321,A_GLY_321,10.665630404443133
A,HIS,326,A_HIS_326,13.554797717594418
A,ILE,252,A_ILE_252,18.195114916697538
A,LEU,255,A_LEU_255,17.951431417129733
A,LEU,318,A_LEU_318,16.976048843478097
A,LEU,329,A_LEU_329,16.5952421612925
A,LEU,331,A_LEU_331,1.873336087276289
A,LYS,250,A_LYS_250,10.166484618201984
A,LYS,256,A_LYS_256,13.890276225000848
A,LYS,325,A_LYS_325,16.513369839796944
A,LYS,344,A_LYS_344,4.498769124687509
A,PHE,248,A_PHE_248,12.874684261359096
A,THR,249,A_THR_249,17.646268192370894
A,THR,275,A_THR_275,17.7031018732119
A,THR,327,A_THR_327,17.750747307881046
A,TYR,269,A_TYR_269,19.753375210511763
A,TYR,328,A_TYR_328,29.13759090372631
A,VAL,257,A_VAL_257,13.76222917923962
A,VAL,271,A_VAL_271,15.9699574458289
A,VAL,274,A_VAL_274,15.860613856543221
A,VAL,320,A_VAL_320,15.46446409926482
