chain,resname,resnum,res_key,density
A,ALA,444,A_ALA_444,12.73823375027402
A,ALA,446,A_ALA_446,12.178462231365021
A,ALA,449,A_ALA_449,5.566404118979298
A,ALA,487,A_ALA_487,12.153158117567585
A,ARG,455,A_ARG_455,10.58090675317669
A,ASP,457,A_ASP_457,10.28742958132401
A,CYS,447,A_CYS_447,17.158868847082072
A,CYS,454,A_CYS_454,13.240746297029323
A,CYS,482,A_CYS_482,18.22386039194289
A,CYS,484,A_CYS_484,17.43454666261695
A,GLN,451,A_GLN_451,13.928228436663582
A,GLN,480,A_GLN_480,22.575158005962354
A,GLU,456,A_GLU_456,23.66408576685341
A,GLY,479,A_GLY_479,6.088596137996335
A,HIS,499,A_HIS_499,8.519287507064792
A,ILE,510,A_ILE_510,18.26109669939764
A,ILE,513,A_ILE_513,18.34993028166904
A,LEU,458,A_LEU_458,10.573634305884479
A,LEU,459,A_LEU_459,18.7139097703665
A,LEU,500,A_LEU_500,13.219208511069189
A,LEU,507,A_LEU_507,3.382079423807985
A,LEU,509,A_LEU_509,5.892237757083857
A,LYS,460,A_LYS_460,18.44474374453438
A,LYS,485,A_LYS_485,19.75954784331944
A,MET,496,A_MET_496,18.78669213895026
A,PHE,448,A_PHE_448,12.924817920249158
A,PHE,462,A_PHE_462,11.142071199548122
A,PHE,483,A_PHE_483,25.61191465865295
A,PHE,497,A_PHE_497,4.435354943520192
A,PRO,481,A_PRO_481,15.623917148442361
A,SER,461,A_SER_461,2.5884117114802705
A,THR,463,A_THR_463,14.386981019077119
A,TRP,443,A_TRP_443,30.700556503855964
A,TYR,486,A_TYR_486,28.865847946971435
A,TYR,504,A_TYR_504,17.91932225045358
A,VAL,442,A_VAL_442,2.5853329792316866
A,VAL,445,A_VAL_445,16.02654208177379
A,VAL,511,A_VAL_511,16.250066547657955
A,VAL,512,A_VAL_512,12.842881227465902
A,VAL,544,A_VAL_544,1.8060148704321644
