chain,resname,resnum,res_key,density
A,ALA,446,A_ALA_446,10.34309034561342
A,ALA,449,A_ALA_449,12.35698173368366
A,ALA,487,A_ALA_487,10.378002967235822
A,ARG,455,A_ARG_455,27.15640939015827
A,ASN,543,A_ASN_543,12.58899422150871
A,ASP,457,A_ASP_457,20.946309475164842
A,CYS,447,A_CYS_447,17.158868847082072
A,CYS,454,A_CYS_454,17.76989024781551
A,CYS,484,A_CYS_484,14.80714128139493
A,GLN,451,A_GLN_451,22.528056718159746
A,GLN,453,A_GLN_453,23.05540402527096
A,GLN,488,A_GLN_488,7.1743344046081985
A,GLN,540,A_GLN_540,12.758011462309474
A,GLU,456,A_GLU_456,23.66408576685341
A,GLY,516,A_GLY_516,2.916476737650581
A,ILE,513,A_ILE_513,18.34993028166904
A,LEU,458,A_LEU_458,18.764419673397537
A,LEU,459,A_LEU_459,18.7139097703665
A,LEU,514,A_LEU_514,14.110924955678291
A,LYS,452,A_LYS_452,18.159069108552004
A,LYS,460,A_LYS_460,12.348863296897964
A,LYS,485,A_LYS_485,10.054587460260032
A,LYS,542,A_LYS_542,14.081780455874444
A,LYS,546,A_LYS_546,9.228079354368065
A,PHE,448,A_PHE_448,16.74546539265747
A,PHE,462,A_PHE_462,22.144781238292584
A,PRO,450,A_PRO_450,15.51040925372001
A,PRO,515,A_PRO_515,15.88634537254337
A,SER,461,A_SER_461,12.38696307400772
A,THR,463,A_THR_463,8.216299219477659
A,THR,547,A_THR_547,4.60936278643837
A,TYR,486,A_TYR_486,28.865847946971435
A,VAL,445,A_VAL_445,13.252029284242248
A,VAL,511,A_VAL_511,2.977217998573622
A,VAL,512,A_VAL_512,7.828711624316819
A,VAL,539,A_VAL_539,10.859480347597492
A,VAL,541,A_VAL_541,16.90172541783306
A,VAL,544,A_VAL_544,16.189664486477152
A,VAL,545,A_VAL_545,16.325925566750847
