chain,resname,resnum,res_key,density
A,ALA,366,A_ALA_366,13.059156786940111
A,ALA,367,A_ALA_367,12.018857674498713
A,ALA,406,A_ALA_406,10.107157835708403
A,ALA,445,A_ALA_445,5.959058010415211
A,ARG,345,A_ARG_345,10.505794217879812
A,ARG,450,A_ARG_450,25.713634782334836
A,ASN,451,A_ASN_451,17.442124850134398
A,CYS,390,A_CYS_390,18.786079626627046
A,GLU,387,A_GLU_387,22.62171424589074
A,GLU,389,A_GLU_389,22.659189238044
A,GLY,408,A_GLY_408,10.260106287944284
A,HIS,368,A_HIS_368,20.095020589031016
A,ILE,409,A_ILE_409,18.47766808327927
A,ILE,421,A_ILE_421,14.872046865531777
A,LEU,363,A_LEU_363,9.331367121243847
A,LEU,371,A_LEU_371,4.6021748866536525
A,LEU,375,A_LEU_375,13.146144011054623
A,LEU,407,A_LEU_407,18.03184092118109
A,LEU,419,A_LEU_419,17.62911950822543
A,LEU,446,A_LEU_446,18.104702613161642
A,LEU,448,A_LEU_448,18.546041004592862
A,LYS,608,A_LYS_608,4.452013841855025
A,MET,373,A_MET_373,21.591729643746028
A,PHE,411,A_PHE_411,22.201975511972996
A,PHE,418,A_PHE_418,6.060911561063092
A,PHE,420,A_PHE_420,19.447094727164426
A,PHE,469,A_PHE_469,12.612884820709159
A,PRO,449,A_PRO_449,16.26806941399351
A,SER,364,A_SER_364,15.61739008302327
A,SER,365,A_SER_365,15.584988841131132
A,SER,374,A_SER_374,6.496904270191144
A,SER,386,A_SER_386,9.672291969613397
A,SER,391,A_SER_391,14.799039312493695
A,SER,410,A_SER_410,16.276474384978474
A,THR,392,A_THR_392,18.105195197188728
A,THR,412,A_THR_412,2.766052636478291
A,THR,422,A_THR_422,12.674163838298476
A,TYR,372,A_TYR_372,7.757994913948413
A,VAL,335,A_VAL_335,1.60515484662752
A,VAL,388,A_VAL_388,16.407557992784483
A,VAL,393,A_VAL_393,11.610020563999647
A,VAL,447,A_VAL_447,16.977402362133716
A,VAL,452,A_VAL_452,13.397399081707256
A,VAL,465,A_VAL_465,5.650817992267746
