chain,resname,resnum,res_key,density
A,CYS,132,A_CYS_132,17.79434855370816
A,LEU,133,A_LEU_133,18.334669673943118
A,PRO,130,A_PRO_130,15.552049868038768
A,PRO,131,A_PRO_131,15.932578837634935
A,SER,129,A_SER_129,14.92971016442943
A,SER,134,A_SER_134,15.840274260497235
A,THR,135,A_THR_135,17.244017713172326
