chain,resname,resnum,res_key,density
A,ALA,127,A_ALA_127,12.468920091607846
A,ALA,133,A_ALA_133,12.282935818081816
A,ARG,128,A_ARG_128,26.532623160342393
A,ARG,134,A_ARG_134,26.134986561965288
A,ARG,135,A_ARG_135,26.894000944942764
A,ARG,154,A_ARG_154,15.24361021242154
A,ARG,285,A_ARG_285,12.76864465409101
A,ASN,124,A_ASN_124,21.455548341524143
A,CYS,125,A_CYS_125,12.580804286861103
A,CYS,126,A_CYS_126,17.958214310233537
A,CYS,130,A_CYS_130,17.36124308243516
A,CYS,131,A_CYS_131,18.057933856144437
A,CYS,158,A_CYS_158,18.048523193460717
A,CYS,160,A_CYS_160,2.4750770958222454
A,GLN,168,A_GLN_168,5.502652256531727
A,GLU,121,A_GLU_121,2.827018170727262
A,GLU,283,A_GLU_283,3.357304654325627
A,GLY,132,A_GLY_132,11.177094463292644
A,GLY,159,A_GLY_159,10.269562823277008
A,GLY,286,A_GLY_286,10.610858244353924
A,GLY,287,A_GLY_287,4.5110231977659145
A,HIS,157,A_HIS_157,17.673884620918624
A,LEU,129,A_LEU_129,18.775506936182943
A,LEU,137,A_LEU_137,6.513742032327369
A,LEU,156,A_LEU_156,17.6818441983037
A,LYS,284,A_LYS_284,3.3163215865839475
A,PRO,136,A_PRO_136,15.831665438142625
A,PRO,155,A_PRO_155,8.412042410848313
A,TYR,279,A_TYR_279,16.224201848608175
