chain,resname,resnum,res_key,density
A,ALA,847,A_ALA_847,5.696307301079225
A,ALA,906,A_ALA_906,12.36413560943886
A,ARG,869,A_ARG_869,26.740259522666502
A,ARG,889,A_ARG_889,10.55974396087895
A,ASP,870,A_ASP_870,22.430710675146408
A,ASP,905,A_ASP_905,10.343400779118085
A,ASP,917,A_ASP_917,3.287161970773441
A,CYS,871,A_CYS_871,17.93918445777081
A,CYS,914,A_CYS_914,3.169351707315846
A,GLN,841,A_GLN_841,8.037594999445872
A,GLU,859,A_GLU_859,8.047779578549859
A,GLU,863,A_GLU_863,21.185613171064276
A,GLU,864,A_GLU_864,12.934091579711808
A,GLU,903,A_GLU_903,8.622790882617213
A,GLU,904,A_GLU_904,24.354800134093118
A,HIS,887,A_HIS_887,14.169368986661153
A,ILE,860,A_ILE_860,18.26142198959235
A,ILE,866,A_ILE_866,18.825443355863577
A,ILE,913,A_ILE_913,17.948173671077853
A,ILE,922,A_ILE_922,2.9284429831485768
A,LEU,842,A_LEU_842,18.10649891535848
A,LEU,844,A_LEU_844,17.225754914825544
A,LEU,872,A_LEU_872,18.399815969053588
A,LEU,874,A_LEU_874,18.756801511489734
A,LEU,876,A_LEU_876,17.958467385242507
A,LEU,888,A_LEU_888,17.2713727142128
A,LEU,901,A_LEU_901,19.448300027986164
A,LEU,908,A_LEU_908,18.177371171129494
A,LEU,911,A_LEU_911,5.753685782366441
A,LEU,919,A_LEU_919,18.57230401919553
A,LEU,920,A_LEU_920,10.728305450081038
A,LEU,921,A_LEU_921,14.926205245171225
A,LEU,926,A_LEU_926,1.5814094824038964
A,LYS,873,A_LYS_873,20.955063025775345
A,LYS,877,A_LYS_877,18.667016095717173
A,LYS,878,A_LYS_878,17.567129098108463
A,LYS,890,A_LYS_890,2.4090936376625316
A,LYS,909,A_LYS_909,2.724134130778655
A,MET,858,A_MET_858,3.17624947269687
A,MET,875,A_MET_875,20.916223123248066
A,PHE,843,A_PHE_843,10.455037397225947
A,PHE,845,A_PHE_845,10.809855167604383
A,PHE,846,A_PHE_846,25.830426785132662
A,SER,840,A_SER_840,3.2020224746737584
A,SER,867,A_SER_867,15.907556651115204
A,SER,879,A_SER_879,9.432459591944511
A,THR,865,A_THR_865,16.133740924398978
A,THR,907,A_THR_907,16.77653786308017
A,THR,918,A_THR_918,5.725709323640833
A,TRP,886,A_TRP_886,14.527846377783082
A,VAL,861,A_VAL_861,16.311635665966726
A,VAL,862,A_VAL_862,17.265211073493916
A,VAL,868,A_VAL_868,16.14881802238387
