chain,resname,resnum,res_key,density
A,ALA,122,A_ALA_122,11.8356525948893
A,ALA,125,A_ALA_125,9.424913140931238
A,ARG,113,A_ARG_113,14.482000662936738
A,ARG,124,A_ARG_124,26.72210282386034
A,ARG,153,A_ARG_153,18.963696739973297
A,ARG,182,A_ARG_182,2.3040942866868184
A,ASN,82,A_ASN_82,21.182860857753035
A,ASN,184,A_ASN_184,9.800234807470428
A,ASP,84,A_ASP_84,23.152757842820392
A,ASP,85,A_ASP_85,22.2088795962621
A,ASP,183,A_ASP_183,3.1918174668177905
A,CYS,118,A_CYS_118,17.97825307734252
A,GLN,91,A_GLN_91,2.9830370671526123
A,GLU,110,A_GLU_110,5.76837360643221
A,GLU,111,A_GLU_111,23.909824866186366
A,GLU,116,A_GLU_116,23.58071511870621
A,GLU,117,A_GLU_117,23.643640189527282
A,GLY,97,A_GLY_97,5.648173813956128
A,GLY,98,A_GLY_98,2.59718990522217
A,GLY,126,A_GLY_126,2.8584130380980564
A,GLY,177,A_GLY_177,10.208577042854367
A,HIS,112,A_HIS_112,24.13404659229911
A,HIS,123,A_HIS_123,24.20218968839479
A,ILE,72,A_ILE_72,5.697906426576108
A,ILE,93,A_ILE_93,12.38394174638505
A,ILE,115,A_ILE_115,19.546376527648682
A,LEU,77,A_LEU_77,3.074429646670562
A,LEU,87,A_LEU_87,7.6043862936251205
A,LEU,88,A_LEU_88,19.177553603426915
A,LEU,89,A_LEU_89,17.98132052289168
A,LEU,107,A_LEU_107,2.0050492447114188
A,LEU,127,A_LEU_127,18.354727882581898
A,LEU,128,A_LEU_128,12.799773169536962
A,LEU,151,A_LEU_151,18.05567343955462
A,LEU,180,A_LEU_180,18.356532658451645
A,LEU,181,A_LEU_181,18.216440702230095
A,LYS,80,A_LYS_80,8.204979797347592
A,LYS,114,A_LYS_114,22.24791218101666
A,LYS,120,A_LYS_120,20.80822031071774
A,MET,99,A_MET_99,15.820047288581645
A,MET,121,A_MET_121,22.150959996657438
A,PHE,92,A_PHE_92,24.498151663301194
A,PRO,179,A_PRO_179,8.819794735130094
A,SER,90,A_SER_90,10.004360353385751
A,SER,178,A_SER_178,15.861838265081015
A,THR,152,A_THR_152,18.027963262498005
A,TRP,154,A_TRP_154,2.55303023259318
A,TYR,81,A_TYR_81,28.651394629044212
A,TYR,83,A_TYR_83,28.86434878513727
A,TYR,150,A_TYR_150,10.166782727295493
A,VAL,86,A_VAL_86,15.431634722354806
A,VAL,119,A_VAL_119,16.85988917561576
A,VAL,176,A_VAL_176,2.5289489585066702
