chain,resname,resnum,res_key,density
A,ALA,229,A_ALA_229,6.267263791566463
A,ARG,225,A_ARG_225,26.31782336783616
A,ASN,177,A_ASN_177,21.15064326088927
A,ASP,224,A_ASP_224,21.22005967619983
A,CYS,172,A_CYS_172,17.24820996712735
A,CYS,175,A_CYS_175,18.446313477314007
A,CYS,220,A_CYS_220,17.4500777892959
A,CYS,223,A_CYS_223,18.288210969130038
A,GLU,174,A_GLU_174,22.961209578163363
A,GLY,221,A_GLY_221,10.823142329411237
A,HIS,219,A_HIS_219,24.408182921893605
A,ILE,170,A_ILE_170,5.233466939066826
A,LEU,217,A_LEU_217,11.85210148842693
A,LEU,226,A_LEU_226,18.314099091076773
A,LYS,173,A_LYS_173,12.364994832556825
A,LYS,176,A_LYS_176,16.743711999268893
A,LYS,228,A_LYS_228,12.459966010950154
A,SER,179,A_SER_179,4.637050107163552
A,THR,222,A_THR_222,16.880398142424
A,TYR,218,A_TYR_218,27.927424804749084
A,VAL,171,A_VAL_171,5.258094531374795
A,VAL,178,A_VAL_178,10.444502567741134
A,VAL,227,A_VAL_227,16.21801716244214
