chain,resname,resnum,res_key,density
A,ARG,29,A_ARG_29,2.6243126368246896
A,ARG,74,A_ARG_74,26.45655285902169
A,ASN,65,A_ASN_65,20.983526340928677
A,ASN,76,A_ASN_76,20.2950449349175
A,CYS,70,A_CYS_70,17.500918127582665
A,CYS,73,A_CYS_73,17.868630043747345
A,CYS,108,A_CYS_108,17.920229334125388
A,GLN,69,A_GLN_69,22.103650043971342
A,GLN,109,A_GLN_109,7.4694692728439955
A,GLU,59,A_GLU_59,9.216361367875946
A,GLU,110,A_GLU_110,20.109314519935708
A,GLU,111,A_GLU_111,23.909824866186366
A,GLY,68,A_GLY_68,10.047695778577415
A,GLY,106,A_GLY_106,10.596764553424975
A,HIS,79,A_HIS_79,23.83599429543221
A,HIS,112,A_HIS_112,5.026055050132508
A,ILE,72,A_ILE_72,18.066871983634275
A,ILE,115,A_ILE_115,4.0738788469745035
A,LEU,77,A_LEU_77,17.969548273174198
A,LEU,88,A_LEU_88,6.093779708794806
A,LEU,107,A_LEU_107,16.83884627068012
A,LYS,78,A_LYS_78,21.597462734204264
A,LYS,80,A_LYS_80,17.365813615019988
A,LYS,114,A_LYS_114,6.452295110471427
A,PHE,92,A_PHE_92,8.329393977374968
A,PRO,63,A_PRO_63,16.538150740455
A,PRO,64,A_PRO_64,15.753734390284382
A,PRO,66,A_PRO_66,15.81727884420846
A,PRO,71,A_PRO_71,16.11673791320237
A,SER,67,A_SER_67,16.053470394521142
A,THR,105,A_THR_105,5.673656069904429
A,TRP,75,A_TRP_75,33.50452914557853
A,TYR,81,A_TYR_81,20.71379603303189
