chain,resname,resnum,res_key,density
A,ASN,732,A_ASN_732,13.587788359119138
A,ASN,746,A_ASN_746,2.3668095872868977
A,ASP,649,A_ASP_649,20.458629133609282
A,ASP,653,A_ASP_653,10.308784840960138
A,ASP,730,A_ASP_730,10.635451906129603
A,CYS,657,A_CYS_657,17.51770127073987
A,CYS,658,A_CYS_658,17.716822547395683
A,GLN,659,A_GLN_659,23.885580388976706
A,GLN,726,A_GLN_726,11.313441127650979
A,GLU,655,A_GLU_655,14.77061254211764
A,GLU,662,A_GLU_662,2.7696951940142474
A,GLY,654,A_GLY_654,5.342561584590369
A,HIS,647,A_HIS_647,19.18171560259123
A,ILE,661,A_ILE_661,17.680208789098188
A,ILE,725,A_ILE_725,3.322799534117211
A,LEU,646,A_LEU_646,2.4648556951720275
A,LEU,648,A_LEU_648,18.826884843009815
A,LEU,724,A_LEU_724,5.431564849903833
A,LEU,734,A_LEU_734,17.708711209514142
A,LYS,656,A_LYS_656,20.651427382053768
A,LYS,740,A_LYS_740,2.9321240501181554
A,MET,745,A_MET_745,18.93417241927943
A,SER,651,A_SER_651,15.243479842577829
A,SER,652,A_SER_652,10.298673198861744
A,SER,744,A_SER_744,15.728178189097159
A,THR,650,A_THR_650,17.574674873193576
A,THR,743,A_THR_743,16.622277080159744
A,TRP,741,A_TRP_741,31.493055879686406
A,VAL,660,A_VAL_660,15.697381955466104
A,VAL,742,A_VAL_742,16.44509112797509
