chain,resname,resnum,res_key,density
A,ALA,28,A_ALA_28,12.434440727525661
A,ALA,33,A_ALA_33,8.783062049847414
A,ALA,518,A_ALA_518,12.359253677686375
A,ALA,523,A_ALA_523,11.027776414075907
A,ARG,517,A_ARG_517,26.851241032576624
A,ARG,562,A_ARG_562,14.217542200434808
A,ASN,524,A_ASN_524,20.485000813124454
A,ASN,525,A_ASN_525,20.832403562185625
A,ASP,521,A_ASP_521,22.61282716880323
A,ASP,560,A_ASP_560,11.127581551840098
A,CYS,520,A_CYS_520,18.39910654745349
A,GLN,514,A_GLN_514,12.715508664877019
A,GLU,30,A_GLU_30,23.67323565373543
A,GLU,512,A_GLU_512,6.296214838714689
A,GLU,519,A_GLU_519,24.701393761627546
A,LEU,29,A_LEU_29,14.17095553925668
A,LEU,513,A_LEU_513,16.21775751993509
A,LYS,27,A_LYS_27,17.75267370762197
A,LYS,516,A_LYS_516,20.454067145410054
A,LYS,561,A_LYS_561,6.34684622729235
A,PRO,31,A_PRO_31,15.973123256659935
A,PRO,32,A_PRO_32,16.13708924867235
A,PRO,34,A_PRO_34,1.836297857251377
A,SER,522,A_SER_522,14.958176774978767
A,THR,26,A_THR_26,3.246236240324835
A,THR,515,A_THR_515,17.615057283591415
A,THR,526,A_THR_526,17.90555926474275
