chain,resname,resnum,res_key,density
A,ALA,97,A_ALA_97,12.471934871299773
A,ALA,98,A_ALA_98,12.314780796851931
A,ALA,121,A_ALA_121,2.169854479758218
A,ARG,86,A_ARG_86,3.382261504349905
A,ARG,113,A_ARG_113,14.179993691192948
A,ARG,125,A_ARG_125,13.623538206785403
A,ASN,96,A_ASN_96,20.833730321182568
A,ASP,26,A_ASP_26,12.785529361971896
A,ASP,122,A_ASP_122,20.980343876190382
A,CYS,40,A_CYS_40,17.69691990052457
A,CYS,114,A_CYS_114,17.79049672781097
A,GLN,91,A_GLN_91,23.955566571164503
A,GLN,100,A_GLN_100,5.037877824161411
A,GLU,39,A_GLU_39,22.111032045005466
A,GLU,58,A_GLU_58,6.087616372534821
A,GLY,95,A_GLY_95,10.215496515343629
A,ILE,38,A_ILE_38,17.09441059328954
A,ILE,54,A_ILE_54,5.759749048304371
A,ILE,65,A_ILE_65,6.016002652502535
A,ILE,116,A_ILE_116,18.42100955788371
A,ILE,126,A_ILE_126,18.387035784072822
A,LEU,27,A_LEU_27,2.7155735766949136
A,LEU,53,A_LEU_53,5.554148133823623
A,LEU,87,A_LEU_87,14.44796517018093
A,LEU,88,A_LEU_88,16.58086117987371
A,LEU,92,A_LEU_92,17.84618933546422
A,LEU,94,A_LEU_94,12.509997719294256
A,LEU,99,A_LEU_99,18.118426693214353
A,LYS,25,A_LYS_25,16.262480364728372
A,LYS,41,A_LYS_41,20.608042705625234
A,LYS,124,A_LYS_124,21.0287440504966
A,MET,115,A_MET_115,21.78532296026692
A,PHE,19,A_PHE_19,13.020397524116921
A,PHE,42,A_PHE_42,25.70399004301187
A,PRO,24,A_PRO_24,15.896504180576647
A,PRO,43,A_PRO_43,16.251942340557505
A,SER,93,A_SER_93,2.882540845346848
A,SER,117,A_SER_117,10.49865294691123
A,THR,20,A_THR_20,16.461969703099808
A,THR,22,A_THR_22,17.261839812828452
A,THR,37,A_THR_37,17.360775185185894
A,THR,127,A_THR_127,2.5167043247593806
A,TRP,57,A_TRP_57,32.0578142659673
A,TYR,28,A_TYR_28,16.214507822223105
A,TYR,56,A_TYR_56,12.33100872191064
A,TYR,112,A_TYR_112,20.82852481006355
A,TYR,118,A_TYR_118,2.129744605229871
A,TYR,123,A_TYR_123,19.141098516870162
A,VAL,21,A_VAL_21,16.6608345238457
A,VAL,23,A_VAL_23,16.64498037003846
A,VAL,44,A_VAL_44,4.4645711088457825
A,VAL,55,A_VAL_55,15.784314639502638
A,VAL,128,A_VAL_128,2.1081310515007985
