chain,resname,resnum,res_key,density
A,ALA,95,A_ALA_95,12.811473674718156
A,ALA,100,A_ALA_100,12.652065937251503
A,ASN,55,A_ASN_55,2.452918071427201
A,ASP,54,A_ASP_54,20.975846299160533
A,ASP,97,A_ASP_97,21.44086093874394
A,ASP,105,A_ASP_105,21.055106621826063
A,CYS,103,A_CYS_103,17.966188645456864
A,GLU,94,A_GLU_94,20.17719120049921
A,HIS,96,A_HIS_96,17.89909795433286
A,ILE,98,A_ILE_98,19.050563436257182
A,LEU,93,A_LEU_93,3.536814983321666
A,LYS,102,A_LYS_102,20.05089614676686
A,PRO,107,A_PRO_107,16.690162310843263
A,PRO,108,A_PRO_108,6.393395541118907
A,SER,101,A_SER_101,15.892145149823786
A,SER,106,A_SER_106,15.45918250629403
A,TYR,104,A_TYR_104,28.30314889482195
A,VAL,99,A_VAL_99,16.851847997349974
