chain,resname,resnum,res_key,density
A,ALA,97,A_ALA_97,12.471934871299773
A,ALA,98,A_ALA_98,12.314780796851931
A,ALA,121,A_ALA_121,12.821728043953089
A,ARG,113,A_ARG_113,26.485195930927766
A,ARG,125,A_ARG_125,26.09008230745536
A,ASN,63,A_ASN_63,13.067218322913487
A,ASN,96,A_ASN_96,18.2169101327503
A,ASP,26,A_ASP_26,12.785529361971896
A,ASP,122,A_ASP_122,20.980343876190382
A,CYS,40,A_CYS_40,17.69691990052457
A,CYS,114,A_CYS_114,17.79049672781097
A,GLN,66,A_GLN_66,7.599347125340767
A,GLN,100,A_GLN_100,3.043146743319805
A,GLU,39,A_GLU_39,13.512085560110824
A,GLU,58,A_GLU_58,22.491826818990116
A,GLU,60,A_GLU_60,2.7384041769375744
A,GLY,95,A_GLY_95,5.368680390345124
A,GLY,110,A_GLY_110,2.9764996593663087
A,GLY,120,A_GLY_120,3.1627256294417534
A,ILE,38,A_ILE_38,17.09441059328954
A,ILE,54,A_ILE_54,14.655905815070826
A,ILE,64,A_ILE_64,14.095782094675034
A,ILE,65,A_ILE_65,19.009594993162935
A,ILE,116,A_ILE_116,18.42100955788371
A,ILE,126,A_ILE_126,18.387035784072822
A,LEU,53,A_LEU_53,3.967727106057998
A,LEU,87,A_LEU_87,9.263528818713594
A,LEU,92,A_LEU_92,1.8098671357174416
A,LEU,99,A_LEU_99,18.118426693214353
A,LYS,25,A_LYS_25,8.32103183066584
A,LYS,41,A_LYS_41,14.350113335542698
A,LYS,62,A_LYS_62,5.9677072902741175
A,LYS,124,A_LYS_124,21.0287440504966
A,MET,59,A_MET_59,14.51820173758896
A,MET,115,A_MET_115,21.78532296026692
A,PHE,19,A_PHE_19,10.791881223425085
A,PHE,42,A_PHE_42,22.339716678182747
A,PHE,67,A_PHE_67,10.060570284251469
A,PRO,24,A_PRO_24,6.346951262468069
A,SER,117,A_SER_117,15.404513580230585
A,THR,20,A_THR_20,13.230685651693877
A,THR,22,A_THR_22,17.261839812828452
A,THR,127,A_THR_127,7.474081290539816
A,TRP,57,A_TRP_57,32.0578142659673
A,TYR,28,A_TYR_28,9.84412957174126
A,TYR,56,A_TYR_56,24.807540163264612
A,TYR,112,A_TYR_112,25.703603738636048
A,TYR,118,A_TYR_118,2.7018971789740744
A,TYR,123,A_TYR_123,28.541614757594985
A,VAL,21,A_VAL_21,16.6608345238457
A,VAL,23,A_VAL_23,16.64498037003846
A,VAL,55,A_VAL_55,15.784314639502638
A,VAL,111,A_VAL_111,15.576552131707567
A,VAL,128,A_VAL_128,2.1081310515007985
