chain,resname,resnum,res_key,density
A,ALA,117,A_ALA_117,13.178464367629662
A,ARG,120,A_ARG_120,23.258530092703566
A,ASN,121,A_ASN_121,21.582672187992618
A,ASN,140,A_ASN_140,21.246711017421266
A,CYS,131,A_CYS_131,17.84694234308029
A,CYS,138,A_CYS_138,17.82582952454894
A,GLN,136,A_GLN_136,23.087617510769544
A,GLU,124,A_GLU_124,19.92402273703556
A,GLU,133,A_GLU_133,24.58783726703898
A,GLU,139,A_GLU_139,24.445765178780995
A,GLY,119,A_GLY_119,10.000154429072314
A,GLY,125,A_GLY_125,7.397835717456472
A,GLY,134,A_GLY_134,10.230220035083683
A,GLY,137,A_GLY_137,10.50134686715636
A,HIS,116,A_HIS_116,14.93082940161872
A,HIS,128,A_HIS_128,9.764612166300358
A,ILE,118,A_ILE_118,18.296833614154423
A,ILE,132,A_ILE_132,18.590806225542405
A,LYS,142,A_LYS_142,18.10889734895303
A,MET,130,A_MET_130,20.97355871722383
A,PRO,141,A_PRO_141,16.81400645828593
A,PRO,143,A_PRO_143,2.555977652051414
A,SER,122,A_SER_122,15.946187680653267
A,SER,135,A_SER_135,15.992487700573825
A,SER,144,A_SER_144,3.497239374235384
A,THR,123,A_THR_123,17.99156058015396
A,THR,129,A_THR_129,14.315343148266962
A,TYR,193,A_TYR_193,5.176130377503589
A,VAL,178,A_VAL_178,6.1209361630746715
