chain,resname,resnum,res_key,density
A,ALA,157,A_ALA_157,12.64476592608009
A,ALA,236,A_ALA_236,12.298241393173978
A,ARG,104,A_ARG_104,11.005590468300962
A,ARG,202,A_ARG_202,13.606834619634634
A,ARG,205,A_ARG_205,18.843301392594192
A,ASP,159,A_ASP_159,22.533424893641865
A,ASP,235,A_ASP_235,21.13959088645595
A,CYS,237,A_CYS_237,18.324363722464682
A,GLY,154,A_GLY_154,10.107332973283766
A,GLY,158,A_GLY_158,10.498279011182545
A,GLY,189,A_GLY_189,2.437396325246614
A,HIS,241,A_HIS_241,4.585866295631547
A,LEU,102,A_LEU_102,14.380327805745805
A,LEU,155,A_LEU_155,18.213593029686884
A,LEU,231,A_LEU_231,12.517473864792887
A,LEU,234,A_LEU_234,14.706869208268945
A,MET,1,A_MET_1,14.826839603271837
A,MET,207,A_MET_207,15.3728498424735
A,PHE,204,A_PHE_204,25.08277089674567
A,PHE,230,A_PHE_230,21.672602030180126
A,PRO,160,A_PRO_160,10.56638874385298
A,PRO,203,A_PRO_203,15.887036508138664
A,PRO,229,A_PRO_229,6.152338778399935
A,PRO,232,A_PRO_232,15.969423719654507
A,PRO,240,A_PRO_240,15.756320004244877
A,SER,233,A_SER_233,15.816941341423949
A,SER,239,A_SER_239,15.022414796188333
A,TRP,238,A_TRP_238,32.26232104723195
A,TYR,156,A_TYR_156,28.39714048898442
A,VAL,161,A_VAL_161,17.380383934940497
A,VAL,188,A_VAL_188,13.585163742634165
