chain,resname,resnum,res_key,density
A,ALA,83,A_ALA_83,13.135875668888088
A,ALA,86,A_ALA_86,5.6927746074297545
A,ALA,294,A_ALA_294,12.280795176338213
A,ARG,61,A_ARG_61,26.242556958097662
A,ARG,88,A_ARG_88,8.964810412907852
A,ARG,296,A_ARG_296,26.960537662636835
A,ASP,55,A_ASP_55,5.532775192172755
A,CYS,57,A_CYS_57,11.82872598793201
A,CYS,63,A_CYS_63,11.373291078091157
A,CYS,299,A_CYS_299,17.80337296233832
A,GLN,65,A_GLN_65,2.2043503170808703
A,GLN,295,A_GLN_295,20.29349482922219
A,GLN,301,A_GLN_301,23.114319578796195
A,GLU,291,A_GLU_291,13.191836123504483
A,GLU,293,A_GLU_293,13.414714157334467
A,GLU,305,A_GLU_305,24.201772406238888
A,GLY,84,A_GLY_84,10.297701881356467
A,GLY,297,A_GLY_297,10.543773752024372
A,HIS,64,A_HIS_64,5.0683261248762825
A,LEU,300,A_LEU_300,18.32962399685447
A,LEU,303,A_LEU_303,18.44117691667073
A,LYS,80,A_LYS_80,18.973156008782503
A,LYS,91,A_LYS_91,14.220467632118318
A,PHE,60,A_PHE_60,5.534221171857663
A,PHE,62,A_PHE_62,12.923118084289545
A,PHE,90,A_PHE_90,1.9269421150157346
A,PRO,298,A_PRO_298,16.19945934033992
A,SER,85,A_SER_85,2.6335770721495693
A,SER,304,A_SER_304,16.21609621289926
A,THR,56,A_THR_56,14.43782001508915
A,THR,292,A_THR_292,6.149668878239756
A,THR,307,A_THR_307,10.097818451435515
A,TRP,302,A_TRP_302,33.024270278594884
A,TRP,306,A_TRP_306,20.90611778375133
A,TYR,58,A_TYR_58,4.267697900362965
A,TYR,87,A_TYR_87,28.473406374327084
