chain,resname,resnum,res_key,density
A,ALA,66,A_ALA_66,5.778285684783862
A,ARG,70,A_ARG_70,18.44775065986861
A,ARG,110,A_ARG_110,24.59988505901136
A,ARG,112,A_ARG_112,15.116515786129327
A,ARG,113,A_ARG_113,12.507238090090752
A,ASN,45,A_ASN_45,21.585044797389624
A,ASN,69,A_ASN_69,18.89204041658522
A,ASN,72,A_ASN_72,20.93563195868336
A,ASN,78,A_ASN_78,20.459439841681622
A,ASN,82,A_ASN_82,12.663126071941338
A,CYS,74,A_CYS_74,18.629356742148932
A,GLU,116,A_GLU_116,14.91194366092203
A,GLU,122,A_GLU_122,7.519953443204256
A,ILE,68,A_ILE_68,16.468898719011555
A,ILE,115,A_ILE_115,18.129150414008453
A,ILE,151,A_ILE_151,3.8286610580735356
A,LEU,43,A_LEU_43,15.194872073214144
A,LEU,75,A_LEU_75,17.96409692714609
A,LEU,79,A_LEU_79,18.730607768472193
A,LEU,107,A_LEU_107,6.364819941681182
A,LEU,118,A_LEU_118,19.034553627469073
A,LEU,119,A_LEU_119,12.4583235780412
A,LEU,136,A_LEU_136,7.557411375344973
A,LYS,46,A_LYS_46,16.489410658044175
A,LYS,76,A_LYS_76,21.57761436964233
A,LYS,77,A_LYS_77,20.85201151116061
A,LYS,109,A_LYS_109,6.228616942058139
A,LYS,117,A_LYS_117,16.558286251282926
A,PHE,47,A_PHE_47,24.151958162874365
A,PRO,80,A_PRO_80,13.36390400976403
A,SER,44,A_SER_44,10.37395340674572
A,SER,67,A_SER_67,8.476112548725155
A,SER,73,A_SER_73,16.075948789226064
A,SER,108,A_SER_108,8.957833534234595
A,SER,114,A_SER_114,15.973143052838832
A,THR,111,A_THR_111,18.044285127335076
A,VAL,71,A_VAL_71,17.007057943093443
A,VAL,81,A_VAL_81,10.68081813758641
