chain,resname,resnum,res_key,density
A,ARG,125,A_ARG_125,8.59001319903247
A,ASN,123,A_ASN_123,20.057432719164343
A,ASN,124,A_ASN_124,10.072396784927534
A,CYS,131,A_CYS_131,18.371989197347734
A,GLU,122,A_GLU_122,6.149631074369171
A,GLU,154,A_GLU_154,20.829764558861868
A,GLY,57,A_GLY_57,7.262629667551432
A,HIS,128,A_HIS_128,24.47544412306759
A,HIS,133,A_HIS_133,23.918304392984737
A,ILE,153,A_ILE_153,18.170122770806742
A,ILE,161,A_ILE_161,1.988724739346832
A,LEU,22,A_LEU_22,4.873215990297015
A,LEU,23,A_LEU_23,1.917365400510828
A,LEU,55,A_LEU_55,15.762906068955045
A,LEU,126,A_LEU_126,18.330442113219583
A,LEU,130,A_LEU_130,17.466692586108973
A,LEU,132,A_LEU_132,18.368988407863622
A,LEU,152,A_LEU_152,3.214649868324155
A,LEU,156,A_LEU_156,18.03473329217983
A,LYS,58,A_LYS_58,19.99944922970482
A,LYS,129,A_LYS_129,18.440714922391443
A,LYS,158,A_LYS_158,21.159697476244624
A,PHE,155,A_PHE_155,24.63712590561972
A,PRO,27,A_PRO_27,16.5517662880965
A,PRO,29,A_PRO_29,1.9595946927056704
A,PRO,157,A_PRO_157,16.300189046507747
A,PRO,160,A_PRO_160,2.812134816950009
A,SER,26,A_SER_26,12.614708867765373
A,SER,54,A_SER_54,3.033918550175612
A,THR,159,A_THR_159,17.49678355781202
A,TRP,134,A_TRP_134,22.947424000076943
A,TYR,127,A_TYR_127,28.868899620276288
A,VAL,30,A_VAL_30,1.807562895400718
A,VAL,59,A_VAL_59,16.506190360328905
