chain,resname,resnum,res_key,density
A,ALA,423,A_ALA_423,12.72221978369512
A,ALA,427,A_ALA_427,11.93758513559373
A,ALA,462,A_ALA_462,12.863728414151229
A,ALA,486,A_ALA_486,12.836038612895734
A,ALA,599,A_ALA_599,12.275878128671126
A,ARG,430,A_ARG_430,26.907120321686094
A,ARG,464,A_ARG_464,23.41740680560453
A,ARG,479,A_ARG_479,26.391316035482543
A,ASN,475,A_ASN_475,3.6189643750657754
A,ASP,471,A_ASP_471,21.65559658788235
A,ASP,602,A_ASP_602,19.297872692545084
A,CYS,458,A_CYS_458,17.89562687545768
A,CYS,466,A_CYS_466,18.51979322960426
A,GLN,421,A_GLN_421,5.4055105167077295
A,GLN,425,A_GLN_425,22.85449729087319
A,GLN,467,A_GLN_467,21.845685322869127
A,GLN,470,A_GLN_470,22.85873746164363
A,GLN,480,A_GLN_480,10.807657049990324
A,GLN,481,A_GLN_481,8.89353253494754
A,GLN,485,A_GLN_485,9.900796607939299
A,GLU,461,A_GLU_461,17.682084123520934
A,GLU,478,A_GLU_478,13.83361125966126
A,GLY,433,A_GLY_433,10.853380631016893
A,GLY,436,A_GLY_436,10.036603057390117
A,HIS,432,A_HIS_432,7.699055582230599
A,HIS,434,A_HIS_434,17.313561228102596
A,ILE,420,A_ILE_420,3.313464944487318
A,LEU,422,A_LEU_422,19.119794888754544
A,LEU,424,A_LEU_424,15.073823548170214
A,LEU,426,A_LEU_426,18.09124448682161
A,LEU,431,A_LEU_431,8.948632589772927
A,LEU,484,A_LEU_484,3.049167574874015
A,LEU,541,A_LEU_541,1.8867647988997878
A,LEU,595,A_LEU_595,3.3938653627339073
A,LEU,606,A_LEU_606,7.9128580654216645
A,LYS,482,A_LYS_482,21.61579565083358
A,MET,469,A_MET_469,21.493543429856015
A,MET,483,A_MET_483,21.38400409516551
A,MET,603,A_MET_603,15.702501948383691
A,PHE,419,A_PHE_419,3.235966092071345
A,PHE,487,A_PHE_487,7.5603679768109515
A,PRO,41,A_PRO_41,11.264564246163268
A,PRO,435,A_PRO_435,15.36415302226912
A,PRO,472,A_PRO_472,4.690415705335029
A,SER,457,A_SER_457,5.651850575476473
A,SER,468,A_SER_468,15.94977572636383
A,THR,459,A_THR_459,16.180771444999934
A,TRP,465,A_TRP_465,31.69322378976756
A,TYR,428,A_TYR_428,20.7126006754453
A,TYR,429,A_TYR_429,27.757712895972475
A,VAL,460,A_VAL_460,13.855380553611594
A,VAL,463,A_VAL_463,16.118827560407556
A,VAL,474,A_VAL_474,10.588001557738403
