chain,resname,resnum,res_key,density
A,ALA,43,A_ALA_43,2.7236723623168837
A,ALA,462,A_ALA_462,4.435327526391119
A,ARG,456,A_ARG_456,27.44449642804513
A,ASN,538,A_ASN_538,20.09192575575835
A,ASN,561,A_ASN_561,21.495883053528846
A,ASP,504,A_ASP_504,9.23597076023897
A,CYS,437,A_CYS_437,17.63259480132635
A,CYS,438,A_CYS_438,17.203490016871562
A,CYS,458,A_CYS_458,17.89562687545768
A,CYS,466,A_CYS_466,5.728759961232027
A,GLN,421,A_GLN_421,13.787034959801119
A,GLN,425,A_GLN_425,22.85449729087319
A,GLU,37,A_GLU_37,6.217602127379337
A,GLU,440,A_GLU_440,14.332836552867784
A,GLU,586,A_GLU_586,9.418320288582782
A,GLY,436,A_GLY_436,10.036603057390117
A,GLY,534,A_GLY_534,9.358672756397366
A,GLY,535,A_GLY_535,10.661392180528912
A,GLY,536,A_GLY_536,10.325418664728412
A,GLY,537,A_GLY_537,10.170298423240665
A,GLY,562,A_GLY_562,9.88960438901982
A,GLY,564,A_GLY_564,4.467742496157704
A,HIS,432,A_HIS_432,15.001102594618622
A,HIS,434,A_HIS_434,24.453031320265517
A,LEU,424,A_LEU_424,16.054458660942615
A,LEU,426,A_LEU_426,2.6607931695116234
A,LEU,529,A_LEU_529,11.816884631088431
A,LEU,541,A_LEU_541,18.299561523669915
A,LEU,592,A_LEU_592,3.3725444741864052
A,LYS,40,A_LYS_40,10.745895131874168
A,LYS,532,A_LYS_532,20.736561850301822
A,MET,455,A_MET_455,18.644083675190767
A,MET,493,A_MET_493,1.4139198508935926
A,MET,558,A_MET_558,20.742023928815502
A,PHE,42,A_PHE_42,24.569438958073228
A,PHE,503,A_PHE_503,4.059410400816495
A,PHE,530,A_PHE_530,11.24268477960999
A,PHE,539,A_PHE_539,24.710563468362086
A,PHE,565,A_PHE_565,4.595009046279971
A,PRO,41,A_PRO_41,15.939769340470884
A,PRO,435,A_PRO_435,15.36415302226912
A,PRO,528,A_PRO_528,5.98361922747325
A,PRO,557,A_PRO_557,6.285878718694994
A,SER,38,A_SER_38,16.134752067387506
A,SER,457,A_SER_457,15.445041683409599
A,SER,531,A_SER_531,16.524450551198353
A,SER,533,A_SER_533,15.949025980600727
A,SER,542,A_SER_542,15.393435955157015
A,THR,454,A_THR_454,11.466709313877555
A,THR,459,A_THR_459,18.117117460194283
A,THR,543,A_THR_543,17.3735226187476
A,THR,587,A_THR_587,1.802011565954519
A,TYR,35,A_TYR_35,5.225518114181316
A,TYR,428,A_TYR_428,27.978975996317953
A,TYR,429,A_TYR_429,12.340224550555577
A,TYR,439,A_TYR_439,24.648031753548292
A,TYR,563,A_TYR_563,21.986268812367623
A,VAL,39,A_VAL_39,14.371917974639988
A,VAL,460,A_VAL_460,2.3211962509731037
A,VAL,463,A_VAL_463,10.295473219669708
A,VAL,540,A_VAL_540,16.103568021861857
A,VAL,559,A_VAL_559,16.90407414879437
