chain,resname,resnum,res_key,density
A,ALA,442,A_ALA_442,12.56759767980683
A,ALA,499,A_ALA_499,12.364719075477616
A,ARG,445,A_ARG_445,8.951592034265044
A,ARG,451,A_ARG_451,10.237629178215006
A,ARG,456,A_ARG_456,19.146674381278576
A,ARG,505,A_ARG_505,26.66134028004975
A,ASN,491,A_ASN_491,12.10058677534171
A,ASP,417,A_ASP_417,2.7542133631724903
A,ASP,496,A_ASP_496,21.64230748980284
A,ASP,504,A_ASP_504,21.736543568127153
A,CYS,438,A_CYS_438,3.1368568756168194
A,CYS,497,A_CYS_497,17.835710372474317
A,GLU,30,A_GLU_30,13.896095959242468
A,GLU,440,A_GLU_440,23.885977096336998
A,GLU,453,A_GLU_453,22.867603591850425
A,GLY,450,A_GLY_450,4.490888816548516
A,GLY,500,A_GLY_500,10.429545632737206
A,GLY,502,A_GLY_502,10.49749038253933
A,HIS,446,A_HIS_446,19.894174933808632
A,HIS,490,A_HIS_490,25.656466526565573
A,HIS,506,A_HIS_506,11.328915548239346
A,LEU,23,A_LEU_23,11.94497226951637
A,LEU,81,A_LEU_81,2.082040755244161
A,LYS,34,A_LYS_34,18.57524789108004
A,LYS,489,A_LYS_489,10.27881496433195
A,LYS,492,A_LYS_492,21.4151096018465
A,LYS,495,A_LYS_495,21.36438301164246
A,LYS,501,A_LYS_501,20.161526133000415
A,MET,443,A_MET_443,21.392568053875994
A,MET,455,A_MET_455,20.332275072009676
A,MET,493,A_MET_493,21.4989370124269
A,MET,494,A_MET_494,21.86980161334759
A,PHE,447,A_PHE_447,17.111342819777146
A,PHE,503,A_PHE_503,24.05289573894307
A,PRO,24,A_PRO_24,15.473597213097715
A,PRO,26,A_PRO_26,12.849374417333687
A,SER,27,A_SER_27,2.566197494242549
A,SER,31,A_SER_31,16.359409074813218
A,SER,457,A_SER_457,7.86610869722248
A,SER,498,A_SER_498,15.790404771494064
A,THR,441,A_THR_441,17.084542531427864
A,THR,444,A_THR_444,18.05470163090619
A,THR,452,A_THR_452,17.60425637427785
A,THR,454,A_THR_454,17.609572637931198
A,THR,459,A_THR_459,1.9363460151943492
A,TRP,80,A_TRP_80,3.968280483346807
A,TYR,439,A_TYR_439,19.836869753111074
A,VAL,25,A_VAL_25,2.7960715683586597
