chain,resname,resnum,res_key,density
A,ALA,562,A_ALA_562,12.579902541493874
A,ALA,578,A_ALA_578,8.076328961115976
A,ALA,584,A_ALA_584,12.603332196507
A,ARG,554,A_ARG_554,20.29123332140612
A,ASN,522,A_ASN_522,2.5062493299934276
A,ASN,565,A_ASN_565,21.19227480976227
A,CYS,557,A_CYS_557,17.6409190583256
A,GLN,581,A_GLN_581,23.037377446449376
A,GLU,566,A_GLU_566,23.931468141520423
A,GLU,585,A_GLU_585,23.11541769054691
A,GLU,588,A_GLU_588,2.2843137312246964
A,GLY,586,A_GLY_586,10.45140106812563
A,ILE,580,A_ILE_580,3.316415440100428
A,LEU,564,A_LEU_564,17.78028273502516
A,LEU,567,A_LEU_567,9.291390168250631
A,LEU,568,A_LEU_568,2.7933837799907746
A,LYS,555,A_LYS_555,19.962561768006974
A,LYS,563,A_LYS_563,20.526400283210315
A,SER,553,A_SER_553,13.670975677578625
A,SER,558,A_SER_558,15.340898351167668
A,SER,560,A_SER_560,15.395157033502395
A,SER,561,A_SER_561,16.077185756579155
A,THR,556,A_THR_556,16.87885582708871
A,THR,559,A_THR_559,18.303919690336183
A,TYR,583,A_TYR_583,10.754071104569292
A,VAL,582,A_VAL_582,16.695200827200473
A,VAL,587,A_VAL_587,13.262875889824674
