chain,resname,resnum,res_key,density
A,CYS,740,A_CYS_740,17.921277069718332
A,GLN,737,A_GLN_737,14.408095392808645
A,HIS,741,A_HIS_741,23.26621230437334
A,PHE,739,A_PHE_739,24.759649517863526
A,PRO,736,A_PRO_736,4.2404430244835325
A,SER,738,A_SER_738,15.283082603137009
A,SER,742,A_SER_742,16.000892118456456
A,SER,743,A_SER_743,15.50837484145652
A,SER,744,A_SER_744,2.860049171813086
