chain,resname,resnum,res_key,density
A,ALA,604,A_ALA_604,11.64376022681936
A,ALA,608,A_ALA_608,2.123675941742897
A,ARG,490,A_ARG_490,14.679261802279006
A,ARG,658,A_ARG_658,5.061925161623709
A,ASN,468,A_ASN_468,21.04535477198269
A,ASN,626,A_ASN_626,20.572413943363593
A,ASN,629,A_ASN_629,21.062074972545616
A,ASP,621,A_ASP_621,20.89410452897313
A,ASP,631,A_ASP_631,20.26423084319227
A,CYS,627,A_CYS_627,18.738286915170065
A,GLN,625,A_GLN_625,23.01119769599538
A,GLU,588,A_GLU_588,23.02527432166634
A,GLU,591,A_GLU_591,20.22253425240297
A,GLY,586,A_GLY_586,2.552678748157917
A,GLY,628,A_GLY_628,10.203954962710553
A,HIS,487,A_HIS_487,21.60395545030198
A,HIS,606,A_HIS_606,7.397305435250564
A,HIS,618,A_HIS_618,3.127242149886309
A,ILE,488,A_ILE_488,14.207426968409266
A,ILE,571,A_ILE_571,2.1916892185300476
A,LEU,469,A_LEU_469,4.258642538349985
A,LEU,506,A_LEU_506,1.835306076336726
A,LEU,567,A_LEU_567,6.093366999483378
A,LEU,579,A_LEU_579,8.411695468617182
A,LEU,589,A_LEU_589,18.105799588051138
A,LEU,605,A_LEU_605,17.65653336407896
A,LEU,619,A_LEU_619,7.645675553634403
A,LEU,623,A_LEU_623,18.911129278537135
A,LEU,630,A_LEU_630,18.132916425859346
A,LEU,655,A_LEU_655,5.822347468577039
A,LEU,656,A_LEU_656,17.65598100523889
A,LYS,632,A_LYS_632,20.317345573330243
A,LYS,660,A_LYS_660,10.874030380569256
A,MET,590,A_MET_590,21.416487411488887
A,PHE,622,A_PHE_622,25.206160423931365
A,PRO,661,A_PRO_661,9.911352205055472
A,SER,489,A_SER_489,2.70454337131649
A,SER,659,A_SER_659,15.500058287153122
A,THR,603,A_THR_603,14.249287924961946
A,TYR,583,A_TYR_583,29.009810408737536
A,VAL,486,A_VAL_486,9.916011422047227
A,VAL,587,A_VAL_587,14.808122809958801
A,VAL,620,A_VAL_620,14.69658252890724
A,VAL,624,A_VAL_624,16.13862479137646
A,VAL,640,A_VAL_640,7.849267998084173
