chain,resname,resnum,res_key,density
A,ALA,1080,A_ALA_1080,12.543804667580012
A,ARG,1115,A_ARG_1115,19.707091717990497
A,ASN,1082,A_ASN_1082,15.063951578559983
A,ASP,1077,A_ASP_1077,21.42121389841686
A,ASP,1081,A_ASP_1081,20.52266195881372
A,ASP,1084,A_ASP_1084,5.671063395987437
A,CYS,1078,A_CYS_1078,17.774613283771796
A,GLN,1079,A_GLN_1079,21.906629064064127
A,GLU,1085,A_GLU_1085,22.954819707309696
A,GLU,1090,A_GLU_1090,19.555934973414285
A,GLU,1092,A_GLU_1092,24.282785837213336
A,GLY,1091,A_GLY_1091,7.727610084133518
A,GLY,1117,A_GLY_1117,10.634007483162346
A,ILE,1075,A_ILE_1075,18.2402735067074
A,ILE,1089,A_ILE_1089,18.625619536081206
A,ILE,1094,A_ILE_1094,7.54222726411112
A,ILE,1109,A_ILE_1109,7.660812880665696
A,LEU,1086,A_LEU_1086,18.073351475010575
A,LYS,1073,A_LYS_1073,5.678419571217297
A,LYS,1116,A_LYS_1116,6.4097953945867
A,PHE,1088,A_PHE_1088,26.492042242675744
A,PHE,1119,A_PHE_1119,25.247638837924484
A,PHE,1123,A_PHE_1123,25.86915205078821
A,PRO,1120,A_PRO_1120,16.569932260358442
A,SER,1122,A_SER_1122,15.195430799973405
A,THR,1074,A_THR_1074,17.97762561510237
A,THR,1087,A_THR_1087,17.842181242816068
A,TRP,1104,A_TRP_1104,12.528120694016403
A,TRP,1105,A_TRP_1105,3.0542040552975798
A,TYR,1076,A_TYR_1076,28.28880552040202
A,VAL,1093,A_VAL_1093,2.274469992653425
A,VAL,1118,A_VAL_1118,14.504099177648895
A,VAL,1121,A_VAL_1121,9.768845192585456
A,VAL,1124,A_VAL_1124,10.61026451794522
