chain,resname,resnum,res_key,density
A,ALA,418,A_ALA_418,8.865375209437321
A,ARG,392,A_ARG_392,16.410006762749525
A,ASN,351,A_ASN_351,3.3980585964674233
A,ASN,369,A_ASN_369,21.23019249853951
A,ASN,391,A_ASN_391,20.48544624660958
A,ASN,413,A_ASN_413,2.8452102735378872
A,ASP,386,A_ASP_386,15.175947358057906
A,CYS,373,A_CYS_373,17.855445329211275
A,GLN,316,A_GLN_316,9.713546843549718
A,GLN,374,A_GLN_374,23.069059675570045
A,GLU,416,A_GLU_416,7.978215396058225
A,GLY,352,A_GLY_352,9.953801396816312
A,HIS,390,A_HIS_390,23.206722488864834
A,HIS,395,A_HIS_395,2.636853204357832
A,ILE,353,A_ILE_353,18.027052368505796
A,ILE,356,A_ILE_356,3.7663375615837094
A,ILE,388,A_ILE_388,18.35619780087485
A,ILE,408,A_ILE_408,5.471487832867073
A,LEU,354,A_LEU_354,17.705166108584834
A,LEU,368,A_LEU_368,18.098379471476377
A,LEU,370,A_LEU_370,18.334744945139306
A,LEU,371,A_LEU_371,17.786283069449954
A,LEU,387,A_LEU_387,17.766731334298875
A,LEU,411,A_LEU_411,18.456799263319876
A,LEU,419,A_LEU_419,12.335269840691389
A,LYS,367,A_LYS_367,7.596114794935062
A,LYS,376,A_LYS_376,16.11872576967117
A,LYS,415,A_LYS_415,20.754114604280428
A,PHE,385,A_PHE_385,15.965769351871604
A,PHE,396,A_PHE_396,8.218723936376444
A,PRO,377,A_PRO_377,4.598380417746816
A,SER,389,A_SER_389,15.46881646049666
A,SER,414,A_SER_414,16.597247417230676
A,THR,355,A_THR_355,2.579338821792661
A,THR,372,A_THR_372,17.45233470093649
A,THR,393,A_THR_393,17.71899690450598
A,THR,412,A_THR_412,18.290397878265594
A,TRP,407,A_TRP_407,3.0778065895090383
A,TYR,394,A_TYR_394,28.348701810195443
A,VAL,349,A_VAL_349,6.189781177006587
A,VAL,375,A_VAL_375,15.477201155608308
A,VAL,410,A_VAL_410,6.288890531309035
