chain,resname,resnum,res_key,density
A,ARG,539,A_ARG_539,24.315039058845315
A,ASN,451,A_ASN_451,20.17068247310672
A,ASN,512,A_ASN_512,20.6423639061917
A,ASN,513,A_ASN_513,21.343723264026785
A,ASN,516,A_ASN_516,15.448493340731929
A,ASP,452,A_ASP_452,22.111201486537965
A,ASP,456,A_ASP_456,20.477958854715926
A,CYS,454,A_CYS_454,18.303197769640857
A,CYS,455,A_CYS_455,17.822681669942995
A,CYS,457,A_CYS_457,18.420310216590096
A,CYS,474,A_CYS_474,18.13260015942401
A,CYS,477,A_CYS_477,18.167879472646415
A,GLN,446,A_GLN_446,5.02671254561517
A,GLU,461,A_GLU_461,21.153571563266432
A,GLU,476,A_GLU_476,22.88976720668829
A,GLU,520,A_GLU_520,13.297104601938797
A,GLY,450,A_GLY_450,10.832557514630459
A,GLY,458,A_GLY_458,10.695140095204028
A,GLY,470,A_GLY_470,5.369159405135272
A,GLY,479,A_GLY_479,3.0258003413658408
A,GLY,511,A_GLY_511,8.119030392070552
A,HIS,481,A_HIS_481,16.058053697182853
A,ILE,453,A_ILE_453,18.60743682251086
A,ILE,471,A_ILE_471,17.3006069243198
A,ILE,475,A_ILE_475,16.462923289989302
A,ILE,480,A_ILE_480,3.871879010121681
A,ILE,491,A_ILE_491,3.9958686198704587
A,ILE,543,A_ILE_543,12.394352155131198
A,LEU,448,A_LEU_448,3.2173907948688543
A,LEU,465,A_LEU_465,14.458911516061983
A,LEU,472,A_LEU_472,17.95966885582862
A,LEU,494,A_LEU_494,1.7075788575887696
A,LYS,529,A_LYS_529,17.871028658541952
A,LYS,546,A_LYS_546,10.76130265093174
A,PHE,515,A_PHE_515,19.92854862615407
A,PRO,449,A_PRO_449,8.062052649193229
A,PRO,462,A_PRO_462,16.306912513610776
A,PRO,530,A_PRO_530,15.109751377967283
A,PRO,532,A_PRO_532,16.211024261599434
A,SER,459,A_SER_459,16.05577403683143
A,SER,460,A_SER_460,16.02146309161324
A,SER,466,A_SER_466,6.492349370482262
A,SER,478,A_SER_478,15.835806956644653
A,SER,533,A_SER_533,2.8422476817746127
A,SER,534,A_SER_534,7.655749249734011
A,THR,463,A_THR_463,17.630327242990575
A,THR,473,A_THR_473,17.327074318510792
A,THR,531,A_THR_531,16.733329490161324
A,TRP,464,A_TRP_464,22.851083185184553
A,TYR,542,A_TYR_542,17.88873113309618
A,TYR,547,A_TYR_547,15.41660341622801
A,VAL,445,A_VAL_445,3.3852289137050806
