chain,resname,resnum,res_key,density
A,ALA,482,A_ALA_482,12.367404379282027
A,ALA,491,A_ALA_491,1.9256937591409893
A,ASN,235,A_ASN_235,21.283666601949577
A,ASP,228,A_ASP_228,20.626839349372393
A,ASP,233,A_ASP_233,22.31180170272635
A,ASP,250,A_ASP_250,17.37130275814801
A,ASP,277,A_ASP_277,21.145126481345663
A,CYS,230,A_CYS_230,17.045567300867795
A,GLN,276,A_GLN_276,14.512736341891781
A,GLN,445,A_GLN_445,13.96557904324502
A,GLY,484,A_GLY_484,10.886246583022235
A,HIS,273,A_HIS_273,23.7487823967717
A,HIS,485,A_HIS_485,23.37185342670361
A,HIS,486,A_HIS_486,2.519296622630141
A,ILE,237,A_ILE_237,17.809493984420953
A,ILE,442,A_ILE_442,3.714320749641743
A,LEU,227,A_LEU_227,15.978266306348248
A,LEU,229,A_LEU_229,18.468459878937935
A,LEU,238,A_LEU_238,19.015802345302514
A,LEU,257,A_LEU_257,6.203848857713069
A,LEU,278,A_LEU_278,13.110608109576445
A,LEU,314,A_LEU_314,7.423174112040348
A,LYS,236,A_LYS_236,20.248432894763514
A,LYS,251,A_LYS_251,10.32019829439393
A,PHE,249,A_PHE_249,14.65914529837032
A,PHE,272,A_PHE_272,23.890359481131334
A,PHE,280,A_PHE_280,15.01603939660639
A,PHE,483,A_PHE_483,12.247539146322616
A,PHE,489,A_PHE_489,12.280038436385649
A,PHE,501,A_PHE_501,4.133711119573597
A,PRO,231,A_PRO_231,15.348218172622541
A,PRO,274,A_PRO_274,15.500716574160283
A,SER,232,A_SER_232,15.888970178384167
A,SER,252,A_SER_252,6.000490470765449
A,SER,275,A_SER_275,15.325303370908717
A,THR,234,A_THR_234,17.298155194763
A,THR,239,A_THR_239,6.204996931249244
A,VAL,247,A_VAL_247,5.834350732948229
A,VAL,248,A_VAL_248,16.005197522241826
A,VAL,270,A_VAL_270,11.474562599464697
A,VAL,271,A_VAL_271,15.820813333220716
A,VAL,279,A_VAL_279,13.160292014505213
A,VAL,293,A_VAL_293,6.166517073714511
