chain,resname,resnum,res_key,density
A,ALA,186,A_ALA_186,7.829793966208957
A,ALA,188,A_ALA_188,11.072442382334398
A,ALA,423,A_ALA_423,12.643995033303217
A,ARG,187,A_ARG_187,24.032790454782404
A,ARG,422,A_ARG_422,12.488942910938492
A,ARG,429,A_ARG_429,27.132889631427386
A,ARG,430,A_ARG_430,25.898432199243697
A,ASP,426,A_ASP_426,21.466195802738078
A,CYS,428,A_CYS_428,18.15645370803121
A,GLN,437,A_GLN_437,22.563718396268175
A,GLU,419,A_GLU_419,3.0705611476166026
A,GLY,458,A_GLY_458,1.943383065182821
A,GLY,461,A_GLY_461,7.419007481676082
A,HIS,431,A_HIS_431,24.263694193030997
A,ILE,390,A_ILE_390,9.581267636984464
A,ILE,407,A_ILE_407,1.5608110411102714
A,ILE,421,A_ILE_421,16.950461413628194
A,ILE,433,A_ILE_433,17.782100301408626
A,LEU,396,A_LEU_396,7.2567078647446195
A,LEU,398,A_LEU_398,17.437879972610453
A,LYS,432,A_LYS_432,21.645814775006304
A,PHE,394,A_PHE_394,25.50577681437162
A,PHE,435,A_PHE_435,23.517088953468594
A,PRO,189,A_PRO_189,15.97727163922449
A,PRO,393,A_PRO_393,6.136313644517447
A,PRO,395,A_PRO_395,16.1552141461616
A,PRO,399,A_PRO_399,16.38553263770786
A,PRO,400,A_PRO_400,10.203063809217037
A,PRO,434,A_PRO_434,16.051628840867554
A,PRO,436,A_PRO_436,16.765005469441874
A,PRO,462,A_PRO_462,13.171958928096878
A,THR,392,A_THR_392,5.224886490088782
A,THR,420,A_THR_420,5.9073454743107625
A,THR,424,A_THR_424,17.645740379140754
A,THR,425,A_THR_425,18.16025038455136
A,THR,460,A_THR_460,10.840306656701696
A,TRP,183,A_TRP_183,12.288948916364216
A,TRP,192,A_TRP_192,15.794387658476992
A,TYR,427,A_TYR_427,27.985825611817383
A,VAL,397,A_VAL_397,11.96388759428735
A,VAL,438,A_VAL_438,7.736527354768434
A,VAL,464,A_VAL_464,5.718274794173847
