chain,resname,resnum,res_key,density
A,ALA,386,A_ALA_386,3.9533511609081495
A,ALA,408,A_ALA_408,12.241648353695847
A,ALA,409,A_ALA_409,13.238189370170359
A,ARG,414,A_ARG_414,27.945346927255514
A,ARG,416,A_ARG_416,26.66837451283793
A,ARG,428,A_ARG_428,26.21229703982566
A,ASP,379,A_ASP_379,5.856703712853237
A,ASP,424,A_ASP_424,20.749519188827595
A,ASP,425,A_ASP_425,21.09659108595727
A,CYS,413,A_CYS_413,17.764247605179158
A,GLN,422,A_GLN_422,21.70603104334028
A,GLU,381,A_GLU_381,20.318053564141046
A,GLU,420,A_GLU_420,22.488548887128786
A,GLY,418,A_GLY_418,10.197849065271875
A,ILE,406,A_ILE_406,14.837981232891282
A,ILE,426,A_ILE_426,18.601018462779383
A,LEU,405,A_LEU_405,6.103459989888154
A,LEU,411,A_LEU_411,17.693401721333995
A,LEU,432,A_LEU_432,1.829351762033801
A,LYS,415,A_LYS_415,20.862840510284638
A,LYS,417,A_LYS_417,20.459318760647623
A,LYS,427,A_LYS_427,5.250099598180241
A,MET,382,A_MET_382,21.705518978114917
A,SER,383,A_SER_383,10.341338744759549
A,SER,410,A_SER_410,14.947871284794003
A,THR,407,A_THR_407,14.282643577577604
A,THR,419,A_THR_419,16.543579206831108
A,VAL,380,A_VAL_380,15.79173800508525
A,VAL,412,A_VAL_412,17.275629028972094
A,VAL,421,A_VAL_421,15.618736736976405
A,VAL,423,A_VAL_423,12.536405849241774
A,VAL,429,A_VAL_429,10.807027987215406
