chain,resname,resnum,res_key,density
A,ALA,106,A_ALA_106,6.7912029444601
A,ALA,150,A_ALA_150,12.843587726846502
A,ALA,197,A_ALA_197,6.108774919804997
A,ARG,143,A_ARG_143,12.129317105887981
A,ARG,149,A_ARG_149,27.027715532067106
A,ASN,101,A_ASN_101,20.96099709180572
A,ASN,198,A_ASN_198,20.097262443734714
A,ASP,97,A_ASP_97,18.77021300299891
A,ASP,147,A_ASP_147,21.72222257001967
A,CYS,148,A_CYS_148,18.394523936448508
A,GLY,102,A_GLY_102,10.663249929582475
A,GLY,200,A_GLY_200,4.729500142088021
A,ILE,116,A_ILE_116,12.457610146573467
A,ILE,152,A_ILE_152,13.834220911944595
A,ILE,196,A_ILE_196,15.64214812899929
A,ILE,383,A_ILE_383,3.9799438790615462
A,LEU,105,A_LEU_105,13.434098688073282
A,LYS,103,A_LYS_103,20.638689369592665
A,LYS,165,A_LYS_165,15.102570440103396
A,MET,130,A_MET_130,7.340320612984484
A,MET,166,A_MET_166,20.89156057671919
A,PHE,98,A_PHE_98,16.806508203356845
A,PHE,144,A_PHE_144,24.765562661282665
A,PHE,151,A_PHE_151,25.092991785789263
A,PHE,164,A_PHE_164,13.307594995165033
A,PHE,176,A_PHE_176,20.028683596980034
A,PRO,146,A_PRO_146,16.335853971285307
A,SER,99,A_SER_99,15.807633335574067
A,SER,100,A_SER_100,15.265350173237767
A,SER,145,A_SER_145,17.174883474159024
A,THR,119,A_THR_119,4.864327681876111
A,THR,167,A_THR_167,8.488728082268171
A,THR,175,A_THR_175,8.335482752099583
A,TRP,117,A_TRP_117,7.873529892569348
A,TYR,104,A_TYR_104,28.22767204396159
A,TYR,174,A_TYR_174,21.484933319242003
A,VAL,142,A_VAL_142,1.8144773660240214
A,VAL,163,A_VAL_163,2.063561989792336
