chain,resname,resnum,res_key,density,ACC
A,ALA,24,A_ALA_24,12.87880576094497,54.0
A,ALA,27,A_ALA_27,12.24725053464299,51.0
A,ALA,29,A_ALA_29,2.950549124293285,45.0
A,ALA,47,A_ALA_47,12.506643965046605,20.0
A,ALA,49,A_ALA_49,12.884908849608752,43.0
A,ALA,79,A_ALA_79,2.159580147243579,1.0
A,ARG,16,A_ARG_16,27.018283424976367,207.0
A,ARG,57,A_ARG_57,27.033584538735933,173.0
A,ARG,92,A_ARG_92,12.557672787703064,133.0
A,ASP,44,A_ASP_44,11.20023004001014,78.0
A,ASP,45,A_ASP_45,11.64037116944514,74.0
A,ASP,52,A_ASP_52,5.702541319781508,118.0
A,CYS,17,A_CYS_17,17.68883114780812,8.0
A,GLU,21,A_GLU_21,23.30351309447784,124.0
A,GLU,72,A_GLU_72,10.717790185833913,88.0
A,GLY,19,A_GLY_19,10.652009410304808,1.0
A,GLY,20,A_GLY_20,9.961399426295962,32.0
A,GLY,23,A_GLY_23,10.398871922693203,3.0
A,GLY,43,A_GLY_43,11.003265207747468,0.0
A,GLY,51,A_GLY_51,10.695072343866322,24.0
A,GLY,55,A_GLY_55,10.493548498375624,22.0
A,ILE,32,A_ILE_32,3.564009464911998,1.0
A,ILE,46,A_ILE_46,19.050788982904148,0.0
A,ILE,58,A_ILE_58,18.606189869391795,2.0
A,ILE,71,A_ILE_71,13.0423894536965,40.0
A,LEU,15,A_LEU_15,19.08208420609011,5.0
A,LEU,28,A_LEU_28,19.002390827264392,0.0
A,LEU,56,A_LEU_56,17.66361887294034,18.0
A,LEU,62,A_LEU_62,12.11174202143441,1.0
A,LYS,31,A_LYS_31,10.161343935359373,95.0
A,LYS,48,A_LYS_48,11.04914798746502,159.0
A,LYS,54,A_LYS_54,12.105199334422917,134.0
A,LYS,61,A_LYS_61,11.824841411673908,47.0
A,PRO,39,A_PRO_39,3.1685302635885155,38.0
A,PRO,75,A_PRO_75,7.305439654433782,22.0
A,SER,26,A_SER_26,15.437945406311153,91.0
A,SER,76,A_SER_76,7.795259542703672,42.0
A,THR,18,A_THR_18,17.673480917878287,30.0
A,THR,25,A_THR_25,10.47940628391826,84.0
A,THR,50,A_THR_50,17.956377403168737,0.0
A,THR,59,A_THR_59,17.488473120159085,47.0
A,TRP,53,A_TRP_53,25.39994356266771,19.0
A,TYR,14,A_TYR_14,16.93274530795057,132.0
A,VAL,13,A_VAL_13,7.563610772356364,26.0
A,VAL,22,A_VAL_22,16.226272122071318,86.0
A,VAL,42,A_VAL_42,12.7251380476889,5.0
A,VAL,60,A_VAL_60,16.533451088834884,0.0
A,VAL,73,A_VAL_73,16.434225997090575,38.0
A,VAL,74,A_VAL_74,16.413797876558707,34.0
