chain,resname,resnum,res_key,density,ACC
A,ALA,25,A_ALA_25,9.054258973973404,44.0
A,CYS,14,A_CYS_14,9.388831180713971,108.0
A,CYS,18,A_CYS_18,18.29772843841127,106.0
A,GLN,28,A_GLN_28,12.346193295471169,92.0
A,GLU,24,A_GLU_24,23.993165408137735,86.0
A,GLY,17,A_GLY_17,10.34660016660584,63.0
A,GLY,23,A_GLY_23,2.554733373585265,32.0
A,LEU,19,A_LEU_19,18.83637614678028,164.0
A,LEU,20,A_LEU_20,18.44904384623764,82.0
A,PHE,15,A_PHE_15,22.9244585216886,181.0
A,PRO,16,A_PRO_16,17.18569647987561,115.0
A,SER,22,A_SER_22,7.72845649507445,109.0
A,THR,21,A_THR_21,18.42567257811428,80.0
