chain,resname,resnum,res_key,density,ACC
A,ASN,4,A_ASN_4,20.72169814130552,147.0
A,ASN,5,A_ASN_5,21.409484671698724,157.0
A,CYS,2,A_CYS_2,18.340936311168857,123.0
A,GLY,3,A_GLY_3,10.658458466457027,67.0
A,MET,1,A_MET_1,20.88157561871884,243.0
A,MET,6,A_MET_6,11.003865609022558,133.0
