chain,resname,resnum,res_key,density,ACC
A,ALA,11,A_ALA_11,6.491119104293534,81.0
A,ARG,4,A_ARG_4,26.393511025989262,259.0
A,ARG,13,A_ARG_13,7.204273664063768,124.0
A,CYS,6,A_CYS_6,18.25614569279385,97.0
A,CYS,7,A_CYS_7,17.573034569760292,123.0
A,CYS,8,A_CYS_8,17.806458565430567,97.0
A,CYS,9,A_CYS_9,18.16820088088912,89.0
A,LEU,12,A_LEU_12,6.549730783616981,158.0
A,SER,10,A_SER_10,15.5401347568051,71.0
A,THR,3,A_THR_3,17.571476421502815,128.0
A,VAL,5,A_VAL_5,16.662484152534592,126.0
