chain,resname,resnum,res_key,density,ACC
A,ALA,2,A_ALA_2,6.414520546314992,71.0
A,ARG,58,A_ARG_58,21.596767558242966,188.0
A,ARG,59,A_ARG_59,27.223292259311386,197.0
A,ARG,61,A_ARG_61,26.58298553504116,107.0
A,ASN,65,A_ASN_65,22.57230430022972,104.0
A,ASP,74,A_ASP_74,9.458247019341298,86.0
A,CYS,60,A_CYS_60,17.903312570627534,71.0
A,CYS,62,A_CYS_62,18.43922902976012,94.0
A,GLN,66,A_GLN_66,20.32602606563832,159.0
A,GLN,67,A_GLN_67,23.01384437187235,140.0
A,GLN,68,A_GLN_68,14.243143026898872,90.0
A,GLU,77,A_GLU_77,12.65490091944486,90.0
A,GLY,51,A_GLY_51,3.1734847014455507,36.0
A,HIS,6,A_HIS_6,2.639594324301501,132.0
A,ILE,52,A_ILE_52,9.905498348993511,74.0
A,ILE,54,A_ILE_54,15.162075269335777,79.0
A,LEU,53,A_LEU_53,16.71147667525854,105.0
A,LEU,56,A_LEU_56,18.51086669511116,94.0
A,LYS,63,A_LYS_63,19.980586365788696,156.0
A,MET,1,A_MET_1,10.549410836236888,225.0
A,PHE,64,A_PHE_64,25.93029461392389,65.0
A,SER,57,A_SER_57,16.02527370075584,44.0
A,VAL,55,A_VAL_55,16.64054306959757,94.0
