chain,resname,resnum,res_key,density,ACC
A,ALA,5,A_ALA_5,11.93452548175665,2.0
A,ALA,146,A_ALA_146,12.616253608409083,0.0
A,ALA,153,A_ALA_153,8.811006492209573,33.0
A,ARG,116,A_ARG_116,14.621392473184937,56.0
A,ASN,20,A_ASN_20,20.84771293396419,49.0
A,ASN,54,A_ASN_54,10.481970184089413,57.0
A,CYS,7,A_CYS_7,18.06225893650224,0.0
A,CYS,58,A_CYS_58,5.378200134041737,13.0
A,CYS,147,A_CYS_147,18.22182038422406,8.0
A,GLN,16,A_GLN_16,15.121303920831888,86.0
A,GLN,154,A_GLN_154,2.6413209504790385,233.0
A,GLU,22,A_GLU_22,2.783445857908014,51.0
A,GLY,11,A_GLY_11,2.3871072187497586,31.0
A,GLY,17,A_GLY_17,10.554026060311372,10.0
A,GLY,34,A_GLY_34,10.349533201787384,19.0
A,GLY,52,A_GLY_52,7.525388743611788,34.0
A,GLY,115,A_GLY_115,10.606010552615905,42.0
A,GLY,148,A_GLY_148,10.540451380908786,4.0
A,GLY,151,A_GLY_151,10.563031681041966,29.0
A,HIS,47,A_HIS_47,10.522449418221903,0.0
A,HIS,49,A_HIS_49,6.007839751395371,2.0
A,ILE,18,A_ILE_18,18.68060005454941,91.0
A,ILE,19,A_ILE_19,18.581908999365663,0.0
A,ILE,36,A_ILE_36,14.481923070825196,0.0
A,ILE,105,A_ILE_105,1.766243082470974,3.0
A,ILE,113,A_ILE_113,15.18297989155358,0.0
A,ILE,114,A_ILE_114,17.42321554561758,47.0
A,ILE,150,A_ILE_150,19.02705048907138,0.0
A,ILE,152,A_ILE_152,14.78665556127143,136.0
A,LEU,9,A_LEU_9,18.11633216514406,0.0
A,LEU,85,A_LEU_85,1.82203207264296,3.0
A,LEU,107,A_LEU_107,5.516343167351884,5.0
A,LEU,118,A_LEU_118,17.31776260167915,0.0
A,LYS,4,A_LYS_4,9.865946508395812,77.0
A,LYS,10,A_LYS_10,20.72860212535638,140.0
A,LYS,31,A_LYS_31,5.7736431971659705,97.0
A,PHE,21,A_PHE_21,24.953880103406565,1.0
A,PHE,46,A_PHE_46,14.037924967671785,0.0
A,PHE,51,A_PHE_51,3.679674558075855,95.0
A,SER,35,A_SER_35,12.584024522976051,46.0
A,THR,117,A_THR_117,16.645219931406313,0.0
A,TRP,33,A_TRP_33,33.566409087812175,99.0
A,VAL,6,A_VAL_6,17.280694370908822,45.0
A,VAL,8,A_VAL_8,16.28946626046642,79.0
A,VAL,15,A_VAL_15,7.943572355546252,8.0
A,VAL,30,A_VAL_30,1.7840352632019112,0.0
A,VAL,32,A_VAL_32,16.329873472439253,1.0
A,VAL,48,A_VAL_48,12.695793413429035,0.0
A,VAL,98,A_VAL_98,5.856839106857712,7.0
A,VAL,119,A_VAL_119,16.452489124071427,0.0
A,VAL,120,A_VAL_120,10.569106126679369,0.0
A,VAL,149,A_VAL_149,16.654334207797234,61.0
