chain,resname,resnum,res_key,density,ACC
A,ALA,345,A_ALA_345,12.356265439290317,85.0
A,ARG,350,A_ARG_350,19.10219775726827,228.0
A,ASN,348,A_ASN_348,20.68131778129437,158.0
A,CYS,347,A_CYS_347,18.33687133028081,128.0
A,HIS,346,A_HIS_346,25.26826620811176,171.0
A,ILE,343,A_ILE_343,5.761658629460848,164.0
A,LEU,349,A_LEU_349,18.294612854394284,158.0
A,LEU,351,A_LEU_351,6.335527127211672,175.0
A,SER,344,A_SER_344,15.585716334656125,108.0
