chain,resname,resnum,res_key,density,ACC
A,ALA,399,A_ALA_399,12.17646299553569,12.0
A,ALA,497,A_ALA_497,12.989150259953988,3.0
A,ALA,501,A_ALA_501,13.02811817336054,0.0
A,ALA,505,A_ALA_505,6.64207138055225,0.0
A,ARG,193,A_ARG_193,2.3097897011141844,39.0
A,ARG,411,A_ARG_411,27.583232707446133,13.0
A,CYS,394,A_CYS_394,5.464318625257198,18.0
A,CYS,401,A_CYS_401,16.90887898872375,52.0
A,CYS,406,A_CYS_406,18.399985742842663,68.0
A,GLN,404,A_GLN_404,23.111100830052145,0.0
A,HIS,183,A_HIS_183,24.378528028944544,49.0
A,ILE,407,A_ILE_407,18.425063310194652,24.0
A,LEU,184,A_LEU_184,17.765883189641233,1.0
A,LEU,402,A_LEU_402,18.215804993346246,122.0
A,LEU,408,A_LEU_408,18.688003066228447,0.0
A,LEU,414,A_LEU_414,4.64303221643188,53.0
A,LEU,500,A_LEU_500,18.278958513820054,89.0
A,LYS,410,A_LYS_410,21.11082851392788,158.0
A,LYS,496,A_LYS_496,5.5026992509104815,93.0
A,LYS,502,A_LYS_502,7.745941302949639,11.0
A,MET,179,A_MET_179,3.578204772270251,28.0
A,MET,504,A_MET_504,22.108851146154944,89.0
A,PHE,405,A_PHE_405,25.635137510154507,33.0
A,PHE,409,A_PHE_409,26.172798539399857,64.0
A,PHE,413,A_PHE_413,15.871107693525312,74.0
A,SER,400,A_SER_400,16.10828911670909,64.0
A,SER,494,A_SER_494,6.686032174373685,4.0
A,THR,403,A_THR_403,18.193435018147685,67.0
A,THR,412,A_THR_412,17.73044041389744,14.0
A,TRP,492,A_TRP_492,3.3591695764484184,4.0
A,TYR,493,A_TYR_493,16.494272854389642,0.0
A,TYR,498,A_TYR_498,16.196715454242387,6.0
A,TYR,499,A_TYR_499,5.046641849952541,27.0
A,VAL,180,A_VAL_180,17.386027740700268,19.0
