chain,resname,resnum,res_key,density,ACC
A,ARG,36,A_ARG_36,7.779319045424249,230.0
A,ARG,55,A_ARG_55,16.438817808675253,100.0
A,ARG,56,A_ARG_56,2.4984510265251183,94.0
A,ASN,37,A_ASN_37,17.455254005893593,95.0
A,ASN,52,A_ASN_52,20.54466305069013,26.0
A,ASN,166,A_ASN_166,18.32116500539308,70.0
A,CYS,39,A_CYS_39,18.046783674240093,38.0
A,CYS,40,A_CYS_40,17.904972681863757,80.0
A,CYS,42,A_CYS_42,17.127522829342233,71.0
A,CYS,44,A_CYS_44,17.486758024485432,62.0
A,CYS,45,A_CYS_45,18.631951215563543,47.0
A,CYS,46,A_CYS_46,17.10078670084148,99.0
A,CYS,47,A_CYS_47,17.320586997359726,39.0
A,CYS,49,A_CYS_49,18.613277498127857,38.0
A,GLN,170,A_GLN_170,22.323902588362955,166.0
A,GLU,144,A_GLU_144,3.146261638268093,41.0
A,LEU,41,A_LEU_41,18.319945612154797,138.0
A,LYS,167,A_LYS_167,8.517203744251606,146.0
A,MET,169,A_MET_169,12.805694739628844,9.0
A,PRO,38,A_PRO_38,15.896773676052511,104.0
A,SER,48,A_SER_48,6.669499335461736,131.0
A,TRP,43,A_TRP_43,31.5439602516152,135.0
A,TRP,51,A_TRP_51,16.816152091243133,208.0
A,TYR,143,A_TYR_143,16.5935470333363,46.0
