chain,resname,resnum,res_key,density,ACC
A,ARG,237,A_ARG_237,6.204647110144181,186.0
A,ARG,241,A_ARG_241,27.725305151914423,180.0
A,ARG,246,A_ARG_246,26.76126882036604,174.0
A,ARG,247,A_ARG_247,26.700770482811613,184.0
A,ARG,252,A_ARG_252,23.42564469249472,153.0
A,ASP,250,A_ASP_250,21.948091724430537,91.0
A,CYS,245,A_CYS_245,18.876828807509117,73.0
A,GLN,240,A_GLN_240,14.370248676906442,118.0
A,GLN,248,A_GLN_248,23.00434195030158,113.0
A,GLU,249,A_GLU_249,23.47040510447361,132.0
A,ILE,239,A_ILE_239,14.791729029743273,77.0
A,LEU,243,A_LEU_243,18.58027327143047,115.0
A,LEU,244,A_LEU_244,18.844351998187,106.0
A,SER,238,A_SER_238,13.33706759772637,44.0
A,SER,242,A_SER_242,16.033889041205555,83.0
A,SER,251,A_SER_251,16.422384047886673,55.0
A,VAL,253,A_VAL_253,6.548981296417622,94.0
