chain,resname,resnum,res_key,density,ACC
A,ARG,281,A_ARG_281,26.395874511413336,208.0
A,CYS,280,A_CYS_280,17.932845538609463,98.0
A,CYS,284,A_CYS_284,17.680321415317096,61.0
A,CYS,285,A_CYS_285,11.12305169050684,98.0
A,CYS,287,A_CYS_287,17.351698545251956,114.0
A,CYS,288,A_CYS_288,17.414603257019998,59.0
A,CYS,290,A_CYS_290,18.07729047998926,111.0
A,CYS,291,A_CYS_291,16.909384825398742,93.0
A,LEU,283,A_LEU_283,2.689593337143559,140.0
A,LYS,294,A_LYS_294,17.24635762501021,273.0
A,PRO,279,A_PRO_279,5.9246003071072,82.0
A,PRO,289,A_PRO_289,15.144450046407616,106.0
A,SER,292,A_SER_292,15.638537407565796,103.0
A,SER,293,A_SER_293,14.71258174468829,119.0
A,TRP,286,A_TRP_286,10.320569820839037,256.0
