chain,resname,resnum,res_key,density,ACC
A,ALA,517,A_ALA_517,6.124491668657077,22.0
A,ALA,535,A_ALA_535,12.314177852264049,21.0
A,ALA,563,A_ALA_563,12.764790790030329,0.0
A,ALA,565,A_ALA_565,11.908933162068251,0.0
A,ARG,491,A_ARG_491,3.178017141459409,6.0
A,ARG,524,A_ARG_524,26.686466654934563,32.0
A,ARG,529,A_ARG_529,20.72235783714571,21.0
A,ARG,542,A_ARG_542,27.111659570604644,83.0
A,ARG,567,A_ARG_567,27.055482355368287,34.0
A,ASP,568,A_ASP_568,15.026044742350289,53.0
A,ASP,590,A_ASP_590,21.21792599919081,100.0
A,CYS,525,A_CYS_525,18.151065734366394,7.0
A,GLN,586,A_GLN_586,3.465932293122804,122.0
A,GLU,519,A_GLU_519,12.58579797372963,112.0
A,GLU,523,A_GLU_523,24.400712084427603,142.0
A,GLU,543,A_GLU_543,2.7048395298163834,95.0
A,GLU,588,A_GLU_588,20.876267400073857,0.0
A,GLY,516,A_GLY_516,8.258986371947312,4.0
A,GLY,595,A_GLY_595,10.588496136175442,0.0
A,ILE,416,A_ILE_416,1.9524587079803264,1.0
A,ILE,522,A_ILE_522,18.45702967649928,2.0
A,ILE,545,A_ILE_545,12.096601226252403,0.0
A,ILE,549,A_ILE_549,1.8619395615750072,7.0
A,LEU,537,A_LEU_537,18.10794987846806,25.0
A,LEU,546,A_LEU_546,10.527305567172604,31.0
A,LEU,564,A_LEU_564,12.86988423170573,0.0
A,LEU,591,A_LEU_591,17.504046643690675,0.0
A,LYS,515,A_LYS_515,7.086285248676001,14.0
A,MET,512,A_MET_512,3.3879471285636047,1.0
A,PHE,593,A_PHE_593,26.247885114836315,1.0
A,PRO,518,A_PRO_518,12.703735759099205,9.0
A,PRO,536,A_PRO_536,16.599261114149034,100.0
A,PRO,539,A_PRO_539,15.908205283222088,110.0
A,SER,493,A_SER_493,5.507672563420817,0.0
A,SER,520,A_SER_520,16.553342539691798,28.0
A,SER,526,A_SER_526,15.820196001419434,54.0
A,SER,527,A_SER_527,15.905698621506694,17.0
A,SER,541,A_SER_541,14.974085908191524,1.0
A,THR,534,A_THR_534,11.032348314560632,71.0
A,THR,538,A_THR_538,18.413019775686944,34.0
A,THR,566,A_THR_566,18.224918243827137,0.0
A,THR,589,A_THR_589,17.707928448445806,57.0
A,THR,592,A_THR_592,17.697296616715416,4.0
A,TYR,587,A_TYR_587,6.249726065668482,20.0
A,VAL,369,A_VAL_369,1.8430665690551344,5.0
A,VAL,514,A_VAL_514,16.992699017608516,0.0
A,VAL,521,A_VAL_521,16.5415930320743,0.0
A,VAL,528,A_VAL_528,17.1107781410166,0.0
A,VAL,585,A_VAL_585,7.549206614787059,54.0
A,VAL,594,A_VAL_594,14.99952394053477,0.0
