chain,resname,resnum,res_key,density,ACC
A,ALA,891,A_ALA_891,12.32686994017874,4.0
A,ASN,854,A_ASN_854,6.090584652215608,155.0
A,ASN,856,A_ASN_856,20.90575235740031,34.0
A,ASN,884,A_ASN_884,20.56263205950003,91.0
A,ASN,898,A_ASN_898,13.365493393831663,73.0
A,ASN,908,A_ASN_908,6.3293172535807,56.0
A,CYS,882,A_CYS_882,16.953529713087477,16.0
A,CYS,894,A_CYS_894,17.759060925375053,0.0
A,GLU,855,A_GLU_855,12.905311856133052,135.0
A,GLU,859,A_GLU_859,24.191084285471685,86.0
A,GLU,873,A_GLU_873,10.895013567198944,49.0
A,GLU,883,A_GLU_883,23.210721924073447,95.0
A,GLU,910,A_GLU_910,10.138534068863809,56.0
A,GLY,878,A_GLY_878,2.472799471326645,19.0
A,HIS,886,A_HIS_886,23.22316075142217,111.0
A,HIS,888,A_HIS_888,6.917994786764185,122.0
A,ILE,850,A_ILE_850,13.223034444082067,6.0
A,ILE,860,A_ILE_860,18.09078551662288,1.0
A,ILE,865,A_ILE_865,3.9060333539877767,19.0
A,ILE,885,A_ILE_885,18.49919371580862,46.0
A,ILE,909,A_ILE_909,17.8061956714188,0.0
A,LEU,858,A_LEU_858,17.697606350394693,2.0
A,LEU,875,A_LEU_875,17.796904610395213,3.0
A,LEU,887,A_LEU_887,15.583690002056928,67.0
A,LEU,893,A_LEU_893,17.291299664637656,51.0
A,LEU,900,A_LEU_900,5.6967121763240485,3.0
A,LEU,901,A_LEU_901,6.063200443116701,6.0
A,LEU,907,A_LEU_907,7.224003517610633,16.0
A,LEU,920,A_LEU_920,6.106073029104168,26.0
A,LYS,861,A_LYS_861,8.841446647883386,96.0
A,LYS,871,A_LYS_871,13.110934486858046,96.0
A,LYS,876,A_LYS_876,14.273819483908175,60.0
A,LYS,880,A_LYS_880,12.067062034043156,84.0
A,LYS,922,A_LYS_922,5.531440205673671,78.0
A,MET,849,A_MET_849,5.530095648002236,89.0
A,PHE,841,A_PHE_841,8.563972160821766,39.0
A,PHE,844,A_PHE_844,12.97327072268077,52.0
A,PRO,897,A_PRO_897,15.669029194784356,5.0
A,SER,851,A_SER_851,3.1644070850930657,25.0
A,SER,881,A_SER_881,14.7668314443845,29.0
A,THR,895,A_THR_895,17.10643047110992,19.0
A,TRP,911,A_TRP_911,8.67665261393359,5.0
A,VAL,848,A_VAL_848,13.224841906603688,42.0
A,VAL,857,A_VAL_857,16.386816493844314,63.0
A,VAL,870,A_VAL_870,12.994018842125676,1.0
A,VAL,874,A_VAL_874,11.813557151732804,1.0
A,VAL,877,A_VAL_877,15.056481124146783,0.0
A,VAL,892,A_VAL_892,16.151392583675758,2.0
A,VAL,896,A_VAL_896,16.776460088177362,0.0
A,VAL,923,A_VAL_923,10.200004432039794,0.0
