chain,resname,resnum,res_key,density,ACC
A,CYS,255,A_CYS_255,18.10969756116292,101.0
A,CYS,256,A_CYS_256,19.50884288056824,115.0
A,LYS,252,A_LYS_252,18.49079288377124,199.0
A,LYS,253,A_LYS_253,18.28699446006096,184.0
A,PHE,257,A_PHE_257,25.45934256411765,206.0
A,TRP,250,A_TRP_250,5.340223655786922,164.0
A,TRP,251,A_TRP_251,16.379165054603718,138.0
A,TYR,254,A_TYR_254,28.594812514260894,209.0
A,VAL,258,A_VAL_258,19.830165849765866,214.0
