chain,resname,resnum,res_key,density,ACC
A,CYS,6,A_CYS_6,17.620267688938632,109.0
A,GLY,5,A_GLY_5,10.428693883897107,75.0
A,LEU,7,A_LEU_7,17.571375162673945,167.0
A,LEU,9,A_LEU_9,18.398472446995545,172.0
A,LEU,10,A_LEU_10,8.563042997384247,162.0
A,PRO,4,A_PRO_4,16.038032432582618,124.0
A,SER,3,A_SER_3,12.46591164968417,117.0
A,TRP,8,A_TRP_8,31.453038171164074,226.0
