chain,resname,resnum,res_key,density,ACC
A,ALA,233,A_ALA_233,6.099880433208594,60.0
A,ALA,234,A_ALA_234,12.403131675137525,29.0
A,ALA,237,A_ALA_237,12.462933818944196,52.0
A,ALA,248,A_ALA_248,9.662010201246428,66.0
A,ARG,14,A_ARG_14,10.620513620253552,205.0
A,ARG,242,A_ARG_242,27.0071208522794,186.0
A,ARG,245,A_ARG_245,27.053717031265748,151.0
A,ASN,10,A_ASN_10,18.175452487548483,160.0
A,ASN,249,A_ASN_249,10.422728397689434,149.0
A,CYS,12,A_CYS_12,17.144485786641617,81.0
A,CYS,241,A_CYS_241,18.06223998278654,52.0
A,ILE,239,A_ILE_239,19.561853602313487,106.0
A,ILE,246,A_ILE_246,18.582627090206504,124.0
A,LEU,238,A_LEU_238,19.14699164084428,108.0
A,LYS,243,A_LYS_243,20.34682380855168,157.0
A,LYS,244,A_LYS_244,19.79427162347335,128.0
A,PRO,13,A_PRO_13,16.81804808497997,85.0
A,SER,247,A_SER_247,15.816541780651171,90.0
A,TRP,17,A_TRP_17,12.77284756418104,169.0
A,TYR,240,A_TYR_240,28.142230146895955,157.0
A,VAL,11,A_VAL_11,11.012422250200396,118.0
A,VAL,232,A_VAL_232,3.4030353421797166,82.0
A,VAL,235,A_VAL_235,14.222094111603244,75.0
A,VAL,236,A_VAL_236,16.835696462565558,90.0
