chain,resname,resnum,res_key,density,ACC
A,ALA,2351,A_ALA_2351,12.438482592457609,5.0
A,ALA,2354,A_ALA_2354,2.7164954577877984,13.0
A,ALA,2363,A_ALA_2363,2.6914440999807794,69.0
A,ALA,2366,A_ALA_2366,12.300750908038326,1.0
A,ALA,2374,A_ALA_2374,5.647609965334684,50.0
A,ALA,2389,A_ALA_2389,12.240972084196173,4.0
A,ARG,2003,A_ARG_2003,12.107766038074342,261.0
A,ARG,2391,A_ARG_2391,25.863249926333232,105.0
A,ARG,2395,A_ARG_2395,7.777860223258546,147.0
A,ASP,2365,A_ASP_2365,20.18363717765088,59.0
A,ASP,2403,A_ASP_2403,21.501737710619278,14.0
A,CYS,2378,A_CYS_2378,17.17308554374609,12.0
A,GLU,2376,A_GLU_2376,22.72193832284117,72.0
A,GLU,2377,A_GLU_2377,23.027431341521734,124.0
A,GLU,2382,A_GLU_2382,2.853639734383783,114.0
A,HIS,2369,A_HIS_2369,23.891962673471497,60.0
A,ILE,2364,A_ILE_2364,17.60256899739676,18.0
A,ILE,2393,A_ILE_2393,18.834871610386116,77.0
A,ILE,2402,A_ILE_2402,17.293665027021163,0.0
A,ILE,2418,A_ILE_2418,3.721949273070583,2.0
A,LEU,2340,A_LEU_2340,1.6978381336039012,37.0
A,LEU,2375,A_LEU_2375,18.389455475740498,102.0
A,LEU,2401,A_LEU_2401,10.431812964408278,64.0
A,LYS,2367,A_LYS_2367,20.079779237698613,49.0
A,LYS,2405,A_LYS_2405,20.728357512993224,47.0
A,PHE,2353,A_PHE_2353,24.914214430614678,4.0
A,PHE,2392,A_PHE_2392,25.372725195727632,13.0
A,PHE,2416,A_PHE_2416,13.842601047760256,15.0
A,PRO,2350,A_PRO_2350,7.093542759013691,102.0
A,PRO,2394,A_PRO_2394,10.258254460915287,0.0
A,SER,2352,A_SER_2352,15.971119892670396,65.0
A,SER,2370,A_SER_2370,2.639164193783107,15.0
A,SER,2414,A_SER_2414,2.8490222250402564,9.0
A,THR,2381,A_THR_2381,17.360388680167738,53.0
A,TYR,2379,A_TYR_2379,28.50896960378008,184.0
A,TYR,2388,A_TYR_2388,13.614585421273803,43.0
A,TYR,2400,A_TYR_2400,12.512510879016196,8.0
A,VAL,2355,A_VAL_2355,6.700572068443556,0.0
A,VAL,2368,A_VAL_2368,16.356577957674734,4.0
A,VAL,2380,A_VAL_2380,16.30970592823166,46.0
A,VAL,2390,A_VAL_2390,16.42349989574251,0.0
A,VAL,2404,A_VAL_2404,16.367735209817628,0.0
