chain,resname,resnum,res_key,density,ACC
A,ALA,163,A_ALA_163,12.577091461536694,35.0
A,ALA,231,A_ALA_231,6.582751611840479,58.0
A,ASN,200,A_ASN_200,19.420445650470345,128.0
A,ASP,165,A_ASP_165,22.00038321156446,97.0
A,CYS,135,A_CYS_135,17.56409096873204,0.0
A,CYS,162,A_CYS_162,17.00154118018336,1.0
A,GLN,184,A_GLN_184,13.97745182193044,128.0
A,GLN,204,A_GLN_204,23.562067537796185,137.0
A,GLU,198,A_GLU_198,13.060511014472125,134.0
A,GLU,201,A_GLU_201,20.850420898669725,125.0
A,GLY,166,A_GLY_166,10.521572573980242,5.0
A,ILE,160,A_ILE_160,18.233274974618155,0.0
A,ILE,180,A_ILE_180,5.763940318722307,42.0
A,ILE,197,A_ILE_197,18.048132124342544,21.0
A,LEU,182,A_LEU_182,16.05492037998436,25.0
A,LEU,205,A_LEU_205,18.329179031272652,21.0
A,LEU,227,A_LEU_227,18.09479621873227,0.0
A,LEU,235,A_LEU_235,7.463628885258915,0.0
A,LYS,138,A_LYS_138,8.220179730942942,64.0
A,LYS,164,A_LYS_164,20.192087522679444,202.0
A,LYS,168,A_LYS_168,21.176053280671837,75.0
A,LYS,181,A_LYS_181,20.7144342692112,99.0
A,MET,139,A_MET_139,7.275352616467556,0.0
A,MET,199,A_MET_199,21.084116264768674,57.0
A,MET,229,A_MET_229,20.881952614491794,0.0
A,PHE,169,A_PHE_169,24.824760324368988,2.0
A,PHE,207,A_PHE_207,6.516583116006629,0.0
A,PRO,202,A_PRO_202,17.049743132671374,101.0
A,SER,134,A_SER_134,15.416918656586947,21.0
A,SER,161,A_SER_161,15.77024306434245,23.0
A,SER,170,A_SER_170,8.116926660395798,15.0
A,SER,183,A_SER_183,15.102159642015504,67.0
A,SER,228,A_SER_228,12.727635370737357,11.0
A,SER,230,A_SER_230,15.8935259042814,11.0
A,THR,196,A_THR_196,10.395190557345916,56.0
A,THR,206,A_THR_206,2.825824140481046,20.0
A,TYR,133,A_TYR_133,13.16279070704685,44.0
A,VAL,136,A_VAL_136,16.749418033691896,40.0
A,VAL,137,A_VAL_137,16.61978796020638,0.0
A,VAL,158,A_VAL_158,1.8772807725725695,2.0
A,VAL,159,A_VAL_159,13.84534029275067,38.0
A,VAL,167,A_VAL_167,16.86327030363264,0.0
A,VAL,195,A_VAL_195,3.444632316986975,11.0
A,VAL,203,A_VAL_203,16.747608571726403,11.0
