chain,resname,resnum,res_key,density,ACC
A,ALA,223,A_ALA_223,12.64586785010752,3.0
A,ALA,225,A_ALA_225,12.02915492990818,0.0
A,ALA,604,A_ALA_604,1.9289848265137184,24.0
A,ARG,576,A_ARG_576,12.29297137977656,143.0
A,ASN,190,A_ASN_190,3.4421143271182317,73.0
A,ASP,194,A_ASP_194,21.8355083424733,94.0
A,ASP,222,A_ASP_222,21.660837925927687,2.0
A,ASP,226,A_ASP_226,21.582962508654845,62.0
A,ASP,235,A_ASP_235,15.893050287968592,169.0
A,CYS,229,A_CYS_229,17.802107539754502,4.0
A,GLU,193,A_GLU_193,10.369581703583536,80.0
A,GLU,237,A_GLU_237,2.835403268495418,129.0
A,GLY,234,A_GLY_234,10.656419264764327,40.0
A,ILE,6,A_ILE_6,3.568325571478378,2.0
A,ILE,228,A_ILE_228,17.949613607785054,67.0
A,ILE,236,A_ILE_236,18.39955868593444,25.0
A,LEU,14,A_LEU_14,15.92857974112334,4.0
A,LEU,195,A_LEU_195,17.99109051549618,1.0
A,LEU,575,A_LEU_575,1.7509727429013473,31.0
A,LEU,605,A_LEU_605,5.754538019798601,15.0
A,LYS,230,A_LYS_230,20.92611514531169,124.0
A,LYS,232,A_LYS_232,19.282188082038157,75.0
A,MET,1,A_MET_1,7.124049621192072,54.0
A,PHE,18,A_PHE_18,16.248907877555123,70.0
A,PHE,191,A_PHE_191,13.661946007762808,5.0
A,PHE,197,A_PHE_197,25.799358278041325,8.0
A,PHE,238,A_PHE_238,10.370105868091676,65.0
A,PRO,602,A_PRO_602,12.707117210528214,0.0
A,THR,10,A_THR_10,1.9098413929133669,27.0
A,THR,224,A_THR_224,17.89896327224649,7.0
A,TRP,233,A_TRP_233,31.201217294105543,16.0
A,TYR,192,A_TYR_192,7.06343396335472,2.0
A,TYR,196,A_TYR_196,28.17774175838279,43.0
A,TYR,227,A_TYR_227,28.861309257986733,43.0
A,VAL,221,A_VAL_221,16.663909041298304,0.0
A,VAL,231,A_VAL_231,16.693157468870066,129.0
