chain,resname,resnum,res_key,density,ACC
A,ALA,10,A_ALA_10,4.236048971080079,81.0
A,ALA,18,A_ALA_18,1.7657671715701249,26.0
A,ARG,146,A_ARG_146,23.928105549950683,177.0
A,CYS,139,A_CYS_139,18.861019974053967,74.0
A,CYS,141,A_CYS_141,18.50238528814597,73.0
A,CYS,142,A_CYS_142,17.89507731503496,51.0
A,GLY,137,A_GLY_137,10.97739838414824,34.0
A,HIS,143,A_HIS_143,23.78764765283008,131.0
A,ILE,132,A_ILE_132,16.701855154099004,90.0
A,ILE,133,A_ILE_133,14.886207858445346,69.0
A,ILE,136,A_ILE_136,19.42890206157241,57.0
A,LEU,15,A_LEU_15,12.695637155753111,92.0
A,LEU,134,A_LEU_134,19.097198804013125,109.0
A,LEU,145,A_LEU_145,19.15057345169481,88.0
A,LYS,147,A_LYS_147,6.601068401676386,117.0
A,PHE,131,A_PHE_131,14.101535517307545,115.0
A,PRO,14,A_PRO_14,13.921852385361806,60.0
A,PRO,144,A_PRO_144,17.246707430808918,62.0
A,SER,11,A_SER_11,3.3997763846134346,76.0
A,THR,140,A_THR_140,17.47901969859564,69.0
A,VAL,130,A_VAL_130,3.4504389778427558,98.0
A,VAL,135,A_VAL_135,17.350967844153043,59.0
A,VAL,138,A_VAL_138,17.58204325570705,75.0
