chain,resname,resnum,res_key,density,ACC
A,ALA,106,A_ALA_106,12.52971759563328,4.0
A,ALA,108,A_ALA_108,12.419234058903765,57.0
A,CYS,113,A_CYS_113,18.54688996029706,54.0
A,CYS,118,A_CYS_118,18.688612851052877,79.0
A,CYS,119,A_CYS_119,18.807184401207124,72.0
A,CYS,121,A_CYS_121,6.507109492228809,68.0
A,GLY,114,A_GLY_114,10.98069903706024,30.0
A,LEU,101,A_LEU_101,1.7858015851234954,91.0
A,LEU,109,A_LEU_109,18.598689426086025,79.0
A,LEU,115,A_LEU_115,18.160317192342,113.0
A,LEU,116,A_LEU_116,18.31471050539349,66.0
A,LYS,107,A_LYS_107,12.43025720726894,117.0
A,PHE,110,A_PHE_110,25.866867475733603,124.0
A,PHE,112,A_PHE_112,25.9094661465804,127.0
A,THR,117,A_THR_117,18.26764507583203,88.0
A,TRP,104,A_TRP_104,2.9039246344284626,231.0
A,TRP,105,A_TRP_105,11.479867499650265,158.0
A,TYR,120,A_TYR_120,26.14012124667555,164.0
A,VAL,111,A_VAL_111,17.196205582574677,91.0
