chain,resname,resnum,res_key,density,ACC
A,ALA,16,A_ALA_16,12.94152089136653,102.0
A,ARG,15,A_ARG_15,26.753060445761108,253.0
A,CYS,12,A_CYS_12,18.161770643692957,106.0
A,GLU,14,A_GLU_14,23.723905280836867,170.0
A,LEU,13,A_LEU_13,17.774189836526332,184.0
A,LYS,17,A_LYS_17,2.623337996838936,205.0
A,PHE,8,A_PHE_8,7.6005161857597265,204.0
A,PRO,9,A_PRO_9,16.006520782566792,108.0
A,THR,10,A_THR_10,18.16948777200634,146.0
A,THR,11,A_THR_11,17.55377952435637,116.0
