chain,resname,resnum,res_key,density,ACC
A,ARG,113,A_ARG_113,14.277951258210082,104.0
A,ASN,10,A_ASN_10,20.081471685469197,64.0
A,ASN,116,A_ASN_116,6.218755399517262,114.0
A,ASP,121,A_ASP_121,22.54261748764261,60.0
A,CYS,4,A_CYS_4,18.56888959560362,27.0
A,CYS,8,A_CYS_8,18.736453862794374,28.0
A,CYS,115,A_CYS_115,14.966992617215222,2.0
A,CYS,140,A_CYS_140,18.344130489582334,17.0
A,GLN,3,A_GLN_3,23.817530702918496,148.0
A,GLU,108,A_GLU_108,23.63194169007752,48.0
A,GLU,109,A_GLU_109,23.6025255239814,116.0
A,GLU,112,A_GLU_112,23.39907818725804,98.0
A,GLU,124,A_GLU_124,2.7320624380506047,48.0
A,GLY,2,A_GLY_2,10.059544974491589,41.0
A,GLY,110,A_GLY_110,10.566202815482717,4.0
A,LEU,107,A_LEU_107,10.726467241410866,33.0
A,LYS,7,A_LYS_7,20.553171518221657,54.0
A,LYS,9,A_LYS_9,21.13106274313543,116.0
A,LYS,141,A_LYS_141,2.5783633559438384,42.0
A,MET,1,A_MET_1,19.359839267226967,253.0
A,MET,111,A_MET_111,21.098120009738363,13.0
A,MET,139,A_MET_139,16.908761766005007,44.0
A,PHE,114,A_PHE_114,2.8758287450955096,1.0
A,PRO,11,A_PRO_11,16.151252085522184,22.0
A,PRO,122,A_PRO_122,15.367482690460257,36.0
A,SER,12,A_SER_12,2.93109884030782,49.0
A,SER,13,A_SER_13,15.99072400931782,69.0
A,THR,6,A_THR_6,17.73410017450377,67.0
A,THR,14,A_THR_14,13.865612291755392,57.0
A,THR,123,A_THR_123,14.771664091330184,44.0
A,VAL,5,A_VAL_5,16.724546739786156,61.0
A,VAL,120,A_VAL_120,3.329290059921999,11.0
A,VAL,127,A_VAL_127,1.7455972173242842,16.0
