chain,resname,resnum,res_key,density,ACC
A,ALA,50,A_ALA_50,11.914110647439644,0.0
A,ARG,35,A_ARG_35,18.10482474482037,46.0
A,ARG,84,A_ARG_84,27.85582832347801,75.0
A,ARG,132,A_ARG_132,26.94154495500948,113.0
A,ASN,39,A_ASN_39,10.543964608515385,114.0
A,ASN,65,A_ASN_65,20.56987535244001,110.0
A,ASN,141,A_ASN_141,21.36177257916758,0.0
A,ASP,57,A_ASP_57,20.91245297196331,10.0
A,CYS,60,A_CYS_60,18.42480748257621,0.0
A,CYS,116,A_CYS_116,18.18589772223597,3.0
A,CYS,131,A_CYS_131,15.448091933979722,5.0
A,GLN,13,A_GLN_13,20.12097121624844,16.0
A,GLU,49,A_GLU_49,10.186986108451835,84.0
A,GLU,130,A_GLU_130,6.189301456286448,64.0
A,GLY,53,A_GLY_53,5.816218415249455,9.0
A,GLY,64,A_GLY_64,10.170541695256542,3.0
A,GLY,129,A_GLY_129,11.057115828683038,0.0
A,HIS,112,A_HIS_112,23.99749900556804,6.0
A,ILE,40,A_ILE_40,18.81899793237416,31.0
A,ILE,51,A_ILE_51,4.564346263419226,60.0
A,ILE,56,A_ILE_56,16.938210415144717,24.0
A,ILE,68,A_ILE_68,15.45823541844427,20.0
A,LEU,113,A_LEU_113,18.00895922505764,18.0
A,LEU,134,A_LEU_134,18.21096733904742,28.0
A,LEU,143,A_LEU_143,18.307758419934995,3.0
A,LYS,12,A_LYS_12,5.214701430707568,110.0
A,LYS,38,A_LYS_38,20.716878712261643,42.0
A,LYS,45,A_LYS_45,3.0147395053936585,193.0
A,LYS,58,A_LYS_58,18.5379305152712,147.0
A,LYS,59,A_LYS_59,21.044209487529507,85.0
A,LYS,144,A_LYS_144,2.626713205729883,112.0
A,PHE,62,A_PHE_62,24.57668755004351,1.0
A,PHE,117,A_PHE_117,24.967382022034258,33.0
A,PHE,140,A_PHE_140,10.22753400727524,29.0
A,PRO,14,A_PRO_14,8.14785178661515,97.0
A,PRO,47,A_PRO_47,15.609608266102358,18.0
A,PRO,61,A_PRO_61,15.3161574351773,0.0
A,PRO,115,A_PRO_115,16.210081337733357,33.0
A,SER,67,A_SER_67,15.69294469893822,57.0
A,SER,114,A_SER_114,15.25392490626381,0.0
A,THR,15,A_THR_15,5.082791272923074,84.0
A,THR,46,A_THR_46,8.875586001059625,40.0
A,THR,54,A_THR_54,5.8168010904123975,86.0
A,THR,63,A_THR_63,17.587563153603593,3.0
A,THR,85,A_THR_85,7.899449529464643,17.0
A,TYR,36,A_TYR_36,27.73234127877977,70.0
A,TYR,37,A_TYR_37,19.776374107673604,117.0
A,TYR,55,A_TYR_55,29.059230248436805,23.0
A,VAL,66,A_VAL_66,16.82432028511274,1.0
A,VAL,111,A_VAL_111,9.23990268874133,0.0
A,VAL,138,A_VAL_138,4.0713789166744645,6.0
A,VAL,142,A_VAL_142,15.603513131361428,0.0
