chain,resname,resnum,res_key,density,ACC
A,ARG,150,A_ARG_150,26.94231004707178,174.0
A,CYS,145,A_CYS_145,19.28274004456415,86.0
A,CYS,151,A_CYS_151,17.305384505366078,86.0
A,GLN,158,A_GLN_158,13.019781562108331,172.0
A,GLY,149,A_GLY_149,10.470161001341676,38.0
A,LEU,144,A_LEU_144,14.648545308724705,106.0
A,LEU,157,A_LEU_157,15.51143079257282,154.0
A,PHE,152,A_PHE_152,26.217613765306783,141.0
A,PRO,143,A_PRO_143,5.714503175185119,64.0
A,SER,147,A_SER_147,16.40850314774703,63.0
A,SER,153,A_SER_153,16.376205775197416,72.0
A,SER,154,A_SER_154,15.857789089840676,83.0
A,SER,156,A_SER_156,15.63327717841949,87.0
A,THR,146,A_THR_146,16.905365009125575,70.0
A,VAL,148,A_VAL_148,16.841782011524653,78.0
A,VAL,155,A_VAL_155,16.899172267713475,104.0
