chain,resname,resnum,res_key,density,ACC
A,ARG,727,A_ARG_727,21.457253376556046,213.0
A,CYS,723,A_CYS_723,12.132524021517089,74.0
A,CYS,729,A_CYS_729,18.06948121902857,98.0
A,CYS,734,A_CYS_734,14.50598696419826,99.0
A,GLN,728,A_GLN_728,22.29537448155595,128.0
A,GLY,730,A_GLY_730,9.744766722899852,40.0
A,ILE,726,A_ILE_726,19.225499765456377,124.0
A,ILE,735,A_ILE_735,8.418784115955667,142.0
A,LEU,731,A_LEU_731,18.071005138682832,133.0
A,LEU,732,A_LEU_732,18.24561858500192,151.0
A,MET,733,A_MET_733,20.70618470260592,150.0
A,PHE,724,A_PHE_724,25.953001610162065,129.0
A,PHE,725,A_PHE_725,25.082274885781427,130.0
A,SER,722,A_SER_722,8.227064881659164,58.0
A,VAL,721,A_VAL_721,3.430770088375008,76.0
