chain,resname,resnum,res_key,density,ACC
A,ALA,460,A_ALA_460,12.273648506333537,88.0
A,ASN,90,A_ASN_90,6.643669611832773,36.0
A,CYS,463,A_CYS_463,18.547892178071265,112.0
A,CYS,465,A_CYS_465,17.526420494683858,98.0
A,GLN,461,A_GLN_461,22.8700020629889,118.0
A,GLU,459,A_GLU_459,9.590849510140057,121.0
A,GLY,462,A_GLY_462,10.579895336680186,70.0
A,LEU,467,A_LEU_467,18.833544258382283,177.0
A,LEU,468,A_LEU_468,2.563312220490719,230.0
A,LYS,89,A_LYS_89,9.911207559196468,79.0
A,PRO,88,A_PRO_88,16.240145272990524,132.0
A,SER,464,A_SER_464,15.33987157173071,119.0
A,THR,466,A_THR_466,17.70165657715051,122.0
