chain,resname,resnum,res_key,density,ACC
A,ALA,45,A_ALA_45,9.043925796864013,23.0
A,ALA,57,A_ALA_57,11.830044674052072,5.0
A,ALA,72,A_ALA_72,12.348798103024713,0.0
A,ALA,74,A_ALA_74,4.278939507944064,0.0
A,ALA,90,A_ALA_90,5.986608948268628,1.0
A,ALA,98,A_ALA_98,10.199314516606533,47.0
A,ARG,60,A_ARG_60,7.423658729083153,82.0
A,ARG,67,A_ARG_67,27.22614178138504,65.0
A,ARG,105,A_ARG_105,14.429387296565674,80.0
A,ASP,101,A_ASP_101,18.19933597358903,132.0
A,ASP,102,A_ASP_102,22.02545738847771,41.0
A,ASP,455,A_ASP_455,2.8572244821829007,21.0
A,CYS,94,A_CYS_94,16.90502334382878,0.0
A,CYS,103,A_CYS_103,17.74784856552023,21.0
A,GLN,61,A_GLN_61,16.893801811302744,5.0
A,GLN,65,A_GLN_65,3.30302871467202,94.0
A,GLU,44,A_GLU_44,14.2200581411237,54.0
A,GLU,104,A_GLU_104,23.702782531621963,112.0
A,GLY,46,A_GLY_46,2.6067045310325976,69.0
A,GLY,53,A_GLY_53,4.262598633414824,0.0
A,GLY,73,A_GLY_73,10.48428331818873,0.0
A,HIS,59,A_HIS_59,20.875093409108587,1.0
A,HIS,99,A_HIS_99,16.466887255213976,120.0
A,HIS,456,A_HIS_456,8.116405699360868,15.0
A,ILE,457,A_ILE_457,18.54272121310271,0.0
A,LEU,58,A_LEU_58,17.481201377037827,6.0
A,LEU,69,A_LEU_69,17.91599100737117,1.0
A,LEU,70,A_LEU_70,17.664044442441995,0.0
A,LEU,71,A_LEU_71,18.84704745970012,0.0
A,LEU,93,A_LEU_93,18.247329524711667,14.0
A,LEU,96,A_LEU_96,18.051789432893077,30.0
A,LEU,169,A_LEU_169,7.82338629655712,10.0
A,LEU,449,A_LEU_449,11.711208706880704,0.0
A,LEU,459,A_LEU_459,17.402888206222865,0.0
A,LEU,588,A_LEU_588,3.461822621297972,86.0
A,LYS,43,A_LYS_43,20.226655432395,0.0
A,LYS,100,A_LYS_100,14.79273826625226,55.0
A,MET,106,A_MET_106,18.17888982510076,8.0
A,PHE,52,A_PHE_52,21.08781102119091,1.0
A,PRO,95,A_PRO_95,16.471284596195957,30.0
A,SER,55,A_SER_55,6.074861569178115,14.0
A,THR,97,A_THR_97,18.071995747478184,39.0
A,TYR,68,A_TYR_68,18.19799300071501,37.0
A,TYR,92,A_TYR_92,27.54841065847627,30.0
A,VAL,41,A_VAL_41,16.800377455734154,1.0
A,VAL,42,A_VAL_42,16.59659836178596,1.0
A,VAL,56,A_VAL_56,16.145190282294774,12.0
A,VAL,91,A_VAL_91,15.593572059147146,2.0
A,VAL,128,A_VAL_128,5.9435938841096885,12.0
A,VAL,137,A_VAL_137,3.832267592865631,0.0
A,VAL,440,A_VAL_440,8.657121819498228,4.0
A,VAL,450,A_VAL_450,6.024879238106172,0.0
A,VAL,458,A_VAL_458,10.675355523188962,1.0
