chain,resname,resnum,res_key,density,ACC
A,ALA,320,A_ALA_320,10.354100873020604,23.0
A,ALA,326,A_ALA_326,12.256279427003134,0.0
A,ALA,334,A_ALA_334,5.877065658576116,39.0
A,ALA,337,A_ALA_337,12.657021363809456,26.0
A,ALA,338,A_ALA_338,13.046578579178354,0.0
A,ALA,345,A_ALA_345,11.95258906865445,0.0
A,ALA,362,A_ALA_362,12.94053125442755,0.0
A,ARG,318,A_ARG_318,7.893939905623274,54.0
A,ARG,358,A_ARG_358,27.733651601649004,27.0
A,ARG,359,A_ARG_359,26.708985032447625,53.0
A,ASN,324,A_ASN_324,18.96337129953721,39.0
A,ASN,343,A_ASN_343,21.058637910043444,58.0
A,ASN,351,A_ASN_351,10.361511623547036,66.0
A,ASN,352,A_ASN_352,20.40852267136488,21.0
A,ASP,349,A_ASP_349,21.00181838965913,52.0
A,ASP,375,A_ASP_375,22.23903348356461,9.0
A,CYS,328,A_CYS_328,7.498557198484745,0.0
A,CYS,342,A_CYS_342,18.57963745611208,0.0
A,GLU,340,A_GLU_340,23.15669368397172,125.0
A,GLU,347,A_GLU_347,23.045593251386933,130.0
A,GLU,353,A_GLU_353,12.978116089178462,67.0
A,GLU,361,A_GLU_361,19.7674198734685,60.0
A,GLY,355,A_GLY_355,10.71293996710363,0.0
A,GLY,360,A_GLY_360,10.182831494660478,0.0
A,HIS,322,A_HIS_322,24.346962207373718,21.0
A,HIS,329,A_HIS_329,23.88046511478961,20.0
A,HIS,363,A_HIS_363,17.894936053977993,18.0
A,ILE,339,A_ILE_339,19.22940822964732,26.0
A,LEU,290,A_LEU_290,1.8488763722781307,18.0
A,LEU,319,A_LEU_319,18.730246480600783,30.0
A,LEU,323,A_LEU_323,18.880703098172702,13.0
A,LEU,325,A_LEU_325,18.793147784162606,9.0
A,LEU,330,A_LEU_330,13.06436680803961,27.0
A,LEU,346,A_LEU_346,18.241847635515757,17.0
A,LEU,348,A_LEU_348,18.412653808906978,46.0
A,LEU,356,A_LEU_356,18.010790640804597,6.0
A,LEU,371,A_LEU_371,3.248588864012446,91.0
A,LYS,344,A_LYS_344,21.55000358184522,84.0
A,LYS,354,A_LYS_354,16.547958928928878,122.0
A,MET,327,A_MET_327,22.510942001274383,40.0
A,PHE,335,A_PHE_335,15.449213884488158,48.0
A,PHE,357,A_PHE_357,18.54228285542769,30.0
A,SER,321,A_SER_321,13.345571759613126,0.0
A,SER,336,A_SER_336,12.903186982156935,83.0
A,SER,341,A_SER_341,15.819797807004814,10.0
A,SER,350,A_SER_350,12.533700983069703,79.0
A,VAL,297,A_VAL_297,1.904374908609321,20.0
A,VAL,379,A_VAL_379,1.8541151161708496,0.0
