chain,resname,resnum,res_key,density,ACC
A,ALA,214,A_ALA_214,12.329908384952445,60.0
A,ALA,217,A_ALA_217,11.662456359243627,61.0
A,ARG,218,A_ARG_218,26.228267471181432,202.0
A,ARG,222,A_ARG_222,23.46402178670624,190.0
A,CYS,215,A_CYS_215,18.088228920720173,73.0
A,CYS,220,A_CYS_220,17.609204857408738,92.0
A,CYS,223,A_CYS_223,10.34574234261124,74.0
A,GLN,209,A_GLN_209,7.790779438265357,174.0
A,GLU,210,A_GLU_210,12.297808146606618,196.0
A,GLU,211,A_GLU_211,23.192808274365948,174.0
A,GLU,212,A_GLU_212,22.572601153754437,146.0
A,GLU,213,A_GLU_213,23.066599869507424,178.0
A,LEU,219,A_LEU_219,18.43961754810276,98.0
A,MET,216,A_MET_216,20.973185447589344,136.0
A,VAL,221,A_VAL_221,16.597322678299165,94.0
