chain,resname,resnum,res_key,density,ACC
A,ALA,70,A_ALA_70,5.662989212013624,40.0
A,ALA,103,A_ALA_103,11.937827582886875,58.0
A,ASN,18,A_ASN_18,10.022530354608303,2.0
A,CYS,80,A_CYS_80,2.690448646303129,10.0
A,CYS,89,A_CYS_89,5.918536964131208,98.0
A,CYS,97,A_CYS_97,18.662976137055853,30.0
A,CYS,104,A_CYS_104,15.412227280235848,71.0
A,GLU,105,A_GLU_105,4.5880290723882,37.0
A,GLU,219,A_GLU_219,23.124845302726925,13.0
A,GLY,76,A_GLY_76,10.658496687406686,2.0
A,GLY,79,A_GLY_79,11.018721547325963,0.0
A,GLY,92,A_GLY_92,10.930652075340433,24.0
A,ILE,100,A_ILE_100,19.154054821141653,98.0
A,ILE,215,A_ILE_215,3.576491131482389,61.0
A,ILE,217,A_ILE_217,4.657675307243158,70.0
A,LEU,78,A_LEU_78,18.36130914613124,16.0
A,LEU,90,A_LEU_90,15.900238582207791,25.0
A,LEU,91,A_LEU_91,16.769368934586943,0.0
A,LEU,98,A_LEU_98,17.46860439991446,3.0
A,LEU,101,A_LEU_101,18.245415311351262,52.0
A,MET,72,A_MET_72,14.555926509123148,56.0
A,MET,73,A_MET_73,11.168161217846832,67.0
A,MET,216,A_MET_216,22.17823547340931,14.0
A,MET,220,A_MET_220,22.07026709897426,23.0
A,MET,224,A_MET_224,1.5344737598068847,72.0
A,PHE,74,A_PHE_74,25.708318123403803,117.0
A,PHE,77,A_PHE_77,13.439412923493638,95.0
A,PHE,94,A_PHE_94,24.92227545610621,0.0
A,PHE,95,A_PHE_95,26.54297573925466,55.0
A,PHE,102,A_PHE_102,18.88198438325227,69.0
A,SER,223,A_SER_223,7.70370235597078,0.0
A,THR,93,A_THR_93,18.33902519220969,58.0
A,THR,96,A_THR_96,18.47215972832073,78.0
A,VAL,71,A_VAL_71,16.461255245619952,63.0
A,VAL,75,A_VAL_75,16.842058903916165,13.0
A,VAL,99,A_VAL_99,16.2612359945897,63.0
