chain,resname,resnum,res_key,density,ACC
A,ASN,130,A_ASN_130,20.294151960593588,110.0
A,CYS,123,A_CYS_123,3.3291413133426317,69.0
A,CYS,124,A_CYS_124,6.131816894705073,83.0
A,CYS,126,A_CYS_126,18.3829993593519,65.0
A,CYS,127,A_CYS_127,17.894391031595223,89.0
A,CYS,128,A_CYS_128,17.83941418541074,84.0
A,CYS,131,A_CYS_131,17.976215420701923,65.0
A,CYS,132,A_CYS_132,17.508958604328473,113.0
A,CYS,133,A_CYS_133,17.84701213325973,99.0
A,CYS,136,A_CYS_136,17.591295059136552,90.0
A,GLY,134,A_GLY_134,10.20071564232082,78.0
A,LEU,125,A_LEU_125,14.968427645331351,90.0
A,LYS,135,A_LYS_135,16.2943449209328,195.0
A,LYS,137,A_LYS_137,11.66610197810427,194.0
A,PHE,129,A_PHE_129,25.02808335176786,165.0
A,PRO,138,A_PRO_138,4.528466847375724,114.0
