chain,resname,resnum,res_key,density,ACC
A,ALA,203,A_ALA_203,12.705866896479836,42.0
A,ASP,204,A_ASP_204,21.23351488566347,98.0
A,CYS,198,A_CYS_198,12.32947061902242,59.0
A,CYS,205,A_CYS_205,17.53707646551672,82.0
A,CYS,207,A_CYS_207,18.12350875919901,99.0
A,ILE,200,A_ILE_200,17.27486412164126,104.0
A,LEU,197,A_LEU_197,6.275215388019469,113.0
A,LEU,206,A_LEU_206,17.78527752865064,135.0
A,LYS,210,A_LYS_210,6.779652889542287,199.0
A,MET,199,A_MET_199,16.259278145137134,132.0
A,PHE,201,A_PHE_201,25.533573061068857,137.0
A,PRO,208,A_PRO_208,16.581029843630755,89.0
A,SER,209,A_SER_209,15.578311318904136,105.0
A,VAL,202,A_VAL_202,17.3185543981321,77.0
