chain,resname,resnum,res_key,density,ACC
A,CYS,150,A_CYS_150,18.85692968609572,112.0
A,CYS,151,A_CYS_151,17.28795408010514,123.0
A,GLY,147,A_GLY_147,7.968236985577816,50.0
A,HIS,152,A_HIS_152,27.5399287579592,251.0
A,LYS,149,A_LYS_149,20.02564497431414,197.0
A,PRO,148,A_PRO_148,15.992771670707096,120.0
