chain,resname,resnum,res_key,density,ACC
A,ALA,127,A_ALA_127,12.468920091607846,11.0
A,ALA,133,A_ALA_133,2.499727836020837,59.0
A,ARG,128,A_ARG_128,26.532623160342396,71.0
A,ARG,134,A_ARG_134,8.760692575028239,141.0
A,ARG,135,A_ARG_135,26.894000944942764,14.0
A,ASN,124,A_ASN_124,21.455548341524143,74.0
A,CYS,103,A_CYS_103,5.444481764279826,46.0
A,CYS,125,A_CYS_125,18.737970948927163,60.0
A,CYS,126,A_CYS_126,17.958214310233537,89.0
A,CYS,130,A_CYS_130,17.36124308243516,109.0
A,CYS,131,A_CYS_131,18.05793385614444,45.0
A,GLU,121,A_GLU_121,5.1979860168933865,13.0
A,GLU,122,A_GLU_122,5.63619108312985,39.0
A,GLY,99,A_GLY_99,3.2048528266788687,64.0
A,GLY,132,A_GLY_132,11.177094463292644,36.0
A,LEU,129,A_LEU_129,18.775506936182943,154.0
A,LEU,156,A_LEU_156,5.764094321812317,108.0
A,PRO,136,A_PRO_136,15.831665438142624,26.0
A,SER,123,A_SER_123,15.987444387865487,94.0
A,THR,102,A_THR_102,17.70726011019853,74.0
A,TRP,100,A_TRP_100,17.69766269105834,199.0
