chain,resname,resnum,res_key,density,ACC
A,ALA,81,A_ALA_81,12.757943229674035,0.0
A,ARG,40,A_ARG_40,10.112477933364428,163.0
A,ARG,112,A_ARG_112,26.78339202567092,19.0
A,ARG,113,A_ARG_113,13.916676557646564,104.0
A,ASN,38,A_ASN_38,3.168148415552138,43.0
A,ASN,79,A_ASN_79,20.91216114226584,52.0
A,ASP,46,A_ASP_46,21.12576042771541,15.0
A,ASP,108,A_ASP_108,21.871157266946117,111.0
A,CYS,106,A_CYS_106,18.534041230183437,0.0
A,GLU,41,A_GLU_41,12.939523477997035,82.0
A,GLU,44,A_GLU_44,18.039381751600736,155.0
A,GLU,50,A_GLU_50,4.684014985060342,2.0
A,GLU,77,A_GLU_77,5.944261442596494,181.0
A,GLU,110,A_GLU_110,23.73638785949353,97.0
A,GLU,136,A_GLU_136,5.992068856540183,174.0
A,GLY,45,A_GLY_45,10.438486093155923,30.0
A,GLY,109,A_GLY_109,10.191883411095112,31.0
A,GLY,143,A_GLY_143,7.162403010417115,9.0
A,GLY,145,A_GLY_145,4.615234996808175,57.0
A,HIS,105,A_HIS_105,24.023114668771115,0.0
A,ILE,34,A_ILE_34,7.662782937120129,1.0
A,ILE,49,A_ILE_49,17.77675123290316,0.0
A,ILE,80,A_ILE_80,18.48689460086065,5.0
A,ILE,103,A_ILE_103,14.18718057048628,3.0
A,ILE,127,A_ILE_127,12.771119081192984,9.0
A,ILE,135,A_ILE_135,11.671474504296476,27.0
A,LEU,42,A_LEU_42,17.794683610309896,0.0
A,LEU,43,A_LEU_43,18.72912076486494,61.0
A,LYS,107,A_LYS_107,20.30552438357021,55.0
A,LYS,133,A_LYS_133,4.872471808582234,142.0
A,MET,48,A_MET_48,21.22793746456044,0.0
A,PHE,51,A_PHE_51,8.127833637543029,0.0
A,PHE,69,A_PHE_69,3.967716535511337,0.0
A,PHE,95,A_PHE_95,14.79132009343205,13.0
A,PHE,111,A_PHE_111,25.049654310214763,5.0
A,PHE,126,A_PHE_126,16.02574689167696,3.0
A,PHE,142,A_PHE_142,3.209683660950937,101.0
A,PRO,137,A_PRO_137,17.020447238418498,54.0
A,PRO,144,A_PRO_144,12.384495928319236,4.0
A,TRP,39,A_TRP_39,20.27081829335897,24.0
A,TRP,47,A_TRP_47,32.40417791361864,11.0
A,TRP,66,A_TRP_66,6.150923753668311,3.0
A,TRP,132,A_TRP_132,31.733251265882927,29.0
A,TYR,104,A_TYR_104,28.12823585753345,27.0
A,TYR,114,A_TYR_114,11.594106735415243,17.0
A,VAL,78,A_VAL_78,16.640362799619094,8.0
A,VAL,83,A_VAL_83,1.9179540531154435,0.0
A,VAL,138,A_VAL_138,16.77498774008464,50.0
