chain,resname,resnum,res_key,density,ACC
A,CYS,3,A_CYS_3,17.6953889718464,136.0
A,GLY,2,A_GLY_2,10.56398072147408,74.0
A,LYS,5,A_LYS_5,21.24322275007455,197.0
A,LYS,7,A_LYS_7,2.7341188438229214,192.0
A,MET,1,A_MET_1,21.714620521804317,243.0
A,MET,4,A_MET_4,21.790634398535744,185.0
A,SER,6,A_SER_6,16.102403261778797,97.0
