chain,resname,resnum,res_key,density,ACC
A,ALA,251,A_ALA_251,3.390814467885331,64.0
A,ARG,261,A_ARG_261,27.573645961374435,190.0
A,ARG,264,A_ARG_264,26.889145991929283,199.0
A,ARG,265,A_ARG_265,21.89042137349248,163.0
A,CYS,259,A_CYS_259,18.227602330168324,64.0
A,CYS,260,A_CYS_260,18.071847500081308,80.0
A,GLU,266,A_GLU_266,23.152123347021917,92.0
A,GLU,267,A_GLU_267,21.029092812874445,75.0
A,GLY,254,A_GLY_254,10.623029890545874,39.0
A,ILE,253,A_ILE_253,14.968316846006989,93.0
A,ILE,256,A_ILE_256,18.34594688787411,101.0
A,ILE,257,A_ILE_257,18.812479852806163,91.0
A,LEU,252,A_LEU_252,6.03714724926969,108.0
A,LEU,255,A_LEU_255,19.08362497327869,101.0
A,LYS,262,A_LYS_262,21.38915091738056,114.0
A,LYS,263,A_LYS_263,21.205777053960816,129.0
A,LYS,268,A_LYS_268,4.845060079702125,123.0
A,PHE,258,A_PHE_258,26.30436505265737,138.0
