chain,resname,resnum,res_key,density,ACC
A,ARG,48,A_ARG_48,10.948984214285542,221.0
A,CYS,44,A_CYS_44,18.075713896836746,99.0
A,CYS,45,A_CYS_45,17.674206707326228,138.0
A,CYS,47,A_CYS_47,18.14261025340397,128.0
A,HIS,40,A_HIS_40,3.3418767904641005,166.0
A,LEU,42,A_LEU_42,17.67078775574539,130.0
A,PHE,43,A_PHE_43,26.04325756677833,183.0
A,SER,41,A_SER_41,12.74548521767606,76.0
A,VAL,46,A_VAL_46,16.546277719405662,118.0
