chain,resname,resnum,res_key,density,ACC
A,ALA,271,A_ALA_271,12.686151804151972,57.0
A,ALA,280,A_ALA_280,12.262328056062644,53.0
A,ARG,278,A_ARG_278,26.57483762376692,209.0
A,CYS,277,A_CYS_277,19.086057919383173,88.0
A,GLN,284,A_GLN_284,16.91352515017345,142.0
A,GLY,281,A_GLY_281,10.704162929606312,44.0
A,GLY,283,A_GLY_283,10.203020296586724,59.0
A,HIS,275,A_HIS_275,24.204752803548043,137.0
A,ILE,268,A_ILE_268,3.1807221291048853,90.0
A,ILE,269,A_ILE_269,5.949005668734923,89.0
A,ILE,272,A_ILE_272,17.18812683805577,90.0
A,LEU,270,A_LEU_270,14.903508934645636,107.0
A,LEU,274,A_LEU_274,19.20224447770184,118.0
A,LYS,276,A_LYS_276,21.022235976816084,150.0
A,LYS,279,A_LYS_279,20.710694376950663,170.0
A,SER,273,A_SER_273,16.068065338374065,55.0
A,SER,285,A_SER_285,2.6591294847876066,90.0
A,VAL,282,A_VAL_282,16.30111486390728,120.0
