chain,resname,resnum,res_key,density,ACC
A,ALA,89,A_ALA_89,10.705147102951598,41.0
A,ALA,118,A_ALA_118,12.440461533171414,2.0
A,ALA,181,A_ALA_181,12.391894530098336,0.0
A,ALA,189,A_ALA_189,13.203799216653124,0.0
A,ARG,87,A_ARG_87,20.44675630228172,0.0
A,ARG,115,A_ARG_115,6.613149034252891,152.0
A,ARG,184,A_ARG_184,27.065459117107903,146.0
A,ARG,185,A_ARG_185,27.744230110859053,192.0
A,ARG,186,A_ARG_186,27.769851515363825,61.0
A,ASP,180,A_ASP_180,21.41798194896932,22.0
A,CYS,182,A_CYS_182,18.75514152732541,18.0
A,GLU,84,A_GLU_84,8.54340414089627,9.0
A,GLU,99,A_GLU_99,3.0740548933725886,112.0
A,GLU,183,A_GLU_183,24.089015858461188,70.0
A,GLY,175,A_GLY_175,10.197612973105056,0.0
A,GLY,191,A_GLY_191,4.752833022658974,45.0
A,ILE,114,A_ILE_114,16.092699931582793,53.0
A,LEU,93,A_LEU_93,2.959386500183101,88.0
A,LEU,94,A_LEU_94,4.412815253958357,12.0
A,LEU,190,A_LEU_190,18.45579045152573,28.0
A,LEU,192,A_LEU_192,2.785963465624344,87.0
A,LYS,92,A_LYS_92,20.76033274852237,108.0
A,LYS,95,A_LYS_95,18.747230929571064,59.0
A,PHE,88,A_PHE_88,25.971892812021355,90.0
A,PHE,178,A_PHE_178,25.45029657858064,8.0
A,PHE,179,A_PHE_179,25.990768941725317,2.0
A,THR,231,A_THR_231,7.463043437607907,15.0
A,TRP,174,A_TRP_174,7.265338465126704,0.0
A,TRP,188,A_TRP_188,26.085912515329937,148.0
A,TRP,227,A_TRP_227,3.721998716427824,55.0
A,TYR,90,A_TYR_90,10.210513516905625,0.0
A,TYR,91,A_TYR_91,28.70292608556564,7.0
A,TYR,187,A_TYR_187,29.635313917980717,165.0
A,VAL,85,A_VAL_85,3.116925234101781,88.0
A,VAL,176,A_VAL_176,14.319981456542296,20.0
A,VAL,177,A_VAL_177,17.328408696594245,0.0
A,VAL,193,A_VAL_193,11.34355980393426,0.0
A,VAL,194,A_VAL_194,2.291961532330576,35.0
