chain,resname,resnum,res_key,density,ACC
A,ALA,1048,A_ALA_1048,12.675194442064214,86.0
A,ARG,1052,A_ARG_1052,20.93576002456477,200.0
A,ASP,1051,A_ASP_1051,20.18663530038114,152.0
A,CYS,1049,A_CYS_1049,17.643837347840076,140.0
A,ILE,1050,A_ILE_1050,17.84846247389859,147.0
A,THR,1046,A_THR_1046,15.558282482025692,138.0
A,VAL,1047,A_VAL_1047,16.13360582165062,147.0
