chain,resname,resnum,res_key,density,ACC
A,ARG,231,A_ARG_231,27.449742670131304,160.0
A,ASN,232,A_ASN_232,20.069720273517493,119.0
A,CYS,6,A_CYS_6,15.690243698956232,95.0
A,CYS,89,A_CYS_89,2.756945009766014,98.0
A,CYS,227,A_CYS_227,19.26784999213512,20.0
A,CYS,228,A_CYS_228,18.373870439536883,68.0
A,GLN,88,A_GLN_88,23.24529942258223,81.0
A,GLU,4,A_GLU_4,6.01462973665998,146.0
A,GLU,86,A_GLU_86,18.36417596281193,45.0
A,GLU,219,A_GLU_219,3.2906257470429257,13.0
A,GLY,92,A_GLY_92,5.196693483049253,24.0
A,GLY,229,A_GLY_229,10.318906787335017,13.0
A,ILE,10,A_ILE_10,12.579841359718104,21.0
A,ILE,221,A_ILE_221,14.335640018938845,96.0
A,ILE,230,A_ILE_230,18.329022020935977,14.0
A,LEU,14,A_LEU_14,1.9256295712141704,1.0
A,LEU,91,A_LEU_91,18.51748700188713,0.0
A,LEU,222,A_LEU_222,14.634026056927484,16.0
A,LEU,226,A_LEU_226,18.93045404180967,0.0
A,LYS,8,A_LYS_8,2.600780533350552,93.0
A,LYS,11,A_LYS_11,6.669144095988896,35.0
A,MET,220,A_MET_220,6.3650825263167405,23.0
A,MET,224,A_MET_224,21.55082545604969,72.0
A,PHE,95,A_PHE_95,8.505978609357065,55.0
A,SER,87,A_SER_87,10.746836910226747,39.0
A,SER,223,A_SER_223,16.010306579918367,0.0
A,SER,233,A_SER_233,15.696643277180108,47.0
A,SER,234,A_SER_234,12.877065585106468,81.0
A,THR,7,A_THR_7,17.862792014826727,28.0
A,VAL,3,A_VAL_3,13.272245072887223,1.0
A,VAL,225,A_VAL_225,17.168431371504774,61.0
A,VAL,235,A_VAL_235,8.366990244051456,110.0
