chain,resname,resnum,res_key,density,ACC
A,CYS,343,A_CYS_343,16.750551710252033,95.0
A,GLY,342,A_GLY_342,10.611486652950882,75.0
A,LEU,337,A_LEU_337,3.363453599075803,123.0
A,LYS,345,A_LYS_345,20.28986844178061,197.0
A,PHE,344,A_PHE_344,25.76722297742818,192.0
A,PRO,340,A_PRO_340,16.152125882198625,108.0
A,PRO,341,A_PRO_341,16.01858546820489,118.0
A,SER,338,A_SER_338,10.213248802026817,112.0
A,SER,346,A_SER_346,15.57711736195311,101.0
A,SER,347,A_SER_347,2.529331064309258,111.0
A,TRP,339,A_TRP_339,33.02674528373365,205.0
