chain,resname,resnum,res_key,density,ACC
A,ALA,190,A_ALA_190,13.201544131220102,52.0
A,ALA,200,A_ALA_200,13.04092953146831,48.0
A,ARG,196,A_ARG_196,26.51279363373918,156.0
A,ARG,197,A_ARG_197,24.19818690492032,171.0
A,ARG,198,A_ARG_198,26.270555650188136,177.0
A,ARG,199,A_ARG_199,27.27683182526147,148.0
A,ARG,201,A_ARG_201,27.199480534758813,160.0
A,ARG,203,A_ARG_203,19.21147753174908,167.0
A,CYS,194,A_CYS_194,18.899985477850045,83.0
A,CYS,195,A_CYS_195,17.95428214250954,49.0
A,GLY,188,A_GLY_188,10.928490905399826,39.0
A,HIS,192,A_HIS_192,23.851861687256733,89.0
A,ILE,191,A_ILE_191,18.5693221416082,94.0
A,LEU,187,A_LEU_187,5.957866986868324,98.0
A,LEU,193,A_LEU_193,18.440698388388064,105.0
A,LEU,202,A_LEU_202,14.81243785134492,95.0
A,SER,186,A_SER_186,3.1279233693988293,64.0
A,VAL,189,A_VAL_189,15.048701255537765,78.0
