chain,resname,resnum,res_key,density,ACC
A,ALA,151,A_ALA_151,12.38513758931508,0.0
A,ALA,152,A_ALA_152,11.657449926710404,0.0
A,ALA,169,A_ALA_169,9.986503198801396,0.0
A,ALA,395,A_ALA_395,3.0824032139579125,0.0
A,ALA,501,A_ALA_501,10.236024333711493,28.0
A,ARG,145,A_ARG_145,27.3233668419401,95.0
A,ARG,401,A_ARG_401,13.108781927929176,40.0
A,ASN,139,A_ASN_139,17.52644012984209,84.0
A,ASN,150,A_ASN_150,20.739581109610768,45.0
A,ASN,170,A_ASN_170,16.581299193845588,65.0
A,ASN,498,A_ASN_498,5.846539655768419,4.0
A,ASP,141,A_ASP_141,22.60949394503977,124.0
A,ASP,146,A_ASP_146,22.106968968439453,106.0
A,ASP,166,A_ASP_166,2.811410765866498,91.0
A,ASP,174,A_ASP_174,2.8913865309811366,65.0
A,CYS,147,A_CYS_147,17.329149593095764,0.0
A,GLN,500,A_GLN_500,10.76593135430049,167.0
A,GLU,142,A_GLU_142,20.064250829034464,133.0
A,GLU,404,A_GLU_404,2.601097218028196,79.0
A,GLU,505,A_GLU_505,14.4992202656611,38.0
A,GLY,144,A_GLY_144,10.370817540441143,42.0
A,GLY,411,A_GLY_411,2.2148511403437023,0.0
A,GLY,502,A_GLY_502,9.659149704062369,6.0
A,ILE,137,A_ILE_137,4.486229363300536,49.0
A,ILE,149,A_ILE_149,19.38123941624924,22.0
A,LEU,143,A_LEU_143,17.978711099258177,48.0
A,LEU,148,A_LEU_148,17.556133238873073,14.0
A,LEU,177,A_LEU_177,6.154245269264318,64.0
A,LEU,403,A_LEU_403,17.98222313142233,28.0
A,LYS,153,A_LYS_153,16.631685346047547,88.0
A,LYS,400,A_LYS_400,10.812117052151496,37.0
A,LYS,406,A_LYS_406,15.678854512675375,113.0
A,LYS,499,A_LYS_499,20.201173681801496,66.0
A,PHE,504,A_PHE_504,25.391976172304272,1.0
A,PRO,410,A_PRO_410,9.27828374001616,0.0
A,PRO,506,A_PRO_506,15.805524968643592,2.0
A,SER,155,A_SER_155,4.848528427532461,6.0
A,SER,405,A_SER_405,8.883406572190491,43.0
A,SER,407,A_SER_407,16.03672717341516,17.0
A,THR,140,A_THR_140,18.185039991589026,16.0
A,THR,154,A_THR_154,14.909107384931012,21.0
A,THR,507,A_THR_507,5.819371929842717,4.0
A,VAL,138,A_VAL_138,16.380096597363607,3.0
A,VAL,172,A_VAL_172,6.013080405050302,0.0
A,VAL,173,A_VAL_173,16.416434727517036,0.0
A,VAL,398,A_VAL_398,14.025965620209888,2.0
A,VAL,399,A_VAL_399,16.13984216189686,0.0
A,VAL,402,A_VAL_402,16.878907887395805,0.0
A,VAL,408,A_VAL_408,16.15401552992013,0.0
A,VAL,409,A_VAL_409,13.571264213320116,0.0
A,VAL,503,A_VAL_503,15.755336138335098,42.0
