chain,resname,resnum,res_key,density,ACC
A,ARG,12,A_ARG_12,26.005405923933576,212.0
A,CYS,11,A_CYS_11,18.17912172527776,130.0
A,GLN,14,A_GLN_14,23.06153254107006,158.0
A,GLN,15,A_GLN_15,4.769275605188261,191.0
A,HIS,7,A_HIS_7,10.37691696242885,175.0
A,ILE,9,A_ILE_9,19.163965100768312,136.0
A,LEU,10,A_LEU_10,18.30964527318851,140.0
A,SER,8,A_SER_8,15.65425021534437,123.0
A,SER,13,A_SER_13,16.15671616073298,116.0
A,TYR,16,A_TYR_16,12.022204143991129,201.0
