chain,resname,resnum,res_key,density,ACC
A,ALA,476,A_ALA_476,9.582713200258825,0.0
A,ALA,643,A_ALA_643,12.44337999311392,37.0
A,ARG,316,A_ARG_316,16.105847156989736,12.0
A,ARG,423,A_ARG_423,26.32752374563066,14.0
A,ASP,430,A_ASP_430,10.812626056219436,0.0
A,ASP,641,A_ASP_641,3.0842866200400185,164.0
A,CYS,425,A_CYS_425,17.404543280991724,2.0
A,CYS,646,A_CYS_646,16.691187089248192,57.0
A,GLN,317,A_GLN_317,19.48700252189482,112.0
A,GLN,421,A_GLN_421,10.72773338342588,45.0
A,GLY,318,A_GLY_318,2.5992700532765283,22.0
A,GLY,649,A_GLY_649,11.02795325011452,19.0
A,ILE,478,A_ILE_478,10.564124097478771,20.0
A,LEU,420,A_LEU_420,12.211812832349604,1.0
A,LEU,426,A_LEU_426,18.60353542297119,0.0
A,LEU,644,A_LEU_644,18.37797840077569,58.0
A,LEU,650,A_LEU_650,4.628418688990732,117.0
A,LYS,477,A_LYS_477,9.846256360847688,4.0
A,MET,419,A_MET_419,5.833101271176561,0.0
A,PHE,319,A_PHE_319,20.029099799756345,36.0
A,PHE,642,A_PHE_642,10.351154937338029,88.0
A,PRO,424,A_PRO_424,16.137193683535834,78.0
A,PRO,645,A_PRO_645,15.714298160142036,110.0
A,PRO,647,A_PRO_647,15.565384320359025,75.0
A,PRO,648,A_PRO_648,15.880848550301742,123.0
A,SER,481,A_SER_481,15.52793172126936,46.0
A,THR,427,A_THR_427,11.656779458000264,31.0
A,THR,480,A_THR_480,17.44490144410045,70.0
A,TRP,479,A_TRP_479,17.172265603259227,0.0
A,VAL,422,A_VAL_422,14.108636020053106,22.0
