chain,resname,resnum,res_key,density
A,ALA,79,A_ALA_79,12.62765986310293
A,ALA,113,A_ALA_113,12.091667552243404
A,ALA,132,A_ALA_132,13.026017368995666
A,ALA,162,A_ALA_162,12.285190652938763
A,ARG,118,A_ARG_118,23.597947024510187
A,ASN,168,A_ASN_168,21.347925758238055
A,ASN,169,A_ASN_169,21.025017662793815
A,ASP,76,A_ASP_76,5.562982544804054
A,ASP,161,A_ASP_161,5.418971230315697
A,CYS,110,A_CYS_110,7.11619265295136
A,CYS,114,A_CYS_114,17.23974523826179
A,CYS,130,A_CYS_130,17.538805523712938
A,CYS,131,A_CYS_131,18.3749531057137
A,CYS,147,A_CYS_147,2.7215233755191286
A,GLN,115,A_GLN_115,22.95443778399325
A,GLN,116,A_GLN_116,22.17257960220882
A,GLN,134,A_GLN_134,12.30035375957979
A,GLN,158,A_GLN_158,7.870598129086501
A,GLY,94,A_GLY_94,10.913095149181487
A,GLY,98,A_GLY_98,10.211407632846752
A,GLY,146,A_GLY_146,3.0096974808148405
A,GLY,163,A_GLY_163,10.407533893423317
A,HIS,77,A_HIS_77,14.861314006803447
A,ILE,83,A_ILE_83,3.4551312121242557
A,ILE,136,A_ILE_136,17.277530227529862
A,ILE,166,A_ILE_166,14.235519884534819
A,ILE,174,A_ILE_174,2.1187965576043775
A,LEU,93,A_LEU_93,17.968966829848135
A,LEU,112,A_LEU_112,17.3365314313568
A,LEU,129,A_LEU_129,17.161539413218033
A,LEU,155,A_LEU_155,3.8132972084867314
A,LEU,164,A_LEU_164,18.210929878071923
A,LYS,97,A_LYS_97,18.60788506949095
A,LYS,160,A_LYS_160,2.5906621192971495
A,MET,348,A_MET_348,7.348738164680128
A,PHE,92,A_PHE_92,6.795827692237852
A,PHE,101,A_PHE_101,14.662424721085909
A,PHE,102,A_PHE_102,13.344097283225356
A,PHE,117,A_PHE_117,24.3558020382077
A,PHE,128,A_PHE_128,11.861730394002802
A,PHE,145,A_PHE_145,6.228214304397024
A,PHE,148,A_PHE_148,22.09774831039469
A,PHE,159,A_PHE_159,26.068976750703776
A,PHE,167,A_PHE_167,4.3848826813450685
A,PRO,95,A_PRO_95,15.59520626434144
A,PRO,135,A_PRO_135,15.993616034203082
A,SER,78,A_SER_78,15.790974722555392
A,SER,99,A_SER_99,15.578831071624116
A,SER,165,A_SER_165,15.642291484843316
A,SER,172,A_SER_172,2.810556402001596
A,THR,80,A_THR_80,17.405803465093566
A,THR,82,A_THR_82,2.725740320357429
A,THR,111,A_THR_111,14.447510738846958
A,THR,133,A_THR_133,17.57730016813706
A,THR,170,A_THR_170,17.534440027450966
A,TRP,171,A_TRP_171,16.858564757084565
A,VAL,81,A_VAL_81,16.16994424718945
A,VAL,96,A_VAL_96,17.128894047677708
A,VAL,100,A_VAL_100,15.946883819825832
A,VAL,119,A_VAL_119,5.061431184073264
A,VAL,127,A_VAL_127,13.048616974309201
A,VAL,221,A_VAL_221,5.998115785372724
