chain,resname,resnum,res_key,density
A,ALA,29,A_ALA_29,12.678283863629737
A,ALA,39,A_ALA_39,12.851600995645715
A,ALA,40,A_ALA_40,12.032451398641102
A,ALA,42,A_ALA_42,12.079858421916171
A,ALA,82,A_ALA_82,12.029432297496061
A,ARG,17,A_ARG_17,13.423723559327478
A,ARG,32,A_ARG_32,16.745614085173013
A,ARG,83,A_ARG_83,26.330694055136973
A,ARG,99,A_ARG_99,16.377515760635937
A,ASN,43,A_ASN_43,21.11610201730717
A,ASP,48,A_ASP_48,21.549732043423514
A,CYS,45,A_CYS_45,18.076644306250678
A,GLN,4,A_GLN_4,23.096745788154955
A,GLN,5,A_GLN_5,8.432047380939288
A,GLU,85,A_GLU_85,4.824590939553589
A,GLY,15,A_GLY_15,7.489210290507293
A,GLY,47,A_GLY_47,10.534042292040317
A,HIS,86,A_HIS_86,6.04373800885608
A,ILE,6,A_ILE_6,18.489110614727547
A,ILE,30,A_ILE_30,18.31372253348784
A,ILE,46,A_ILE_46,18.75590067073903
A,ILE,50,A_ILE_50,12.416132137894557
A,LEU,8,A_LEU_8,5.506272909105236
A,LEU,18,A_LEU_18,6.753792248265332
A,LEU,28,A_LEU_28,5.954419577784758
A,LEU,41,A_LEU_41,12.529071679212452
A,LEU,44,A_LEU_44,17.6359112512689
A,LEU,79,A_LEU_79,13.731008542370063
A,LEU,92,A_LEU_92,15.857742868820942
A,LYS,38,A_LYS_38,6.4983770909034835
A,LYS,87,A_LYS_87,14.922341103755443
A,PHE,16,A_PHE_16,24.83960575615991
A,PRO,35,A_PRO_35,10.047272134532
A,SER,31,A_SER_31,16.08497631762752
A,SER,37,A_SER_37,11.82289558538994
A,SER,84,A_SER_84,15.630864336524391
A,SER,90,A_SER_90,16.033556826040936
A,THR,2,A_THR_2,6.1240512837391545
A,THR,34,A_THR_34,13.173796359521043
A,THR,80,A_THR_80,5.808057072744752
A,THR,94,A_THR_94,1.9197575101345434
A,TRP,14,A_TRP_14,3.306230959677049
A,VAL,19,A_VAL_19,1.9998602867176958
A,VAL,33,A_VAL_33,15.788003156370845
A,VAL,49,A_VAL_49,16.865853570499578
A,VAL,81,A_VAL_81,17.07496433111401
A,VAL,88,A_VAL_88,16.576387222570744
