chain,resname,resnum,res_key,density
A,ALA,419,A_ALA_419,2.515809894395814
A,ARG,438,A_ARG_438,26.36233860519724
A,ASN,414,A_ASN_414,2.522166096606909
A,ASN,439,A_ASN_439,21.444531737232353
A,ASP,261,A_ASP_261,6.129255968638816
A,ASP,394,A_ASP_394,21.465828729693214
A,CYS,399,A_CYS_399,18.128347792243034
A,CYS,435,A_CYS_435,18.430141502522204
A,GLN,442,A_GLN_442,17.776128919061584
A,GLU,398,A_GLU_398,23.12339897207813
A,GLY,386,A_GLY_386,7.702736636398406
A,GLY,390,A_GLY_390,10.232252701182144
A,GLY,396,A_GLY_396,10.642066976067277
A,HIS,387,A_HIS_387,7.700490420684147
A,HIS,393,A_HIS_393,17.085335080104795
A,ILE,416,A_ILE_416,16.619693283618602
A,ILE,437,A_ILE_437,18.352488483371047
A,ILE,440,A_ILE_440,18.83289915945391
A,LEU,434,A_LEU_434,17.863263922980096
A,LYS,431,A_LYS_431,9.596145470172434
A,MET,417,A_MET_417,21.080245049413186
A,PHE,262,A_PHE_262,20.96047968798133
A,PHE,389,A_PHE_389,5.781545207558734
A,PHE,432,A_PHE_432,24.246366378604463
A,PRO,392,A_PRO_392,16.877531897906948
A,PRO,401,A_PRO_401,8.076396740258543
A,SER,263,A_SER_263,9.032686508918658
A,SER,391,A_SER_391,15.467043480551038
A,SER,395,A_SER_395,15.452378558632713
A,SER,433,A_SER_433,15.978661637455378
A,SER,436,A_SER_436,16.44577597335184
A,SER,441,A_SER_441,12.631476949177136
A,THR,260,A_THR_260,2.036362316701779
A,THR,397,A_THR_397,15.3615274365978
A,THR,400,A_THR_400,17.728207174092983
A,TYR,415,A_TYR_415,28.114608718921072
A,TYR,418,A_TYR_418,11.85472214918947
