chain,resname,resnum,res_key,density
A,ARG,789,A_ARG_789,27.327978586544152
A,ARG,794,A_ARG_794,25.84970040973664
A,ARG,802,A_ARG_802,18.501745132342105
A,ASN,793,A_ASN_793,12.765721093831596
A,ASP,651,A_ASP_651,2.537242409336681
A,ASP,786,A_ASP_786,21.52754858028612
A,ASP,796,A_ASP_796,21.85005983646271
A,CYS,799,A_CYS_799,18.017967872235158
A,CYS,800,A_CYS_800,17.698081185915065
A,GLN,790,A_GLN_790,19.815011567791608
A,GLU,791,A_GLU_791,5.659762316977261
A,GLY,803,A_GLY_803,10.319766021670272
A,ILE,787,A_ILE_787,8.373781158769171
A,ILE,797,A_ILE_797,18.831790294251014
A,LEU,649,A_LEU_649,13.423928062366755
A,LEU,656,A_LEU_656,3.0275322227412556
A,LEU,785,A_LEU_785,14.941748661977364
A,LEU,795,A_LEU_795,17.986184772812564
A,LYS,788,A_LYS_788,12.836376245622414
A,LYS,792,A_LYS_792,20.937037752563814
A,PHE,798,A_PHE_798,25.296837148185745
A,SER,652,A_SER_652,9.179592904009656
A,SER,655,A_SER_655,16.243971005536093
A,VAL,650,A_VAL_650,16.492597573773786
A,VAL,654,A_VAL_654,7.452907037133836
A,VAL,801,A_VAL_801,16.539959102180816
