chain,resname,resnum,res_key,density
A,CYS,127,A_CYS_127,17.987913089685392
A,CYS,132,A_CYS_132,12.412098990435046
A,LEU,123,A_LEU_123,17.59232473536778
A,LYS,130,A_LYS_130,21.42309575962165
A,PRO,121,A_PRO_121,16.084307707617203
A,PRO,122,A_PRO_122,16.453705363221264
A,PRO,124,A_PRO_124,16.288314415641832
A,PRO,128,A_PRO_128,16.075869183314143
A,PRO,131,A_PRO_131,16.20805567934112
A,SER,125,A_SER_125,15.630231128837652
A,TRP,120,A_TRP_120,7.795354284360442
A,TRP,126,A_TRP_126,32.30248383165392
A,VAL,129,A_VAL_129,16.61606860816742
