chain,resname,resnum,res_key,density
A,ARG,737,A_ARG_737,26.44878646249948
A,ARG,738,A_ARG_738,21.852289986273394
A,CYS,734,A_CYS_734,3.3480744152003425
A,CYS,740,A_CYS_740,17.9282505113295
A,GLY,741,A_GLY_741,10.940791980365574
A,ILE,735,A_ILE_735,5.360423332394698
A,LYS,742,A_LYS_742,20.194317682136507
A,LYS,743,A_LYS_743,16.32852155527672
A,MET,739,A_MET_739,21.895699830527228
A,THR,736,A_THR_736,11.894461313752135
