chain,resname,resnum,res_key,density
A,ALA,6,A_ALA_6,4.60172916875961
A,ARG,3,A_ARG_3,27.201419439181706
A,CYS,2,A_CYS_2,17.251762568708827
A,LEU,5,A_LEU_5,17.729357853846512
A,MET,1,A_MET_1,20.80055902812631
A,THR,4,A_THR_4,16.82506432504838
