chain,resname,resnum,res_key,density
A,ARG,611,A_ARG_611,24.293508041996198
A,CYS,609,A_CYS_609,18.679992098328363
A,GLY,606,A_GLY_606,11.082596387184473
A,GLY,614,A_GLY_614,10.926573320135672
A,HIS,610,A_HIS_610,24.56159329679836
A,HIS,613,A_HIS_613,24.400252035535992
A,ILE,602,A_ILE_602,16.899737620131447
A,LEU,600,A_LEU_600,3.481499745815319
A,LEU,601,A_LEU_601,5.982951600406007
A,LEU,603,A_LEU_603,17.031861222381046
A,LEU,604,A_LEU_604,18.275182353519725
A,LEU,608,A_LEU_608,17.883758286083424
A,LEU,615,A_LEU_615,18.72907481054509
A,LYS,619,A_LYS_619,2.856661593673091
A,MET,618,A_MET_618,18.798774995697944
A,PHE,612,A_PHE_612,24.612723354999666
A,THR,605,A_THR_605,17.49809443034963
A,TRP,616,A_TRP_616,20.037362776719547
A,TYR,617,A_TYR_617,28.51040460593264
A,VAL,607,A_VAL_607,17.009652079230893
