chain,resname,resnum,res_key,density
A,CYS,186,A_CYS_186,17.99992324384253
A,ILE,183,A_ILE_183,18.95465798883728
A,ILE,187,A_ILE_187,17.864638372018227
A,ILE,188,A_ILE_188,18.733208626236745
A,LYS,182,A_LYS_182,8.353803090370977
A,LYS,184,A_LYS_184,21.147265771515258
A,LYS,185,A_LYS_185,21.266000151807894
A,MET,189,A_MET_189,23.163915233994956
