chain,resname,resnum,res_key,density
A,ALA,42,A_ALA_42,11.800452916300507
A,ALA,44,A_ALA_44,13.137551561639096
A,CYS,49,A_CYS_49,18.329093833290695
A,GLY,43,A_GLY_43,10.515432048251899
A,GLY,54,A_GLY_54,10.166081910878237
A,GLY,57,A_GLY_57,4.548423200946176
A,HIS,52,A_HIS_52,23.9951250932533
A,ILE,40,A_ILE_40,3.331850244608189
A,ILE,56,A_ILE_56,18.953270465778655
A,LEU,47,A_LEU_47,18.871462049331477
A,LEU,50,A_LEU_50,17.617506049533166
A,LEU,51,A_LEU_51,18.55698613121858
A,PHE,48,A_PHE_48,25.701743567632178
A,PHE,53,A_PHE_53,25.807658334169616
A,THR,45,A_THR_45,18.001238503252146
A,THR,46,A_THR_46,18.062479845377773
A,VAL,41,A_VAL_41,5.506534908259708
A,VAL,55,A_VAL_55,16.726413114298083
