chain,resname,resnum,res_key,density
A,ALA,347,A_ALA_347,12.360392480866725
A,ALA,348,A_ALA_348,12.584857904324226
A,ASP,351,A_ASP_351,21.420938597990855
A,CYS,349,A_CYS_349,17.73138214422383
A,GLN,346,A_GLN_346,16.09832557817607
A,SER,350,A_SER_350,16.12250752095101
A,SER,352,A_SER_352,15.42815086617795
