chain,resname,resnum,res_key,density
A,ALA,12,A_ALA_12,12.564279698968004
A,ALA,24,A_ALA_24,12.237246749186196
A,ASN,42,A_ASN_42,6.237791654835054
A,ASN,84,A_ASN_84,20.33212652669109
A,ASN,86,A_ASN_86,2.5839448298262684
A,ASP,31,A_ASP_31,3.0142500512663832
A,ASP,95,A_ASP_95,18.631506822796307
A,CYS,27,A_CYS_27,18.552594374623624
A,CYS,83,A_CYS_83,17.155806645091086
A,GLU,99,A_GLU_99,10.774536528061192
A,GLY,26,A_GLY_26,10.810106776488142
A,GLY,49,A_GLY_49,2.7716755697721736
A,HIS,51,A_HIS_51,12.876674277744728
A,ILE,82,A_ILE_82,15.780347106562036
A,LEU,11,A_LEU_11,18.57679709301925
A,LEU,25,A_LEU_25,18.136035569900937
A,LEU,28,A_LEU_28,18.75944639371182
A,LEU,46,A_LEU_46,2.010333108449027
A,LEU,65,A_LEU_65,18.279207491174468
A,LYS,30,A_LYS_30,16.855081419168073
A,LYS,96,A_LYS_96,19.887102080904892
A,LYS,97,A_LYS_97,13.923793745733423
A,PHE,9,A_PHE_9,25.70729578781155
A,PHE,53,A_PHE_53,25.375261966256506
A,PRO,6,A_PRO_6,11.007318007013277
A,PRO,10,A_PRO_10,16.07763168185679
A,PRO,13,A_PRO_13,8.300774488447482
A,PRO,54,A_PRO_54,3.2221900379844968
A,SER,7,A_SER_7,11.976185423558064
A,SER,40,A_SER_40,15.928095287679437
A,SER,64,A_SER_64,12.445156136300785
A,SER,66,A_SER_66,16.11993442161821
A,SER,67,A_SER_67,15.614049573987742
A,THR,38,A_THR_38,10.582373646903886
A,THR,52,A_THR_52,16.8521811767822
A,THR,70,A_THR_70,2.5830040596752704
A,TRP,41,A_TRP_41,31.267175668493614
A,TYR,32,A_TYR_32,9.762317313128941
A,TYR,81,A_TYR_81,19.435690144472602
A,VAL,8,A_VAL_8,15.245362762474851
A,VAL,29,A_VAL_29,16.102134980485605
A,VAL,37,A_VAL_37,10.860385713622515
A,VAL,39,A_VAL_39,16.70062749120636
A,VAL,50,A_VAL_50,13.028855169970047
A,VAL,68,A_VAL_68,16.50594117700082
A,VAL,69,A_VAL_69,15.552188435694529
A,VAL,85,A_VAL_85,15.801515295392612
A,VAL,94,A_VAL_94,16.568161876117966
A,VAL,98,A_VAL_98,15.741784811631643
