chain,resname,resnum,res_key,density
A,ALA,235,A_ALA_235,10.361726663958027
A,ALA,340,A_ALA_340,3.0284806322525384
A,ALA,341,A_ALA_341,6.034452703903185
A,ALA,342,A_ALA_342,12.410185835136044
A,ARG,258,A_ARG_258,20.525928810961982
A,ARG,339,A_ARG_339,16.5725778638902
A,ARG,364,A_ARG_364,26.44416729274364
A,ASN,236,A_ASN_236,19.142624370970935
A,ASN,348,A_ASN_348,12.229490801354803
A,ASP,284,A_ASP_284,21.02979963612532
A,ASP,352,A_ASP_352,22.156782475458495
A,ASP,356,A_ASP_356,10.370201248392815
A,ASP,360,A_ASP_360,22.336641452571072
A,CYS,353,A_CYS_353,17.930553763625525
A,CYS,363,A_CYS_363,18.563984474551255
A,GLN,285,A_GLN_285,12.200791760397887
A,GLU,343,A_GLU_343,23.694096957846273
A,GLU,350,A_GLU_350,14.553063098788112
A,GLY,347,A_GLY_347,10.190563292402835
A,GLY,351,A_GLY_351,11.04378512664366
A,HIS,234,A_HIS_234,24.014623713841743
A,ILE,256,A_ILE_256,18.11112324299885
A,ILE,337,A_ILE_337,2.1095853855609055
A,LEU,232,A_LEU_232,11.579193303339919
A,LEU,246,A_LEU_246,1.9617074083060266
A,LEU,345,A_LEU_345,16.072497582971387
A,LYS,344,A_LYS_344,10.35842936318577
A,LYS,358,A_LYS_358,13.025470503522648
A,MET,283,A_MET_283,5.951407723794162
A,MET,349,A_MET_349,21.12073132688752
A,MET,365,A_MET_365,21.274221053544405
A,PHE,237,A_PHE_237,2.7747778050237146
A,PHE,346,A_PHE_346,25.19661856096319
A,PRO,354,A_PRO_354,16.4840267055632
A,SER,355,A_SER_355,16.084466272792493
A,SER,361,A_SER_361,15.682114320124033
A,THR,286,A_THR_286,12.264495266235405
A,THR,359,A_THR_359,17.010172170762832
A,THR,362,A_THR_362,18.62706048456148
A,THR,367,A_THR_367,4.513239697115384
A,TRP,357,A_TRP_357,31.68655590379433
A,TYR,247,A_TYR_247,7.583249384714508
A,TYR,282,A_TYR_282,25.98569444453132
A,VAL,233,A_VAL_233,12.005483205828495
A,VAL,257,A_VAL_257,9.814799334074548
A,VAL,366,A_VAL_366,14.595771684713888
