chain,resname,resnum,res_key,density
A,ALA,589,A_ALA_589,12.131899998397603
A,ARG,562,A_ARG_562,26.6051992662169
A,ARG,577,A_ARG_577,14.155513906958708
A,ASN,557,A_ASN_557,20.47989209607538
A,ASN,559,A_ASN_559,12.190126441391245
A,ASN,564,A_ASN_564,20.975727939195963
A,ASN,571,A_ASN_571,19.552773308947145
A,ASN,582,A_ASN_582,21.65280435983087
A,ASN,584,A_ASN_584,2.390196240218475
A,ASP,556,A_ASP_556,9.058152974174886
A,ASP,561,A_ASP_561,20.367331063586597
A,ASP,591,A_ASP_591,21.30092217028113
A,CYS,560,A_CYS_560,17.889289036745552
A,CYS,568,A_CYS_568,18.274496306336154
A,CYS,574,A_CYS_574,18.17816379266178
A,CYS,576,A_CYS_576,9.544174791025277
A,CYS,579,A_CYS_579,17.7340573960767
A,CYS,581,A_CYS_581,17.217461478706984
A,CYS,590,A_CYS_590,18.253227798823342
A,CYS,592,A_CYS_592,12.811821421872882
A,GLU,580,A_GLU_580,24.088232583827512
A,GLY,565,A_GLY_565,10.168166715642919
A,GLY,569,A_GLY_569,10.530112472536725
A,GLY,570,A_GLY_570,10.236323062116801
A,GLY,572,A_GLY_572,9.473131907191654
A,GLY,587,A_GLY_587,10.214588823434166
A,ILE,567,A_ILE_567,18.17625885798281
A,LEU,566,A_LEU_566,18.438963271645623
A,LYS,575,A_LYS_575,18.122166850981497
A,PHE,558,A_PHE_558,13.769224306144393
A,PRO,583,A_PRO_583,2.60253190673306
A,SER,563,A_SER_563,15.49216791218145
A,SER,588,A_SER_588,15.831069789078802
A,SER,593,A_SER_593,2.6408022811570464
A,THR,586,A_THR_586,15.58516793055427
A,TYR,585,A_TYR_585,27.724104224000442
A,VAL,573,A_VAL_573,16.510158020629593
A,VAL,578,A_VAL_578,16.8516292957758
