chain,resname,resnum,res_key,density
A,CYS,3,A_CYS_3,17.58805897808163
A,CYS,5,A_CYS_5,18.596180456753984
A,GLY,2,A_GLY_2,10.159734043485727
A,GLY,4,A_GLY_4,9.720334056062416
A,HIS,8,A_HIS_8,15.794889123349286
A,SER,6,A_SER_6,16.164887700781016
A,SER,7,A_SER_7,16.287506689553926
