chain,resname,resnum,res_key,density
A,ASP,8,A_ASP_8,21.37160125187382
A,CYS,3,A_CYS_3,17.265747975523077
A,CYS,6,A_CYS_6,17.677159583603817
A,GLN,5,A_GLN_5,22.208763842018875
A,LYS,7,A_LYS_7,20.712623103586907
A,LYS,9,A_LYS_9,17.975997728756383
A,VAL,4,A_VAL_4,15.976732668018315
