chain,resname,resnum,res_key,density
A,ALA,314,A_ALA_314,11.656786056136943
A,ARG,316,A_ARG_316,20.383969458056498
A,ASN,298,A_ASN_298,10.608413514577274
A,ASP,267,A_ASP_267,3.360456259074094
A,ASP,292,A_ASP_292,20.972648294497127
A,ASP,294,A_ASP_294,22.61692501377705
A,CYS,312,A_CYS_312,17.656871662575085
A,GLN,299,A_GLN_299,22.186346511854723
A,GLU,303,A_GLU_303,4.510393465241863
A,GLU,310,A_GLU_310,23.660688683780478
A,GLU,311,A_GLU_311,21.995288019478004
A,GLU,332,A_GLU_332,22.556648336668225
A,GLU,333,A_GLU_333,6.063524196157245
A,GLY,306,A_GLY_306,10.441077390391122
A,HIS,295,A_HIS_295,7.913194876830401
A,ILE,291,A_ILE_291,18.808615057391574
A,ILE,301,A_ILE_301,6.031921125701881
A,LEU,258,A_LEU_258,10.108667589627672
A,LEU,259,A_LEU_259,18.7586518132104
A,LEU,261,A_LEU_261,18.12474168058969
A,LEU,302,A_LEU_302,19.1547832669265
A,LEU,307,A_LEU_307,18.20604728368018
A,LEU,334,A_LEU_334,12.69716812211875
A,LYS,263,A_LYS_263,13.437117698304878
A,LYS,271,A_LYS_271,12.484515276129454
A,LYS,308,A_LYS_308,18.09721811519255
A,LYS,309,A_LYS_309,19.884587117448252
A,LYS,328,A_LYS_328,4.380741880150633
A,PHE,260,A_PHE_260,25.799936803070914
A,PHE,290,A_PHE_290,8.065499103943822
A,PHE,305,A_PHE_305,13.612593058857263
A,PRO,262,A_PRO_262,16.50971496674967
A,PRO,313,A_PRO_313,17.314684801472552
A,PRO,329,A_PRO_329,1.9789759937958877
A,SER,264,A_SER_264,16.39759349434424
A,SER,266,A_SER_266,16.763126325963658
A,SER,293,A_SER_293,15.43631195213363
A,TYR,268,A_TYR_268,12.968849820414237
A,VAL,265,A_VAL_265,16.444662208844633
A,VAL,315,A_VAL_315,16.4546544597135
