chain,resname,resnum,res_key,density
A,ARG,314,A_ARG_314,6.2695285440521875
A,ASN,315,A_ASN_315,13.033610447378257
A,ASN,326,A_ASN_326,20.80013621051967
A,CYS,316,A_CYS_316,11.762563612593256
A,CYS,322,A_CYS_322,18.624071285794898
A,CYS,323,A_CYS_323,18.32398148581719
A,GLY,324,A_GLY_324,10.341146206934704
A,GLY,329,A_GLY_329,7.739963738274935
A,HIS,65,A_HIS_65,11.577685469843743
A,ILE,321,A_ILE_321,18.202729247288698
A,LEU,57,A_LEU_57,5.362445281055748
A,LEU,318,A_LEU_318,19.21964053427777
A,LEU,328,A_LEU_328,15.6170650134593
A,LYS,325,A_LYS_325,20.81312446802387
A,MET,317,A_MET_317,20.387738155924076
A,PHE,313,A_PHE_313,3.5222929518631294
A,PRO,327,A_PRO_327,16.251273747957136
A,THR,319,A_THR_319,17.987104273958504
A,THR,320,A_THR_320,17.496925013201935
A,TYR,60,A_TYR_60,10.25146670889934
A,VAL,61,A_VAL_61,5.954897975984864
