chain,resname,resnum,res_key,density
A,ALA,891,A_ALA_891,12.326869940178739
A,ASN,854,A_ASN_854,6.0905846522156075
A,ASN,856,A_ASN_856,20.90575235740031
A,ASN,884,A_ASN_884,20.56263205950003
A,ASN,898,A_ASN_898,13.365493393831665
A,ASN,908,A_ASN_908,6.3293172535807
A,CYS,882,A_CYS_882,16.953529713087477
A,CYS,894,A_CYS_894,17.759060925375053
A,GLU,855,A_GLU_855,12.905311856133052
A,GLU,859,A_GLU_859,24.191084285471685
A,GLU,873,A_GLU_873,10.895013567198943
A,GLU,883,A_GLU_883,23.210721924073447
A,GLU,910,A_GLU_910,10.138534068863809
A,GLY,878,A_GLY_878,2.4727994713266446
A,HIS,886,A_HIS_886,23.223160751422174
A,HIS,888,A_HIS_888,6.917994786764185
A,ILE,850,A_ILE_850,13.223034444082067
A,ILE,860,A_ILE_860,18.090785516622876
A,ILE,865,A_ILE_865,3.9060333539877767
A,ILE,885,A_ILE_885,18.49919371580862
A,ILE,909,A_ILE_909,17.8061956714188
A,LEU,858,A_LEU_858,17.697606350394693
A,LEU,875,A_LEU_875,17.796904610395213
A,LEU,887,A_LEU_887,15.583690002056928
A,LEU,893,A_LEU_893,17.291299664637656
A,LEU,900,A_LEU_900,5.6967121763240485
A,LEU,901,A_LEU_901,6.063200443116701
A,LEU,907,A_LEU_907,7.224003517610633
A,LEU,920,A_LEU_920,6.106073029104168
A,LYS,861,A_LYS_861,8.841446647883386
A,LYS,871,A_LYS_871,13.110934486858046
A,LYS,876,A_LYS_876,14.273819483908177
A,LYS,880,A_LYS_880,12.067062034043156
A,LYS,922,A_LYS_922,5.531440205673671
A,MET,849,A_MET_849,5.530095648002236
A,PHE,841,A_PHE_841,8.563972160821766
A,PHE,844,A_PHE_844,12.97327072268077
A,PRO,897,A_PRO_897,15.669029194784356
A,SER,851,A_SER_851,3.1644070850930657
A,SER,881,A_SER_881,14.7668314443845
A,THR,895,A_THR_895,17.10643047110992
A,TRP,911,A_TRP_911,8.67665261393359
A,VAL,848,A_VAL_848,13.224841906603688
A,VAL,857,A_VAL_857,16.386816493844314
A,VAL,870,A_VAL_870,12.994018842125675
A,VAL,874,A_VAL_874,11.813557151732805
A,VAL,877,A_VAL_877,15.056481124146785
A,VAL,892,A_VAL_892,16.151392583675758
A,VAL,896,A_VAL_896,16.776460088177362
A,VAL,923,A_VAL_923,10.200004432039794
