chain,resname,resnum,res_key,density
A,CYS,3,A_CYS_3,17.289360625835865
A,GLY,2,A_GLY_2,10.536594784160936
A,LYS,5,A_LYS_5,21.158545248736612
A,MET,1,A_MET_1,21.457135182857638
A,MET,4,A_MET_4,20.309462836832576
A,SER,6,A_SER_6,15.73314294061056
