chain,resname,resnum,res_key,density
A,ALA,15,A_ALA_15,12.631798944708878
A,CYS,17,A_CYS_17,18.372870748716394
A,GLY,14,A_GLY_14,9.945905946736001
A,GLY,16,A_GLY_16,10.138112206174268
A,GLY,19,A_GLY_19,10.551288706408396
A,GLY,20,A_GLY_20,10.384337932761838
A,GLY,21,A_GLY_21,2.4454637519707623
A,SER,18,A_SER_18,15.23631605384219
