chain,resname,resnum,res_key,density
A,ALA,606,A_ALA_606,12.07989894649333
A,ALA,725,A_ALA_725,13.05084050070435
A,ALA,731,A_ALA_731,12.557961644831181
A,ALA,736,A_ALA_736,8.691666960913992
A,ARG,601,A_ARG_601,16.567480309738272
A,ARG,607,A_ARG_607,5.392653521155157
A,ARG,701,A_ARG_701,3.4714801867627827
A,ARG,726,A_ARG_726,11.126860074380557
A,ARG,727,A_ARG_727,26.237859827839067
A,ASN,588,A_ASN_588,20.441632717253185
A,ASN,853,A_ASN_853,8.64167554251359
A,ASP,703,A_ASP_703,18.29226237229456
A,ASP,706,A_ASP_706,17.950703546257515
A,ASP,852,A_ASP_852,13.377189653280602
A,ASP,856,A_ASP_856,21.05432781044119
A,CYS,591,A_CYS_591,18.67770134556346
A,CYS,728,A_CYS_728,17.69085319102195
A,GLU,586,A_GLU_586,16.90218432563924
A,HIS,705,A_HIS_705,23.66831434461941
A,ILE,665,A_ILE_665,4.180439086486151
A,LEU,590,A_LEU_590,17.480157350821468
A,LEU,592,A_LEU_592,18.179420127367955
A,LEU,602,A_LEU_602,17.395810902932826
A,LEU,662,A_LEU_662,2.011501497214427
A,LEU,729,A_LEU_729,18.62807138713649
A,LEU,734,A_LEU_734,18.44254448890068
A,LEU,851,A_LEU_851,17.82196309266219
A,LEU,855,A_LEU_855,17.56518836619896
A,LEU,858,A_LEU_858,14.970242416077566
A,LYS,594,A_LYS_594,20.85725904808624
A,LYS,605,A_LYS_605,20.758843142518437
A,LYS,857,A_LYS_857,14.316160906068365
A,MET,604,A_MET_604,21.220520842627245
A,PHE,702,A_PHE_702,24.424626874032942
A,PHE,854,A_PHE_854,22.112079572179866
A,SER,587,A_SER_587,15.364082716679901
A,SER,593,A_SER_593,14.584220863853517
A,SER,732,A_SER_732,16.494653706969356
A,THR,724,A_THR_724,11.553827731397318
A,THR,735,A_THR_735,18.30127070636046
A,TYR,603,A_TYR_603,28.474158192831112
A,TYR,730,A_TYR_730,18.97001435262191
A,VAL,589,A_VAL_589,16.320911500512555
A,VAL,704,A_VAL_704,16.484486126786766
A,VAL,707,A_VAL_707,8.94910516677584
A,VAL,733,A_VAL_733,16.793030231915836
