chain,resname,resnum,res_key,density
A,ALA,777,A_ALA_777,2.7474191308823523
A,ALA,808,A_ALA_808,12.041634543413618
A,ARG,162,A_ARG_162,8.239592626929827
A,ARG,801,A_ARG_801,10.165019065623664
A,ASN,803,A_ASN_803,5.4909649629842345
A,CYS,136,A_CYS_136,7.107327430072146
A,CYS,751,A_CYS_751,18.60450803203984
A,GLN,750,A_GLN_750,22.332525969399903
A,GLN,754,A_GLN_754,22.360354754664186
A,GLN,775,A_GLN_775,22.683493951800305
A,GLN,807,A_GLN_807,23.19010227862687
A,GLN,811,A_GLN_811,4.876799115667663
A,GLU,748,A_GLU_748,23.359843784202866
A,GLU,753,A_GLU_753,22.72660810584108
A,GLU,772,A_GLU_772,4.949606200913984
A,GLU,773,A_GLU_773,23.34511651904574
A,GLY,757,A_GLY_757,10.524870416080667
A,GLY,758,A_GLY_758,10.990226845423427
A,GLY,805,A_GLY_805,10.218015067587693
A,GLY,806,A_GLY_806,10.47433236857994
A,HIS,27,A_HIS_27,6.412811955170374
A,ILE,749,A_ILE_749,18.170884702578046
A,ILE,759,A_ILE_759,18.963064724779965
A,LEU,763,A_LEU_763,3.912641019331028
A,LEU,800,A_LEU_800,16.041880032321675
A,LYS,785,A_LYS_785,11.371105753884203
A,MET,781,A_MET_781,20.354467404775153
A,PHE,782,A_PHE_782,24.29398763897845
A,PHE,796,A_PHE_796,2.218261455403915
A,PHE,809,A_PHE_809,18.8691534646916
A,PRO,752,A_PRO_752,15.053421043107974
A,PRO,780,A_PRO_780,16.071463757047646
A,PRO,810,A_PRO_810,16.460689061870685
A,SER,133,A_SER_133,16.069775386587665
A,SER,774,A_SER_774,16.171954001555267
A,THR,779,A_THR_779,17.95489264826206
A,THR,804,A_THR_804,18.534104330289725
A,TYR,760,A_TYR_760,18.96490244228388
A,VAL,132,A_VAL_132,7.29658396152522
A,VAL,747,A_VAL_747,7.526920151795831
A,VAL,755,A_VAL_755,16.48478622112738
A,VAL,756,A_VAL_756,16.29193055096327
A,VAL,770,A_VAL_770,2.038518386233237
A,VAL,776,A_VAL_776,16.91753732406937
A,VAL,783,A_VAL_783,15.89536285751429
A,VAL,784,A_VAL_784,16.4070225276686
