chain,resname,resnum,res_key,density
A,ALA,686,A_ALA_686,7.590434620787465
A,ALA,691,A_ALA_691,12.486026646044825
A,ALA,836,A_ALA_836,12.034921143413332
A,ARG,506,A_ARG_506,12.670290829049858
A,ARG,580,A_ARG_580,24.782101791456412
A,ARG,698,A_ARG_698,2.6987993168766105
A,ARG,726,A_ARG_726,5.283931658040401
A,ARG,739,A_ARG_739,10.719295793732487
A,ARG,830,A_ARG_830,3.461227642274701
A,ARG,839,A_ARG_839,25.707456374133603
A,ARG,841,A_ARG_841,26.874503580835476
A,ASN,696,A_ASN_696,21.843196034510758
A,CYS,693,A_CYS_693,18.16190660508046
A,GLN,833,A_GLN_833,10.430438923637404
A,GLU,539,A_GLU_539,12.452891916032526
A,GLU,540,A_GLU_540,5.463236690712529
A,GLU,581,A_GLU_581,23.488288834471852
A,GLU,689,A_GLU_689,23.63409410227769
A,GLU,694,A_GLU_694,23.274384658161505
A,GLU,695,A_GLU_695,23.505911348586974
A,GLU,837,A_GLU_837,19.99421040234132
A,GLU,846,A_GLU_846,14.735883119142283
A,GLY,690,A_GLY_690,10.869520893441663
A,GLY,843,A_GLY_843,10.508365679414768
A,GLY,847,A_GLY_847,10.05149594990198
A,ILE,848,A_ILE_848,17.348387676983794
A,LEU,692,A_LEU_692,18.438708854315255
A,LEU,734,A_LEU_734,5.7481470531497685
A,LEU,740,A_LEU_740,18.548915454986158
A,LEU,820,A_LEU_820,1.7554528472973712
A,LEU,844,A_LEU_844,18.754424752592428
A,LYS,688,A_LYS_688,14.662992636161725
A,LYS,840,A_LYS_840,13.849245009221425
A,LYS,842,A_LYS_842,20.21519784549433
A,LYS,845,A_LYS_845,12.207695922864094
A,MET,697,A_MET_697,21.38927236011396
A,MET,741,A_MET_741,12.391338206096307
A,PHE,825,A_PHE_825,11.542062922900337
A,PHE,854,A_PHE_854,4.150327884704691
A,PRO,738,A_PRO_738,11.59281667131451
A,PRO,824,A_PRO_824,15.14237926918797
A,PRO,831,A_PRO_831,12.108755906687122
A,PRO,849,A_PRO_849,15.8605925777653
A,SER,578,A_SER_578,15.829251225756494
A,SER,832,A_SER_832,15.593818468764734
A,THR,582,A_THR_582,11.050980476668997
A,THR,687,A_THR_687,7.424658525713701
A,THR,838,A_THR_838,17.678169075602664
A,TRP,685,A_TRP_685,3.2161138128291547
A,TYR,579,A_TYR_579,28.31314016597998
A,TYR,730,A_TYR_730,17.584077205853568
A,VAL,577,A_VAL_577,7.606310389831176
A,VAL,733,A_VAL_733,5.947901378849395
A,VAL,834,A_VAL_834,16.546726343754614
A,VAL,835,A_VAL_835,16.900457727070666
