chain,resname,resnum,res_key,density
A,ALA,436,A_ALA_436,12.418551535820672
A,ARG,61,A_ARG_61,16.76912173515814
A,CYS,443,A_CYS_443,20.942067324842014
A,HIS,442,A_HIS_442,23.46229483175822
A,ILE,440,A_ILE_440,18.797405407757143
A,LEU,54,A_LEU_54,5.999032709744516
A,LEU,438,A_LEU_438,16.360621349242788
A,LEU,441,A_LEU_441,18.96088673575215
A,LYS,435,A_LYS_435,5.590839533305817
A,LYS,439,A_LYS_439,21.362043059563998
A,MET,57,A_MET_57,14.165822971111554
A,PHE,50,A_PHE_50,4.304365487103057
A,PHE,437,A_PHE_437,12.775583962880125
