chain,resname,resnum,res_key,density
A,ALA,200,A_ALA_200,12.702813820277818
A,ALA,380,A_ALA_380,10.568841403280093
A,ARG,203,A_ARG_203,26.887900166323544
A,ARG,355,A_ARG_355,27.7292506693501
A,ARG,378,A_ARG_378,24.931772881232508
A,ASN,217,A_ASN_217,8.004710185088118
A,ASN,381,A_ASN_381,5.095748736674468
A,ASP,358,A_ASP_358,21.116393855525242
A,ASP,359,A_ASP_359,21.74490119472128
A,ASP,382,A_ASP_382,8.291376332755236
A,CYS,357,A_CYS_357,17.71712036016637
A,CYS,385,A_CYS_385,6.373248339668939
A,GLN,353,A_GLN_353,2.458013739997671
A,GLU,207,A_GLU_207,18.48962957594659
A,GLU,354,A_GLU_354,23.895647897352283
A,GLU,360,A_GLU_360,23.620565695695685
A,GLY,202,A_GLY_202,10.16784933300014
A,GLY,379,A_GLY_379,9.975323437761606
A,HIS,201,A_HIS_201,23.65612673369849
A,ILE,356,A_ILE_356,17.838419894504803
A,ILE,376,A_ILE_376,15.282733390053831
A,LEU,198,A_LEU_198,7.795404591205076
A,LEU,361,A_LEU_361,17.23594963513577
A,LEU,377,A_LEU_377,10.786709766913116
A,LYS,199,A_LYS_199,12.742627312189342
A,MET,209,A_MET_209,8.726685055322614
A,SER,204,A_SER_204,5.516574535287301
A,VAL,219,A_VAL_219,1.7499065843632795
