chain,resname,resnum,res_key,density
A,ALA,581,A_ALA_581,3.5356744337830754
A,ALA,601,A_ALA_601,5.8869512517749785
A,ALA,721,A_ALA_721,4.320643983677256
A,ALA,745,A_ALA_745,5.034595137560418
A,ARG,580,A_ARG_580,26.01525943183796
A,ARG,738,A_ARG_738,18.614202990002884
A,ASN,714,A_ASN_714,20.26242991113796
A,ASP,713,A_ASP_713,21.370717814293567
A,CYS,717,A_CYS_717,18.03830750984085
A,GLN,710,A_GLN_710,20.103240459472794
A,GLN,712,A_GLN_712,21.805968821846577
A,GLU,600,A_GLU_600,20.50264210328624
A,GLU,715,A_GLU_715,23.595363699231942
A,GLU,720,A_GLU_720,17.392777817850806
A,GLY,716,A_GLY_716,9.556259181469843
A,HIS,743,A_HIS_743,24.083688848935438
A,ILE,602,A_ILE_602,17.761062902745422
A,LYS,739,A_LYS_739,20.48285009196293
A,LYS,742,A_LYS_742,15.416361926065393
A,PRO,718,A_PRO_718,16.341447962131
A,PRO,737,A_PRO_737,15.69787743146325
A,PRO,740,A_PRO_740,2.8754388652984146
A,THR,744,A_THR_744,17.227729535640528
A,TRP,582,A_TRP_582,22.781716545769314
A,TYR,735,A_TYR_735,8.106734549542388
A,VAL,711,A_VAL_711,16.64548830275801
A,VAL,719,A_VAL_719,15.138921107874264
A,VAL,736,A_VAL_736,9.919013966999712
A,VAL,741,A_VAL_741,16.021798274835714
A,VAL,763,A_VAL_763,1.735977638848553
