chain,resname,resnum,res_key,density
A,ALA,2555,A_ALA_2555,12.242825836347293
A,ALA,2557,A_ALA_2557,12.70811574042877
A,ALA,2562,A_ALA_2562,12.14359010513502
A,ALA,2585,A_ALA_2585,11.972002705495466
A,ARG,2612,A_ARG_2612,27.521715382337874
A,ASN,2587,A_ASN_2587,19.898918173569378
A,ASN,2588,A_ASN_2588,20.438299896372897
A,ASP,2556,A_ASP_2556,21.817099270553513
A,ASP,2581,A_ASP_2581,20.85342491651085
A,CYS,2582,A_CYS_2582,17.902152469433176
A,GLU,2635,A_GLU_2635,6.715513107809736
A,GLY,2586,A_GLY_2586,9.923925655918543
A,GLY,2610,A_GLY_2610,10.267602169682572
A,GLY,2633,A_GLY_2633,9.846564346432013
A,HIS,2608,A_HIS_2608,23.317040594482116
A,HIS,2636,A_HIS_2636,5.597497632056757
A,ILE,2637,A_ILE_2637,19.057824924495257
A,LEU,2590,A_LEU_2590,17.461908475618827
A,LEU,2591,A_LEU_2591,10.41172975083106
A,LEU,2613,A_LEU_2613,18.015964497675757
A,LYS,2559,A_LYS_2559,20.43209481484388
A,LYS,2563,A_LYS_2563,14.07021613992034
A,LYS,2584,A_LYS_2584,19.864151091463295
A,LYS,2607,A_LYS_2607,5.567658756375548
A,LYS,2631,A_LYS_2631,12.424610784579846
A,MET,2589,A_MET_2589,13.971330115799915
A,PHE,2578,A_PHE_2578,10.152075028181258
A,PRO,2554,A_PRO_2554,6.086501900530852
A,PRO,2638,A_PRO_2638,9.971825326735257
A,SER,2558,A_SER_2558,15.978808423426191
A,SER,2583,A_SER_2583,15.71758940471891
A,SER,2611,A_SER_2611,14.830455376535797
A,SER,2615,A_SER_2615,7.2824902060403005
A,THR,2579,A_THR_2579,16.66608778599063
A,TRP,2632,A_TRP_2632,30.246362179824423
A,TYR,2614,A_TYR_2614,27.453960319135486
A,TYR,2642,A_TYR_2642,3.0492861858924214
A,VAL,2560,A_VAL_2560,16.362319359460066
A,VAL,2561,A_VAL_2561,15.504122051116752
A,VAL,2580,A_VAL_2580,16.197791900610603
A,VAL,2592,A_VAL_2592,1.9795336006558628
A,VAL,2606,A_VAL_2606,2.132895123592738
A,VAL,2609,A_VAL_2609,13.8196449202843
A,VAL,2616,A_VAL_2616,4.47452711893272
A,VAL,2630,A_VAL_2630,13.289157440384137
