chain,resname,resnum,res_key,density
A,ALA,145,A_ALA_145,10.782069889879924
A,ALA,149,A_ALA_149,12.3489609735554
A,ALA,156,A_ALA_156,11.967986680569652
A,ALA,184,A_ALA_184,12.813332096261833
A,ARG,140,A_ARG_140,7.7634698292736175
A,ASN,130,A_ASN_130,2.934185140673074
A,ASN,151,A_ASN_151,21.15690774036747
A,ASP,165,A_ASP_165,18.85435372190995
A,ASP,183,A_ASP_183,21.936285723461104
A,CYS,152,A_CYS_152,17.621550798629112
A,CYS,153,A_CYS_153,17.550121719812985
A,CYS,167,A_CYS_167,18.027533017152493
A,CYS,181,A_CYS_181,17.844913850856436
A,GLN,161,A_GLN_161,22.485165416556974
A,GLU,141,A_GLU_141,3.2647459474579734
A,GLU,160,A_GLU_160,23.146108094590673
A,GLU,174,A_GLU_174,9.672174049638961
A,GLY,154,A_GLY_154,10.635983270834853
A,GLY,157,A_GLY_157,10.65600685648087
A,GLY,158,A_GLY_158,10.555628901088252
A,HIS,147,A_HIS_147,24.2646725701004
A,ILE,146,A_ILE_146,18.492211638994803
A,ILE,163,A_ILE_163,19.152905771299274
A,ILE,166,A_ILE_166,18.035677087177046
A,ILE,185,A_ILE_185,10.861396257406406
A,LEU,143,A_LEU_143,18.922371590811274
A,LEU,150,A_LEU_150,18.361018181453154
A,LEU,155,A_LEU_155,18.422516568726646
A,LYS,126,A_LYS_126,4.69521234832247
A,LYS,133,A_LYS_133,14.648558533971379
A,LYS,144,A_LYS_144,21.362937599033422
A,LYS,169,A_LYS_169,10.831653504269953
A,LYS,170,A_LYS_170,14.683570989542982
A,LYS,179,A_LYS_179,18.49935356748928
A,PHE,162,A_PHE_162,15.986679833266873
A,PHE,176,A_PHE_176,11.957928810003928
A,PRO,168,A_PRO_168,16.428061504592357
A,PRO,182,A_PRO_182,15.60563036214062
A,SER,164,A_SER_164,15.518466860219428
A,SER,180,A_SER_180,15.774901437861852
A,THR,128,A_THR_128,2.5861628917477377
A,THR,142,A_THR_142,6.133865005087031
A,THR,175,A_THR_175,17.205534535348587
A,THR,177,A_THR_177,15.129276289779567
A,TYR,125,A_TYR_125,26.466405931167603
A,TYR,129,A_TYR_129,28.727372481100858
A,TYR,148,A_TYR_148,16.297803648487236
A,VAL,159,A_VAL_159,16.833473743374746
A,VAL,178,A_VAL_178,17.010178365442496
