chain,resname,resnum,res_key,density
A,ALA,114,A_ALA_114,1.7367589201285314
A,ALA,163,A_ALA_163,9.556705790208804
A,ALA,165,A_ALA_165,7.048941802951429
A,ALA,187,A_ALA_187,5.9823291613696234
A,ARG,84,A_ARG_84,23.367347137967382
A,ARG,116,A_ARG_116,5.014927728805397
A,ARG,196,A_ARG_196,25.701532416687325
A,ASN,76,A_ASN_76,18.898024623202076
A,ASN,188,A_ASN_188,20.922427042558496
A,ASP,73,A_ASP_73,6.234872968100817
A,ASP,161,A_ASP_161,21.510791811839706
A,ASP,194,A_ASP_194,21.99175683727114
A,CYS,192,A_CYS_192,17.693233505296593
A,GLN,155,A_GLN_155,23.248957737528873
A,GLN,157,A_GLN_157,15.292830375212425
A,GLU,72,A_GLU_72,14.26515266139224
A,GLU,175,A_GLU_175,15.139633508754304
A,GLU,204,A_GLU_204,8.99543440543958
A,GLY,68,A_GLY_68,2.259952209349457
A,GLY,78,A_GLY_78,10.041536874439917
A,GLY,198,A_GLY_198,10.51324256699364
A,HIS,81,A_HIS_81,24.776433153354663
A,HIS,172,A_HIS_172,4.526270999283953
A,ILE,160,A_ILE_160,13.06029040404787
A,ILE,197,A_ILE_197,17.281140445973946
A,LEU,77,A_LEU_77,18.622425910587037
A,LEU,82,A_LEU_82,18.46816692985029
A,LEU,83,A_LEU_83,9.225440484440838
A,LEU,85,A_LEU_85,12.402207886502643
A,LEU,154,A_LEU_154,7.204544005226355
A,LEU,158,A_LEU_158,18.287112491050245
A,LEU,190,A_LEU_190,17.38694632263889
A,LEU,205,A_LEU_205,3.7562031135543714
A,LYS,159,A_LYS_159,20.20560272918486
A,LYS,162,A_LYS_162,20.463620295969243
A,LYS,199,A_LYS_199,21.281278550250192
A,PHE,74,A_PHE_74,6.155450154259566
A,PHE,166,A_PHE_166,17.84278487553344
A,PRO,156,A_PRO_156,12.528674801007343
A,PRO,189,A_PRO_189,16.450368974815273
A,PRO,193,A_PRO_193,15.956928507049275
A,SER,69,A_SER_69,14.931512491176152
A,SER,75,A_SER_75,5.611927773926363
A,THR,79,A_THR_79,17.60416085279479
A,THR,80,A_THR_80,16.58143227341057
A,THR,201,A_THR_201,2.861601573280202
A,TYR,191,A_TYR_191,27.848779734613768
A,TYR,195,A_TYR_195,27.93894965314373
A,VAL,164,A_VAL_164,2.6400871692950947
A,VAL,200,A_VAL_200,15.135438949403072
