chain,resname,resnum,res_key,density
A,ALA,651,A_ALA_651,12.624034204226916
A,ARG,634,A_ARG_634,3.39438935518246
A,ARG,635,A_ARG_635,3.397785480414312
A,ARG,655,A_ARG_655,10.621967665337866
A,ASP,636,A_ASP_636,5.714254325984961
A,CYS,644,A_CYS_644,18.115700932771823
A,CYS,646,A_CYS_646,17.782043630681805
A,GLN,650,A_GLN_650,19.80948712905582
A,GLN,652,A_GLN_652,8.552693053579631
A,GLU,648,A_GLU_648,22.744279969140592
A,GLY,645,A_GLY_645,10.060285332294608
A,ILE,639,A_ILE_639,16.502750228476135
A,LEU,640,A_LEU_640,18.492186553492328
A,LEU,641,A_LEU_641,18.643637872661103
A,LYS,643,A_LYS_643,18.04817044666385
A,MET,649,A_MET_649,21.550344804079963
A,PHE,637,A_PHE_637,25.285434021333334
A,PHE,638,A_PHE_638,26.091730459022152
A,SER,642,A_SER_642,15.801326857129522
A,TYR,647,A_TYR_647,28.92371159131884
