chain,resname,resnum,res_key,density
A,ALA,11,A_ALA_11,5.892275928388771
A,ALA,14,A_ALA_14,12.400138787371894
A,ALA,18,A_ALA_18,12.527344532211888
A,ALA,164,A_ALA_164,6.433257589575065
A,ARG,23,A_ARG_23,25.9248363610501
A,CYS,19,A_CYS_19,18.277644021393026
A,CYS,109,A_CYS_109,18.37159224079653
A,GLY,20,A_GLY_20,10.008672120355145
A,GLY,26,A_GLY_26,4.360521905000739
A,ILE,24,A_ILE_24,17.93793903996674
A,ILE,155,A_ILE_155,5.56308650696755
A,LEU,12,A_LEU_12,16.433812462127356
A,LEU,15,A_LEU_15,18.949315718315443
A,LEU,17,A_LEU_17,18.407422897987054
A,LEU,21,A_LEU_21,19.087076594848277
A,LEU,163,A_LEU_163,17.59834501942284
A,PHE,112,A_PHE_112,10.743036055183007
A,PRO,156,A_PRO_156,14.377512139698133
A,SER,22,A_SER_22,15.619333478509168
A,SER,108,A_SER_108,4.925349353938369
A,THR,105,A_THR_105,18.18442509798574
A,TRP,25,A_TRP_25,17.670404448443733
A,TYR,102,A_TYR_102,9.777845804036943
A,TYR,160,A_TYR_160,24.245798803598213
A,VAL,13,A_VAL_13,16.68126096907057
A,VAL,16,A_VAL_16,17.630369986662146
A,VAL,106,A_VAL_106,6.944545603404988
A,VAL,113,A_VAL_113,2.179885475015727
A,VAL,159,A_VAL_159,16.550220437780514
