chain,resname,resnum,res_key,density
A,ASN,395,A_ASN_395,18.880015147877607
A,CYS,396,A_CYS_396,8.425189313611996
A,CYS,400,A_CYS_400,11.944357198935514
A,CYS,402,A_CYS_402,18.348878579988913
A,CYS,403,A_CYS_403,17.646903629289923
A,CYS,405,A_CYS_405,18.0374898849511
A,GLN,406,A_GLN_406,22.786382228509233
A,GLN,412,A_GLN_412,11.075192696829843
A,GLU,409,A_GLU_409,23.045245656195622
A,GLU,410,A_GLU_410,23.242831549500686
A,LEU,401,A_LEU_401,16.35124694120448
A,LYS,394,A_LYS_394,6.169215495038663
A,LYS,398,A_LYS_398,21.491622995703008
A,LYS,411,A_LYS_411,10.364448878387753
A,PHE,397,A_PHE_397,10.565603693649805
A,PHE,408,A_PHE_408,24.817286425440546
A,SER,399,A_SER_399,16.490758142382642
A,SER,407,A_SER_407,15.405024172846641
A,TRP,404,A_TRP_404,32.73070873295688
A,TYR,387,A_TYR_387,5.188918527139597
