chain,resname,resnum,res_key,density
A,ALA,4,A_ALA_4,13.64230861466538
A,ASN,202,A_ASN_202,20.819835323232578
A,CYS,5,A_CYS_5,18.265124246142513
A,GLN,200,A_GLN_200,18.466500238834413
A,GLU,201,A_GLU_201,17.153656005722283
A,GLY,2,A_GLY_2,10.72506749040031
A,GLY,204,A_GLY_204,10.85606584818054
A,GLY,208,A_GLY_208,4.658699059934422
A,ILE,6,A_ILE_6,18.5668746439218
A,ILE,205,A_ILE_205,19.39968139921248
A,ILE,206,A_ILE_206,7.306294419751614
A,LEU,13,A_LEU_13,12.519627825299004
A,LEU,199,A_LEU_199,5.330314203305207
A,LEU,203,A_LEU_203,17.628772351105113
A,LEU,207,A_LEU_207,15.388681946154861
A,LYS,7,A_LYS_7,20.986168822094033
A,LYS,10,A_LYS_10,20.539390061898835
A,MET,1,A_MET_1,20.7507410328431
A,PHE,12,A_PHE_12,25.732282995092206
A,SER,3,A_SER_3,15.658362378689645
A,THR,9,A_THR_9,17.028614728323856
A,TYR,11,A_TYR_11,28.508163622726407
A,VAL,8,A_VAL_8,17.578610476849434
