chain,resname,resnum,res_key,density
A,ALA,1589,A_ALA_1589,11.29655063698183
A,ALA,1591,A_ALA_1591,12.441642601832413
A,ALA,1616,A_ALA_1616,8.681025875098129
A,ALA,1626,A_ALA_1626,2.7852019573391886
A,ALA,1627,A_ALA_1627,12.910518626759957
A,ALA,1639,A_ALA_1639,12.099289384230193
A,ALA,1672,A_ALA_1672,3.4833410484397125
A,ALA,1678,A_ALA_1678,12.535508843839953
A,ALA,1684,A_ALA_1684,12.106356394015307
A,ARG,1617,A_ARG_1617,7.989952381853138
A,ARG,1731,A_ARG_1731,26.082851796162068
A,ARG,1738,A_ARG_1738,10.076642619862945
A,ASN,1676,A_ASN_1676,18.041637922917268
A,ASN,1735,A_ASN_1735,21.53623287816043
A,ASP,1681,A_ASP_1681,21.585935076755085
A,CYS,1613,A_CYS_1613,18.364099767717942
A,CYS,1636,A_CYS_1636,17.793036100675454
A,CYS,1682,A_CYS_1682,17.32573882906094
A,GLN,1730,A_GLN_1730,13.524671069514273
A,GLU,1620,A_GLU_1620,23.445817596338195
A,GLU,1637,A_GLU_1637,24.758988746599798
A,HIS,1471,A_HIS_1471,12.423288855037773
A,HIS,1590,A_HIS_1590,7.559758788237058
A,HIS,1611,A_HIS_1611,23.24678107240996
A,HIS,1614,A_HIS_1614,24.03485435483629
A,HIS,1642,A_HIS_1642,4.033628107183125
A,ILE,1587,A_ILE_1587,5.881194893481909
A,ILE,1612,A_ILE_1612,18.410341129240752
A,ILE,1621,A_ILE_1621,18.027835291883676
A,ILE,1624,A_ILE_1624,18.642040999553217
A,ILE,1680,A_ILE_1680,17.904532058969306
A,ILE,1739,A_ILE_1739,18.463893160276527
A,LEU,1600,A_LEU_1600,7.8657462120472745
A,LEU,1622,A_LEU_1622,10.370354542660856
A,LEU,1623,A_LEU_1623,14.523677658107497
A,LEU,1632,A_LEU_1632,6.487869624230909
A,LEU,1643,A_LEU_1643,5.700060373893522
A,LEU,1673,A_LEU_1673,18.30339967809286
A,LEU,1732,A_LEU_1732,2.188535347359348
A,LYS,1556,A_LYS_1556,2.8582675569628853
A,LYS,1625,A_LYS_1625,17.017786360181884
A,LYS,1628,A_LYS_1628,17.647136092202885
A,MET,1677,A_MET_1677,21.01854169930647
A,PHE,1683,A_PHE_1683,24.524676601763197
A,PHE,1740,A_PHE_1740,15.111657413437362
A,PRO,1586,A_PRO_1586,1.717018948852607
A,PRO,1633,A_PRO_1633,12.866871885374309
A,PRO,1662,A_PRO_1662,1.6975056027248612
A,PRO,1736,A_PRO_1736,15.749807332452017
A,SER,1609,A_SER_1609,9.861045477911292
A,THR,1635,A_THR_1635,16.78684644929354
A,VAL,1470,A_VAL_1470,16.531271996117532
A,VAL,1588,A_VAL_1588,16.146848469015442
A,VAL,1596,A_VAL_1596,13.88211100510833
A,VAL,1599,A_VAL_1599,1.6765462528905863
A,VAL,1610,A_VAL_1610,15.940951755218077
A,VAL,1615,A_VAL_1615,15.89566366865289
A,VAL,1634,A_VAL_1634,16.4324111287643
A,VAL,1638,A_VAL_1638,16.17744620156222
A,VAL,1679,A_VAL_1679,15.706730009458994
