chain,resname,resnum,res_key,density
A,ALA,77,A_ALA_77,10.836499804070547
A,ARG,82,A_ARG_82,25.795415836571607
A,ASN,79,A_ASN_79,21.324976175606956
A,CYS,83,A_CYS_83,18.277821122481228
A,GLN,90,A_GLN_90,20.019221676251515
A,GLN,196,A_GLN_196,9.744372597972621
A,GLN,200,A_GLN_200,10.470372465887303
A,GLU,80,A_GLU_80,23.705133209786442
A,GLU,91,A_GLU_91,14.366491543969625
A,GLY,76,A_GLY_76,10.589937039975682
A,GLY,86,A_GLY_86,10.732376132769026
A,ILE,75,A_ILE_75,8.151161113522004
A,LEU,84,A_LEU_84,18.577816550246798
A,LEU,85,A_LEU_85,18.59720957418522
A,LEU,87,A_LEU_87,18.08610965536201
A,LEU,88,A_LEU_88,18.9116707312211
A,LEU,199,A_LEU_199,1.9489363879859178
A,LEU,203,A_LEU_203,2.0688690614151075
A,LYS,10,A_LYS_10,6.476907204353546
A,LYS,89,A_LYS_89,20.902129496586745
A,VAL,78,A_VAL_78,16.451667071740953
A,VAL,81,A_VAL_81,16.79562598923321
