chain,resname,resnum,res_key,density
A,ALA,128,A_ALA_128,9.138757984433969
A,ALA,404,A_ALA_404,12.1771335800394
A,ASN,384,A_ASN_384,20.875676816168763
A,ASP,264,A_ASP_264,21.748061949426834
A,CYS,327,A_CYS_327,18.16628807202533
A,CYS,359,A_CYS_359,5.991592181812345
A,CYS,405,A_CYS_405,17.78519723166144
A,GLN,129,A_GLN_129,2.803231518009828
A,GLN,332,A_GLN_332,22.92694739443543
A,GLU,268,A_GLU_268,8.656298383052865
A,GLU,335,A_GLU_335,23.07132475475596
A,GLU,383,A_GLU_383,13.31689920455386
A,GLY,271,A_GLY_271,6.131550135362094
A,GLY,272,A_GLY_272,7.022878348943182
A,GLY,330,A_GLY_330,9.857357047146898
A,ILE,262,A_ILE_262,7.516600364412543
A,ILE,387,A_ILE_387,17.78921547968834
A,LEU,273,A_LEU_273,12.42217562629359
A,LEU,382,A_LEU_382,17.107298337278515
A,LEU,388,A_LEU_388,17.630576836425877
A,LEU,389,A_LEU_389,12.391316246257905
A,LYS,265,A_LYS_265,20.464553120239533
A,LYS,269,A_LYS_269,2.7420062791046256
A,LYS,325,A_LYS_325,19.51557430738105
A,LYS,331,A_LYS_331,20.152661806187258
A,LYS,336,A_LYS_336,2.658747565829556
A,MET,125,A_MET_125,6.039851999892935
A,MET,362,A_MET_362,16.335239529787412
A,MET,403,A_MET_403,5.678170799696224
A,PHE,266,A_PHE_266,24.46170905282349
A,PHE,329,A_PHE_329,25.408406572357396
A,PHE,365,A_PHE_365,14.52338074302842
A,PHE,385,A_PHE_385,25.07427419024893
A,PHE,407,A_PHE_407,19.51352948659141
A,PRO,267,A_PRO_267,16.643371875034852
A,SER,126,A_SER_126,16.308531139353956
A,SER,127,A_SER_127,15.96243464434357
A,SER,323,A_SER_323,8.950382854756214
A,SER,328,A_SER_328,15.32716674347821
A,THR,324,A_THR_324,17.407852497048406
A,THR,386,A_THR_386,18.321528680962388
A,TYR,263,A_TYR_263,8.143864831220057
A,TYR,361,A_TYR_361,24.386404526628255
A,VAL,131,A_VAL_131,1.8789619700555062
A,VAL,326,A_VAL_326,15.749010604267696
A,VAL,333,A_VAL_333,16.03389365741003
A,VAL,334,A_VAL_334,16.03911961461304
A,VAL,381,A_VAL_381,9.966462643482227
A,VAL,390,A_VAL_390,1.8092308740173075
A,VAL,406,A_VAL_406,16.199813638417112
