chain,resname,resnum,res_key,density
A,ALA,22,A_ALA_22,8.21162806036496
A,ARG,17,A_ARG_17,26.880525868724362
A,ARG,20,A_ARG_20,4.928815873449754
A,ASP,12,A_ASP_12,2.6180387227897124
A,CYS,15,A_CYS_15,18.079554835741025
A,CYS,16,A_CYS_16,18.341174315640277
A,GLN,23,A_GLN_23,12.889129317314852
A,LEU,18,A_LEU_18,18.188906088168626
A,LEU,26,A_LEU_26,1.920135209146134
A,LYS,13,A_LYS_13,17.942695898440903
A,PRO,14,A_PRO_14,15.90686200329783
A,SER,19,A_SER_19,16.184960950701914
