chain,resname,resnum,res_key,density
A,ALA,77,A_ALA_77,10.139577496198818
A,ALA,79,A_ALA_79,8.862959877864833
A,ALA,84,A_ALA_84,12.13463927340009
A,ALA,136,A_ALA_136,11.822208159317714
A,ARG,90,A_ARG_90,2.308887028679748
A,ARG,146,A_ARG_146,14.407827486231806
A,ASN,103,A_ASN_103,20.753605617634765
A,ASN,142,A_ASN_142,20.970473100924636
A,ASP,144,A_ASP_144,21.349555404812754
A,ASP,150,A_ASP_150,5.840083819237525
A,CYS,141,A_CYS_141,17.545913816201374
A,GLN,137,A_GLN_137,21.962626486030388
A,GLU,87,A_GLU_87,17.208601388885274
A,GLU,108,A_GLU_108,17.68153822856842
A,GLU,131,A_GLU_131,5.8490045135485715
A,GLY,102,A_GLY_102,10.796601030566935
A,GLY,134,A_GLY_134,11.007162234821127
A,GLY,140,A_GLY_140,10.001342987466685
A,GLY,145,A_GLY_145,10.500927700501743
A,HIS,100,A_HIS_100,23.735014738407134
A,HIS,147,A_HIS_147,23.11903816164279
A,HIS,149,A_HIS_149,10.24630288002386
A,ILE,81,A_ILE_81,18.54808638306096
A,ILE,82,A_ILE_82,18.713086741380682
A,ILE,98,A_ILE_98,8.243950084399874
A,ILE,104,A_ILE_104,18.357298621973424
A,ILE,109,A_ILE_109,15.431276375843158
A,ILE,112,A_ILE_112,7.939654124690427
A,ILE,129,A_ILE_129,3.2232454215815363
A,ILE,132,A_ILE_132,16.50308813659621
A,ILE,151,A_ILE_151,12.383834198662
A,ILE,152,A_ILE_152,4.008805484801098
A,LEU,80,A_LEU_80,10.80441539308857
A,LEU,85,A_LEU_85,18.10945260539743
A,LEU,133,A_LEU_133,19.438234976280985
A,LYS,83,A_LYS_83,8.258048476257951
A,LYS,86,A_LYS_86,7.477102730508319
A,LYS,99,A_LYS_99,15.583039416495252
A,LYS,130,A_LYS_130,3.057534571292758
A,PHE,106,A_PHE_106,4.529231434883313
A,PRO,148,A_PRO_148,16.00073412386728
A,SER,78,A_SER_78,15.69777981027947
A,SER,101,A_SER_101,15.432283468645032
A,SER,138,A_SER_138,15.626829523093084
A,THR,105,A_THR_105,16.90101992161274
A,THR,135,A_THR_135,18.177235080738285
A,VAL,139,A_VAL_139,16.08982850290332
A,VAL,143,A_VAL_143,17.200695820159233
