chain,resname,resnum,res_key,density
A,ALA,60,A_ALA_60,4.938116365434292
A,ALA,343,A_ALA_343,11.9164250073088
A,ARG,64,A_ARG_64,16.6250607573532
A,ARG,68,A_ARG_68,10.035447534551666
A,ARG,337,A_ARG_337,16.83797673295263
A,ARG,344,A_ARG_344,26.264440811882913
A,ARG,346,A_ARG_346,25.937397642073048
A,CYS,341,A_CYS_341,18.178224341288825
A,CYS,342,A_CYS_342,18.03961367260613
A,GLU,335,A_GLU_335,23.907917372000576
A,GLY,345,A_GLY_345,10.03545711246909
A,LEU,57,A_LEU_57,2.120013852156463
A,LEU,336,A_LEU_336,13.037398437241125
A,LEU,339,A_LEU_339,18.795647698898467
A,LEU,340,A_LEU_340,18.659867075631205
A,PRO,348,A_PRO_348,6.2301130423758995
A,SER,333,A_SER_333,3.1633952284113325
A,SER,334,A_SER_334,8.237197808096251
A,SER,338,A_SER_338,16.28128828444632
A,THR,347,A_THR_347,18.311545490264376
