chain,resname,resnum,res_key,density
A,ALA,20,A_ALA_20,2.6636459097330762
A,ALA,22,A_ALA_22,1.9762665910923332
A,ARG,8,A_ARG_8,14.639065769080025
A,ASP,17,A_ASP_17,10.422468153711014
A,CYS,9,A_CYS_9,18.113280707613438
A,CYS,10,A_CYS_10,17.27397092340347
A,CYS,13,A_CYS_13,18.29311900731396
A,GLU,16,A_GLU_16,23.401638770533268
A,GLU,18,A_GLU_18,24.289496659085508
A,LEU,14,A_LEU_14,17.997348734610686
A,LYS,19,A_LYS_19,21.39941488215654
A,PRO,11,A_PRO_11,15.878836780048074
A,THR,15,A_THR_15,18.09704278110847
A,TRP,7,A_TRP_7,9.671600156651007
A,TRP,12,A_TRP_12,32.589244159429526
