chain,resname,resnum,res_key,density
A,ALA,102,A_ALA_102,12.72619138777578
A,ALA,103,A_ALA_103,6.934156210697826
A,ALA,269,A_ALA_269,12.125497343830354
A,ALA,303,A_ALA_303,11.927365647501192
A,ALA,387,A_ALA_387,12.7131924521941
A,ALA,391,A_ALA_391,11.903237378867878
A,ARG,261,A_ARG_261,11.282764472058865
A,ASP,194,A_ASP_194,6.1930587192899935
A,CYS,266,A_CYS_266,17.77087558055755
A,CYS,305,A_CYS_305,19.052358633285476
A,CYS,311,A_CYS_311,5.676985047498921
A,GLN,104,A_GLN_104,16.834808073959724
A,GLU,309,A_GLU_309,2.244729515520288
A,GLU,385,A_GLU_385,14.583273822032558
A,GLY,299,A_GLY_299,10.64308727035711
A,GLY,302,A_GLY_302,10.001968678828842
A,GLY,304,A_GLY_304,10.672893965499277
A,GLY,382,A_GLY_382,7.862157423927869
A,GLY,392,A_GLY_392,2.807224293883947
A,HIS,99,A_HIS_99,14.528162201992851
A,HIS,270,A_HIS_270,10.64566689146955
A,HIS,296,A_HIS_296,22.80422263078113
A,HIS,407,A_HIS_407,22.908546242315076
A,ILE,300,A_ILE_300,18.834306137945898
A,ILE,307,A_ILE_307,18.212943239264387
A,ILE,383,A_ILE_383,17.779684658438885
A,ILE,389,A_ILE_389,18.31587617714706
A,ILE,400,A_ILE_400,15.642465060745609
A,LEU,306,A_LEU_306,17.950287006608562
A,LEU,366,A_LEU_366,1.7670701216600775
A,LEU,403,A_LEU_403,18.68144216641433
A,MET,388,A_MET_388,10.37843672091982
A,PHE,264,A_PHE_264,5.880686440357577
A,PHE,390,A_PHE_390,25.07367728500884
A,PRO,297,A_PRO_297,10.653092158802096
A,PRO,401,A_PRO_401,16.178232495023178
A,PRO,404,A_PRO_404,10.624444248799714
A,SER,265,A_SER_265,15.905723079213256
A,SER,268,A_SER_268,15.705763661291753
A,SER,384,A_SER_384,9.024730920156859
A,THR,267,A_THR_267,17.620956193863055
A,THR,298,A_THR_298,17.883205143710086
A,THR,308,A_THR_308,18.46818405036152
A,THR,386,A_THR_386,17.77872830593899
A,THR,405,A_THR_405,16.8028982302621
A,TYR,301,A_TYR_301,21.901166299074966
A,VAL,402,A_VAL_402,15.849745352200518
A,VAL,406,A_VAL_406,12.129974145323096
