chain,resname,resnum,res_key,density
A,ALA,9,A_ALA_9,12.481341041790348
A,ALA,16,A_ALA_16,12.454790528119808
A,ALA,18,A_ALA_18,12.567830812073362
A,ALA,20,A_ALA_20,9.754256523717714
A,ARG,10,A_ARG_10,27.11864905214882
A,CYS,13,A_CYS_13,17.775878865856406
A,GLY,17,A_GLY_17,10.589836599453182
A,ILE,310,A_ILE_310,3.6982015556914756
A,LEU,7,A_LEU_7,7.617913979999324
A,LEU,12,A_LEU_12,18.38311560094251
A,LEU,15,A_LEU_15,18.693203293703895
A,LEU,19,A_LEU_19,17.966750079260017
A,LEU,306,A_LEU_306,5.99476168054227
A,PHE,359,A_PHE_359,6.081203190715257
A,PRO,8,A_PRO_8,16.383986770940265
A,TRP,11,A_TRP_11,32.07811367293028
A,TRP,21,A_TRP_21,11.336669665481233
A,VAL,14,A_VAL_14,16.261182002083082
