chain,resname,resnum,res_key,density
A,ALA,30,A_ALA_30,9.129458213108935
A,ALA,31,A_ALA_31,11.987844251279029
A,ARG,32,A_ARG_32,16.710151447065293
A,ASP,38,A_ASP_38,22.093678324647854
A,ASP,206,A_ASP_206,12.187450123264632
A,ASP,282,A_ASP_282,6.06306176114443
A,ASP,287,A_ASP_287,8.852798563787848
A,CYS,37,A_CYS_37,16.947184352827836
A,CYS,208,A_CYS_208,17.451473918979197
A,CYS,285,A_CYS_285,11.854184689080835
A,GLN,29,A_GLN_29,3.0905651470579407
A,GLN,34,A_GLN_34,22.962124368591933
A,GLN,41,A_GLN_41,22.77364414326021
A,GLN,207,A_GLN_207,22.07525745797455
A,GLU,35,A_GLU_35,23.850390228514428
A,GLU,36,A_GLU_36,23.19714302332917
A,GLU,44,A_GLU_44,19.862081427202455
A,GLU,204,A_GLU_204,9.719240447100129
A,GLU,210,A_GLU_210,9.456454601481795
A,GLY,203,A_GLY_203,3.496995512001136
A,GLY,211,A_GLY_211,4.453037331335608
A,GLY,284,A_GLY_284,9.733530295994182
A,ILE,43,A_ILE_43,18.214549596591507
A,ILE,89,A_ILE_89,18.292285333568607
A,LEU,33,A_LEU_33,18.36589993910377
A,LEU,88,A_LEU_88,7.918704302255681
A,LEU,92,A_LEU_92,12.839664338511374
A,MET,42,A_MET_42,21.377723025026146
A,PHE,93,A_PHE_93,6.46407430455019
A,SER,205,A_SER_205,10.268582708800835
A,SER,209,A_SER_209,15.38276789414396
A,THR,288,A_THR_288,7.32638081120295
A,TYR,39,A_TYR_39,28.517326024320226
A,TYR,283,A_TYR_283,28.71450897621693
A,VAL,40,A_VAL_40,17.07015143598856
A,VAL,45,A_VAL_45,6.823737211079495
