chain,resname,resnum,res_key,density
A,ALA,329,A_ALA_329,13.008020793445224
A,ALA,330,A_ALA_330,12.96115773926969
A,ARG,52,A_ARG_52,3.797633128729375
A,ARG,328,A_ARG_328,15.0407204264536
A,ARG,332,A_ARG_332,26.267686172765295
A,ASN,321,A_ASN_321,7.77486516607091
A,ASN,336,A_ASN_336,21.624287126289946
A,CYS,335,A_CYS_335,18.128456877653825
A,CYS,337,A_CYS_337,17.32312212182708
A,GLN,339,A_GLN_339,23.10292252834208
A,ILE,44,A_ILE_44,7.9654424255419105
A,LEU,48,A_LEU_48,15.866060634405974
A,LEU,334,A_LEU_334,17.776961658370414
A,LYS,333,A_LYS_333,20.92036479692443
A,LYS,338,A_LYS_338,21.0628968274045
A,LYS,340,A_LYS_340,2.6679792514731178
A,MET,45,A_MET_45,21.534238614277907
A,PHE,327,A_PHE_327,9.975447824928745
A,PHE,331,A_PHE_331,25.050502622298325
A,THR,53,A_THR_53,2.7493755395836277
A,VAL,41,A_VAL_41,10.053981131844878
A,VAL,46,A_VAL_46,2.867892705578467
A,VAL,49,A_VAL_49,17.12107793803537
