chain,resname,resnum,res_key,density
A,ALA,58,A_ALA_58,5.758603924546216
A,ALA,64,A_ALA_64,4.044019640773075
A,ALA,74,A_ALA_74,9.97213355150803
A,ALA,91,A_ALA_91,11.893421055963554
A,ARG,75,A_ARG_75,6.133769913893596
A,ARG,78,A_ARG_78,26.614941595681273
A,ARG,86,A_ARG_86,17.671325522912618
A,ARG,97,A_ARG_97,26.18416157954482
A,ARG,100,A_ARG_100,27.478331477563913
A,ASN,94,A_ASN_94,20.815821174776723
A,CYS,96,A_CYS_96,18.43017409438293
A,GLN,89,A_GLN_89,23.094701844586297
A,GLY,59,A_GLY_59,10.630179795248749
A,GLY,88,A_GLY_88,5.306489350622601
A,GLY,90,A_GLY_90,10.381527231812173
A,GLY,93,A_GLY_93,10.425628866939062
A,GLY,98,A_GLY_98,10.540745734837436
A,GLY,99,A_GLY_99,10.694696121182083
A,HIS,60,A_HIS_60,13.939263714293842
A,ILE,76,A_ILE_76,18.72746764974903
A,MET,95,A_MET_95,22.181560505523453
A,MET,101,A_MET_101,14.510416614329031
A,PHE,92,A_PHE_92,24.835905466974843
A,PHE,102,A_PHE_102,9.827383791157706
A,PRO,77,A_PRO_77,15.94375080385648
A,THR,62,A_THR_62,12.293886253102077
A,VAL,79,A_VAL_79,8.675712441752948
