chain,resname,resnum,res_key,density
A,ALA,460,A_ALA_460,12.273648506333535
A,ASN,90,A_ASN_90,6.643669611832773
A,CYS,463,A_CYS_463,18.547892178071265
A,CYS,465,A_CYS_465,17.526420494683858
A,GLN,461,A_GLN_461,22.8700020629889
A,GLU,459,A_GLU_459,9.590849510140057
A,GLY,462,A_GLY_462,10.579895336680186
A,LEU,467,A_LEU_467,18.833544258382283
A,LEU,468,A_LEU_468,2.563312220490719
A,LYS,89,A_LYS_89,9.911207559196468
A,PRO,88,A_PRO_88,16.240145272990524
A,SER,464,A_SER_464,15.33987157173071
A,THR,466,A_THR_466,17.70165657715051
