chain,resname,resnum,res_key,density
A,ALA,278,A_ALA_278,1.722547011630928
A,ALA,322,A_ALA_322,12.547756525484186
A,ARG,309,A_ARG_309,27.463122281533543
A,ASN,303,A_ASN_303,5.68081134454774
A,ASN,314,A_ASN_314,21.181881268964247
A,ASN,320,A_ASN_320,21.268660996358797
A,ASP,310,A_ASP_310,7.235471242568952
A,ASP,323,A_ASP_323,18.75942785345835
A,CYS,302,A_CYS_302,5.732539962478963
A,CYS,315,A_CYS_315,17.761720316158524
A,GLU,327,A_GLU_327,19.518331577689924
A,GLY,312,A_GLY_312,10.468044151417985
A,HIS,319,A_HIS_319,23.6062787255203
A,LEU,304,A_LEU_304,18.637213644113388
A,LEU,308,A_LEU_308,18.36863196170662
A,LEU,311,A_LEU_311,12.63617424382097
A,LEU,313,A_LEU_313,18.1411891013194
A,MET,326,A_MET_326,7.356369078496558
A,PHE,281,A_PHE_281,6.8765946669033005
A,PHE,324,A_PHE_324,25.038194117844252
A,PRO,306,A_PRO_306,16.401818919347384
A,PRO,316,A_PRO_316,16.13218142889347
A,PRO,321,A_PRO_321,15.642645246135107
A,THR,317,A_THR_317,17.215061363151996
A,TYR,307,A_TYR_307,17.498497848362046
A,TYR,318,A_TYR_318,24.987071111331797
A,TYR,333,A_TYR_333,20.035664328680557
A,VAL,301,A_VAL_301,3.023396713120346
A,VAL,305,A_VAL_305,17.493921952615583
A,VAL,325,A_VAL_325,16.55402055100185
A,VAL,328,A_VAL_328,10.256057372642049
