chain,resname,resnum,res_key,density
A,ALA,73,A_ALA_73,3.436266853722069
A,ALA,132,A_ALA_132,7.1879564483840825
A,ARG,72,A_ARG_72,12.406347098579365
A,ARG,150,A_ARG_150,26.39384349500062
A,ARG,153,A_ARG_153,26.845686987651558
A,ARG,156,A_ARG_156,27.181679288779605
A,ARG,370,A_ARG_370,14.004247921415882
A,ARG,678,A_ARG_678,3.031737055690611
A,ASN,146,A_ASN_146,5.099439587976267
A,ASN,233,A_ASN_233,2.8447424175203717
A,ASN,490,A_ASN_490,5.817388567913672
A,ASP,151,A_ASP_151,21.66972125756684
A,CYS,154,A_CYS_154,18.450541444887108
A,CYS,160,A_CYS_160,2.9040639574745075
A,GLU,136,A_GLU_136,6.093825780938907
A,GLU,392,A_GLU_392,12.79782357626426
A,GLY,133,A_GLY_133,10.445411846626957
A,HIS,369,A_HIS_369,2.6305244049047993
A,HIS,395,A_HIS_395,5.895748247779805
A,ILE,145,A_ILE_145,18.6994399676373
A,LEU,131,A_LEU_131,2.8096534763168735
A,LEU,144,A_LEU_144,2.5125236442139887
A,LEU,148,A_LEU_148,13.552247701335657
A,LEU,152,A_LEU_152,18.00517109609605
A,LEU,489,A_LEU_489,2.9394941311628653
A,LYS,157,A_LYS_157,20.298595955390468
A,PHE,155,A_PHE_155,24.977217020655065
A,PHE,397,A_PHE_397,4.9889347099350525
A,PRO,149,A_PRO_149,12.645219274342754
A,PRO,235,A_PRO_235,2.0254542063896843
A,PRO,236,A_PRO_236,8.303313698173856
A,SER,159,A_SER_159,16.338653480569686
A,SER,396,A_SER_396,15.314189256815034
A,TRP,368,A_TRP_368,28.724078023165895
A,TYR,491,A_TYR_491,26.047163210949574
A,VAL,75,A_VAL_75,8.415142996899322
A,VAL,143,A_VAL_143,3.280251270102979
A,VAL,158,A_VAL_158,15.784792293832838
A,VAL,237,A_VAL_237,8.887028473389147
