chain,resname,resnum,res_key,density
A,ALA,399,A_ALA_399,12.17646299553569
A,ALA,497,A_ALA_497,12.989150259953988
A,ARG,671,A_ARG_671,2.823564609208905
A,ARG,678,A_ARG_678,2.3501330299924335
A,CYS,394,A_CYS_394,17.88681445470098
A,CYS,401,A_CYS_401,16.90887898872375
A,CYS,406,A_CYS_406,2.972356853811766
A,GLN,187,A_GLN_187,2.43140669970755
A,GLN,404,A_GLN_404,23.111100830052145
A,GLU,392,A_GLU_392,22.873260631799194
A,GLY,393,A_GLY_393,10.46314685711087
A,HIS,395,A_HIS_395,24.310681476080596
A,HIS,488,A_HIS_488,18.626449657914517
A,LEU,184,A_LEU_184,13.176908992341504
A,LEU,402,A_LEU_402,18.215804993346246
A,LEU,408,A_LEU_408,3.9586086916456202
A,LEU,495,A_LEU_495,16.55169351218853
A,LEU,500,A_LEU_500,3.872814622885499
A,LYS,157,A_LYS_157,7.967667219791021
A,LYS,496,A_LYS_496,20.350317725835332
A,MET,391,A_MET_391,21.21501462241522
A,PHE,397,A_PHE_397,24.568622308003196
A,PHE,405,A_PHE_405,14.059641386314684
A,SER,390,A_SER_390,6.559895390785799
A,SER,396,A_SER_396,15.314189256815034
A,SER,398,A_SER_398,15.475751656450443
A,SER,400,A_SER_400,16.10828911670909
A,SER,494,A_SER_494,16.400109246074532
A,THR,403,A_THR_403,18.193435018147685
A,TRP,492,A_TRP_492,13.458981591650447
A,TYR,491,A_TYR_491,28.67160651449747
A,TYR,493,A_TYR_493,21.268224272667684
A,TYR,498,A_TYR_498,6.741491205891155
A,TYR,499,A_TYR_499,2.571249836262141
A,TYR,667,A_TYR_667,7.530603292667861
