chain,resname,resnum,res_key,density
A,ALA,40,A_ALA_40,12.288723874280329
A,ALA,46,A_ALA_46,12.670885300033486
A,ALA,53,A_ALA_53,10.683047679579857
A,ALA,57,A_ALA_57,8.749837167152887
A,ALA,58,A_ALA_58,2.365955619447146
A,ALA,64,A_ALA_64,11.508924564480736
A,ARG,55,A_ARG_55,12.466297466249049
A,ARG,60,A_ARG_60,6.430616492815485
A,ARG,62,A_ARG_62,26.591739226903794
A,ARG,71,A_ARG_71,27.1587494794415
A,ASN,74,A_ASN_74,21.976851878486332
A,ASN,148,A_ASN_148,15.861503755621012
A,ASP,37,A_ASP_37,12.936430437336943
A,CYS,66,A_CYS_66,18.125979299620575
A,GLN,36,A_GLN_36,6.149170366831526
A,GLN,65,A_GLN_65,22.29579058297185
A,GLU,43,A_GLU_43,6.170531641637929
A,GLU,70,A_GLU_70,23.279961550488423
A,GLY,54,A_GLY_54,10.664796718895946
A,HIS,51,A_HIS_51,13.202641055777548
A,ILE,39,A_ILE_39,18.716212711283553
A,ILE,68,A_ILE_68,18.216055143439792
A,ILE,116,A_ILE_116,3.796967581594779
A,ILE,151,A_ILE_151,8.706673321179961
A,LEU,19,A_LEU_19,2.1674852814281467
A,LEU,35,A_LEU_35,3.656492685858788
A,LEU,49,A_LEU_49,6.024450091459883
A,LEU,72,A_LEU_72,14.982997876397018
A,LEU,112,A_LEU_112,4.06534069141314
A,LEU,144,A_LEU_144,15.809115430577615
A,LYS,42,A_LYS_42,10.824616327313215
A,LYS,44,A_LYS_44,12.255251690949805
A,LYS,47,A_LYS_47,20.468032231274087
A,LYS,59,A_LYS_59,8.670025457382454
A,LYS,63,A_LYS_63,20.885763387996846
A,LYS,86,A_LYS_86,6.3404893852784525
A,PHE,61,A_PHE_61,12.471119545230318
A,PRO,50,A_PRO_50,15.78773535770304
A,PRO,67,A_PRO_67,16.17362484238298
A,SER,52,A_SER_52,16.19266009827877
A,SER,75,A_SER_75,9.55935875935474
A,THR,73,A_THR_73,17.063750164854216
A,TYR,38,A_TYR_38,21.057672859832763
A,TYR,45,A_TYR_45,28.510224858692506
A,TYR,56,A_TYR_56,28.776311993232927
A,VAL,41,A_VAL_41,15.971448091815654
A,VAL,69,A_VAL_69,16.996795764934923
A,VAL,147,A_VAL_147,13.827143301990418
