chain,resname,resnum,res_key,density
A,CYS,11,A_CYS_11,17.835784794013524
A,CYS,15,A_CYS_15,17.985135520388972
A,CYS,243,A_CYS_243,19.31069179082283
A,GLU,85,A_GLU_85,2.9670615261552995
A,GLU,251,A_GLU_251,2.847147157486307
A,GLY,12,A_GLY_12,10.241104926976028
A,LEU,16,A_LEU_16,18.56497177921691
A,LEU,19,A_LEU_19,19.073591954413047
A,LEU,20,A_LEU_20,18.70887962061847
A,LEU,244,A_LEU_244,18.494453167617532
A,LYS,17,A_LYS_17,21.393457872884813
A,PHE,21,A_PHE_21,18.860317766420735
A,PHE,240,A_PHE_240,26.117937492482053
A,SER,247,A_SER_247,6.700512065406051
A,THR,9,A_THR_9,18.320672971012275
A,THR,10,A_THR_10,19.071764792216733
A,THR,13,A_THR_13,17.539824025340533
A,THR,22,A_THR_22,14.945166039530449
A,THR,82,A_THR_82,12.025141256711787
A,THR,241,A_THR_241,2.7346509772493426
A,TYR,18,A_TYR_18,28.586201536007657
A,TYR,23,A_TYR_23,4.979491439012428
A,VAL,14,A_VAL_14,16.436821613566472
