chain,resname,resnum,res_key,density
A,ALA,69,A_ALA_69,2.755593342422248
A,ALA,103,A_ALA_103,3.0913863686226506
A,ASN,84,A_ASN_84,4.685381984926794
A,ASN,108,A_ASN_108,21.42820734560076
A,ASN,112,A_ASN_112,21.568535744398897
A,ASP,81,A_ASP_81,22.47476530077144
A,ASP,90,A_ASP_90,21.64321979759172
A,CYS,68,A_CYS_68,17.829181946776526
A,CYS,76,A_CYS_76,18.111689760362033
A,CYS,82,A_CYS_82,17.404322600376915
A,CYS,91,A_CYS_91,17.71636612940864
A,CYS,93,A_CYS_93,17.84119080623924
A,CYS,114,A_CYS_114,18.18994529281436
A,GLU,67,A_GLU_67,14.409364883249552
A,GLU,109,A_GLU_109,23.058091775154587
A,GLU,111,A_GLU_111,23.1054616506299
A,GLY,77,A_GLY_77,10.471728131176278
A,LYS,73,A_LYS_73,21.07470532200448
A,LYS,78,A_LYS_78,18.466773735124434
A,LYS,104,A_LYS_104,5.685056331076044
A,LYS,107,A_LYS_107,20.34993017247404
A,PHE,79,A_PHE_79,23.454613825835768
A,PHE,106,A_PHE_106,25.187682472322965
A,PRO,99,A_PRO_99,1.972696275544981
A,SER,72,A_SER_72,5.523698726271464
A,SER,75,A_SER_75,15.527976942262331
A,SER,80,A_SER_80,15.544699925523076
A,SER,94,A_SER_94,16.379221768302095
A,SER,110,A_SER_110,15.550264606068893
A,THR,105,A_THR_105,17.393536137090905
A,THR,113,A_THR_113,17.400782113511834
A,TRP,83,A_TRP_83,23.76732472542867
A,TYR,89,A_TYR_89,29.040182035061488
A,TYR,97,A_TYR_97,4.252583986827817
A,VAL,74,A_VAL_74,16.64276843260851
A,VAL,92,A_VAL_92,16.865675568004974
