chain,resname,resnum,res_key,density
A,ALA,1133,A_ALA_1133,5.486192244880749
A,ALA,1147,A_ALA_1147,12.578942610924498
A,ALA,1167,A_ALA_1167,12.656769003415283
A,ALA,1184,A_ALA_1184,2.688464308121179
A,ALA,1185,A_ALA_1185,4.541726029389094
A,ARG,1171,A_ARG_1171,2.479321704707294
A,ARG,1180,A_ARG_1180,14.5743263425218
A,ASP,1165,A_ASP_1165,2.547823636887207
A,ASP,1172,A_ASP_1172,4.869423262291049
A,ASP,1212,A_ASP_1212,19.474825180805844
A,ASP,1355,A_ASP_1355,12.22795744749971
A,CYS,1141,A_CYS_1141,17.91328718407835
A,CYS,1186,A_CYS_1186,12.130999956886393
A,GLN,1135,A_GLN_1135,12.953844290548306
A,GLN,1139,A_GLN_1139,23.14351508455122
A,GLN,1146,A_GLN_1146,21.96395651066849
A,GLN,1149,A_GLN_1149,10.626152767108517
A,GLN,1168,A_GLN_1168,12.161882257713534
A,GLN,1175,A_GLN_1175,2.661548708063081
A,GLN,1176,A_GLN_1176,17.492242049742455
A,GLU,1136,A_GLU_1136,14.743188510380936
A,GLU,1137,A_GLU_1137,23.733042359572032
A,GLU,1177,A_GLU_1177,12.287835472494622
A,GLY,1143,A_GLY_1143,10.698151525414357
A,GLY,1163,A_GLY_1163,7.693528054424075
A,GLY,1166,A_GLY_1166,5.577482429551878
A,GLY,1354,A_GLY_1354,10.868842334209972
A,HIS,1351,A_HIS_1351,5.491661983355008
A,ILE,1169,A_ILE_1169,18.21233071105015
A,ILE,1356,A_ILE_1356,19.583035780330533
A,LEU,1134,A_LEU_1134,14.449030386760644
A,LEU,1138,A_LEU_1138,18.514070990679105
A,LEU,1140,A_LEU_1140,18.15248706530203
A,LEU,1144,A_LEU_1144,17.921977347650056
A,LEU,1148,A_LEU_1148,14.420322936610352
A,LEU,1164,A_LEU_1164,18.883202258281766
A,LEU,1178,A_LEU_1178,18.621374750222735
A,LEU,1181,A_LEU_1181,18.349687559285023
A,LEU,1182,A_LEU_1182,17.533458803228203
A,LEU,1209,A_LEU_1209,5.568432966779458
A,LEU,1214,A_LEU_1214,17.60340364844287
A,LEU,1215,A_LEU_1215,12.225997285442578
A,LEU,1353,A_LEU_1353,18.038290733882327
A,LEU,1360,A_LEU_1360,7.718097315300351
A,LYS,1142,A_LYS_1142,20.130524416174378
A,MET,1159,A_MET_1159,7.194267546442013
A,PHE,1359,A_PHE_1359,2.422012819022437
A,PHE,1395,A_PHE_1395,4.53331486674929
A,PRO,1162,A_PRO_1162,5.4314488390219235
A,PRO,1170,A_PRO_1170,16.045282792646177
A,PRO,1173,A_PRO_1173,8.829541307827451
A,PRO,1179,A_PRO_1179,15.652799929154648
A,PRO,1213,A_PRO_1213,16.218239402925136
A,PRO,1352,A_PRO_1352,15.319779826095921
A,SER,1174,A_SER_1174,15.538518461146875
A,SER,1183,A_SER_1183,15.35426247932024
A,TYR,1396,A_TYR_1396,22.888252168447384
A,VAL,1145,A_VAL_1145,15.665121152253219
A,VAL,1161,A_VAL_1161,12.983429436435319
A,VAL,1357,A_VAL_1357,13.647742149477017
