chain,resname,resnum,res_key,density
A,ARG,55,A_ARG_55,16.438817808675253
A,ARG,56,A_ARG_56,14.057693969643665
A,ARG,140,A_ARG_140,2.092236268035471
A,ARG,162,A_ARG_162,9.73576101992385
A,ASN,37,A_ASN_37,3.4042823032168537
A,ASN,52,A_ASN_52,20.544663050690126
A,ASN,166,A_ASN_166,21.247974135184414
A,CYS,39,A_CYS_39,18.046783674240093
A,CYS,40,A_CYS_40,17.904972681863757
A,CYS,42,A_CYS_42,17.127522829342233
A,CYS,44,A_CYS_44,17.486758024485432
A,CYS,45,A_CYS_45,18.631951215563546
A,CYS,46,A_CYS_46,17.10078670084148
A,CYS,47,A_CYS_47,17.320586997359726
A,CYS,49,A_CYS_49,18.613277498127857
A,GLN,53,A_GLN_53,2.835615660276537
A,GLN,170,A_GLN_170,13.64148004995174
A,GLU,144,A_GLU_144,18.11625225366558
A,GLU,163,A_GLU_163,3.2019258335344802
A,ILE,149,A_ILE_149,18.420000608408817
A,ILE,165,A_ILE_165,6.3493673423478985
A,LEU,41,A_LEU_41,14.257387910623224
A,LEU,150,A_LEU_150,12.25957189474714
A,LYS,167,A_LYS_167,5.02753532998099
A,MET,169,A_MET_169,21.240322373735705
A,PRO,38,A_PRO_38,12.303318406164518
A,SER,48,A_SER_48,11.717397604026612
A,SER,148,A_SER_148,15.93606681975434
A,TRP,43,A_TRP_43,31.5439602516152
A,TRP,51,A_TRP_51,8.076222050512683
A,TYR,143,A_TYR_143,26.35031739214776
A,VAL,147,A_VAL_147,8.576439013680092
