chain,resname,resnum,res_key,density
A,ARG,569,A_ARG_569,13.90783186865161
A,ARG,570,A_ARG_570,19.644460200430434
A,ARG,576,A_ARG_576,23.33126226903439
A,ASP,580,A_ASP_580,12.96407907575542
A,CYS,574,A_CYS_574,17.11170747249536
A,GLN,575,A_GLN_575,21.97443742761903
A,LEU,571,A_LEU_571,17.76522426560588
A,LEU,572,A_LEU_572,16.86484128434036
A,LEU,578,A_LEU_578,17.703842353673373
A,LEU,579,A_LEU_579,17.404005465346565
A,PHE,562,A_PHE_562,2.1149202228203916
A,PRO,568,A_PRO_568,14.515016510377585
A,SER,577,A_SER_577,15.7869234584864
A,THR,567,A_THR_567,14.755421992770156
A,TYR,573,A_TYR_573,28.480686431978224
