chain,resname,resnum,res_key,density
A,ALA,219,A_ALA_219,12.830602965243159
A,CYS,218,A_CYS_218,16.849598550533646
A,GLN,221,A_GLN_221,22.284300467764112
A,MET,217,A_MET_217,21.16777573034263
A,SER,215,A_SER_215,15.775595699753108
A,SER,216,A_SER_216,15.523530731153237
A,VAL,220,A_VAL_220,16.115005642327375
