chain,resname,resnum,res_key,density
A,ARG,150,A_ARG_150,26.94231004707178
A,CYS,145,A_CYS_145,19.28274004456415
A,CYS,151,A_CYS_151,17.305384505366078
A,GLN,158,A_GLN_158,13.019781562108331
A,GLY,149,A_GLY_149,10.470161001341676
A,LEU,144,A_LEU_144,14.648545308724703
A,LEU,157,A_LEU_157,15.511430792572819
A,PHE,152,A_PHE_152,26.217613765306783
A,PRO,143,A_PRO_143,5.714503175185119
A,SER,147,A_SER_147,16.40850314774703
A,SER,153,A_SER_153,16.376205775197416
A,SER,154,A_SER_154,15.857789089840676
A,SER,156,A_SER_156,15.63327717841949
A,THR,146,A_THR_146,16.905365009125575
A,VAL,148,A_VAL_148,16.841782011524653
A,VAL,155,A_VAL_155,16.899172267713475
