chain,resname,resnum,res_key,density
A,ALA,223,A_ALA_223,12.645867850107521
A,ALA,225,A_ALA_225,12.029154929908179
A,ALA,604,A_ALA_604,1.9289848265137182
A,ARG,576,A_ARG_576,12.29297137977656
A,ASN,190,A_ASN_190,3.4421143271182313
A,ASP,194,A_ASP_194,21.8355083424733
A,ASP,222,A_ASP_222,21.660837925927687
A,ASP,226,A_ASP_226,21.582962508654845
A,ASP,235,A_ASP_235,15.893050287968592
A,CYS,229,A_CYS_229,17.802107539754502
A,GLU,193,A_GLU_193,10.369581703583536
A,GLU,237,A_GLU_237,2.835403268495418
A,GLY,234,A_GLY_234,10.656419264764327
A,ILE,6,A_ILE_6,3.568325571478378
A,ILE,228,A_ILE_228,17.949613607785054
A,ILE,236,A_ILE_236,18.39955868593444
A,LEU,14,A_LEU_14,15.928579741123341
A,LEU,195,A_LEU_195,17.99109051549618
A,LEU,575,A_LEU_575,1.7509727429013473
A,LEU,605,A_LEU_605,5.754538019798601
A,LYS,230,A_LYS_230,20.92611514531169
A,LYS,232,A_LYS_232,19.282188082038154
A,MET,1,A_MET_1,7.124049621192072
A,PHE,18,A_PHE_18,16.248907877555123
A,PHE,191,A_PHE_191,13.661946007762808
A,PHE,197,A_PHE_197,25.799358278041325
A,PHE,238,A_PHE_238,10.370105868091677
A,PRO,602,A_PRO_602,12.707117210528214
A,THR,10,A_THR_10,1.9098413929133669
A,THR,224,A_THR_224,17.89896327224649
A,TRP,233,A_TRP_233,31.201217294105543
A,TYR,192,A_TYR_192,7.06343396335472
A,TYR,196,A_TYR_196,28.17774175838279
A,TYR,227,A_TYR_227,28.861309257986733
A,VAL,221,A_VAL_221,16.663909041298304
A,VAL,231,A_VAL_231,16.693157468870066
