chain,resname,resnum,res_key,density
A,ALA,528,A_ALA_528,9.197071579676873
A,ALA,532,A_ALA_532,12.92810243189771
A,ALA,537,A_ALA_537,12.057624366871977
A,ALA,566,A_ALA_566,12.39637894341362
A,ALA,569,A_ALA_569,12.046303620448292
A,ALA,570,A_ALA_570,12.355555780700872
A,ARG,567,A_ARG_567,21.923443774312194
A,ASN,533,A_ASN_533,11.210770426907768
A,ASN,538,A_ASN_538,20.228948063347925
A,ASN,616,A_ASN_616,21.407696519664498
A,ASP,564,A_ASP_564,10.173277676238504
A,CYS,535,A_CYS_535,17.806472946203453
A,CYS,572,A_CYS_572,17.169362949823473
A,GLN,494,A_GLN_494,4.835969335066042
A,GLN,536,A_GLN_536,14.276390812883808
A,GLN,568,A_GLN_568,17.164845197885885
A,GLU,470,A_GLU_470,13.876391279024425
A,GLU,534,A_GLU_534,4.933707373627857
A,GLU,561,A_GLU_561,3.7036788177737203
A,GLY,405,A_GLY_405,4.515432552740462
A,GLY,513,A_GLY_513,4.673806912805234
A,HIS,404,A_HIS_404,11.867267502227593
A,ILE,371,A_ILE_371,5.762201820075562
A,ILE,531,A_ILE_531,18.748699240369557
A,ILE,540,A_ILE_540,17.564708065221478
A,ILE,542,A_ILE_542,6.554546361313923
A,ILE,562,A_ILE_562,11.761634983950875
A,ILE,619,A_ILE_619,18.04884239535519
A,ILE,620,A_ILE_620,17.325941261144425
A,LEU,464,A_LEU_464,5.868393999943329
A,LEU,492,A_LEU_492,3.0730805443241382
A,LEU,574,A_LEU_574,18.296465298033844
A,LYS,512,A_LYS_512,7.479994952050651
A,LYS,529,A_LYS_529,10.495122790226862
A,LYS,565,A_LYS_565,17.45695887210379
A,LYS,614,A_LYS_614,10.566188366813035
A,LYS,615,A_LYS_615,18.031853033897423
A,MET,611,A_MET_611,12.50480155950176
A,PHE,539,A_PHE_539,25.636613363080876
A,PHE,563,A_PHE_563,23.66035085102015
A,PHE,575,A_PHE_575,19.300028153954692
A,PHE,576,A_PHE_576,9.299877587399783
A,PHE,618,A_PHE_618,25.00317044414389
A,PRO,472,A_PRO_472,10.379715856358368
A,PRO,496,A_PRO_496,1.692156711047787
A,PRO,571,A_PRO_571,15.955705629411742
A,SER,511,A_SER_511,3.4905712411238516
A,SER,541,A_SER_541,12.418179335635376
A,SER,612,A_SER_612,6.088600168412262
A,THR,467,A_THR_467,6.010751996355042
A,THR,613,A_THR_613,7.8082185925452965
A,VAL,468,A_VAL_468,5.559588752857606
A,VAL,469,A_VAL_469,16.64899683678832
A,VAL,471,A_VAL_471,16.121317937108007
A,VAL,493,A_VAL_493,16.83569877384138
A,VAL,497,A_VAL_497,13.370479806820775
A,VAL,573,A_VAL_573,16.64422592228794
A,VAL,617,A_VAL_617,15.84833571911201
