chain,resname,resnum,res_key,density
A,ALA,386,A_ALA_386,12.27125569587356
A,ASN,384,A_ASN_384,5.779672024954801
A,CYS,388,A_CYS_388,17.719302231444594
A,GLN,390,A_GLN_390,22.598628813218056
A,GLN,391,A_GLN_391,22.43731857065191
A,GLU,387,A_GLU_387,23.666481673184695
A,LYS,389,A_LYS_389,20.65448137679861
A,PRO,385,A_PRO_385,14.722093407299903
