chain,resname,resnum,res_key,density
A,ALA,27,A_ALA_27,1.8208624076186795
A,ALA,110,A_ALA_110,11.03503940804166
A,ALA,114,A_ALA_114,12.81416387997606
A,ALA,116,A_ALA_116,12.024338879288432
A,ALA,118,A_ALA_118,8.824773041245749
A,ARG,82,A_ARG_82,26.413251539968506
A,ARG,84,A_ARG_84,23.613609732187978
A,ARG,85,A_ARG_85,5.150552606917042
A,ARG,107,A_ARG_107,5.796014705854962
A,ARG,225,A_ARG_225,27.00090572695725
A,ARG,295,A_ARG_295,2.3411124289680645
A,ASN,87,A_ASN_87,21.03697608238649
A,ASP,229,A_ASP_229,17.91341297818327
A,ASP,233,A_ASP_233,2.9619167336748475
A,CYS,77,A_CYS_77,18.125702899911207
A,CYS,88,A_CYS_88,17.377950246710924
A,GLN,75,A_GLN_75,24.917340252874176
A,GLN,78,A_GLN_78,22.379716989609257
A,GLN,80,A_GLN_80,21.691293608025273
A,GLU,76,A_GLU_76,22.903649546421573
A,GLU,108,A_GLU_108,23.50416363339946
A,GLY,69,A_GLY_69,6.153324236252861
A,GLY,73,A_GLY_73,10.820885872358947
A,GLY,83,A_GLY_83,7.168883554842518
A,GLY,119,A_GLY_119,4.63991718659534
A,GLY,228,A_GLY_228,10.947882701758637
A,HIS,79,A_HIS_79,23.627579899017626
A,HIS,113,A_HIS_113,15.333032164111952
A,ILE,70,A_ILE_70,14.391787092122426
A,ILE,72,A_ILE_72,16.94034566038178
A,ILE,74,A_ILE_74,18.034817828647668
A,ILE,97,A_ILE_97,9.75210753235451
A,ILE,115,A_ILE_115,18.00379737452297
A,ILE,227,A_ILE_227,14.899422787165763
A,LEU,102,A_LEU_102,5.425073842491807
A,LEU,231,A_LEU_231,17.840358233045574
A,LEU,271,A_LEU_271,1.6174412755584606
A,LYS,71,A_LYS_71,14.338744591857125
A,LYS,232,A_LYS_232,21.12939532658051
A,PHE,81,A_PHE_81,24.407319792697766
A,PHE,98,A_PHE_98,26.352427707510103
A,PHE,111,A_PHE_111,25.1094696078009
A,PHE,224,A_PHE_224,21.466783620349386
A,PHE,230,A_PHE_230,5.437051767000235
A,SER,109,A_SER_109,10.849958687396779
A,SER,117,A_SER_117,2.820479808925409
A,THR,89,A_THR_89,18.627555721994902
A,THR,90,A_THR_90,17.58512266377324
A,TRP,24,A_TRP_24,19.330902730258238
A,TRP,86,A_TRP_86,29.97952377196941
A,TYR,235,A_TYR_235,21.985344710946656
A,VAL,101,A_VAL_101,5.7358820183469765
A,VAL,112,A_VAL_112,16.42460239534833
