chain,resname,resnum,res_key,density
A,ALA,83,A_ALA_83,12.148497402265651
A,ASN,18,A_ASN_18,20.71802101971099
A,CYS,80,A_CYS_80,17.314758015494874
A,GLN,85,A_GLN_85,23.16638600062911
A,GLU,86,A_GLU_86,20.827955953589317
A,GLU,219,A_GLU_219,17.881197841288422
A,GLY,76,A_GLY_76,10.658496687406686
A,GLY,79,A_GLY_79,11.018721547325963
A,GLY,82,A_GLY_82,10.878448486122098
A,GLY,92,A_GLY_92,2.9951801345119136
A,ILE,10,A_ILE_10,5.76776964707815
A,ILE,84,A_ILE_84,18.153483539797836
A,ILE,230,A_ILE_230,1.9289307180325366
A,LEU,13,A_LEU_13,12.468714609848119
A,LEU,14,A_LEU_14,18.74170106729816
A,LEU,23,A_LEU_23,12.964246212645248
A,LEU,78,A_LEU_78,18.361309146131237
A,LEU,90,A_LEU_90,17.83494971627924
A,LEU,91,A_LEU_91,18.517487001887126
A,LEU,98,A_LEU_98,5.491595458330281
A,LEU,222,A_LEU_222,6.768475595274991
A,LEU,226,A_LEU_226,7.908462058035056
A,LYS,11,A_LYS_11,21.10336372709602
A,MET,72,A_MET_72,6.453427109592866
A,MET,73,A_MET_73,16.507561428958475
A,PHE,15,A_PHE_15,25.799314215135375
A,PHE,17,A_PHE_17,19.43446479221376
A,PHE,19,A_PHE_19,25.703933989657475
A,PHE,21,A_PHE_21,21.891977256597478
A,PHE,74,A_PHE_74,23.469316978355117
A,PHE,77,A_PHE_77,26.798066422120364
A,PHE,94,A_PHE_94,24.922275456106206
A,PHE,95,A_PHE_95,2.8569868441922335
A,SER,87,A_SER_87,15.853858749279585
A,SER,223,A_SER_223,10.433579081974777
A,THR,93,A_THR_93,5.952818349366433
A,TRP,22,A_TRP_22,32.8484119609933
A,TYR,12,A_TYR_12,18.96209251374071
A,TYR,81,A_TYR_81,29.28084878083323
A,VAL,16,A_VAL_16,16.29358636898688
A,VAL,20,A_VAL_20,16.707027828025414
A,VAL,71,A_VAL_71,3.1018703430842733
A,VAL,75,A_VAL_75,16.842058903916165
