chain,resname,resnum,res_key,density
A,ALA,164,A_ALA_164,12.704548981099798
A,ASN,172,A_ASN_172,9.47017770019549
A,ASN,173,A_ASN_173,5.513691699406632
A,ASN,180,A_ASN_180,9.220122349447966
A,ASN,184,A_ASN_184,21.121157165836237
A,ASP,128,A_ASP_128,6.059282417764685
A,ASP,155,A_ASP_155,21.679098137908213
A,ASP,189,A_ASP_189,22.019928746625546
A,ASP,195,A_ASP_195,2.7467657023716834
A,ASP,196,A_ASP_196,5.017370689308866
A,CYS,156,A_CYS_156,17.72536801323781
A,CYS,157,A_CYS_157,17.68414125159493
A,CYS,175,A_CYS_175,18.29968826813494
A,CYS,190,A_CYS_190,17.11264263395794
A,GLN,192,A_GLN_192,22.468687116722005
A,GLU,152,A_GLU_152,22.612032391825693
A,GLU,188,A_GLU_188,22.449627796188864
A,GLY,158,A_GLY_158,11.230263161696403
A,GLY,178,A_GLY_178,5.100614939887462
A,HIS,151,A_HIS_151,24.614704186239617
A,HIS,191,A_HIS_191,25.374064308183755
A,ILE,181,A_ILE_181,3.041610933837299
A,ILE,182,A_ILE_182,5.770797920547817
A,ILE,194,A_ILE_194,19.507201994953565
A,LEU,131,A_LEU_131,9.66808358123016
A,LEU,154,A_LEU_154,18.806030387387615
A,LEU,165,A_LEU_165,5.18418237659519
A,LEU,174,A_LEU_174,16.718338721207946
A,LEU,185,A_LEU_185,13.89581117321259
A,LEU,197,A_LEU_197,3.714198046696015
A,LYS,124,A_LYS_124,1.5822481876319754
A,LYS,144,A_LYS_144,3.6679784213907904
A,LYS,148,A_LYS_148,18.96483392330252
A,LYS,171,A_LYS_171,3.4328888893257656
A,LYS,187,A_LYS_187,20.70388203581222
A,LYS,193,A_LYS_193,20.135805089051367
A,PHE,150,A_PHE_150,25.25484666021685
A,PHE,186,A_PHE_186,12.320934572880958
A,PRO,176,A_PRO_176,16.702804762349313
A,SER,159,A_SER_159,15.49087935635179
A,SER,160,A_SER_160,15.228863429570541
A,SER,168,A_SER_168,9.186799464305766
A,SER,177,A_SER_177,15.815529026887594
A,SER,179,A_SER_179,16.60682402448913
A,SER,183,A_SER_183,16.496423941473587
A,THR,149,A_THR_149,17.702483410890807
A,THR,153,A_THR_153,18.044648119184664
A,THR,161,A_THR_161,15.16483250491995
A,THR,163,A_THR_163,17.56391698245337
A,THR,167,A_THR_167,17.79365097040138
A,TYR,127,A_TYR_127,25.116905053083965
A,VAL,146,A_VAL_146,6.121045462143072
A,VAL,147,A_VAL_147,16.750788967098625
