chain,resname,resnum,res_key,density
A,ALA,83,A_ALA_83,12.148497402265651
A,ARG,231,A_ARG_231,27.449742670131304
A,ASN,232,A_ASN_232,20.069720273517493
A,CYS,89,A_CYS_89,17.945736270620685
A,CYS,227,A_CYS_227,19.26784999213512
A,CYS,228,A_CYS_228,18.373870439536883
A,GLN,85,A_GLN_85,12.889222438128614
A,GLN,88,A_GLN_88,23.24529942258223
A,GLU,86,A_GLU_86,24.194824657674154
A,GLU,219,A_GLU_219,5.772940769265471
A,GLY,79,A_GLY_79,5.581017052030417
A,GLY,82,A_GLY_82,10.878448486122098
A,GLY,92,A_GLY_92,10.930652075340431
A,GLY,229,A_GLY_229,10.318906787335015
A,ILE,10,A_ILE_10,18.562910520686643
A,ILE,84,A_ILE_84,2.541574900664984
A,ILE,221,A_ILE_221,14.335640018938843
A,ILE,230,A_ILE_230,18.329022020935977
A,LEU,14,A_LEU_14,9.867351370449379
A,LEU,78,A_LEU_78,3.194058491630013
A,LEU,90,A_LEU_90,15.907792803716244
A,LEU,91,A_LEU_91,18.517487001887126
A,LEU,222,A_LEU_222,18.925815751436872
A,LEU,226,A_LEU_226,18.93045404180967
A,LYS,8,A_LYS_8,2.6007805333505516
A,LYS,11,A_LYS_11,21.10336372709602
A,MET,220,A_MET_220,13.136613742936156
A,MET,224,A_MET_224,21.55082545604969
A,PHE,94,A_PHE_94,20.870525636908276
A,PHE,95,A_PHE_95,26.54297573925466
A,PHE,218,A_PHE_218,3.11153967476112
A,SER,87,A_SER_87,15.853858749279585
A,SER,223,A_SER_223,16.010306579918367
A,SER,233,A_SER_233,15.696643277180108
A,SER,234,A_SER_234,9.913932530912104
A,THR,7,A_THR_7,17.862792014826727
A,THR,93,A_THR_93,10.858315273128829
A,THR,96,A_THR_96,6.341954380944279
A,TYR,81,A_TYR_81,3.560208194505047
A,VAL,3,A_VAL_3,13.272245072887223
A,VAL,225,A_VAL_225,17.168431371504774
