chain,resname,resnum,res_key,density
A,CYS,70,A_CYS_70,18.103946490452817
A,GLU,66,A_GLU_66,23.695012831823597
A,GLY,68,A_GLY_68,10.897499317957394
A,ILE,72,A_ILE_72,18.64025259153613
A,LYS,67,A_LYS_67,11.929736962343558
A,SER,69,A_SER_69,15.395683705422593
A,SER,73,A_SER_73,18.958919669597424
A,VAL,71,A_VAL_71,16.606812940641433
