chain,resname,resnum,res_key,density
A,ALA,49,A_ALA_49,6.281687662187927
A,ALA,84,A_ALA_84,13.1840016160996
A,ALA,95,A_ALA_95,9.92829435010235
A,ARG,17,A_ARG_17,12.717995995901985
A,ARG,90,A_ARG_90,15.151340073887514
A,ASN,15,A_ASN_15,22.796180163185507
A,ASN,77,A_ASN_77,9.821933627955588
A,ASN,78,A_ASN_78,12.430044693732581
A,CYS,85,A_CYS_85,17.20677868279583
A,CYS,92,A_CYS_92,10.958098325276072
A,GLN,19,A_GLN_19,22.926113782062465
A,GLU,80,A_GLU_80,14.303686876889714
A,GLY,25,A_GLY_25,9.978849797750389
A,GLY,30,A_GLY_30,4.410514971570034
A,GLY,82,A_GLY_82,11.049354467424882
A,GLY,86,A_GLY_86,9.870162757954185
A,ILE,14,A_ILE_14,16.491749325114746
A,ILE,47,A_ILE_47,18.788688142795433
A,ILE,79,A_ILE_79,15.005605191796072
A,ILE,96,A_ILE_96,12.348735129336692
A,ILE,104,A_ILE_104,7.65276012925657
A,LEU,11,A_LEU_11,5.050116158263791
A,LEU,18,A_LEU_18,18.48900738916407
A,LEU,20,A_LEU_20,15.839936435005509
A,LEU,29,A_LEU_29,18.2205609061324
A,LEU,48,A_LEU_48,2.4238797973806148
A,LEU,81,A_LEU_81,18.5308552858738
A,LEU,94,A_LEU_94,18.704572881132204
A,LYS,23,A_LYS_23,19.934166196354187
A,LYS,26,A_LYS_26,9.011799842421652
A,LYS,87,A_LYS_87,20.03343841575134
A,MET,22,A_MET_22,20.936301897504645
A,SER,16,A_SER_16,13.33534848523926
A,SER,24,A_SER_24,2.947329341001549
A,SER,102,A_SER_102,3.157603665382097
A,THR,83,A_THR_83,18.10489525556042
A,THR,93,A_THR_93,13.169543665523634
A,TYR,27,A_TYR_27,27.17912746603947
A,TYR,74,A_TYR_74,18.814486185461064
A,TYR,88,A_TYR_88,27.80450215510171
A,TYR,89,A_TYR_89,28.51388105255897
A,VAL,21,A_VAL_21,17.187670668415176
A,VAL,28,A_VAL_28,12.02463073945025
A,VAL,91,A_VAL_91,16.19551632789792
