chain,resname,resnum,res_key,density
A,ALA,208,A_ALA_208,12.907843970348548
A,ALA,216,A_ALA_216,12.779892816069014
A,ARG,155,A_ARG_155,18.292853797574995
A,ASN,187,A_ASN_187,8.061218344092671
A,ASN,222,A_ASN_222,20.587971070028576
A,ASP,203,A_ASP_203,22.41150878614232
A,ASP,220,A_ASP_220,21.721895831084677
A,CYS,153,A_CYS_153,12.73505756532981
A,CYS,168,A_CYS_168,14.86015918615143
A,CYS,207,A_CYS_207,17.97467851479603
A,CYS,240,A_CYS_240,11.80012670928349
A,CYS,249,A_CYS_249,6.441810578243798
A,GLN,215,A_GLN_215,5.4765869021548355
A,GLU,223,A_GLU_223,12.085036360903054
A,GLY,204,A_GLY_204,10.297634675525725
A,GLY,210,A_GLY_210,10.53837778434684
A,GLY,224,A_GLY_224,10.17280356133934
A,HIS,188,A_HIS_188,24.210295687656362
A,HIS,191,A_HIS_191,11.493583269422649
A,HIS,226,A_HIS_226,22.79334067720289
A,ILE,164,A_ILE_164,15.39671665049537
A,ILE,165,A_ILE_165,10.20335620045979
A,ILE,189,A_ILE_189,2.6657444867792077
A,LEU,173,A_LEU_173,5.885571954618799
A,LEU,195,A_LEU_195,7.336599947921477
A,LEU,206,A_LEU_206,18.935461074103543
A,LEU,218,A_LEU_218,17.785118644918565
A,LEU,221,A_LEU_221,17.73424550739216
A,LEU,227,A_LEU_227,18.450097722108552
A,LEU,230,A_LEU_230,6.465246826990229
A,LEU,239,A_LEU_239,18.299146429624187
A,LEU,248,A_LEU_248,14.775586447229333
A,LEU,261,A_LEU_261,8.133792734437979
A,LYS,175,A_LYS_175,12.255161490852867
A,LYS,185,A_LYS_185,4.054339527035563
A,LYS,225,A_LYS_225,12.385985394843525
A,MET,217,A_MET_217,20.743463367442555
A,PHE,156,A_PHE_156,10.681137299208885
A,PHE,241,A_PHE_241,25.24588397086222
A,PRO,158,A_PRO_158,8.427689226431902
A,PRO,202,A_PRO_202,15.752183731100965
A,SER,157,A_SER_157,15.279458290945435
A,SER,167,A_SER_167,16.48968414437213
A,SER,201,A_SER_201,17.001991907639557
A,SER,205,A_SER_205,15.206445170440283
A,SER,209,A_SER_209,15.128745506566183
A,SER,242,A_SER_242,2.6047325987122965
A,THR,186,A_THR_186,14.536422788032539
A,THR,197,A_THR_197,17.166867119679722
A,THR,199,A_THR_199,17.44300661737069
A,THR,229,A_THR_229,7.470620173999654
A,TRP,177,A_TRP_177,2.827997188676345
A,TRP,219,A_TRP_219,31.05451829969327
A,TRP,247,A_TRP_247,5.8996923674440716
A,TYR,228,A_TYR_228,19.047043862743873
A,TYR,246,A_TYR_246,11.397720134698716
A,VAL,154,A_VAL_154,10.996678506473902
A,VAL,166,A_VAL_166,16.457378670160093
A,VAL,174,A_VAL_174,16.52935225337231
A,VAL,176,A_VAL_176,15.67955012034981
A,VAL,198,A_VAL_198,16.20383916051583
A,VAL,200,A_VAL_200,15.841485874581418
