chain,resname,resnum,res_key,density
A,ALA,38,A_ALA_38,6.116166324273278
A,ALA,39,A_ALA_39,12.738579059013174
A,ALA,40,A_ALA_40,12.81942827170587
A,CYS,46,A_CYS_46,18.10999997951734
A,GLY,43,A_GLY_43,10.639712366478062
A,GLY,48,A_GLY_48,10.989238455719772
A,ILE,53,A_ILE_53,15.185736683914735
A,LEU,42,A_LEU_42,18.617069626556212
A,LEU,45,A_LEU_45,18.5170813036123
A,LEU,47,A_LEU_47,19.469288191773
A,LEU,49,A_LEU_49,18.57871650325156
A,MET,54,A_MET_54,6.692053349715184
A,THR,41,A_THR_41,17.534929393582324
A,THR,52,A_THR_52,18.555962387686897
A,VAL,44,A_VAL_44,17.477386044544073
A,VAL,50,A_VAL_50,17.154756273047326
A,VAL,51,A_VAL_51,17.4682028042605
