chain,resname,resnum,res_key,density
A,ALA,289,A_ALA_289,6.291037182169596
A,ALA,296,A_ALA_296,6.920238537329881
A,ARG,187,A_ARG_187,14.405820419348208
A,ARG,297,A_ARG_297,10.518842555145838
A,ASN,279,A_ASN_279,22.005350781415437
A,ASN,291,A_ASN_291,19.76901601828774
A,ASP,257,A_ASP_257,21.98308351548416
A,ASP,295,A_ASP_295,21.72894088914437
A,CYS,273,A_CYS_273,17.94777525184574
A,CYS,276,A_CYS_276,18.24023357564645
A,CYS,292,A_CYS_292,18.025717381913715
A,GLN,272,A_GLN_272,23.64357361181811
A,GLY,246,A_GLY_246,8.066577303466882
A,GLY,293,A_GLY_293,10.932541935341757
A,HIS,243,A_HIS_243,23.008362469864686
A,HIS,248,A_HIS_248,11.871524518689636
A,LEU,271,A_LEU_271,10.133137590694272
A,LYS,244,A_LYS_244,20.60658092507237
A,LYS,274,A_LYS_274,17.75837273348384
A,LYS,277,A_LYS_277,22.099346444724954
A,MET,241,A_MET_241,20.058381413444305
A,MET,278,A_MET_278,21.390746858608146
A,PHE,245,A_PHE_245,26.052439753759405
A,PRO,242,A_PRO_242,13.971447381729611
A,PRO,290,A_PRO_290,11.035305319203319
A,SER,184,A_SER_184,2.8859734585311396
A,TYR,250,A_TYR_250,7.369949016215049
A,VAL,239,A_VAL_239,1.996772010522955
A,VAL,275,A_VAL_275,16.291637182676634
A,VAL,280,A_VAL_280,10.398144222791466
A,VAL,288,A_VAL_288,5.413934303971044
A,VAL,294,A_VAL_294,16.26617860722734
