chain,resname,resnum,res_key,density
A,ALA,320,A_ALA_320,10.354100873020604
A,ALA,326,A_ALA_326,12.256279427003134
A,ALA,334,A_ALA_334,5.877065658576116
A,ALA,337,A_ALA_337,12.657021363809456
A,ALA,338,A_ALA_338,13.046578579178354
A,ALA,345,A_ALA_345,11.95258906865445
A,ALA,362,A_ALA_362,12.94053125442755
A,ARG,318,A_ARG_318,7.893939905623274
A,ARG,358,A_ARG_358,27.733651601649004
A,ARG,359,A_ARG_359,26.708985032447625
A,ASN,324,A_ASN_324,18.963371299537215
A,ASN,343,A_ASN_343,21.058637910043444
A,ASN,351,A_ASN_351,10.361511623547035
A,ASN,352,A_ASN_352,20.40852267136488
A,ASP,349,A_ASP_349,21.00181838965913
A,ASP,375,A_ASP_375,22.239033483564615
A,CYS,328,A_CYS_328,7.498557198484745
A,CYS,342,A_CYS_342,18.57963745611208
A,GLU,340,A_GLU_340,23.156693683971717
A,GLU,347,A_GLU_347,23.045593251386933
A,GLU,353,A_GLU_353,12.978116089178462
A,GLU,361,A_GLU_361,19.7674198734685
A,GLY,355,A_GLY_355,10.71293996710363
A,GLY,360,A_GLY_360,10.182831494660478
A,HIS,322,A_HIS_322,24.346962207373714
A,HIS,329,A_HIS_329,23.88046511478961
A,HIS,363,A_HIS_363,17.894936053977993
A,ILE,339,A_ILE_339,19.229408229647316
A,LEU,290,A_LEU_290,1.8488763722781307
A,LEU,319,A_LEU_319,18.730246480600783
A,LEU,323,A_LEU_323,18.880703098172706
A,LEU,325,A_LEU_325,18.793147784162606
A,LEU,330,A_LEU_330,13.06436680803961
A,LEU,346,A_LEU_346,18.241847635515754
A,LEU,348,A_LEU_348,18.412653808906978
A,LEU,356,A_LEU_356,18.010790640804597
A,LEU,371,A_LEU_371,3.248588864012446
A,LYS,344,A_LYS_344,21.55000358184522
A,LYS,354,A_LYS_354,16.547958928928878
A,MET,327,A_MET_327,22.510942001274383
A,PHE,335,A_PHE_335,15.449213884488158
A,PHE,357,A_PHE_357,18.542282855427686
A,SER,321,A_SER_321,13.345571759613126
A,SER,336,A_SER_336,12.903186982156937
A,SER,341,A_SER_341,15.819797807004814
A,SER,350,A_SER_350,12.533700983069703
A,VAL,297,A_VAL_297,1.9043749086093211
A,VAL,379,A_VAL_379,1.8541151161708496
