chain,resname,resnum,res_key,density
A,ALA,87,A_ALA_87,6.291107181346103
A,ALA,104,A_ALA_104,12.362962325886938
A,ALA,106,A_ALA_106,13.035331769212183
A,ALA,141,A_ALA_141,9.529867120620109
A,ARG,103,A_ARG_103,26.90654525594273
A,ARG,108,A_ARG_108,14.526499374194731
A,ARG,127,A_ARG_127,12.219074914353627
A,ARG,138,A_ARG_138,4.5527377553760395
A,ASN,89,A_ASN_89,13.420988977288575
A,ASN,99,A_ASN_99,21.214834472629256
A,ASP,94,A_ASP_94,20.94382898292135
A,ASP,97,A_ASP_97,21.33703083147583
A,ASP,132,A_ASP_132,17.2967107272522
A,ASP,134,A_ASP_134,7.2890616696178805
A,CYS,95,A_CYS_95,17.835358291622214
A,CYS,123,A_CYS_123,10.420261594498019
A,CYS,129,A_CYS_129,18.02981037745876
A,CYS,144,A_CYS_144,7.426999404091218
A,GLU,96,A_GLU_96,22.663092544351947
A,GLU,124,A_GLU_124,22.933035855023093
A,GLU,133,A_GLU_133,2.7258541069362763
A,GLY,111,A_GLY_111,2.4799578055044673
A,ILE,102,A_ILE_102,18.639386400795335
A,LEU,63,A_LEU_63,1.9990168782256632
A,LEU,101,A_LEU_101,12.843718022986447
A,LEU,105,A_LEU_105,18.30822166050503
A,LEU,122,A_LEU_122,18.958786116956006
A,LEU,126,A_LEU_126,18.136127180755132
A,LEU,130,A_LEU_130,11.117057789410913
A,LYS,66,A_LYS_66,11.443484888291685
A,LYS,93,A_LYS_93,21.233403346648245
A,LYS,128,A_LYS_128,21.046179430847513
A,LYS,131,A_LYS_131,10.455627578209818
A,MET,58,A_MET_58,11.699065147751694
A,MET,110,A_MET_110,21.451274530284955
A,PHE,91,A_PHE_91,25.46191694925722
A,PRO,98,A_PRO_98,16.120931837959002
A,PRO,100,A_PRO_100,15.662781841829316
A,PRO,125,A_PRO_125,16.72174136163396
A,THR,90,A_THR_90,17.38109955309576
A,THR,109,A_THR_109,17.346337884154355
A,THR,140,A_THR_140,14.389667030088791
A,TYR,70,A_TYR_70,15.123885815678136
A,TYR,121,A_TYR_121,9.969330885969534
A,TYR,136,A_TYR_136,9.489999683295869
A,VAL,88,A_VAL_88,15.521946468289837
A,VAL,92,A_VAL_92,16.683491633897443
A,VAL,107,A_VAL_107,16.781717445066135
A,VAL,137,A_VAL_137,16.181585481488153
