chain,resname,resnum,res_key,density
A,ALA,322,A_ALA_322,12.475617573773707
A,ARG,320,A_ARG_320,10.4479708336459
A,ARG,321,A_ARG_321,19.365681022702205
A,ARG,333,A_ARG_333,24.66325540211585
A,ARG,335,A_ARG_335,8.57284015965301
A,ASP,330,A_ASP_330,21.85094541988672
A,ASP,331,A_ASP_331,21.257539353613215
A,CYS,328,A_CYS_328,17.726326333498676
A,CYS,329,A_CYS_329,18.608279270459484
A,GLU,332,A_GLU_332,22.677940776811766
A,ILE,325,A_ILE_325,18.774924033946547
A,ILE,326,A_ILE_326,18.613245054722178
A,LEU,39,A_LEU_39,5.746259829967422
A,LEU,324,A_LEU_324,19.13472155859159
A,LEU,327,A_LEU_327,18.232476607193483
A,PHE,319,A_PHE_319,3.346279105726956
A,PHE,323,A_PHE_323,19.668798335818945
A,TRP,46,A_TRP_46,15.581096625408493
A,TYR,334,A_TYR_334,29.18831482326247
