chain,resname,resnum,res_key,density
A,ALA,24,A_ALA_24,10.042163720681758
A,ALA,25,A_ALA_25,12.565431177717079
A,ARG,32,A_ARG_32,13.879320287319619
A,CYS,28,A_CYS_28,18.256921943868676
A,GLY,27,A_GLY_27,10.990710173456629
A,GLY,29,A_GLY_29,11.240706555229842
A,GLY,31,A_GLY_31,10.977529572105183
A,PRO,23,A_PRO_23,3.281433349806626
A,PRO,30,A_PRO_30,16.000938847926168
A,TRP,26,A_TRP_26,32.30490376246849
A,VAL,33,A_VAL_33,11.110075629515304
