chain,resname,resnum,res_key,density
A,ALA,144,A_ALA_144,12.029248863757282
A,ALA,148,A_ALA_148,12.051363261350655
A,ARG,73,A_ARG_73,26.14931870537838
A,ARG,75,A_ARG_75,26.08226057039738
A,ARG,115,A_ARG_115,10.015405175917937
A,ARG,119,A_ARG_119,12.456492055232934
A,ARG,140,A_ARG_140,2.437296752036922
A,ARG,142,A_ARG_142,16.514981532341057
A,ASP,228,A_ASP_228,18.281607205347655
A,ASP,231,A_ASP_231,17.47186519371586
A,CYS,145,A_CYS_145,18.433253525906082
A,GLN,72,A_GLN_72,22.14744454093559
A,GLN,229,A_GLN_229,22.82832186720305
A,GLU,102,A_GLU_102,3.0222855301949205
A,GLU,175,A_GLU_175,5.58278810659133
A,GLU,194,A_GLU_194,14.704500296077805
A,GLY,112,A_GLY_112,5.399750229007261
A,GLY,197,A_GLY_197,3.0261881266460606
A,HIS,146,A_HIS_146,23.49888998931126
A,ILE,114,A_ILE_114,6.5136507775284205
A,LEU,76,A_LEU_76,16.021132885325695
A,LEU,150,A_LEU_150,2.704281746761047
A,LEU,230,A_LEU_230,13.938697532649991
A,LYS,198,A_LYS_198,14.489095096882888
A,MET,227,A_MET_227,21.5097762378304
A,PHE,77,A_PHE_77,24.811123972233517
A,PHE,111,A_PHE_111,6.3964918815722
A,PHE,113,A_PHE_113,21.60410172265685
A,PHE,143,A_PHE_143,25.432718907724258
A,PHE,195,A_PHE_195,8.730436451230936
A,PRO,226,A_PRO_226,4.14585064455696
A,SER,74,A_SER_74,10.697377393261515
A,SER,147,A_SER_147,16.71716140935026
A,SER,149,A_SER_149,15.475757453768825
A,SER,196,A_SER_196,6.0822828088656
A,THR,71,A_THR_71,5.923851340723989
A,VAL,78,A_VAL_78,2.86611336064955
A,VAL,141,A_VAL_141,1.9396561016430613
