chain,resname,resnum,res_key,density
A,ALA,173,A_ALA_173,5.646653652815655
A,ALA,174,A_ALA_174,10.76584893362878
A,CYS,181,A_CYS_181,17.600224060261713
A,GLN,176,A_GLN_176,14.428224791968784
A,GLY,177,A_GLY_177,10.286168464085492
A,LYS,178,A_LYS_178,20.541270468447614
A,MET,184,A_MET_184,24.727473637201946
A,SER,175,A_SER_175,13.21023043314813
A,SER,179,A_SER_179,15.804548082987868
A,SER,180,A_SER_180,15.666389601816231
A,SER,182,A_SER_182,15.748319650990519
A,VAL,183,A_VAL_183,16.139885137102794
