chain,resname,resnum,res_key,density
A,ALA,235,A_ALA_235,4.487363505839561
A,ARG,376,A_ARG_376,6.011241797712893
A,ASN,385,A_ASN_385,20.494719734762707
A,CYS,348,A_CYS_348,2.6976106798464143
A,CYS,380,A_CYS_380,18.60549920230605
A,GLU,356,A_GLU_356,14.225284220504717
A,GLU,359,A_GLU_359,10.548689820694715
A,GLU,381,A_GLU_381,23.88896397468077
A,GLY,325,A_GLY_325,3.557109677572249
A,GLY,328,A_GLY_328,9.858574497928613
A,HIS,388,A_HIS_388,14.426626653820279
A,ILE,141,A_ILE_141,8.431129038054774
A,ILE,408,A_ILE_408,7.689967327637113
A,LEU,383,A_LEU_383,18.55456092364712
A,LEU,387,A_LEU_387,14.646700049892843
A,LYS,346,A_LYS_346,10.251407000879649
A,LYS,357,A_LYS_357,19.197399793676166
A,MET,379,A_MET_379,21.36793196202403
A,PHE,236,A_PHE_236,5.9547467021764415
A,PHE,251,A_PHE_251,5.976829369491655
A,PHE,326,A_PHE_326,20.986503203125118
A,PHE,386,A_PHE_386,23.88762880384845
A,PHE,406,A_PHE_406,8.143540504008367
A,PRO,378,A_PRO_378,16.34258720790963
A,SER,137,A_SER_137,8.495892908878346
A,SER,345,A_SER_345,15.896771624762255
A,SER,377,A_SER_377,15.84853459701049
A,TYR,327,A_TYR_327,28.240986379668353
A,TYR,382,A_TYR_382,27.15448329092389
A,VAL,329,A_VAL_329,15.957108804022178
A,VAL,347,A_VAL_347,16.48786716841905
A,VAL,354,A_VAL_354,16.397078327843847
A,VAL,355,A_VAL_355,16.084176361326282
A,VAL,358,A_VAL_358,2.8083228462779513
A,VAL,384,A_VAL_384,17.348514253246698
