chain,resname,resnum,res_key,density
A,ARG,97,A_ARG_97,15.84510779143739
A,ARG,118,A_ARG_118,26.216751573893518
A,ASN,114,A_ASN_114,20.763398632584448
A,ASP,110,A_ASP_110,20.647654775344122
A,CYS,112,A_CYS_112,18.363488466378236
A,GLU,55,A_GLU_55,3.003430806131233
A,GLU,95,A_GLU_95,20.837043476248397
A,ILE,115,A_ILE_115,16.260797474165905
A,LYS,113,A_LYS_113,20.149056045122574
A,PHE,108,A_PHE_108,9.699418665457083
A,PHE,116,A_PHE_116,7.254174427723492
A,PHE,119,A_PHE_119,2.8539481899032557
A,PRO,109,A_PRO_109,15.98330834024249
A,PRO,111,A_PRO_111,16.666883051329965
A,SER,117,A_SER_117,16.312720659560682
A,SER,121,A_SER_121,3.1927882119367768
