chain,resname,resnum,res_key,density
A,ARG,700,A_ARG_700,12.655910248759714
A,CYS,704,A_CYS_704,18.49318438283273
A,GLY,702,A_GLY_702,9.96215595280068
A,HIS,705,A_HIS_705,23.927738052085793
A,PRO,703,A_PRO_703,16.088519144061483
A,PRO,707,A_PRO_707,17.24647631991097
A,SER,701,A_SER_701,12.410364239589494
A,TRP,706,A_TRP_706,32.07695246117449
