chain,resname,resnum,res_key,density
A,ALA,7,A_ALA_7,12.318999728501385
A,ALA,9,A_ALA_9,1.9715880297104351
A,ALA,261,A_ALA_261,12.169650386632503
A,ALA,306,A_ALA_306,8.36682521650506
A,ARG,300,A_ARG_300,4.733049303976593
A,ARG,308,A_ARG_308,26.87055166561111
A,ARG,383,A_ARG_383,23.773748929198227
A,ASN,4,A_ASN_4,6.041568516463308
A,ASN,143,A_ASN_143,20.44819488025176
A,ASN,382,A_ASN_382,21.828790048227997
A,ASN,459,A_ASN_459,21.999934126059944
A,ASP,299,A_ASP_299,2.7128973741218343
A,ASP,457,A_ASP_457,8.574840620455895
A,CYS,260,A_CYS_260,18.262744713590283
A,GLN,141,A_GLN_141,22.745372825329014
A,GLN,258,A_GLN_258,23.159645756805553
A,GLN,262,A_GLN_262,21.72520713522398
A,GLN,295,A_GLN_295,22.10151350199052
A,GLU,8,A_GLU_8,19.59257402878153
A,GLU,257,A_GLU_257,22.389184976818438
A,GLU,297,A_GLU_297,22.80829021655398
A,GLU,492,A_GLU_492,18.362397238179486
A,GLY,5,A_GLY_5,9.878782003696873
A,GLY,172,A_GLY_172,11.097019736185356
A,HIS,139,A_HIS_139,20.410211622354588
A,HIS,310,A_HIS_310,4.45505027236911
A,ILE,144,A_ILE_144,2.480740318605382
A,ILE,177,A_ILE_177,5.515379789303293
A,ILE,298,A_ILE_298,18.57860201303825
A,ILE,381,A_ILE_381,13.814438813718711
A,ILE,385,A_ILE_385,3.026620992830859
A,ILE,386,A_ILE_386,3.6708754613855543
A,LEU,176,A_LEU_176,15.685027485880914
A,LEU,256,A_LEU_256,5.449764572942716
A,LEU,296,A_LEU_296,18.046930321053818
A,LEU,380,A_LEU_380,18.481826013905227
A,LYS,330,A_LYS_330,4.380877623056469
A,LYS,379,A_LYS_379,3.1481678258398538
A,LYS,460,A_LYS_460,14.346808735020163
A,PHE,294,A_PHE_294,12.214377313800266
A,PHE,307,A_PHE_307,11.128813119966972
A,PHE,455,A_PHE_455,19.764684447191307
A,PRO,140,A_PRO_140,2.554426506247934
A,PRO,170,A_PRO_170,16.100590214395275
A,SER,175,A_SER_175,15.65102552677272
A,SER,259,A_SER_259,14.873681380589495
A,THR,6,A_THR_6,17.811226696457872
A,THR,293,A_THR_293,12.248787582861237
A,THR,309,A_THR_309,8.442738786498523
A,TRP,171,A_TRP_171,31.938938695107613
A,TRP,491,A_TRP_491,3.3203802794735937
A,TYR,152,A_TYR_152,12.814658475234484
A,TYR,314,A_TYR_314,6.837359844900815
A,TYR,458,A_TYR_458,27.757076853574972
A,TYR,493,A_TYR_493,31.636816854827373
A,VAL,10,A_VAL_10,1.979658603443653
A,VAL,142,A_VAL_142,16.46789375085166
A,VAL,169,A_VAL_169,13.6633430534557
A,VAL,173,A_VAL_173,10.143498425124417
A,VAL,263,A_VAL_263,16.860393971958715
A,VAL,264,A_VAL_264,2.89915670848417
A,VAL,461,A_VAL_461,4.6448130555820315
