chain,resname,resnum,res_key,density
A,ALA,171,A_ALA_171,7.714331399791309
A,ALA,175,A_ALA_175,12.753202865814142
A,ARG,291,A_ARG_291,27.331201884745372
A,ASN,281,A_ASN_281,19.266413867536894
A,ASP,287,A_ASP_287,21.79198222945185
A,ASP,289,A_ASP_289,20.560222128311814
A,ASP,293,A_ASP_293,19.144168422254896
A,CYS,286,A_CYS_286,17.894614912875436
A,GLU,277,A_GLU_277,3.4183619379064707
A,GLY,151,A_GLY_151,10.694609582476236
A,HIS,174,A_HIS_174,24.67149811668217
A,ILE,152,A_ILE_152,14.847799383008564
A,ILE,163,A_ILE_163,9.564307406171132
A,ILE,166,A_ILE_166,14.602983322371001
A,ILE,176,A_ILE_176,16.013446729801174
A,ILE,283,A_ILE_283,18.448213268351605
A,ILE,290,A_ILE_290,18.964716095144922
A,LEU,172,A_LEU_172,18.112088128535234
A,LEU,177,A_LEU_177,12.373274460010101
A,LEU,294,A_LEU_294,18.498439993660124
A,LYS,285,A_LYS_285,20.50908422847607
A,LYS,292,A_LYS_292,11.63637234709661
A,MET,284,A_MET_284,20.416639044679858
A,MET,326,A_MET_326,8.77048807509208
A,PHE,280,A_PHE_280,24.9844335187028
A,PRO,165,A_PRO_165,15.192708244640295
A,PRO,173,A_PRO_173,15.846627657984541
A,PRO,323,A_PRO_323,3.4962480596288996
A,SER,282,A_SER_282,16.183904710339057
A,THR,150,A_THR_150,1.611647209534774
A,THR,278,A_THR_278,5.3490561311457725
A,THR,279,A_THR_279,14.364779434299471
A,TYR,167,A_TYR_167,28.528644250432453
A,TYR,170,A_TYR_170,5.853985248092387
A,TYR,295,A_TYR_295,22.488196218998613
A,VAL,164,A_VAL_164,13.914600398052707
A,VAL,288,A_VAL_288,15.370346675925102
