chain,resname,resnum,res_key,density
A,ALA,107,A_ALA_107,7.780775110540197
A,ARG,123,A_ARG_123,27.222632415785025
A,ARG,217,A_ARG_217,8.119237353803909
A,ASN,226,A_ASN_226,2.752717709317943
A,ASN,234,A_ASN_234,5.553436545321788
A,CYS,53,A_CYS_53,12.99099488902487
A,CYS,122,A_CYS_122,17.709860481930143
A,CYS,130,A_CYS_130,8.604481510499118
A,GLN,127,A_GLN_127,24.303989224248106
A,GLN,129,A_GLN_129,19.824983164717473
A,GLN,227,A_GLN_227,17.127374904709892
A,GLU,116,A_GLU_116,9.939479554467633
A,GLU,120,A_GLU_120,23.28669261606596
A,GLY,111,A_GLY_111,8.118093362727363
A,GLY,115,A_GLY_115,3.4672467690502646
A,HIS,118,A_HIS_118,23.526177737488037
A,ILE,109,A_ILE_109,16.616479124367704
A,ILE,117,A_ILE_117,18.35306357165502
A,ILE,121,A_ILE_121,18.94683848945026
A,ILE,126,A_ILE_126,19.018308331557208
A,LEU,50,A_LEU_50,13.104703420650583
A,LEU,106,A_LEU_106,17.87452076353836
A,LEU,124,A_LEU_124,18.48794392129136
A,LEU,128,A_LEU_128,16.28816084773079
A,LEU,216,A_LEU_216,16.13331021117562
A,LEU,222,A_LEU_222,14.765480816306422
A,LEU,224,A_LEU_224,18.316046602906184
A,LEU,232,A_LEU_232,17.57733132760797
A,LEU,233,A_LEU_233,2.912546250889672
A,LEU,235,A_LEU_235,17.726041592354573
A,LYS,54,A_LYS_54,12.960897315707463
A,LYS,225,A_LYS_225,9.148600806787545
A,MET,220,A_MET_220,22.355722139631016
A,PRO,119,A_PRO_119,16.36098147443206
A,PRO,221,A_PRO_221,16.255278866255583
A,PRO,223,A_PRO_223,16.719184760856997
A,SER,110,A_SER_110,15.78390891032564
A,SER,231,A_SER_231,5.639516125052106
A,THR,219,A_THR_219,13.109292654283843
A,THR,236,A_THR_236,6.2902148475001365
A,TYR,125,A_TYR_125,29.184118506073894
A,TYR,238,A_TYR_238,8.506449107872355
A,VAL,57,A_VAL_57,6.475724034193011
