chain,resname,resnum,res_key,density
A,ALA,22,A_ALA_22,12.139238488058847
A,ALA,28,A_ALA_28,12.288599562838485
A,ALA,29,A_ALA_29,12.99146170836255
A,ARG,32,A_ARG_32,13.422845992467996
A,ARG,33,A_ARG_33,20.301098435716252
A,CYS,23,A_CYS_23,17.49314732845607
A,CYS,24,A_CYS_24,17.356279701234747
A,CYS,25,A_CYS_25,18.044594551863614
A,GLN,31,A_GLN_31,17.102007502209325
A,LEU,30,A_LEU_30,17.49570643212147
A,LEU,34,A_LEU_34,6.590740414533147
A,LEU,37,A_LEU_37,1.8250020520379828
A,PRO,20,A_PRO_20,3.3070258633050433
A,PRO,27,A_PRO_27,16.32772816948912
A,SER,21,A_SER_21,10.075888038190696
A,SER,26,A_SER_26,16.29135380919124
