chain,resname,resnum,res_key,density
A,ARG,113,A_ARG_113,14.277951258210082
A,ASN,10,A_ASN_10,20.081471685469193
A,ASN,116,A_ASN_116,6.218755399517262
A,ASP,121,A_ASP_121,22.54261748764261
A,CYS,4,A_CYS_4,18.56888959560362
A,CYS,8,A_CYS_8,18.736453862794374
A,CYS,115,A_CYS_115,14.966992617215222
A,CYS,140,A_CYS_140,18.344130489582334
A,GLN,3,A_GLN_3,23.817530702918496
A,GLU,108,A_GLU_108,23.63194169007752
A,GLU,109,A_GLU_109,23.602525523981402
A,GLU,112,A_GLU_112,23.39907818725804
A,GLU,124,A_GLU_124,2.7320624380506047
A,GLY,2,A_GLY_2,10.059544974491589
A,GLY,110,A_GLY_110,10.566202815482715
A,LEU,107,A_LEU_107,10.726467241410866
A,LYS,7,A_LYS_7,20.553171518221657
A,LYS,9,A_LYS_9,21.13106274313543
A,LYS,141,A_LYS_141,2.5783633559438384
A,MET,1,A_MET_1,19.359839267226967
A,MET,111,A_MET_111,21.098120009738363
A,MET,139,A_MET_139,16.908761766005007
A,PHE,114,A_PHE_114,2.8758287450955096
A,PRO,11,A_PRO_11,16.151252085522184
A,PRO,122,A_PRO_122,15.367482690460255
A,SER,12,A_SER_12,2.9310988403078198
A,SER,13,A_SER_13,15.99072400931782
A,THR,6,A_THR_6,17.73410017450377
A,THR,14,A_THR_14,13.865612291755392
A,THR,123,A_THR_123,14.771664091330184
A,VAL,5,A_VAL_5,16.724546739786156
A,VAL,120,A_VAL_120,3.329290059921999
A,VAL,127,A_VAL_127,1.7455972173242842
