chain,resname,resnum,res_key,density
A,ALA,41,A_ALA_41,10.359336062895988
A,ALA,89,A_ALA_89,12.969508041044001
A,ARG,33,A_ARG_33,5.470955023932463
A,ARG,43,A_ARG_43,27.35094377712561
A,ARG,46,A_ARG_46,2.318563708547325
A,ASP,36,A_ASP_36,16.049235823734612
A,ASP,71,A_ASP_71,10.763749544517413
A,ASP,75,A_ASP_75,2.8058514401756693
A,ASP,88,A_ASP_88,18.267069953050736
A,CYS,94,A_CYS_94,17.796193124587024
A,CYS,98,A_CYS_98,17.92890939800384
A,GLN,32,A_GLN_32,14.435608485569082
A,GLN,42,A_GLN_42,5.89404813101809
A,GLN,101,A_GLN_101,20.146423925546813
A,GLU,48,A_GLU_48,2.802041311308905
A,GLY,40,A_GLY_40,10.925656463179987
A,GLY,234,A_GLY_234,10.167818003014204
A,HIS,45,A_HIS_45,2.3966039603286076
A,ILE,34,A_ILE_34,18.94913844597395
A,ILE,47,A_ILE_47,19.495760807354014
A,ILE,77,A_ILE_77,8.591770950362008
A,ILE,83,A_ILE_83,8.027171477976609
A,ILE,93,A_ILE_93,18.073060937153077
A,ILE,102,A_ILE_102,9.05879580405975
A,LEU,31,A_LEU_31,18.422682765297335
A,LEU,51,A_LEU_51,4.247632891723887
A,LEU,99,A_LEU_99,17.900938684819923
A,LEU,100,A_LEU_100,18.38074150001238
A,LYS,92,A_LYS_92,19.975787620601487
A,LYS,96,A_LYS_96,20.891845165351736
A,MET,78,A_MET_78,13.475090204590908
A,MET,95,A_MET_95,21.689943403109208
A,MET,97,A_MET_97,21.437579889335154
A,PHE,35,A_PHE_35,24.656264726790102
A,PHE,91,A_PHE_91,26.537279466202005
A,PRO,85,A_PRO_85,3.1581248638233075
A,PRO,233,A_PRO_233,14.798596866540578
A,SER,90,A_SER_90,16.246740229327898
A,THR,37,A_THR_37,2.920341001859104
A,THR,44,A_THR_44,17.388630524526754
A,TYR,38,A_TYR_38,13.001891281033238
A,TYR,73,A_TYR_73,6.001649524803099
A,TYR,229,A_TYR_229,3.2095844385382235
A,VAL,39,A_VAL_39,16.5073279485739
A,VAL,70,A_VAL_70,9.980843444157042
A,VAL,74,A_VAL_74,16.74662736448166
A,VAL,232,A_VAL_232,5.391341007917365
