chain,resname,resnum,res_key,density
A,ALA,79,A_ALA_79,12.294965285584684
A,ARG,70,A_ARG_70,16.441965810717605
A,CYS,73,A_CYS_73,18.10637339224686
A,CYS,80,A_CYS_80,14.68695503298981
A,GLY,69,A_GLY_69,9.706672050868963
A,GLY,71,A_GLY_71,10.78793821381814
A,LEU,56,A_LEU_56,7.964089177693818
A,LEU,66,A_LEU_66,6.490465398620431
A,LEU,72,A_LEU_72,18.348862354386256
A,LEU,76,A_LEU_76,18.426217930440828
A,LYS,78,A_LYS_78,18.420696620501666
A,PHE,60,A_PHE_60,16.3626243814351
A,PHE,74,A_PHE_74,25.135242849608144
A,PHE,82,A_PHE_82,4.244967013170438
A,PRO,75,A_PRO_75,16.625415392679685
A,THR,68,A_THR_68,5.763178979381267
A,TYR,59,A_TYR_59,4.456924346829505
A,TYR,65,A_TYR_65,26.125346244306268
A,VAL,77,A_VAL_77,16.991038014977214
A,VAL,81,A_VAL_81,8.809569609863376
