chain,resname,resnum,res_key,density
A,ARG,305,A_ARG_305,7.9095305548337835
A,CYS,549,A_CYS_549,17.917255708292952
A,CYS,550,A_CYS_550,18.051615462965795
A,CYS,551,A_CYS_551,17.543607717641365
A,LEU,547,A_LEU_547,18.797130542384604
A,LYS,552,A_LYS_552,15.615595853420889
A,LYS,553,A_LYS_553,11.332804650079707
A,PHE,548,A_PHE_548,25.925840400636357
A,PRO,543,A_PRO_543,10.034371558513014
A,PRO,544,A_PRO_544,14.43059630653296
A,SER,546,A_SER_546,16.561813652541012
A,VAL,545,A_VAL_545,16.413798996090804
