chain,resname,resnum,res_key,density
A,ARG,237,A_ARG_237,6.204647110144181
A,ARG,241,A_ARG_241,27.725305151914423
A,ARG,246,A_ARG_246,26.76126882036604
A,ARG,247,A_ARG_247,26.700770482811613
A,ARG,252,A_ARG_252,23.42564469249472
A,ASP,250,A_ASP_250,21.948091724430537
A,CYS,245,A_CYS_245,18.876828807509114
A,GLN,240,A_GLN_240,14.370248676906442
A,GLN,248,A_GLN_248,23.00434195030158
A,GLU,249,A_GLU_249,23.470405104473606
A,ILE,239,A_ILE_239,14.791729029743273
A,LEU,243,A_LEU_243,18.58027327143047
A,LEU,244,A_LEU_244,18.844351998187
A,SER,238,A_SER_238,13.33706759772637
A,SER,242,A_SER_242,16.033889041205555
A,SER,251,A_SER_251,16.422384047886673
A,VAL,253,A_VAL_253,6.548981296417622
