chain,resname,resnum,res_key,density
A,ALA,700,A_ALA_700,11.675562006530651
A,ALA,713,A_ALA_713,12.789066169852088
A,ALA,746,A_ALA_746,12.501880066858954
A,ARG,93,A_ARG_93,2.5323683456334334
A,ARG,749,A_ARG_749,26.24978891955808
A,ASN,102,A_ASN_102,10.715035743616388
A,ASP,751,A_ASP_751,4.470209588335626
A,CYS,717,A_CYS_717,17.754061046005766
A,CYS,719,A_CYS_719,17.446315034192956
A,CYS,744,A_CYS_744,18.44537212428135
A,CYS,747,A_CYS_747,18.005253622003522
A,GLN,712,A_GLN_712,12.592324615188012
A,GLN,757,A_GLN_757,3.0376557369346484
A,GLN,768,A_GLN_768,10.434473779979381
A,GLU,718,A_GLU_718,24.509342614619595
A,GLY,748,A_GLY_748,10.052936947128842
A,HIS,708,A_HIS_708,7.443167797275528
A,HIS,729,A_HIS_729,2.5438063566051214
A,ILE,721,A_ILE_721,18.02388175860573
A,LEU,714,A_LEU_714,18.611900194620162
A,LEU,752,A_LEU_752,3.9601009220230257
A,LEU,765,A_LEU_765,11.874178214462953
A,MET,742,A_MET_742,5.7491076842143345
A,PHE,726,A_PHE_726,5.951473035816141
A,PHE,730,A_PHE_730,6.1036417511821215
A,PRO,103,A_PRO_103,3.832498798213443
A,PRO,745,A_PRO_745,15.959888555105236
A,PRO,750,A_PRO_750,16.07427447773178
A,SER,716,A_SER_716,15.922530025656975
A,THR,715,A_THR_715,17.75200183783688
A,THR,720,A_THR_720,17.642772599946003
A,THR,764,A_THR_764,9.378597246622444
A,TYR,94,A_TYR_94,11.566621868526292
A,TYR,761,A_TYR_761,26.198350855155006
A,VAL,701,A_VAL_701,4.421401977413023
A,VAL,743,A_VAL_743,16.11845535594804
