chain,resname,resnum,res_key,density
A,ALA,700,A_ALA_700,11.675562006530651
A,ALA,705,A_ALA_705,2.5900701111269484
A,ALA,713,A_ALA_713,7.528438032707549
A,ALA,733,A_ALA_733,6.244136301724237
A,ALA,746,A_ALA_746,12.501880066858954
A,ARG,710,A_ARG_710,5.342360500143263
A,ARG,727,A_ARG_727,27.071694423341025
A,ASP,724,A_ASP_724,21.947088243150958
A,CYS,699,A_CYS_699,17.598525752038693
A,CYS,702,A_CYS_702,18.039406407094724
A,CYS,719,A_CYS_719,8.877588975199302
A,CYS,722,A_CYS_722,18.78072648440987
A,CYS,725,A_CYS_725,18.04498430665943
A,CYS,744,A_CYS_744,18.44537212428135
A,CYS,747,A_CYS_747,2.761765095983998
A,GLN,712,A_GLN_712,22.419656927082322
A,GLN,728,A_GLN_728,23.35287436669237
A,GLN,768,A_GLN_768,3.3832310814267266
A,GLU,698,A_GLU_698,8.02056647163399
A,GLY,703,A_GLY_703,10.209164186803033
A,HIS,729,A_HIS_729,24.086208136241865
A,ILE,721,A_ILE_721,18.02388175860573
A,ILE,732,A_ILE_732,15.989131683352541
A,LEU,706,A_LEU_706,6.88203927171292
A,LEU,714,A_LEU_714,12.36112114255789
A,LEU,769,A_LEU_769,1.5731435267557252
A,LEU,773,A_LEU_773,12.464168028950104
A,MET,711,A_MET_711,21.078872872199984
A,PHE,726,A_PHE_726,24.950299931180094
A,PHE,730,A_PHE_730,25.447753588773356
A,PRO,723,A_PRO_723,16.0224101282725
A,PRO,745,A_PRO_745,15.959888555105236
A,SER,772,A_SER_772,16.143284748262687
A,THR,720,A_THR_720,15.631804086145216
A,THR,731,A_THR_731,17.79718709981385
A,TRP,704,A_TRP_704,31.628135180914818
A,VAL,701,A_VAL_701,16.06996287975381
A,VAL,743,A_VAL_743,5.635854619186347
