chain,resname,resnum,res_key,density
A,ASP,580,A_ASP_580,9.952892901514028
A,ASP,581,A_ASP_581,20.41985357250446
A,CYS,583,A_CYS_583,18.23096035966727
A,LEU,585,A_LEU_585,18.37366035873768
A,LEU,586,A_LEU_586,15.088702384853574
A,PRO,582,A_PRO_582,17.49109654968966
A,VAL,584,A_VAL_584,16.03022903284224
