chain,resname,resnum,res_key,density
A,ARG,181,A_ARG_181,2.562180034292679
A,CYS,174,A_CYS_174,17.641796266232447
A,CYS,175,A_CYS_175,18.774909228530674
A,CYS,177,A_CYS_177,17.87408347384021
A,CYS,178,A_CYS_178,18.204189418754964
A,GLN,171,A_GLN_171,22.283307224624263
A,GLY,180,A_GLY_180,10.76943378254627
A,LEU,170,A_LEU_170,18.226014226817213
A,LEU,173,A_LEU_173,18.415956865374337
A,LYS,168,A_LYS_168,13.834114385110526
A,LYS,172,A_LYS_172,18.904300317814158
A,PHE,179,A_PHE_179,25.220798101700495
A,PRO,176,A_PRO_176,15.376314117598232
A,THR,167,A_THR_167,7.500684350047306
A,TRP,166,A_TRP_166,3.362080139587602
A,TRP,169,A_TRP_169,21.383410510978504
A,TYR,159,A_TYR_159,9.733108448494354
