chain,resname,resnum,res_key,density
A,CYS,174,A_CYS_174,17.641796266232447
A,CYS,175,A_CYS_175,18.774909228530674
A,CYS,177,A_CYS_177,17.87408347384021
A,CYS,178,A_CYS_178,18.204189418754964
A,GLN,171,A_GLN_171,22.283307224624263
A,GLY,180,A_GLY_180,2.5871353813352584
A,LEU,170,A_LEU_170,18.226014226817213
A,LEU,173,A_LEU_173,18.415956865374337
A,LYS,168,A_LYS_168,12.02929677418774
A,LYS,172,A_LYS_172,18.904300317814158
A,PHE,179,A_PHE_179,25.220798101700495
A,PRO,176,A_PRO_176,15.376314117598232
A,THR,167,A_THR_167,12.421040915144397
A,TRP,166,A_TRP_166,21.035601085716568
A,TRP,169,A_TRP_169,32.31386760964192
