chain,resname,resnum,res_key,density
A,ALA,248,A_ALA_248,5.997115009588764
A,ARG,2,A_ARG_2,26.424821517460234
A,ARG,46,A_ARG_46,3.5736107357428195
A,ARG,62,A_ARG_62,15.666789166073539
A,ARG,162,A_ARG_162,22.443631573676242
A,ARG,251,A_ARG_251,14.66212272091667
A,ASN,48,A_ASN_48,21.262181820525313
A,ASP,128,A_ASP_128,20.191460101463903
A,ASP,161,A_ASP_161,9.707891491384412
A,ASP,249,A_ASP_249,18.664082245211254
A,CYS,127,A_CYS_127,17.37134177549123
A,CYS,129,A_CYS_129,18.435243873171956
A,GLN,131,A_GLN_131,23.29839576559568
A,GLU,3,A_GLU_3,24.775470348050824
A,GLU,123,A_GLU_123,7.747677750801621
A,GLU,125,A_GLU_125,14.632780265659761
A,GLY,132,A_GLY_132,10.66915069556549
A,ILE,4,A_ILE_4,17.28255033853139
A,ILE,163,A_ILE_163,11.633101179999256
A,LEU,130,A_LEU_130,17.918434884343537
A,LEU,240,A_LEU_240,3.3982650157805487
A,LEU,250,A_LEU_250,8.626414497241521
A,MET,1,A_MET_1,21.30523273448168
A,PHE,133,A_PHE_133,17.284804041662717
A,SER,124,A_SER_124,15.600935509376082
A,SER,126,A_SER_126,15.635434151277742
A,TYR,50,A_TYR_50,4.6845726756313
A,TYR,51,A_TYR_51,3.2834172409962807
A,TYR,159,A_TYR_159,10.361713354898878
A,VAL,5,A_VAL_5,8.329593961574913
A,VAL,49,A_VAL_49,16.79448155907333
