chain,resname,resnum,res_key,density
A,ALA,248,A_ALA_248,4.7161756654647515
A,ALA,315,A_ALA_315,9.468876818294257
A,ALA,352,A_ALA_352,12.297228475143424
A,ALA,365,A_ALA_365,12.630162221265797
A,ARG,46,A_ARG_46,13.296055739245128
A,ARG,241,A_ARG_241,26.446756497929105
A,ARG,318,A_ARG_318,27.281458049244357
A,ARG,320,A_ARG_320,23.362743236005837
A,ARG,359,A_ARG_359,2.518591352070664
A,ASN,247,A_ASN_247,10.383837709528397
A,ASP,355,A_ASP_355,20.61658252790395
A,CYS,239,A_CYS_239,18.20911138733925
A,CYS,354,A_CYS_354,17.312458181962334
A,GLN,43,A_GLN_43,6.839268416522019
A,GLN,245,A_GLN_245,23.198952225191455
A,GLU,27,A_GLU_27,22.08466606302464
A,GLU,45,A_GLU_45,9.434246363763997
A,GLY,235,A_GLY_235,10.174469984973115
A,GLY,244,A_GLY_244,10.52169266187337
A,GLY,319,A_GLY_319,9.8203469975213
A,HIS,28,A_HIS_28,4.639354878222243
A,ILE,316,A_ILE_316,19.006353712045033
A,ILE,356,A_ILE_356,18.578014190443557
A,LEU,42,A_LEU_42,18.491497922562083
A,LEU,240,A_LEU_240,14.99869734527246
A,LEU,246,A_LEU_246,18.472136564271736
A,LEU,289,A_LEU_289,1.8687310940442001
A,LEU,361,A_LEU_361,7.694977398495704
A,LYS,362,A_LYS_362,10.6529696215309
A,MET,321,A_MET_321,21.080580232172327
A,MET,323,A_MET_323,17.911714151534294
A,MET,363,A_MET_363,21.396373610840467
A,PHE,242,A_PHE_242,25.695040153832693
A,PHE,270,A_PHE_270,1.9661371077921572
A,PHE,317,A_PHE_317,25.515183123913697
A,PRO,243,A_PRO_243,16.915663956309988
A,PRO,357,A_PRO_357,16.153002516473556
A,PRO,358,A_PRO_358,15.832615075716038
A,SER,40,A_SER_40,2.8471823278105473
A,SER,234,A_SER_234,12.600031323045833
A,SER,322,A_SER_322,10.538259725289889
A,SER,364,A_SER_364,16.60137639544837
A,THR,237,A_THR_237,16.675986169776298
A,THR,238,A_THR_238,17.84845800875309
A,THR,351,A_THR_351,12.976534819673738
A,THR,366,A_THR_366,17.040336754679423
A,VAL,236,A_VAL_236,10.032257004296492
A,VAL,286,A_VAL_286,2.008975350985204
A,VAL,326,A_VAL_326,5.939870451979628
A,VAL,353,A_VAL_353,15.283465114376941
