chain,resname,resnum,res_key,density
A,ALA,257,A_ALA_257,5.883248215184249
A,ALA,266,A_ALA_266,11.603413387061092
A,ARG,268,A_ARG_268,26.469763389032067
A,ARG,269,A_ARG_269,26.33781677128731
A,CYS,264,A_CYS_264,18.73734300423779
A,CYS,265,A_CYS_265,17.555812721427426
A,GLY,262,A_GLY_262,11.16715897436044
A,GLY,270,A_GLY_270,10.04367540675545
A,ILE,259,A_ILE_259,14.878413578069994
A,ILE,263,A_ILE_263,19.152854723445575
A,ILE,273,A_ILE_273,4.304850416185015
A,LEU,256,A_LEU_256,3.3927621444923717
A,LEU,258,A_LEU_258,16.87282135641205
A,LEU,261,A_LEU_261,18.867306287118765
A,PHE,272,A_PHE_272,26.106825425273286
A,THR,260,A_THR_260,18.322270962967245
A,TYR,267,A_TYR_267,29.418560824956177
A,TYR,271,A_TYR_271,28.727208855256183
