chain,resname,resnum,res_key,density
A,ALA,203,A_ALA_203,12.705866896479835
A,ASP,204,A_ASP_204,21.23351488566347
A,CYS,198,A_CYS_198,12.32947061902242
A,CYS,205,A_CYS_205,17.53707646551672
A,CYS,207,A_CYS_207,18.12350875919901
A,ILE,200,A_ILE_200,17.27486412164126
A,LEU,197,A_LEU_197,6.275215388019469
A,LEU,206,A_LEU_206,17.78527752865064
A,LYS,210,A_LYS_210,6.7796528895422865
A,MET,199,A_MET_199,16.259278145137134
A,PHE,201,A_PHE_201,25.533573061068857
A,PRO,208,A_PRO_208,16.581029843630755
A,SER,209,A_SER_209,15.578311318904136
A,VAL,202,A_VAL_202,17.3185543981321
