chain,resname,resnum,res_key,density
A,ASN,130,A_ASN_130,20.294151960593588
A,CYS,118,A_CYS_118,15.963600880069437
A,CYS,119,A_CYS_119,18.807184401207124
A,CYS,121,A_CYS_121,18.009171029643575
A,CYS,122,A_CYS_122,17.808939176165932
A,CYS,123,A_CYS_123,17.98053186475375
A,CYS,124,A_CYS_124,18.456396595804634
A,CYS,126,A_CYS_126,18.3829993593519
A,CYS,127,A_CYS_127,17.894391031595223
A,CYS,128,A_CYS_128,17.83941418541074
A,CYS,131,A_CYS_131,17.976215420701923
A,CYS,132,A_CYS_132,17.508958604328473
A,CYS,133,A_CYS_133,17.84701213325973
A,CYS,136,A_CYS_136,9.988163434011875
A,GLY,134,A_GLY_134,2.6963915656152877
A,LEU,125,A_LEU_125,19.11921549249481
A,LYS,135,A_LYS_135,13.234421068407531
A,PHE,129,A_PHE_129,25.02808335176786
A,THR,117,A_THR_117,3.5132561655878685
A,TYR,120,A_TYR_120,17.345211798132308
