chain,resname,resnum,res_key,density
A,ASN,221,A_ASN_221,12.727146563296317
A,ASP,219,A_ASP_219,10.506251079724718
A,CYS,211,A_CYS_211,18.434837152993467
A,CYS,214,A_CYS_214,16.91199924989845
A,CYS,216,A_CYS_216,17.612897295368114
A,GLU,223,A_GLU_223,10.808701785120114
A,GLY,209,A_GLY_209,10.226753387129822
A,GLY,215,A_GLY_215,10.513037113682854
A,GLY,217,A_GLY_217,6.749107754124853
A,HIS,188,A_HIS_188,23.136509585414174
A,LEU,191,A_LEU_191,17.309866411046904
A,LYS,193,A_LYS_193,13.53101246436022
A,PHE,190,A_PHE_190,25.748030045499117
A,PHE,222,A_PHE_222,21.444015713568785
A,PHE,281,A_PHE_281,14.359229292768953
A,PRO,189,A_PRO_189,15.760196747337949
A,PRO,192,A_PRO_192,16.085658333452102
A,PRO,210,A_PRO_210,15.50171011195238
A,THR,213,A_THR_213,17.831855396740213
A,THR,218,A_THR_218,2.5796509196779605
A,THR,220,A_THR_220,17.706019675203127
A,TRP,212,A_TRP_212,32.83811226368871
A,VAL,208,A_VAL_208,16.497136782616376
