chain,resname,resnum,res_key,density
A,ARG,134,A_ARG_134,15.47621986397782
A,ARG,154,A_ARG_154,10.423584754738743
A,CYS,158,A_CYS_158,18.048523193460717
A,CYS,160,A_CYS_160,18.422007270713845
A,CYS,162,A_CYS_162,18.81725624253002
A,CYS,163,A_CYS_163,16.911933905161767
A,CYS,165,A_CYS_165,18.70275905354785
A,GLN,168,A_GLN_168,22.90522892495781
A,GLN,185,A_GLN_185,22.156965591063184
A,GLU,169,A_GLU_169,9.48492423787312
A,GLY,159,A_GLY_159,10.269562823277008
A,GLY,166,A_GLY_166,10.297949322937793
A,HIS,157,A_HIS_157,24.566634160221316
A,LEU,156,A_LEU_156,7.632906321573518
A,LEU,167,A_LEU_167,18.393298850288282
A,PRO,164,A_PRO_164,16.173926209327135
A,SER,161,A_SER_161,15.71933212934908
A,THR,186,A_THR_186,10.181702239018968
A,TRP,187,A_TRP_187,25.39105770475677
