chain,resname,resnum,res_key,density
A,ASN,221,A_ASN_221,20.94725146948661
A,ASP,219,A_ASP_219,21.02127943359498
A,CYS,211,A_CYS_211,18.434837152993467
A,CYS,214,A_CYS_214,16.91199924989845
A,CYS,216,A_CYS_216,17.612897295368114
A,GLN,239,A_GLN_239,7.469134534238965
A,GLY,209,A_GLY_209,10.226753387129822
A,GLY,215,A_GLY_215,10.513037113682854
A,GLY,217,A_GLY_217,9.76941617943063
A,LEU,191,A_LEU_191,10.152903574652557
A,PHE,190,A_PHE_190,7.563394140183543
A,PHE,222,A_PHE_222,17.342795069001923
A,PHE,282,A_PHE_282,8.771744035995047
A,PRO,192,A_PRO_192,6.2623337381926785
A,PRO,210,A_PRO_210,15.50171011195238
A,THR,213,A_THR_213,17.831855396740213
A,THR,218,A_THR_218,16.91357160563841
A,THR,220,A_THR_220,17.706019675203127
A,TRP,212,A_TRP_212,32.83811226368871
