chain,resname,resnum,res_key,density
A,ALA,18,A_ALA_18,6.056470007006544
A,CYS,22,A_CYS_22,18.200526066182274
A,GLN,20,A_GLN_20,22.750900447683843
A,GLY,21,A_GLY_21,9.95760993300098
A,GLY,25,A_GLY_25,10.62138429902992
A,SER,19,A_SER_19,15.55678122259213
A,SER,23,A_SER_23,15.568635774192133
A,SER,24,A_SER_24,15.721737656788145
