chain,resname,resnum,res_key,density
A,ARG,289,A_ARG_289,2.5942564829538455
A,CYS,298,A_CYS_298,17.64588800480326
A,GLY,295,A_GLY_295,10.178786927355368
A,GLY,299,A_GLY_299,10.965152779429461
A,ILE,301,A_ILE_301,16.487349447510002
A,PHE,297,A_PHE_297,25.775754765661745
A,PRO,296,A_PRO_296,16.7095797470938
A,SER,294,A_SER_294,5.581917616851575
A,SER,302,A_SER_302,10.132325082595294
A,THR,300,A_THR_300,17.594569072246713
A,TRP,291,A_TRP_291,19.46375256126059
