chain,resname,resnum,res_key,density
A,ARG,84,A_ARG_84,6.14139057119492
A,CYS,88,A_CYS_88,17.80160007993451
A,CYS,90,A_CYS_90,18.188505560359765
A,CYS,92,A_CYS_92,17.803105865853745
A,CYS,93,A_CYS_93,18.260070564852306
A,CYS,94,A_CYS_94,17.575029698595337
A,CYS,95,A_CYS_95,18.04578028815668
A,CYS,99,A_CYS_99,18.266933296052436
A,GLY,89,A_GLY_89,10.599059476778228
A,GLY,98,A_GLY_98,10.022851053042869
A,LEU,86,A_LEU_86,16.52851683182266
A,LEU,87,A_LEU_87,16.792162076205035
A,LEU,91,A_LEU_91,18.42182295722224
A,LEU,97,A_LEU_97,16.82799457549028
A,MET,101,A_MET_101,21.82507880446204
A,PRO,103,A_PRO_103,10.81149428259418
A,SER,100,A_SER_100,15.717953271696095
A,THR,96,A_THR_96,17.580235646061862
A,TRP,85,A_TRP_85,23.3498989630585
A,TRP,102,A_TRP_102,9.866833849124221
A,VAL,104,A_VAL_104,10.880422853799265
