chain,resname,resnum,res_key,density
A,ALA,535,A_ALA_535,11.988807148202994
A,ALA,541,A_ALA_541,15.04111936764764
A,ARG,536,A_ARG_536,21.149462358222785
A,ASP,533,A_ASP_533,7.433565586903773
A,CYS,538,A_CYS_538,17.203293158969117
A,CYS,539,A_CYS_539,17.994894056788358
A,LEU,540,A_LEU_540,18.18689788438805
A,LYS,532,A_LYS_532,2.9000265575556234
A,SER,534,A_SER_534,15.979179514776888
A,SER,537,A_SER_537,15.874456178192895
