chain,resname,resnum,res_key,density,ACC,hbond_type
A,ASN,1148,A_ASN_1148,19.756441741780883,136.0,0
A,CYS,1146,A_CYS_1146,17.5896733467705,99.0,0
A,GLN,1143,A_GLN_1143,21.89327923769467,161.0,0
A,PRO,1144,A_PRO_1144,16.07271378577106,128.0,0
A,SER,1149,A_SER_1149,15.764675817959874,125.0,0
A,THR,1145,A_THR_1145,16.58431258766187,108.0,0
A,THR,1150,A_THR_1150,4.699692008745217,107.0,0
A,VAL,1147,A_VAL_1147,16.01266065399744,143.0,0
