chain,resname,resnum,res_key,density,ACC,hbond_type
A,ALA,22,A_ALA_22,1.9762665910923327,41.0,1
A,ARG,8,A_ARG_8,23.97713884267825,251.0,1
A,CYS,9,A_CYS_9,18.11328070761344,95.0,1
A,CYS,10,A_CYS_10,17.27397092340347,68.0,1
A,CYS,13,A_CYS_13,18.29311900731396,82.0,1
A,GLU,18,A_GLU_18,21.604563029214788,97.0,1
A,LEU,14,A_LEU_14,17.997348734610686,56.0,1
A,LYS,19,A_LYS_19,15.262724248092724,69.0,1
A,PRO,11,A_PRO_11,15.878836780048074,94.0,1
A,THR,6,A_THR_6,5.846018783792284,126.0,1
A,THR,15,A_THR_15,18.09704278110847,76.0,1
A,TRP,7,A_TRP_7,26.967155392092963,238.0,1
A,TRP,12,A_TRP_12,32.589244159429526,232.0,1
