chain,resname,resnum,res_key,density,ACC,hbond_type
A,ASN,228,A_ASN_228,19.96960496457725,103.0,0
A,ASN,260,A_ASN_260,2.342817233986177,51.0,0
A,ASN,262,A_ASN_262,21.11596168810508,69.0,0
A,ASN,282,A_ASN_282,21.16602852901957,143.0,0
A,ASP,227,A_ASP_227,21.31042454881166,92.0,0
A,ASP,246,A_ASP_246,5.115439062655584,32.0,2
A,ASP,279,A_ASP_279,20.87176145727227,63.0,2
A,CYS,278,A_CYS_278,18.82854253119192,49.0,0
A,GLN,263,A_GLN_263,12.677006396842076,157.0,0
A,GLU,258,A_GLU_258,19.606577014538697,65.0,2
A,GLU,266,A_GLU_266,23.2254427364952,124.0,0
A,GLY,230,A_GLY_230,10.68718886885641,0.0,0
A,ILE,267,A_ILE_267,18.02829103975091,4.0,0
A,ILE,277,A_ILE_277,18.278592209666364,10.0,0
A,LEU,259,A_LEU_259,18.104322334254675,0.0,0
A,LEU,270,A_LEU_270,5.752902915406284,91.0,0
A,LYS,226,A_LYS_226,16.157355596787575,99.0,1
A,LYS,268,A_LYS_268,16.025718744334778,132.0,0
A,MET,256,A_MET_256,13.993747145884852,0.0,0
A,MET,265,A_MET_265,20.79426454845167,17.0,0
A,PHE,247,A_PHE_247,14.923784056062662,56.0,0
A,PHE,250,A_PHE_250,18.892081164337466,5.0,0
A,PHE,275,A_PHE_275,25.542503425730224,0.0,0
A,PHE,283,A_PHE_283,25.136814767745864,39.0,0
A,PRO,229,A_PRO_229,16.017578347517826,60.0,0
A,PRO,264,A_PRO_264,12.236604553448512,55.0,0
A,SER,249,A_SER_249,7.240881403871515,31.0,0
A,SER,276,A_SER_276,16.346461785223664,10.0,0
A,SER,281,A_SER_281,14.926110496558184,48.0,1
A,SER,284,A_SER_284,5.969841711529522,51.0,1
A,THR,225,A_THR_225,16.957871220931118,45.0,0
A,THR,280,A_THR_280,16.994011389528296,0.0,0
A,VAL,224,A_VAL_224,13.51115199940659,6.0,0
A,VAL,231,A_VAL_231,16.540625953673946,35.0,0
A,VAL,232,A_VAL_232,15.55518066214222,0.0,0
A,VAL,248,A_VAL_248,16.65633338641377,0.0,0
A,VAL,292,A_VAL_292,1.6172399206500698,0.0,0
