chain,resname,resnum,res_key,density,ACC,hbond_type
A,ARG,146,A_ARG_146,26.077773454647804,154.0,1
A,CYS,143,A_CYS_143,18.010771263782622,70.0,1
A,GLN,142,A_GLN_142,22.10134023960294,96.0,1
A,GLU,140,A_GLU_140,23.16585773592916,108.0,1
A,ILE,139,A_ILE_139,18.3470288947249,120.0,1
A,ILE,141,A_ILE_141,18.72550512402013,99.0,1
A,ILE,144,A_ILE_144,18.166030722026083,109.0,1
A,ILE,150,A_ILE_150,15.35332393403126,110.0,1
A,LEU,138,A_LEU_138,16.540895124696434,98.0,1
A,LYS,135,A_LYS_135,3.316403340787127,132.0,1
A,PHE,137,A_PHE_137,17.493800479866557,136.0,1
A,SER,136,A_SER_136,11.364694980830125,62.0,1
A,SER,145,A_SER_145,15.376471423017415,59.0,1
A,SER,149,A_SER_149,16.509886771284044,51.0,1
A,TYR,148,A_TYR_148,22.56564760927183,150.0,1
A,TYR,151,A_TYR_151,4.628173273904983,142.0,1
A,VAL,147,A_VAL_147,16.80788469013709,97.0,1
