chain,resname,resnum,res_key,density,ACC,hbond_type
A,CYS,673,A_CYS_673,18.600208290792388,80.0,1
A,GLY,672,A_GLY_672,10.388440490853906,28.0,1
A,LEU,665,A_LEU_665,6.48762336177978,95.0,1
A,LEU,668,A_LEU_668,17.24637520537347,93.0,1
A,LEU,670,A_LEU_670,18.52545450213289,122.0,1
A,LYS,666,A_LYS_666,12.536681048100313,129.0,1
A,PHE,674,A_PHE_674,25.422856567175685,120.0,1
A,PHE,677,A_PHE_677,25.70743508770989,143.0,1
A,THR,667,A_THR_667,15.067667452416432,86.0,1
A,THR,675,A_THR_675,18.61163564978243,71.0,1
A,THR,679,A_THR_679,18.07366104324668,87.0,1
A,TRP,678,A_TRP_678,27.21849855475188,124.0,1
A,TYR,681,A_TYR_681,4.677179003185634,116.0,1
A,VAL,669,A_VAL_669,17.11278623737413,84.0,1
A,VAL,671,A_VAL_671,16.611167395726504,80.0,1
A,VAL,676,A_VAL_676,16.332048171859384,93.0,1
A,VAL,680,A_VAL_680,13.033921823399584,80.0,1
