chain,resname,resnum,res_key,density,ACC,hbond_type
A,ALA,503,A_ALA_503,10.970198453722071,45.0,1
A,ALA,558,A_ALA_558,13.288417466140722,35.0,1
A,ARG,502,A_ARG_502,16.374474349311704,121.0,1
A,ARG,519,A_ARG_519,3.1563337895573818,84.0,1
A,ARG,532,A_ARG_532,27.258422162409623,79.0,1
A,ARG,543,A_ARG_543,21.84261420013964,159.0,1
A,ASN,537,A_ASN_537,20.781842874417848,96.0,1
A,ASP,501,A_ASP_501,5.510580932050564,87.0,1
A,ASP,541,A_ASP_541,21.92874355408617,2.0,1
A,CYS,539,A_CYS_539,16.987931342707572,0.0,1
A,CYS,555,A_CYS_555,17.853218044416565,25.0,1
A,GLN,452,A_GLN_452,8.08806921784002,27.0,1
A,GLN,524,A_GLN_524,14.932246708248044,34.0,1
A,GLN,561,A_GLN_561,22.51192925763431,4.0,1
A,GLN,562,A_GLN_562,15.925589169357462,90.0,1
A,GLU,523,A_GLU_523,23.39848873343972,44.0,1
A,GLU,526,A_GLU_526,17.9018215771422,117.0,1
A,GLU,553,A_GLU_553,22.7985541530288,31.0,1
A,GLY,505,A_GLY_505,10.336780920478898,31.0,1
A,GLY,535,A_GLY_535,10.584352258246591,69.0,1
A,GLY,556,A_GLY_556,10.497422338284164,22.0,1
A,HIS,533,A_HIS_533,25.11189038296096,0.0,1
A,ILE,508,A_ILE_508,11.987620391661922,0.0,1
A,ILE,525,A_ILE_525,18.420799814316485,29.0,1
A,LEU,450,A_LEU_450,5.171027219514459,0.0,1
A,LEU,497,A_LEU_497,8.652771212468998,0.0,1
A,LEU,507,A_LEU_507,7.029822944108504,54.0,1
A,LEU,531,A_LEU_531,18.08778483347961,1.0,1
A,LEU,538,A_LEU_538,17.77854350591044,13.0,1
A,LEU,540,A_LEU_540,17.812322915885243,0.0,1
A,LEU,550,A_LEU_550,17.557517947055764,0.0,1
A,LEU,559,A_LEU_559,11.033298381874303,131.0,1
A,LYS,521,A_LYS_521,7.6279082308712916,30.0,1
A,LYS,530,A_LYS_530,21.27138671201413,6.0,1
A,PRO,504,A_PRO_504,15.99731280868939,79.0,1
A,PRO,557,A_PRO_557,16.394163253747415,132.0,1
A,SER,506,A_SER_506,13.949609550010871,20.0,1
A,SER,529,A_SER_529,15.728321299803875,38.0,1
A,SER,536,A_SER_536,16.249012161613127,25.0,1
A,SER,542,A_SER_542,16.6833967269278,15.0,1
A,SER,551,A_SER_551,15.952887437541875,0.0,1
A,SER,560,A_SER_560,15.843693701775706,25.0,1
A,THR,498,A_THR_498,2.6561043526911416,0.0,1
A,THR,544,A_THR_544,10.548795197907545,26.0,1
A,TRP,522,A_TRP_522,31.83424149185839,1.0,1
A,TRP,563,A_TRP_563,30.9932852846802,4.0,1
A,VAL,490,A_VAL_490,3.6292209605624297,0.0,1
A,VAL,499,A_VAL_499,13.212736867877805,1.0,1
A,VAL,534,A_VAL_534,14.239532875908989,38.0,1
A,VAL,552,A_VAL_552,16.536341337114074,0.0,1
A,VAL,554,A_VAL_554,16.143173621161267,72.0,1
