chain,resname,resnum,res_key,density,ACC,hbond_type
A,ALA,97,A_ALA_97,10.65789872527942,5.0,0
A,ALA,101,A_ALA_101,12.930775091971574,26.0,0
A,ALA,112,A_ALA_112,13.099383589887934,29.0,0
A,ALA,114,A_ALA_114,2.7000606525510107,0.0,0
A,ASN,105,A_ASN_105,20.98402540628134,127.0,0
A,ASP,109,A_ASP_109,22.64547142641912,87.0,2
A,ASP,110,A_ASP_110,12.977013167595372,93.0,0
A,CYS,103,A_CYS_103,17.78840506410274,121.0,0
A,CYS,106,A_CYS_106,17.600898972639026,96.0,0
A,GLN,102,A_GLN_102,14.817793403738715,58.0,1
A,GLN,108,A_GLN_108,22.842478531469222,162.0,0
A,GLY,100,A_GLY_100,10.616112053910031,0.0,0
A,ILE,116,A_ILE_116,15.570342406086958,40.0,0
A,LEU,95,A_LEU_95,8.43867652279631,112.0,0
A,LEU,98,A_LEU_98,18.167665570573515,99.0,0
A,LYS,113,A_LYS_113,21.46134611880675,17.0,0
A,THR,104,A_THR_104,18.32827547960191,42.0,0
A,THR,117,A_THR_117,2.143499306398314,5.0,0
A,VAL,96,A_VAL_96,13.824286087158416,25.0,0
A,VAL,99,A_VAL_99,16.342517811866323,59.0,0
A,VAL,107,A_VAL_107,15.978988573010245,30.0,0
