chain,resname,resnum,res_key,density,ACC,hbond_type
A,CYS,88,A_CYS_88,13.923907890186683,63.0,1
A,CYS,90,A_CYS_90,12.180387340735766,70.0,1
A,CYS,92,A_CYS_92,17.803105865853745,55.0,1
A,CYS,93,A_CYS_93,18.260070564852303,47.0,1
A,CYS,94,A_CYS_94,17.575029698595337,124.0,1
A,CYS,95,A_CYS_95,18.04578028815668,113.0,1
A,CYS,99,A_CYS_99,18.26693329605244,94.0,1
A,GLY,89,A_GLY_89,10.599059476778228,3.0,1
A,GLY,98,A_GLY_98,10.022851053042867,29.0,1
A,LEU,87,A_LEU_87,3.6190658974011023,107.0,1
A,LEU,91,A_LEU_91,18.42182295722224,146.0,1
A,LEU,97,A_LEU_97,18.8109246979988,178.0,1
A,MET,101,A_MET_101,14.155726926856456,44.0,1
A,SER,100,A_SER_100,15.717953271696096,22.0,1
A,THR,96,A_THR_96,17.580235646061862,53.0,1
