chain,resname,resnum,res_key,density,ACC,hbond_type
A,ALA,61,A_ALA_61,1.4122184455247588,6.0,1
A,ALA,104,A_ALA_104,2.054189618761872,21.0,1
A,ALA,127,A_ALA_127,12.651744260345902,0.0,1
A,ALA,190,A_ALA_190,9.21620825963734,44.0,1
A,ARG,148,A_ARG_148,19.117889803810844,8.0,1
A,ARG,181,A_ARG_181,24.994111771707285,153.0,1
A,ASP,60,A_ASP_60,3.460913810052141,79.0,1
A,ASP,186,A_ASP_186,21.35789499389549,60.0,1
A,CYS,185,A_CYS_185,18.316300051012178,24.0,1
A,GLN,126,A_GLN_126,10.89035412083683,67.0,1
A,GLN,184,A_GLN_184,23.124178052874043,117.0,1
A,GLU,142,A_GLU_142,20.1447296444153,24.0,1
A,ILE,124,A_ILE_124,11.862604353923366,0.0,1
A,ILE,128,A_ILE_128,18.607074997800645,8.0,1
A,ILE,152,A_ILE_152,4.093034680649976,0.0,1
A,ILE,179,A_ILE_179,10.665962425620677,3.0,1
A,LEU,182,A_LEU_182,18.978338096678616,3.0,1
A,LEU,183,A_LEU_183,17.70670175665946,23.0,1
A,LYS,130,A_LYS_130,12.780979976421095,112.0,1
A,LYS,137,A_LYS_137,9.433853580875224,197.0,1
A,MET,107,A_MET_107,7.509270711290982,10.0,1
A,MET,121,A_MET_121,5.661074677912238,0.0,1
A,MET,131,A_MET_131,21.832348618513667,11.0,1
A,MET,136,A_MET_136,21.365592236841763,23.0,1
A,MET,138,A_MET_138,18.0124511930271,47.0,1
A,PHE,56,A_PHE_56,14.122182770286988,58.0,1
A,PHE,64,A_PHE_64,16.36753295041128,31.0,1
A,PRO,139,A_PRO_139,5.99736049232676,64.0,1
A,PRO,145,A_PRO_145,1.887483820961356,19.0,1
A,PRO,177,A_PRO_177,5.633800002551066,93.0,1
A,PRO,187,A_PRO_187,16.24606683777522,67.0,1
A,SER,133,A_SER_133,16.318212519911295,85.0,1
A,SER,134,A_SER_134,2.881807015447359,68.0,1
A,SER,178,A_SER_178,7.604704603879046,42.0,1
A,SER,188,A_SER_188,15.464667961271838,69.0,1
A,SER,189,A_SER_189,16.59028373177983,46.0,1
A,SER,191,A_SER_191,5.913630571776893,98.0,1
A,TRP,103,A_TRP_103,1.9117444496110243,54.0,1
A,TYR,52,A_TYR_52,9.59693303134228,46.0,1
A,TYR,108,A_TYR_108,14.208079569489591,6.0,1
A,TYR,129,A_TYR_129,29.382566210868912,25.0,1
A,VAL,68,A_VAL_68,2.162297751164117,1.0,1
A,VAL,125,A_VAL_125,17.272164835557206,1.0,1
A,VAL,132,A_VAL_132,15.995928854318036,1.0,1
A,VAL,135,A_VAL_135,16.373632274154847,81.0,1
A,VAL,180,A_VAL_180,16.54785503630051,32.0,1
