chain,resname,resnum,res_key,density,ACC,hbond_type
A,CYS,3,A_CYS_3,18.22542206568439,142.0,0
A,GLY,2,A_GLY_2,10.918432354880228,76.0,0
A,GLY,4,A_GLY_4,10.273257076335057,61.0,0
A,LYS,7,A_LYS_7,6.914132794717209,187.0,0
A,MET,1,A_MET_1,20.85986877216354,254.0,0
A,SER,6,A_SER_6,15.698357599525968,121.0,0
A,THR,5,A_THR_5,17.954754787589792,128.0,0
