chain,resname,resnum,res_key,density,ACC,hbond_type
A,ALA,888,A_ALA_888,11.959228687338694,60.0,1
A,ASN,879,A_ASN_879,21.530769028894724,34.0,1
A,ASP,281,A_ASP_281,4.873951418594806,37.0,1
A,ASP,878,A_ASP_878,21.33437958730609,138.0,1
A,ASP,881,A_ASP_881,21.394050418417663,72.0,1
A,ASP,886,A_ASP_886,21.106130089000068,114.0,1
A,CYS,875,A_CYS_875,18.23134646158688,19.0,1
A,CYS,887,A_CYS_887,17.21109979563212,45.0,1
A,GLN,868,A_GLN_868,23.11923093254174,31.0,1
A,GLN,874,A_GLN_874,23.14254359964378,61.0,1
A,GLU,877,A_GLU_877,23.41837712833837,206.0,1
A,GLU,883,A_GLU_883,14.420223118654963,172.0,1
A,GLU,891,A_GLU_891,16.834059516010033,167.0,1
A,GLY,781,A_GLY_781,2.8203018498774224,26.0,1
A,GLY,884,A_GLY_884,9.928394428247705,85.0,1
A,HIS,284,A_HIS_284,2.637485365744476,20.0,1
A,HIS,871,A_HIS_871,24.49821974320912,60.0,1
A,ILE,889,A_ILE_889,16.276895642490814,48.0,1
A,LEU,869,A_LEU_869,16.053702382037727,1.0,1
A,LEU,873,A_LEU_873,18.20084060689632,53.0,1
A,LYS,876,A_LYS_876,20.38476277950189,104.0,1
A,PHE,855,A_PHE_855,5.886887033180472,5.0,1
A,PHE,872,A_PHE_872,25.933140627104528,34.0,1
A,PHE,882,A_PHE_882,24.638538113543216,7.0,1
A,PHE,890,A_PHE_890,25.65877258954252,16.0,1
A,PRO,282,A_PRO_282,15.26233237830303,89.0,1
A,PRO,783,A_PRO_783,9.593998101062612,14.0,1
A,PRO,880,A_PRO_880,15.770089223641149,99.0,1
A,SER,865,A_SER_865,6.9848228776193295,55.0,1
A,SER,870,A_SER_870,10.604578598820844,27.0,1
A,TYR,867,A_TYR_867,19.393062999536724,112.0,1
A,VAL,283,A_VAL_283,17.77107580036614,45.0,1
A,VAL,864,A_VAL_864,7.685163576767487,3.0,1
A,VAL,885,A_VAL_885,16.350680110669504,32.0,1
