chain,resname,resnum,res_key,density,ACC,hbond_type
A,ALA,162,A_ALA_162,13.165097747603513,49.0,0
A,ASP,157,A_ASP_157,22.057454892104364,76.0,2
A,CYS,156,A_CYS_156,18.47926259820085,34.0,0
A,GLU,161,A_GLU_161,23.87844784873743,112.0,2
A,GLY,164,A_GLY_164,4.7956932627143525,38.0,0
A,HIS,153,A_HIS_153,23.994414751485905,101.0,1
A,ILE,150,A_ILE_150,14.65322586897759,110.0,0
A,LEU,159,A_LEU_159,18.607932395960702,107.0,0
A,PHE,160,A_PHE_160,26.25697010993755,150.0,0
A,PRO,158,A_PRO_158,15.275665372705378,70.0,0
A,SER,149,A_SER_149,16.509886771284044,51.0,0
A,THR,154,A_THR_154,17.789979392067774,91.0,0
A,TYR,148,A_TYR_148,25.308821194684963,150.0,0
A,TYR,151,A_TYR_151,28.08490122551245,142.0,0
A,VAL,147,A_VAL_147,3.399329044164039,97.0,0
A,VAL,152,A_VAL_152,16.626448383901103,40.0,0
A,VAL,155,A_VAL_155,16.566145423771975,53.0,0
A,VAL,163,A_VAL_163,13.467681750990437,68.0,0
