chain,resname,resnum,res_key,density,ACC,hbond_type
A,ALA,429,A_ALA_429,9.270255360992891,61.0,0
A,ARG,421,A_ARG_421,27.23039646754511,130.0,0
A,ARG,423,A_ARG_423,26.63280840008601,181.0,0
A,ARG,425,A_ARG_425,27.144393947401017,162.0,0
A,ARG,426,A_ARG_426,26.793401391883965,190.0,0
A,ARG,427,A_ARG_427,27.78275925998448,159.0,0
A,CYS,419,A_CYS_419,18.781288009656727,81.0,0
A,CYS,422,A_CYS_422,18.02718022420716,79.0,0
A,GLN,428,A_GLN_428,23.24258310268719,107.0,3
A,GLU,430,A_GLU_430,16.29804807848827,112.0,0
A,GLY,413,A_GLY_413,3.204846215532718,39.0,0
A,GLY,415,A_GLY_415,11.097167069012556,35.0,0
A,HIS,424,A_HIS_424,24.02811668775601,106.0,3
A,ILE,416,A_ILE_416,16.929662686864578,103.0,0
A,LEU,414,A_LEU_414,7.754353531319371,91.0,0
A,PHE,417,A_PHE_417,25.7193073694636,120.0,0
A,PHE,418,A_PHE_418,26.554924687874653,121.0,0
A,VAL,420,A_VAL_420,16.97939941012027,90.0,0
