chain,resname,resnum,res_key,density,ACC,hbond_type
A,ALA,255,A_ALA_255,12.661044652947384,47.0,1
A,ARG,369,A_ARG_369,2.3532917475374338,65.0,1
A,ASP,329,A_ASP_329,2.98923704158282,79.0,1
A,CYS,3,A_CYS_3,17.49271515702909,138.0,1
A,GLN,257,A_GLN_257,4.8933608983673285,54.0,1
A,GLY,2,A_GLY_2,10.481437062841923,76.0,1
A,GLY,256,A_GLY_256,10.657415749459648,48.0,1
A,ILE,4,A_ILE_4,18.29463807317125,170.0,1
A,ILE,442,A_ILE_442,7.914507410942797,99.0,1
A,LEU,328,A_LEU_328,3.891123400963658,35.0,1
A,LYS,5,A_LYS_5,20.65114397625363,198.0,1
A,LYS,7,A_LYS_7,2.296107068324246,207.0,1
A,LYS,332,A_LYS_332,5.804587931447504,129.0,1
A,LYS,404,A_LYS_404,7.377020046358815,129.0,1
A,MET,1,A_MET_1,21.2217036212919,151.0,1
A,SER,6,A_SER_6,16.15340842287794,120.0,1
