chain,resname,resnum,res_key,density,ACC,hbond_type
A,ALA,40,A_ALA_40,12.288723874280327,5.0,0
A,ALA,46,A_ALA_46,12.670885300033486,15.0,0
A,ALA,53,A_ALA_53,10.683047679579856,103.0,0
A,ALA,57,A_ALA_57,8.749837167152887,102.0,0
A,ALA,58,A_ALA_58,2.365955619447146,77.0,0
A,ALA,64,A_ALA_64,11.508924564480736,11.0,0
A,ARG,55,A_ARG_55,12.466297466249047,212.0,0
A,ARG,60,A_ARG_60,6.430616492815485,211.0,0
A,ARG,62,A_ARG_62,26.5917392269038,108.0,0
A,ARG,71,A_ARG_71,27.1587494794415,6.0,1
A,ASN,74,A_ASN_74,21.97685187848633,56.0,2
A,ASN,148,A_ASN_148,15.861503755621012,46.0,2
A,ASP,37,A_ASP_37,12.936430437336943,136.0,0
A,CYS,66,A_CYS_66,18.12597929962057,3.0,0
A,GLN,36,A_GLN_36,6.149170366831526,110.0,0
A,GLN,65,A_GLN_65,22.29579058297185,91.0,0
A,GLU,43,A_GLU_43,6.170531641637929,148.0,0
A,GLU,70,A_GLU_70,23.279961550488423,1.0,2
A,GLY,54,A_GLY_54,10.664796718895946,34.0,0
A,HIS,51,A_HIS_51,13.202641055777548,93.0,0
A,ILE,39,A_ILE_39,18.71621271128356,4.0,0
A,ILE,68,A_ILE_68,18.216055143439792,2.0,0
A,ILE,116,A_ILE_116,3.796967581594779,1.0,0
A,ILE,151,A_ILE_151,8.706673321179961,2.0,0
A,LEU,19,A_LEU_19,2.1674852814281467,9.0,0
A,LEU,35,A_LEU_35,3.656492685858788,0.0,0
A,LEU,49,A_LEU_49,6.024450091459883,100.0,0
A,LEU,72,A_LEU_72,14.982997876397018,0.0,0
A,LEU,112,A_LEU_112,4.06534069141314,0.0,0
A,LEU,144,A_LEU_144,15.809115430577616,23.0,0
A,LYS,42,A_LYS_42,10.824616327313215,87.0,0
A,LYS,44,A_LYS_44,12.255251690949803,185.0,0
A,LYS,47,A_LYS_47,20.468032231274087,52.0,1
A,LYS,59,A_LYS_59,8.670025457382454,149.0,0
A,LYS,63,A_LYS_63,20.88576338799685,86.0,1
A,LYS,86,A_LYS_86,6.3404893852784525,27.0,1
A,PHE,61,A_PHE_61,12.471119545230318,113.0,0
A,PRO,50,A_PRO_50,15.78773535770304,3.0,0
A,PRO,67,A_PRO_67,16.17362484238298,12.0,0
A,SER,52,A_SER_52,16.19266009827877,26.0,3
A,SER,75,A_SER_75,9.55935875935474,22.0,0
A,THR,73,A_THR_73,17.063750164854216,0.0,0
A,TYR,38,A_TYR_38,21.057672859832763,65.0,0
A,TYR,45,A_TYR_45,28.510224858692503,83.0,0
A,TYR,56,A_TYR_56,28.776311993232927,47.0,2
A,VAL,41,A_VAL_41,15.971448091815654,8.0,0
A,VAL,69,A_VAL_69,16.996795764934923,8.0,0
A,VAL,147,A_VAL_147,13.827143301990418,0.0,0
