chain,resname,resnum,res_key,density,ACC,hbond_type
A,ALA,655,A_ALA_655,6.393137616142154,35.0,0
A,ALA,659,A_ALA_659,12.351942019980395,18.0,0
A,ALA,667,A_ALA_667,2.8623603922987817,10.0,0
A,ALA,676,A_ALA_676,2.380616956051329,0.0,0
A,ALA,685,A_ALA_685,12.848620330020497,49.0,0
A,ALA,694,A_ALA_694,11.844276416836458,0.0,0
A,ALA,698,A_ALA_698,9.16587433869357,9.0,0
A,ALA,739,A_ALA_739,12.398955467764328,0.0,0
A,ALA,743,A_ALA_743,9.568815580940118,28.0,0
A,ARG,653,A_ARG_653,8.107553422056135,9.0,1
A,ARG,662,A_ARG_662,9.417964159059393,117.0,1
A,ARG,693,A_ARG_693,26.78918758733177,85.0,0
A,ARG,732,A_ARG_732,10.354637277753636,69.0,1
A,ARG,733,A_ARG_733,10.742002571362692,110.0,1
A,ARG,741,A_ARG_741,2.8319867720191425,185.0,1
A,ASN,660,A_ASN_660,21.354594417109936,52.0,3
A,ASP,671,A_ASP_671,5.725860643572293,84.0,0
A,ASP,686,A_ASP_686,18.21194935414041,12.0,2
A,ASP,734,A_ASP_734,5.906424409866018,73.0,2
A,CYS,691,A_CYS_691,18.35920700161537,7.0,0
A,CYS,695,A_CYS_695,17.892300476398013,37.0,0
A,GLN,692,A_GLN_692,22.852202904554787,99.0,0
A,GLU,689,A_GLU_689,22.51363554672308,89.0,0
A,GLU,730,A_GLU_730,2.199734316778591,92.0,0
A,GLU,737,A_GLU_737,11.044589602941745,109.0,0
A,GLU,738,A_GLU_738,11.768101015807714,67.0,2
A,GLY,684,A_GLY_684,10.737863674774518,12.0,0
A,HIS,735,A_HIS_735,20.911306710036538,9.0,1
A,ILE,656,A_ILE_656,19.16777887106838,21.0,0
A,ILE,690,A_ILE_690,19.037693845581376,6.0,0
A,ILE,699,A_ILE_699,8.706926494347556,90.0,0
A,ILE,731,A_ILE_731,18.283647123913035,4.0,0
A,LEU,657,A_LEU_657,18.158498704723304,2.0,0
A,LEU,661,A_LEU_661,18.27510073326796,13.0,0
A,LEU,672,A_LEU_672,17.588463342633595,27.0,0
A,LEU,675,A_LEU_675,18.613741637403443,18.0,0
A,LEU,687,A_LEU_687,18.333122180366043,0.0,0
A,LEU,697,A_LEU_697,17.595401299743916,35.0,0
A,LYS,658,A_LYS_658,14.060077049947209,101.0,1
A,LYS,663,A_LYS_663,11.701173189217537,183.0,0
A,LYS,696,A_LYS_696,20.73093312101498,124.0,0
A,MET,740,A_MET_740,20.874960963755203,46.0,0
A,PHE,682,A_PHE_682,8.186451123533049,17.0,0
A,PHE,736,A_PHE_736,26.49412516630668,4.0,0
A,PHE,742,A_PHE_742,2.757811319879889,109.0,0
A,PRO,665,A_PRO_665,14.426937522417386,80.0,0
A,SER,664,A_SER_664,15.478734504928578,39.0,0
A,SER,683,A_SER_683,6.422601202792284,1.0,1
A,THR,679,A_THR_679,6.8037110005535695,1.0,2
A,THR,688,A_THR_688,18.122745153862702,43.0,3
A,VAL,654,A_VAL_654,5.7301567327905305,21.0,0
A,VAL,666,A_VAL_666,12.803037523388015,44.0,0
A,VAL,670,A_VAL_670,7.784201300697092,18.0,0
