chain,resname,resnum,res_key,density,ACC,hbond_type
A,ALA,131,A_ALA_131,1.868854330019199,0.0,1
A,ALA,205,A_ALA_205,2.7526595992753755,0.0,1
A,ALA,207,A_ALA_207,12.453612334262274,12.0,1
A,ASN,10,A_ASN_10,20.0814716854692,64.0,1
A,ASP,121,A_ASP_121,19.84513179142634,60.0,1
A,ASP,192,A_ASP_192,12.497091604100278,51.0,1
A,CYS,4,A_CYS_4,18.56888959560362,27.0,1
A,CYS,8,A_CYS_8,18.736453862794374,28.0,1
A,CYS,115,A_CYS_115,7.186072625966308,2.0,1
A,CYS,140,A_CYS_140,18.344130489582334,17.0,1
A,GLN,3,A_GLN_3,15.018912295661682,148.0,1
A,GLU,108,A_GLU_108,23.63194169007752,48.0,1
A,GLU,109,A_GLU_109,16.535117554800678,116.0,1
A,GLU,112,A_GLU_112,23.39907818725804,98.0,1
A,GLU,124,A_GLU_124,13.14462275931265,48.0,1
A,GLU,203,A_GLU_203,13.219467985385569,75.0,1
A,GLY,2,A_GLY_2,10.059544974491589,41.0,1
A,GLY,190,A_GLY_190,11.004113275831791,3.0,1
A,HIS,201,A_HIS_201,3.9176731643479377,93.0,1
A,ILE,204,A_ILE_204,18.6496172185712,20.0,1
A,LEU,15,A_LEU_15,4.34957508412831,111.0,1
A,LEU,107,A_LEU_107,10.726467241410866,33.0,1
A,LEU,128,A_LEU_128,8.261428661653921,4.0,1
A,LEU,191,A_LEU_191,8.186906162504544,5.0,1
A,LEU,208,A_LEU_208,12.997896541452238,11.0,1
A,LEU,211,A_LEU_211,8.106601806764138,31.0,1
A,LYS,7,A_LYS_7,20.553171518221657,54.0,1
A,LYS,9,A_LYS_9,21.13106274313543,116.0,1
A,LYS,141,A_LYS_141,12.24855362018182,42.0,1
A,MET,111,A_MET_111,21.098120009738363,13.0,1
A,MET,139,A_MET_139,21.03736197244173,44.0,1
A,PHE,142,A_PHE_142,2.2614194316071465,5.0,1
A,PHE,189,A_PHE_189,22.936029446473366,24.0,1
A,PRO,11,A_PRO_11,16.151252085522184,22.0,1
A,PRO,122,A_PRO_122,15.367482690460257,36.0,1
A,SER,12,A_SER_12,15.398878454346864,49.0,1
A,SER,13,A_SER_13,15.99072400931782,69.0,1
A,THR,6,A_THR_6,17.73410017450377,67.0,1
A,THR,14,A_THR_14,13.865612291755392,57.0,1
A,THR,123,A_THR_123,17.78932575469185,44.0,1
A,THR,138,A_THR_138,14.137365460900094,29.0,1
A,VAL,5,A_VAL_5,16.724546739786156,61.0,1
A,VAL,127,A_VAL_127,13.866589395467804,16.0,1
