chain,resname,resnum,res_key,density,ACC,hbond_type
A,ALA,511,A_ALA_511,9.41956396393236,11.0,0
A,ALA,515,A_ALA_515,5.873435338095367,76.0,0
A,ALA,566,A_ALA_566,11.729992233014675,8.0,0
A,ARG,526,A_ARG_526,23.69012766011696,58.0,1
A,ASN,513,A_ASN_513,7.641498683237052,83.0,0
A,ASP,406,A_ASP_406,2.556484750641761,117.0,0
A,ASP,516,A_ASP_516,21.400598755903864,30.0,2
A,ASP,560,A_ASP_560,18.892849411035986,3.0,2
A,ASP,564,A_ASP_564,20.77668421013417,67.0,0
A,CYS,557,A_CYS_557,3.2236123275161908,2.0,1
A,CYS,567,A_CYS_567,18.167635368083385,60.0,0
A,GLU,510,A_GLU_510,3.376608168023536,95.0,0
A,GLU,522,A_GLU_522,19.51587089269269,80.0,2
A,GLU,562,A_GLU_562,23.664231287058648,50.0,2
A,GLU,563,A_GLU_563,23.733472529882725,106.0,0
A,GLY,408,A_GLY_408,4.537158666292498,30.0,0
A,GLY,523,A_GLY_523,11.239386964850787,0.0,0
A,HIS,565,A_HIS_565,22.69242077934195,13.0,0
A,ILE,568,A_ILE_568,18.24403055315996,7.0,0
A,ILE,570,A_ILE_570,18.511282117476828,6.0,0
A,LEU,517,A_LEU_517,10.73678629499814,79.0,0
A,LEU,520,A_LEU_520,18.93683833116288,0.0,0
A,LEU,524,A_LEU_524,8.550363212390774,11.0,0
A,LEU,527,A_LEU_527,6.63507310193544,1.0,0
A,LEU,558,A_LEU_558,8.457768550506458,14.0,0
A,LEU,561,A_LEU_561,18.485174113588595,0.0,0
A,LYS,407,A_LYS_407,20.41368784668777,136.0,0
A,LYS,512,A_LYS_512,6.6058099431678805,117.0,0
A,LYS,519,A_LYS_519,20.803876029346927,111.0,1
A,LYS,559,A_LYS_559,14.803160711158398,55.0,0
A,LYS,572,A_LYS_572,4.219710117205297,95.0,1
A,PRO,518,A_PRO_518,11.052868720181625,95.0,0
A,PRO,569,A_PRO_569,16.18367873529491,66.0,0
A,VAL,521,A_VAL_521,11.113022959035243,43.0,0
