chain,resname,resnum,res_key,density,ACC,hbond_type
A,ALA,102,A_ALA_102,5.066340977021046,46.0,1
A,ALA,269,A_ALA_269,12.125497343830354,26.0,1
A,ALA,303,A_ALA_303,11.927365647501192,52.0,1
A,ALA,523,A_ALA_523,3.6396107860626303,0.0,1
A,ARG,261,A_ARG_261,25.094347189796263,46.0,1
A,ARG,512,A_ARG_512,4.211932678448797,38.0,1
A,ASN,409,A_ASN_409,14.892182133455812,0.0,1
A,CYS,266,A_CYS_266,17.77087558055755,10.0,1
A,CYS,305,A_CYS_305,19.05235863328548,34.0,1
A,GLN,294,A_GLN_294,13.910988289832014,1.0,1
A,GLN,516,A_GLN_516,21.98849807019544,23.0,1
A,GLN,520,A_GLN_520,22.123150868271463,44.0,1
A,GLU,440,A_GLU_440,8.621912994122198,24.0,1
A,GLY,258,A_GLY_258,10.387679278178435,1.0,1
A,GLY,260,A_GLY_260,10.037493219834044,1.0,1
A,GLY,299,A_GLY_299,10.64308727035711,0.0,1
A,GLY,302,A_GLY_302,10.001968678828842,69.0,1
A,GLY,304,A_GLY_304,10.672893965499275,3.0,1
A,HIS,99,A_HIS_99,18.445846734160813,46.0,1
A,HIS,270,A_HIS_270,22.66414322567944,141.0,1
A,HIS,296,A_HIS_296,20.41985267118536,1.0,1
A,HIS,407,A_HIS_407,22.90854624231508,23.0,1
A,ILE,300,A_ILE_300,15.218241746344424,0.0,1
A,ILE,307,A_ILE_307,2.4902645832152768,0.0,1
A,LEU,306,A_LEU_306,17.950287006608562,22.0,1
A,LEU,403,A_LEU_403,18.68144216641433,42.0,1
A,LEU,513,A_LEU_513,1.8921447919072487,69.0,1
A,LEU,571,A_LEU_571,5.490890244954299,1.0,1
A,LYS,517,A_LYS_517,4.875041359552097,105.0,1
A,MET,515,A_MET_515,1.4797607034745006,0.0,1
A,MET,519,A_MET_519,12.335814418414374,0.0,1
A,PHE,264,A_PHE_264,25.211797563414446,113.0,1
A,PHE,295,A_PHE_295,25.415778058961955,10.0,1
A,PRO,297,A_PRO_297,8.90294853082371,0.0,1
A,PRO,404,A_PRO_404,12.46643453133878,14.0,1
A,SER,265,A_SER_265,15.905723079213256,28.0,1
A,SER,268,A_SER_268,15.705763661291751,4.0,1
A,SER,272,A_SER_272,15.250083881392229,9.0,1
A,THR,262,A_THR_262,17.491259427999854,0.0,1
A,THR,267,A_THR_267,17.620956193863055,17.0,1
A,THR,271,A_THR_271,15.581513978026663,39.0,1
A,THR,273,A_THR_273,8.775342947000901,3.0,1
A,THR,298,A_THR_298,10.639134029473128,0.0,1
A,THR,405,A_THR_405,16.8028982302621,1.0,1
A,TYR,259,A_TYR_259,17.722529216023222,1.0,1
A,TYR,263,A_TYR_263,27.409542112007028,0.0,1
A,TYR,301,A_TYR_301,11.216197673188706,77.0,1
A,TYR,408,A_TYR_408,17.30551340714188,5.0,1
A,VAL,293,A_VAL_293,13.520285900257091,0.0,1
A,VAL,406,A_VAL_406,15.78220964880006,0.0,1
