chain,resname,resnum,res_key,density,ACC,hbond_type
A,ALA,93,A_ALA_93,12.618438269327012,67.0,0
A,ARG,97,A_ARG_97,26.0130948797468,173.0,0
A,ARG,118,A_ARG_118,26.112937782547306,96.0,0
A,ASP,122,A_ASP_122,13.105519540484847,92.0,2
A,CYS,95,A_CYS_95,18.74471430383063,3.0,1
A,CYS,106,A_CYS_106,13.32164878376422,0.0,1
A,CYS,114,A_CYS_114,17.731752409253072,0.0,1
A,CYS,117,A_CYS_117,17.912317664490782,13.0,1
A,GLN,99,A_GLN_99,14.111596989397396,166.0,0
A,GLU,92,A_GLU_92,7.780333348477268,140.0,0
A,GLU,100,A_GLU_100,22.76494385389999,82.0,0
A,GLU,119,A_GLU_119,23.48794096951349,123.0,0
A,HIS,98,A_HIS_98,23.11302343640867,55.0,2
A,HIS,103,A_HIS_103,23.983905460667746,88.0,0
A,HIS,123,A_HIS_123,23.83439968507041,20.0,3
A,ILE,131,A_ILE_131,12.321527793707332,37.0,0
A,LEU,113,A_LEU_113,18.44794177558456,3.0,0
A,LEU,130,A_LEU_130,13.735081916400969,64.0,0
A,LYS,111,A_LYS_111,15.344562257334925,106.0,1
A,LYS,121,A_LYS_121,2.6394588492978426,197.0,0
A,LYS,124,A_LYS_124,2.406298888595234,164.0,0
A,MET,101,A_MET_101,21.60925878408625,60.0,0
A,PHE,102,A_PHE_102,24.57035440335373,47.0,0
A,PHE,105,A_PHE_105,16.883211141831236,32.0,0
A,PHE,112,A_PHE_112,25.291738505386725,116.0,0
A,PHE,115,A_PHE_115,24.77433170269504,104.0,0
A,PRO,96,A_PRO_96,15.263832589347809,117.0,0
A,SER,120,A_SER_120,15.97857234258742,23.0,1
A,SER,129,A_SER_129,10.520521652687664,19.0,1
A,THR,94,A_THR_94,17.778304346544694,75.0,0
A,TYR,104,A_TYR_104,27.63850647669846,52.0,0
A,VAL,116,A_VAL_116,16.80867648559424,51.0,0
A,VAL,128,A_VAL_128,13.394157452172529,29.0,0
