chain,resname,resnum,res_key,density,ACC,hbond_type
A,ARG,305,A_ARG_305,10.2911605874553,160.0,0
A,CYS,549,A_CYS_549,17.917255708292952,112.0,0
A,CYS,550,A_CYS_550,18.051615462965795,131.0,0
A,CYS,551,A_CYS_551,17.543607717641365,122.0,0
A,LEU,547,A_LEU_547,14.957258347365048,162.0,0
A,LYS,552,A_LYS_552,19.962441381231933,211.0,0
A,LYS,553,A_LYS_553,14.214580331665006,282.0,0
A,PHE,548,A_PHE_548,25.92584040063636,185.0,0
A,SER,546,A_SER_546,16.561813652541012,80.0,0
A,VAL,545,A_VAL_545,13.6202241774529,124.0,0
