chain,resname,resnum,res_key,density,ACC,hbond_type
A,ARG,209,A_ARG_209,26.50745164812762,118.0,1
A,ARG,211,A_ARG_211,26.92668748840316,185.0,1
A,ARG,212,A_ARG_212,22.165278305048627,195.0,1
A,ARG,213,A_ARG_213,22.761530990933288,161.0,1
A,ASN,207,A_ASN_207,20.83213778207882,76.0,1
A,ASN,210,A_ASN_210,19.90061670143858,111.0,1
A,CYS,206,A_CYS_206,17.510695989438982,70.0,1
A,HIS,208,A_HIS_208,24.629787649683585,98.0,1
A,ILE,202,A_ILE_202,18.78126244240985,102.0,1
A,LEU,197,A_LEU_197,3.611234337422929,114.0,1
A,LEU,198,A_LEU_198,6.005889916342108,115.0,1
A,LEU,200,A_LEU_200,18.28187967949737,99.0,1
A,LEU,204,A_LEU_204,18.454956908647866,103.0,1
A,SER,199,A_SER_199,16.5048900398845,55.0,1
A,THR,203,A_THR_203,17.89688961754176,91.0,1
A,TYR,205,A_TYR_205,29.047488079535395,135.0,1
A,VAL,201,A_VAL_201,17.153934497931925,90.0,1
A,VAL,214,A_VAL_214,4.751669982399098,107.0,1
