chain,resname,resnum,res_key,density,ACC,hbond_type
A,ALA,2,A_ALA_2,12.89288729357041,56.0,1
A,ARG,8,A_ARG_8,19.44774078785086,186.0,1
A,ARG,999,A_ARG_999,5.015010336861273,61.0,1
A,ASN,678,A_ASN_678,10.082307829139353,39.0,1
A,ASP,677,A_ASP_677,20.478857877064303,81.0,1
A,CYS,3,A_CYS_3,17.934944267216803,72.0,1
A,GLN,6,A_GLN_6,22.91041962634304,18.0,1
A,GLN,973,A_GLN_973,2.414725239167088,119.0,1
A,GLY,675,A_GLY_675,7.737732272564444,14.0,1
A,GLY,1002,A_GLY_1002,4.57062113357596,64.0,1
A,ILE,680,A_ILE_680,17.940023293616594,5.0,1
A,ILE,687,A_ILE_687,3.988174860992798,45.0,1
A,LEU,7,A_LEU_7,18.06953416564219,5.0,1
A,LEU,9,A_LEU_9,18.222500990118416,16.0,1
A,LEU,10,A_LEU_10,14.62289029261389,1.0,1
A,LEU,11,A_LEU_11,12.241274716104504,47.0,1
A,LEU,676,A_LEU_676,18.61688042770793,7.0,1
A,LEU,681,A_LEU_681,12.384136511453892,5.0,1
A,LEU,1000,A_LEU_1000,16.89258394438416,6.0,1
A,MET,1,A_MET_1,21.2853484291319,240.0,2
A,PHE,683,A_PHE_683,25.0212136410556,105.0,1
A,PRO,5,A_PRO_5,15.42228733884119,74.0,1
A,SER,679,A_SER_679,15.603378102795745,85.0,1
A,SER,684,A_SER_684,12.220214091177102,1.0,1
A,TRP,4,A_TRP_4,30.52791158867491,193.0,1
A,TRP,682,A_TRP_682,5.0010372577038105,29.0,1
