chain,resname,resnum,res_key,density,ACC,hbond_type
A,ALA,50,A_ALA_50,11.914110647439644,0.0,1
A,ARG,35,A_ARG_35,15.39710935842785,46.0,1
A,ARG,84,A_ARG_84,27.85582832347801,75.0,1
A,ARG,118,A_ARG_118,26.417654670815736,173.0,1
A,ASN,141,A_ASN_141,18.30164863088263,0.0,1
A,ASP,57,A_ASP_57,20.91245297196331,10.0,1
A,ASP,119,A_ASP_119,21.436342610788284,121.0,1
A,CYS,60,A_CYS_60,18.42480748257621,0.0,1
A,CYS,116,A_CYS_116,18.18589772223597,3.0,1
A,GLN,13,A_GLN_13,2.684154434209817,16.0,1
A,GLU,49,A_GLU_49,23.88689887740931,84.0,1
A,GLU,52,A_GLU_52,20.26847152516421,152.0,1
A,GLY,53,A_GLY_53,10.69633093750625,9.0,1
A,GLY,64,A_GLY_64,4.454635674752337,3.0,1
A,HIS,112,A_HIS_112,21.131035812650246,6.0,1
A,ILE,40,A_ILE_40,3.979332301850752,31.0,1
A,ILE,51,A_ILE_51,18.72085873016166,60.0,1
A,ILE,56,A_ILE_56,10.960401692428237,24.0,1
A,ILE,86,A_ILE_86,3.559919321698248,3.0,1
A,LEU,113,A_LEU_113,18.00895922505764,18.0,1
A,LEU,143,A_LEU_143,16.232504840870305,3.0,1
A,LYS,38,A_LYS_38,6.02685511779084,42.0,1
A,LYS,45,A_LYS_45,9.422933771007582,193.0,1
A,LYS,48,A_LYS_48,17.251336704309526,153.0,1
A,LYS,58,A_LYS_58,2.9416845030861154,147.0,1
A,LYS,59,A_LYS_59,10.757016391750676,85.0,1
A,LYS,144,A_LYS_144,14.32884015248592,112.0,1
A,LYS,147,A_LYS_147,4.761000769907547,108.0,1
A,MET,80,A_MET_80,1.4628001106563722,66.0,1
A,PHE,62,A_PHE_62,24.57668755004351,1.0,1
A,PHE,117,A_PHE_117,24.967382022034258,33.0,1
A,PRO,47,A_PRO_47,15.609608266102358,18.0,1
A,PRO,61,A_PRO_61,15.3161574351773,0.0,1
A,PRO,115,A_PRO_115,16.210081337733357,33.0,1
A,SER,114,A_SER_114,15.25392490626381,0.0,1
A,THR,46,A_THR_46,17.76527314288368,40.0,1
A,THR,54,A_THR_54,15.798211244469762,86.0,1
A,THR,63,A_THR_63,17.587563153603593,3.0,1
A,THR,127,A_THR_127,3.066229298479919,19.0,1
A,TYR,36,A_TYR_36,3.358105773714018,70.0,1
A,TYR,37,A_TYR_37,8.844884133941685,117.0,1
A,TYR,55,A_TYR_55,29.059230248436805,23.0,1
A,VAL,120,A_VAL_120,16.183831345326826,13.0,1
A,VAL,126,A_VAL_126,1.7834661743420064,0.0,1
A,VAL,142,A_VAL_142,15.603513131361428,0.0,1
A,VAL,145,A_VAL_145,16.25757643073678,33.0,1
