chain,resname,resnum,res_key,density,ACC,hbond_type
A,ALA,523,A_ALA_523,12.735456942477024,0.0,1
A,ALA,575,A_ALA_575,12.391072931789076,0.0,1
A,ALA,582,A_ALA_582,12.877111173033022,0.0,1
A,ALA,584,A_ALA_584,9.493703205118546,17.0,1
A,ARG,527,A_ARG_527,6.691854907696541,4.0,1
A,ARG,594,A_ARG_594,7.522039520314867,4.0,1
A,ASN,521,A_ASN_521,12.590276233233158,112.0,1
A,CYS,536,A_CYS_536,18.31075685665837,7.0,1
A,CYS,574,A_CYS_574,5.857034105658462,0.0,1
A,GLN,520,A_GLN_520,2.5494207049407565,44.0,1
A,GLN,533,A_GLN_533,23.891418965910887,109.0,1
A,GLN,577,A_GLN_577,15.557181599995456,1.0,1
A,GLU,291,A_GLU_291,1.849283859889281,1.0,1
A,GLU,534,A_GLU_534,24.029820749964617,103.0,1
A,GLU,583,A_GLU_583,23.92429619783676,36.0,1
A,GLY,529,A_GLY_529,11.040099709823906,6.0,1
A,GLY,535,A_GLY_535,10.435007911670406,0.0,1
A,GLY,537,A_GLY_537,10.94070923400078,43.0,1
A,GLY,544,A_GLY_544,2.519100921707617,33.0,1
A,GLY,581,A_GLY_581,10.948164885728534,0.0,1
A,GLY,635,A_GLY_635,7.194629560200945,3.0,1
A,HIS,522,A_HIS_522,23.65655162462262,14.0,1
A,ILE,539,A_ILE_539,18.758051822671653,0.0,1
A,ILE,579,A_ILE_579,18.914211200679635,0.0,1
A,LEU,532,A_LEU_532,18.23577911908421,0.0,1
A,LEU,542,A_LEU_542,18.573538218096203,21.0,1
A,LEU,573,A_LEU_573,6.023998074551953,3.0,1
A,LEU,576,A_LEU_576,18.15532543811299,0.0,1
A,LEU,639,A_LEU_639,5.759889162327073,45.0,1
A,LYS,517,A_LYS_517,5.761358413368922,105.0,1
A,LYS,538,A_LYS_538,21.673108180743508,75.0,1
A,LYS,541,A_LYS_541,16.168344423091725,142.0,1
A,LYS,586,A_LYS_586,2.708862532851437,58.0,1
A,LYS,636,A_LYS_636,15.184193651832649,140.0,1
A,MET,515,A_MET_515,14.401966564406552,0.0,1
A,MET,519,A_MET_519,22.1458611998277,0.0,1
A,MET,572,A_MET_572,15.249129906963985,0.0,1
A,SER,514,A_SER_514,5.743456158261486,48.0,1
A,SER,518,A_SER_518,15.92922527280661,14.0,1
A,SER,530,A_SER_530,16.256735190585157,80.0,1
A,SER,540,A_SER_540,14.957021153346986,38.0,1
A,THR,578,A_THR_578,17.686048134770747,0.0,1
A,THR,634,A_THR_634,3.1434170272844963,95.0,1
A,THR,638,A_THR_638,2.8978982131810973,68.0,1
A,TYR,263,A_TYR_263,2.8605638310241663,0.0,1
A,TYR,543,A_TYR_543,15.238298167915117,26.0,1
A,TYR,580,A_TYR_580,26.864268121984576,72.0,1
A,VAL,528,A_VAL_528,5.966302771811945,43.0,1
A,VAL,531,A_VAL_531,16.39594247495945,48.0,1
A,VAL,630,A_VAL_630,3.8590092760978254,13.0,1
A,VAL,637,A_VAL_637,16.74629264203133,18.0,1
