chain,resname,resnum,res_key,density,ACC,hbond_type
A,ARG,124,A_ARG_124,12.082858314216072,152.0,0
A,ASN,395,A_ASN_395,7.78237052356975,86.0,0
A,CYS,396,A_CYS_396,12.070627485808403,21.0,0
A,CYS,400,A_CYS_400,17.59827848239499,31.0,0
A,CYS,402,A_CYS_402,18.34887857998892,57.0,0
A,CYS,403,A_CYS_403,17.646903629289923,87.0,0
A,CYS,405,A_CYS_405,18.0374898849511,86.0,0
A,GLN,406,A_GLN_406,22.78638222850924,61.0,2
A,GLU,409,A_GLU_409,19.83667021420001,85.0,2
A,GLU,410,A_GLU_410,17.374258444987053,140.0,0
A,ILE,125,A_ILE_125,3.827409280472016,4.0,0
A,LEU,401,A_LEU_401,18.280168427387217,107.0,0
A,LYS,394,A_LYS_394,3.327181417897632,85.0,0
A,LYS,398,A_LYS_398,21.491622995703008,62.0,1
A,PHE,397,A_PHE_397,12.416459199786908,9.0,0
A,PHE,408,A_PHE_408,8.74885010651551,169.0,0
A,SER,399,A_SER_399,16.490758142382642,43.0,3
A,SER,407,A_SER_407,15.40502417284664,86.0,0
A,THR,121,A_THR_121,1.628480960499403,15.0,0
A,TRP,404,A_TRP_404,32.73070873295688,239.0,0
