chain,resname,resnum,res_key,density,ACC,hbond_type
A,ALA,27,A_ALA_27,12.001211528424658,11.0,0
A,ARG,76,A_ARG_76,9.366691889740263,147.0,0
A,ASN,26,A_ASN_26,18.39777914546008,133.0,0
A,ASN,74,A_ASN_74,20.655494077258982,117.0,0
A,ASN,75,A_ASN_75,20.71123132706169,57.0,0
A,ASN,95,A_ASN_95,18.14520683259777,47.0,2
A,ASP,53,A_ASP_53,21.304563243160544,145.0,0
A,ASP,98,A_ASP_98,21.84932297296841,115.0,0
A,CYS,48,A_CYS_48,5.440051296397422,0.0,0
A,CYS,52,A_CYS_52,17.838408971715353,9.0,0
A,CYS,96,A_CYS_96,18.272928187880662,7.0,0
A,GLN,28,A_GLN_28,22.223576632778872,133.0,0
A,GLN,54,A_GLN_54,22.720019705205488,163.0,0
A,GLN,100,A_GLN_100,13.953457868712386,134.0,1
A,GLY,25,A_GLY_25,10.62384364860047,62.0,0
A,GLY,59,A_GLY_59,2.5942873568010127,3.0,0
A,GLY,73,A_GLY_73,7.45387916337579,43.0,0
A,GLY,99,A_GLY_99,10.081500365559997,35.0,0
A,LEU,57,A_LEU_57,12.22138792578906,76.0,0
A,LEU,58,A_LEU_58,17.921652062275612,5.0,0
A,LYS,56,A_LYS_56,20.92572894056877,169.0,0
A,LYS,77,A_LYS_77,2.49274520869326,47.0,1
A,PRO,24,A_PRO_24,14.149135779452852,121.0,0
A,PRO,55,A_PRO_55,16.213592734574437,13.0,0
A,PRO,97,A_PRO_97,16.408530379803942,78.0,0
A,SER,30,A_SER_30,16.104529585939865,61.0,0
A,SER,49,A_SER_49,15.69632946602952,32.0,0
A,SER,51,A_SER_51,16.22514126113539,79.0,0
A,SER,94,A_SER_94,16.148250658932696,0.0,3
A,SER,101,A_SER_101,16.808253010016642,24.0,3
A,THR,29,A_THR_29,17.37508940072493,12.0,3
A,THR,50,A_THR_50,18.628978845756645,13.0,3
A,THR,102,A_THR_102,2.6542484574924305,73.0,0
A,TYR,93,A_TYR_93,7.980596131004228,56.0,0
