chain,resname,resnum,res_key,density,ACC,hbond_type
A,ALA,253,A_ALA_253,12.79705672726854,5.0,1
A,ALA,263,A_ALA_263,12.46133740502122,27.0,1
A,ARG,174,A_ARG_174,13.953077733317071,4.0,1
A,ARG,255,A_ARG_255,2.309621483200744,99.0,1
A,ARG,265,A_ARG_265,21.55539685635341,176.0,1
A,ASP,248,A_ASP_248,21.312090798803982,1.0,1
A,ASP,268,A_ASP_268,4.206948407338631,115.0,1
A,ASP,305,A_ASP_305,2.9890256055677367,178.0,1
A,CYS,249,A_CYS_249,17.345622391998024,22.0,1
A,GLU,153,A_GLU_153,23.59541910546257,4.0,1
A,GLU,196,A_GLU_196,7.924935995166088,73.0,1
A,GLU,252,A_GLU_252,22.907045742634708,96.0,1
A,GLY,156,A_GLY_156,9.604486857310356,10.0,1
A,GLY,261,A_GLY_261,10.344489931974293,9.0,1
A,HIS,160,A_HIS_160,12.777034394670574,52.0,1
A,HIS,229,A_HIS_229,4.648297248032863,95.0,1
A,HIS,230,A_HIS_230,7.5679098592722225,44.0,1
A,LEU,152,A_LEU_152,15.211967681033968,1.0,1
A,LEU,154,A_LEU_154,13.98313576887248,1.0,1
A,LEU,158,A_LEU_158,17.23875374855661,1.0,1
A,LEU,159,A_LEU_159,12.148735977775043,2.0,1
A,LEU,264,A_LEU_264,17.78606109553555,10.0,1
A,LEU,276,A_LEU_276,3.768158545604981,0.0,1
A,LEU,279,A_LEU_279,6.375164469485836,0.0,1
A,LEU,308,A_LEU_308,1.7984008123817017,4.0,1
A,LYS,232,A_LYS_232,12.29400400910044,4.0,1
A,LYS,250,A_LYS_250,19.71232281014004,118.0,1
A,LYS,251,A_LYS_251,20.80381703969133,143.0,1
A,PHE,193,A_PHE_193,5.869622683890771,2.0,1
A,PHE,254,A_PHE_254,25.93296651371348,13.0,1
A,PRO,161,A_PRO_161,3.800799143734508,48.0,1
A,PRO,266,A_PRO_266,16.808499884664275,95.0,1
A,PRO,307,A_PRO_307,3.857154820566469,20.0,1
A,SER,195,A_SER_195,12.16726514029366,23.0,1
A,THR,155,A_THR_155,18.84555170454461,20.0,1
A,THR,194,A_THR_194,12.74550136950151,0.0,1
A,TRP,267,A_TRP_267,19.826958452349235,10.0,1
A,VAL,151,A_VAL_151,7.250836202340293,1.0,1
A,VAL,157,A_VAL_157,16.155082961155323,0.0,1
A,VAL,246,A_VAL_246,15.664309123631329,1.0,1
A,VAL,247,A_VAL_247,17.130901022426976,0.0,1
A,VAL,262,A_VAL_262,16.561131360576905,7.0,1
A,VAL,275,A_VAL_275,5.81329785046516,28.0,1
