chain,resname,resnum,res_key,density,ACC,hbond_type
A,ALA,134,A_ALA_134,2.945350385375427,78.0,0
A,ALA,161,A_ALA_161,12.223784458627843,25.0,0
A,ARG,105,A_ARG_105,2.405110399527714,182.0,0
A,ARG,115,A_ARG_115,5.863160929514869,155.0,0
A,ARG,169,A_ARG_169,19.36567637541612,81.0,1
A,ARG,194,A_ARG_194,7.502985930404833,96.0,0
A,ARG,224,A_ARG_224,27.1760553769273,204.0,0
A,ASP,190,A_ASP_190,21.99224488692217,86.0,0
A,ASP,192,A_ASP_192,17.987968932020404,117.0,0
A,CYS,166,A_CYS_166,17.740309335230798,6.0,0
A,CYS,222,A_CYS_222,17.676140892088576,45.0,0
A,GLN,113,A_GLN_113,12.766745822423555,131.0,0
A,GLU,191,A_GLU_191,23.38243914929432,49.0,2
A,GLU,223,A_GLU_223,23.607043493039985,60.0,2
A,GLY,110,A_GLY_110,3.279065624756861,37.0,0
A,GLY,111,A_GLY_111,5.843571671228451,55.0,0
A,GLY,165,A_GLY_165,10.402307565755692,28.0,0
A,GLY,168,A_GLY_168,10.174438360186652,0.0,0
A,GLY,187,A_GLY_187,5.82896639598188,8.0,0
A,ILE,160,A_ILE_160,15.000822173080577,4.0,0
A,ILE,189,A_ILE_189,18.66271058030124,16.0,0
A,ILE,221,A_ILE_221,16.50127369330608,23.0,0
A,ILE,225,A_ILE_225,17.90255122661788,57.0,0
A,LEU,114,A_LEU_114,17.592984188987693,40.0,0
A,LEU,162,A_LEU_162,19.492010274192207,12.0,0
A,LEU,220,A_LEU_220,14.67098256414952,0.0,0
A,MET,112,A_MET_112,20.56967024759557,167.0,0
A,PHE,226,A_PHE_226,25.77204328981928,193.0,0
A,PRO,163,A_PRO_163,15.121803045003771,31.0,0
A,SER,164,A_SER_164,16.243636462727522,96.0,0
A,TYR,136,A_TYR_136,4.1388616509379705,78.0,0
A,TYR,167,A_TYR_167,28.2512466091911,38.0,1
A,TYR,193,A_TYR_193,11.891058024464783,88.0,0
A,TYR,227,A_TYR_227,24.82802088944789,144.0,1
A,VAL,170,A_VAL_170,2.8936232831448336,7.0,0
A,VAL,188,A_VAL_188,16.43311315859654,88.0,0
