chain,resname,resnum,res_key,density,ACC,hbond_type
A,ARG,87,A_ARG_87,14.01047203083071,62.0,0
A,ARG,91,A_ARG_91,4.4767335649408535,123.0,1
A,ARG,246,A_ARG_246,26.93349335901123,183.0,0
A,CYS,11,A_CYS_11,6.170157142127805,102.0,0
A,CYS,15,A_CYS_15,12.32755208297828,66.0,0
A,CYS,242,A_CYS_242,18.007678395284422,47.0,0
A,CYS,243,A_CYS_243,19.31069179082283,50.0,0
A,GLN,234,A_GLN_234,3.571975350343401,7.0,1
A,GLU,251,A_GLU_251,13.8088937966015,67.0,0
A,GLY,12,A_GLY_12,10.241104926976028,40.0,0
A,GLY,237,A_GLY_237,10.877300183494183,0.0,0
A,ILE,239,A_ILE_239,19.12588279172808,82.0,0
A,LEU,16,A_LEU_16,18.56497177921691,33.0,0
A,LEU,19,A_LEU_19,17.156370782471793,96.0,0
A,LEU,20,A_LEU_20,15.458116329982238,1.0,0
A,LEU,90,A_LEU_90,15.390603853819067,1.0,0
A,LEU,97,A_LEU_97,1.7314541576711464,7.0,0
A,LEU,244,A_LEU_244,18.49445316761753,0.0,0
A,LEU,248,A_LEU_248,18.97804086911753,11.0,0
A,LEU,250,A_LEU_250,15.502852449826472,132.0,0
A,LYS,17,A_LYS_17,21.393457872884813,29.0,1
A,LYS,249,A_LYS_249,16.696372432577434,107.0,0
A,MET,238,A_MET_238,14.683745114863434,19.0,0
A,PHE,94,A_PHE_94,19.129456880955004,60.0,0
A,PHE,236,A_PHE_236,16.880763833168505,116.0,0
A,PHE,240,A_PHE_240,26.117937492482053,55.0,0
A,SER,247,A_SER_247,15.893197649403286,27.0,0
A,THR,10,A_THR_10,11.215393207929578,87.0,3
A,THR,13,A_THR_13,17.539824025340533,3.0,3
A,THR,82,A_THR_82,9.079856736881268,5.0,0
A,THR,241,A_THR_241,17.813919355319182,2.0,0
A,TYR,18,A_TYR_18,2.645702991694658,161.0,0
A,TYR,93,A_TYR_93,4.171375624286356,3.0,3
A,TYR,245,A_TYR_245,28.62676463537368,60.0,2
A,VAL,14,A_VAL_14,10.85335990173838,51.0,0
A,VAL,235,A_VAL_235,6.293413598921686,56.0,0
