chain,resname,resnum,res_key,density,ACC,hbond_type
A,ARG,2344,A_ARG_2344,26.138921101186543,238.0,1
A,ARG,2345,A_ARG_2345,14.3025166023792,236.0,1
A,CYS,2342,A_CYS_2342,18.520436315450617,123.0,1
A,CYS,2343,A_CYS_2343,17.794284484058924,116.0,1
A,ILE,2336,A_ILE_2336,5.845294695668729,117.0,1
A,LEU,2339,A_LEU_2339,18.09499552566877,138.0,1
A,LYS,2338,A_LYS_2338,16.73140185740711,183.0,1
A,SER,2337,A_SER_2337,10.126824659068513,78.0,1
A,THR,2340,A_THR_2340,16.68823398561321,116.0,1
A,THR,2341,A_THR_2341,16.532008548531127,118.0,1
A,VAL,2335,A_VAL_2335,2.646154383052181,95.0,1
