chain,resname,resnum,res_key,density,ACC,hbond_type
A,ALA,21,A_ALA_21,12.447775733476131,57.0,1
A,ALA,24,A_ALA_24,12.37148548279074,87.0,1
A,ALA,26,A_ALA_26,13.171462492107402,51.0,1
A,ALA,28,A_ALA_28,12.019716037041858,47.0,1
A,ALA,257,A_ALA_257,12.446594469550838,30.0,1
A,ARG,19,A_ARG_19,13.2388698617824,126.0,1
A,ARG,22,A_ARG_22,27.86909836610332,49.0,1
A,ARG,256,A_ARG_256,14.195536545596012,193.0,1
A,ASP,20,A_ASP_20,18.908375262754685,97.0,1
A,ASP,27,A_ASP_27,21.6680080986271,157.0,1
A,ASP,254,A_ASP_254,18.398466301554294,24.0,1
A,ASP,258,A_ASP_258,21.968994209872623,41.0,1
A,CYS,25,A_CYS_25,17.772735419064876,85.0,1
A,GLN,17,A_GLN_17,5.853829117152174,122.0,1
A,GLN,259,A_GLN_259,22.14614256849082,40.0,1
A,GLU,260,A_GLU_260,10.185513322076137,53.0,1
A,ILE,18,A_ILE_18,14.620314648090847,85.0,1
A,LEU,30,A_LEU_30,2.670103050558508,23.0,1
A,LEU,255,A_LEU_255,5.321063621033471,19.0,1
A,LEU,261,A_LEU_261,10.514381523169982,51.0,1
A,LYS,23,A_LYS_23,21.01305991806941,151.0,1
A,THR,29,A_THR_29,11.529921211876394,62.0,1
