chain,resname,resnum,res_key,density,ACC,hbond_type
A,CYS,122,A_CYS_122,17.330388474963005,47.0,1
A,GLN,130,A_GLN_130,10.136565917432517,136.0,1
A,ILE,114,A_ILE_114,9.924072289528098,99.0,1
A,LEU,115,A_LEU_115,16.53397797847526,75.0,1
A,LEU,123,A_LEU_123,18.33685544567897,104.0,1
A,LEU,126,A_LEU_126,18.311152906293287,99.0,1
A,LYS,120,A_LYS_120,21.84793161333213,153.0,1
A,MET,116,A_MET_116,14.735955326330108,83.0,1
A,MET,124,A_MET_124,21.488778111712403,155.0,1
A,PHE,118,A_PHE_118,25.7701890266432,125.0,1
A,PRO,117,A_PRO_117,16.721706087042087,62.0,1
A,PRO,127,A_PRO_127,16.53405714384651,66.0,1
A,SER,128,A_SER_128,15.525410939046864,72.0,1
A,THR,121,A_THR_121,18.234868968286463,82.0,1
A,VAL,119,A_VAL_119,17.03859894054648,78.0,1
A,VAL,125,A_VAL_125,17.04018194158608,75.0,1
A,VAL,129,A_VAL_129,16.872232530345073,66.0,1
