chain,resname,resnum,res_key,density,ACC,hbond_type
A,ARG,747,A_ARG_747,5.619933390691104,41.0,1
A,ARG,869,A_ARG_869,12.021989032504754,9.0,0
A,ASN,636,A_ASN_636,19.516226455373964,34.0,0
A,ASN,639,A_ASN_639,14.33914784536272,37.0,0
A,ASP,650,A_ASP_650,3.0449436545720427,74.0,2
A,ASP,811,A_ASP_811,21.17674747831568,39.0,0
A,CYS,632,A_CYS_632,17.68164718357044,16.0,0
A,GLN,646,A_GLN_646,1.837831317683912,56.0,1
A,GLN,812,A_GLN_812,19.83388393734965,154.0,0
A,GLN,815,A_GLN_815,17.160453588707398,162.0,0
A,GLU,813,A_GLU_813,23.869139020322702,85.0,0
A,HIS,643,A_HIS_643,24.3301017763692,28.0,0
A,HIS,808,A_HIS_808,24.3197230115179,48.0,0
A,ILE,629,A_ILE_629,17.346532287757775,53.0,0
A,ILE,631,A_ILE_631,18.73805848926075,79.0,0
A,ILE,807,A_ILE_807,18.112027184119626,31.0,0
A,LEU,634,A_LEU_634,18.207096180474327,19.0,0
A,LEU,725,A_LEU_725,7.892226152382125,5.0,0
A,LEU,814,A_LEU_814,18.09783844113463,60.0,0
A,LYS,635,A_LYS_635,20.912134023663693,121.0,0
A,LYS,746,A_LYS_746,17.848724891220268,53.0,0
A,LYS,806,A_LYS_806,6.110819295471741,178.0,0
A,PHE,637,A_PHE_637,25.775610485847103,5.0,0
A,PHE,729,A_PHE_729,12.496183761305511,22.0,0
A,PHE,741,A_PHE_741,9.948998566107903,16.0,0
A,PRO,630,A_PRO_630,15.902732323187363,60.0,0
A,PRO,638,A_PRO_638,15.955095496951264,0.0,0
A,PRO,745,A_PRO_745,16.093478308587322,46.0,0
A,SER,628,A_SER_628,13.242664651865256,113.0,0
A,SER,810,A_SER_810,14.656049972016849,38.0,0
A,THR,633,A_THR_633,17.203070217203155,26.0,0
A,THR,644,A_THR_644,2.847832860851741,0.0,3
A,TRP,647,A_TRP_647,12.824849419743453,15.0,0
A,TRP,742,A_TRP_742,9.008096693361392,26.0,0
A,TYR,873,A_TYR_873,15.12615567558855,2.0,0
A,VAL,809,A_VAL_809,15.677659033925911,35.0,0
