chain,resname,resnum,res_key,density,ACC,hbond_type
A,ALA,206,A_ALA_206,13.118009270896843,9.0,1
A,ALA,301,A_ALA_301,11.395378407507923,2.0,1
A,ALA,302,A_ALA_302,12.091362433976297,36.0,1
A,ALA,373,A_ALA_373,12.77219080229649,1.0,1
A,ARG,306,A_ARG_306,27.37544723879575,140.0,1
A,ARG,309,A_ARG_309,10.836965279598852,80.0,1
A,ARG,380,A_ARG_380,24.22345560034185,46.0,1
A,ASN,204,A_ASN_204,4.9205190643619865,15.0,1
A,ASN,298,A_ASN_298,12.615654399616403,9.0,1
A,ASN,370,A_ASN_370,13.762276009549243,0.0,1
A,ASP,203,A_ASP_203,22.267915331335526,0.0,1
A,ASP,209,A_ASP_209,7.912573972703333,47.0,1
A,ASP,295,A_ASP_295,18.8061600550308,62.0,1
A,ASP,304,A_ASP_304,21.42021979254099,26.0,1
A,CYS,201,A_CYS_201,17.661145010343887,0.0,1
A,CYS,303,A_CYS_303,18.565908208979465,9.0,1
A,GLN,375,A_GLN_375,22.43658291923545,7.0,1
A,GLN,426,A_GLN_426,5.452276103615766,36.0,1
A,GLU,205,A_GLU_205,23.71271266518841,30.0,1
A,GLU,376,A_GLU_376,24.21711603800876,62.0,1
A,GLY,269,A_GLY_269,4.940398788623083,2.0,1
A,GLY,308,A_GLY_308,9.968167740527011,5.0,1
A,GLY,369,A_GLY_369,10.282438511326296,0.0,1
A,HIS,307,A_HIS_307,23.613343117804007,111.0,1
A,ILE,202,A_ILE_202,10.664871732254651,1.0,1
A,ILE,210,A_ILE_210,4.205398121570777,2.0,1
A,ILE,374,A_ILE_374,18.803654132777947,0.0,1
A,ILE,381,A_ILE_381,6.590256809727737,4.0,1
A,LEU,207,A_LEU_207,5.084387439445214,2.0,1
A,LEU,377,A_LEU_377,17.79215129267801,0.0,1
A,LYS,174,A_LYS_174,2.685009581830437,158.0,1
A,LYS,297,A_LYS_297,19.122097356355063,146.0,1
A,LYS,379,A_LYS_379,17.43340642195297,78.0,1
A,MET,170,A_MET_170,11.635020114952388,0.0,1
A,MET,267,A_MET_267,22.240252351605875,0.0,1
A,MET,293,A_MET_293,2.806487089936325,3.0,1
A,MET,299,A_MET_299,21.507148990824422,3.0,1
A,MET,300,A_MET_300,13.41091874781413,0.0,1
A,PHE,265,A_PHE_265,9.407666672692423,0.0,1
A,PHE,266,A_PHE_266,12.504286864726431,0.0,1
A,PHE,294,A_PHE_294,7.092938910597628,27.0,1
A,PHE,367,A_PHE_367,10.440060149565683,0.0,1
A,PHE,378,A_PHE_378,25.68987692708876,0.0,1
A,PRO,171,A_PRO_171,3.398124151231749,7.0,1
A,PRO,268,A_PRO_268,16.855823726165745,0.0,1
A,PRO,305,A_PRO_305,16.28781279204071,4.0,1
A,SER,296,A_SER_296,16.156539658781675,31.0,1
A,SER,371,A_SER_371,16.150007646336707,0.0,1
A,THR,372,A_THR_372,18.22449427686955,0.0,1
A,TYR,310,A_TYR_310,23.081355535498687,7.0,1
A,TYR,422,A_TYR_422,15.55284621785348,0.0,1
