chain,resname,resnum,res_key,density,ACC,hbond_type
A,ALA,67,A_ALA_67,8.11086379940039,53.0,1
A,ALA,103,A_ALA_103,11.937827582886875,58.0,1
A,ALA,107,A_ALA_107,12.572052444913652,58.0,1
A,ALA,108,A_ALA_108,12.567336483749614,61.0,1
A,ALA,209,A_ALA_209,10.100124040491544,38.0,1
A,ALA,213,A_ALA_213,12.69088412141864,18.0,1
A,CYS,97,A_CYS_97,12.571896676684624,30.0,1
A,CYS,104,A_CYS_104,18.61898963143721,71.0,1
A,GLU,105,A_GLU_105,24.811595746866068,37.0,1
A,GLY,109,A_GLY_109,10.69464148886101,42.0,1
A,GLY,112,A_GLY_112,4.17910216168916,16.0,1
A,ILE,100,A_ILE_100,19.154054821141653,98.0,1
A,ILE,110,A_ILE_110,18.7049997557399,108.0,1
A,LEU,98,A_LEU_98,15.782610139148115,3.0,1
A,LEU,101,A_LEU_101,18.245415311351262,52.0,1
A,MET,216,A_MET_216,13.50259799207954,14.0,1
A,MET,220,A_MET_220,7.005922649330769,23.0,1
A,PHE,102,A_PHE_102,25.54489131248669,69.0,1
A,THR,96,A_THR_96,6.273996463884148,78.0,1
A,TRP,111,A_TRP_111,22.653083323788977,173.0,1
A,VAL,68,A_VAL_68,10.76704232365195,69.0,1
A,VAL,71,A_VAL_71,7.882884557445549,63.0,1
A,VAL,75,A_VAL_75,1.9801031733394925,13.0,1
A,VAL,99,A_VAL_99,16.2612359945897,63.0,1
A,VAL,106,A_VAL_106,16.75944027903647,69.0,1
A,VAL,212,A_VAL_212,13.764681886220464,72.0,1
