chain,resname,resnum,res_key,density,ACC,hbond_type
A,ALA,329,A_ALA_329,13.008020793445224,47.0,0
A,ALA,330,A_ALA_330,12.96115773926969,3.0,0
A,ARG,52,A_ARG_52,3.797633128729375,195.0,0
A,ARG,328,A_ARG_328,15.0407204264536,87.0,0
A,ARG,332,A_ARG_332,26.26768617276529,152.0,0
A,ASN,321,A_ASN_321,7.77486516607091,34.0,0
A,ASN,336,A_ASN_336,21.624287126289943,115.0,0
A,CYS,335,A_CYS_335,18.128456877653825,77.0,0
A,CYS,337,A_CYS_337,17.32312212182708,87.0,0
A,GLN,339,A_GLN_339,23.10292252834208,171.0,0
A,ILE,44,A_ILE_44,7.9654424255419105,80.0,0
A,LEU,48,A_LEU_48,15.866060634405974,62.0,0
A,LEU,334,A_LEU_334,17.776961658370414,51.0,0
A,LYS,333,A_LYS_333,20.92036479692443,144.0,0
A,LYS,338,A_LYS_338,21.0628968274045,208.0,0
A,LYS,340,A_LYS_340,2.6679792514731178,198.0,0
A,MET,45,A_MET_45,21.534238614277907,26.0,0
A,PHE,327,A_PHE_327,9.975447824928745,4.0,0
A,PHE,331,A_PHE_331,25.050502622298325,52.0,0
A,THR,53,A_THR_53,2.749375539583628,23.0,0
A,VAL,41,A_VAL_41,10.053981131844878,93.0,0
A,VAL,46,A_VAL_46,2.867892705578467,0.0,0
A,VAL,49,A_VAL_49,17.12107793803537,1.0,0
