chain,resname,resnum,res_key,density,ACC,hbond_type
A,ASN,32,A_ASN_32,21.16464298434317,16.0,1
A,CYS,15,A_CYS_15,17.892429134257988,15.0,1
A,CYS,18,A_CYS_18,17.382259757732253,35.0,1
A,GLN,17,A_GLN_17,22.95285724630666,135.0,1
A,GLU,22,A_GLU_22,8.995829104231818,96.0,1
A,GLY,25,A_GLY_25,7.842919879678204,12.0,1
A,GLY,30,A_GLY_30,10.27220928148848,6.0,1
A,HIS,19,A_HIS_19,24.63555338012474,23.0,1
A,HIS,27,A_HIS_27,24.028790524582533,66.0,1
A,ILE,10,A_ILE_10,6.144241756716561,13.0,1
A,ILE,12,A_ILE_12,16.9385850846888,92.0,1
A,ILE,82,A_ILE_82,18.15330430049218,141.0,1
A,LEU,33,A_LEU_33,14.63849938680706,20.0,1
A,LEU,69,A_LEU_69,1.9075338108170787,10.0,1
A,LEU,95,A_LEU_95,3.4655309459576698,0.0,1
A,LEU,99,A_LEU_99,3.569263271154433,8.0,1
A,LYS,14,A_LYS_14,13.744356576756338,72.0,1
A,LYS,26,A_LYS_26,21.095530246363275,149.0,1
A,LYS,28,A_LYS_28,21.17208779977422,83.0,1
A,LYS,80,A_LYS_80,12.052510524530192,172.0,1
A,MET,13,A_MET_13,10.635865485924072,129.0,1
A,MET,81,A_MET_81,22.55207001096769,48.0,1
A,PHE,11,A_PHE_11,26.01384342280111,10.0,1
A,PHE,83,A_PHE_83,22.55170796876389,36.0,1
A,PRO,31,A_PRO_31,15.925478717575723,13.0,1
A,SER,16,A_SER_16,16.098009287475186,36.0,1
A,THR,20,A_THR_20,16.479293224700882,7.0,1
A,THR,29,A_THR_29,17.277297797528103,109.0,1
A,THR,79,A_THR_79,2.905950523181796,15.0,1
A,TYR,47,A_TYR_47,17.357440583446422,63.0,1
A,TYR,49,A_TYR_49,9.435858127907634,35.0,1
A,TYR,68,A_TYR_68,7.889987091306729,19.0,1
A,VAL,21,A_VAL_21,13.44769754848014,13.0,1
