chain,resname,resnum,res_key,density,ACC,hbond_type
A,ALA,13,A_ALA_13,5.53198028891182,0.0,1
A,ALA,35,A_ALA_35,3.872662000694108,4.0,1
A,ARG,29,A_ARG_29,24.1720245767172,140.0,1
A,ARG,64,A_ARG_64,12.377614749028034,160.0,1
A,ARG,69,A_ARG_69,27.10420568655676,115.0,1
A,ASN,23,A_ASN_23,20.935276410426656,80.0,1
A,ASN,40,A_ASN_40,11.332409126713038,17.0,1
A,ASN,45,A_ASN_45,5.633795944333337,123.0,1
A,CYS,20,A_CYS_20,17.316609396253305,0.0,1
A,CYS,41,A_CYS_41,17.410068566764576,0.0,1
A,GLN,42,A_GLN_42,10.696560779418787,72.0,1
A,GLU,21,A_GLU_21,23.90450804094072,45.0,1
A,GLU,26,A_GLU_26,23.51270749694359,40.0,1
A,GLU,34,A_GLU_34,3.3576897444337908,87.0,1
A,GLY,25,A_GLY_25,10.528730176662576,21.0,1
A,GLY,30,A_GLY_30,10.42275263623134,2.0,1
A,GLY,65,A_GLY_65,9.988173292849478,1.0,1
A,HIS,16,A_HIS_16,5.597697935498717,60.0,1
A,ILE,17,A_ILE_17,16.118203751846032,83.0,1
A,ILE,33,A_ILE_33,2.902187920699889,78.0,1
A,ILE,46,A_ILE_46,17.53191055450341,0.0,1
A,ILE,63,A_ILE_63,18.481077363475578,10.0,1
A,ILE,68,A_ILE_68,17.93179249414437,20.0,1
A,ILE,72,A_ILE_72,18.120548472494168,96.0,1
A,LEU,10,A_LEU_10,10.509629044763605,8.0,1
A,LEU,32,A_LEU_32,14.491075577445454,0.0,1
A,LEU,58,A_LEU_58,1.891200519889508,55.0,1
A,LEU,71,A_LEU_71,17.484324716423313,43.0,1
A,LEU,73,A_LEU_73,18.365197248973217,44.0,1
A,LYS,31,A_LYS_31,11.176209717519235,86.0,1
A,LYS,67,A_LYS_67,16.55113353879673,123.0,1
A,MET,39,A_MET_39,19.13827121067264,73.0,1
A,MET,43,A_MET_43,21.6211671886862,4.0,1
A,PHE,70,A_PHE_70,25.55820527629978,88.0,1
A,PRO,74,A_PRO_74,4.577562874777076,26.0,1
A,SER,44,A_SER_44,8.47166838040042,17.0,1
A,SER,66,A_SER_66,10.51378101883992,70.0,1
A,THR,19,A_THR_19,17.63006100984339,27.0,1
A,THR,22,A_THR_22,18.488009331563013,6.0,1
A,THR,24,A_THR_24,15.000565530115392,82.0,1
A,THR,47,A_THR_47,13.56250798670268,45.0,1
A,THR,49,A_THR_49,17.34579502849704,56.0,1
A,TYR,28,A_TYR_28,29.165374599487187,36.0,1
A,TYR,50,A_TYR_50,4.842502597540865,78.0,1
A,TYR,62,A_TYR_62,10.544399902817917,122.0,1
A,VAL,18,A_VAL_18,16.568331441165164,1.0,1
A,VAL,27,A_VAL_27,16.28636342282014,39.0,1
A,VAL,48,A_VAL_48,15.408427248481628,0.0,1
A,VAL,61,A_VAL_61,16.729082405446395,29.0,1
