chain,resname,resnum,res_key,density,ACC,hbond_type
A,ARG,770,A_ARG_770,2.4014252711724207,134.0,1
A,ARG,1225,A_ARG_1225,26.28614788912948,123.0,0
A,ARG,1227,A_ARG_1227,5.821257256137283,1.0,0
A,ASN,715,A_ASN_715,5.595721395650954,35.0,0
A,ASN,737,A_ASN_737,14.987139705525772,71.0,3
A,ASP,718,A_ASP_718,22.79069228753941,11.0,2
A,CYS,1221,A_CYS_1221,17.327722636454297,35.0,1
A,GLY,717,A_GLY_717,11.149739790222444,17.0,0
A,ILE,731,A_ILE_731,2.451455730406643,0.0,0
A,ILE,1216,A_ILE_1216,19.69659313682934,75.0,0
A,ILE,1219,A_ILE_1219,18.369222137350853,85.0,0
A,ILE,1223,A_ILE_1223,18.428565280646467,49.0,0
A,LEU,1212,A_LEU_1212,3.221407674234533,108.0,0
A,LEU,1213,A_LEU_1213,7.806148739778932,99.0,0
A,LEU,1215,A_LEU_1215,18.457869415286225,104.0,0
A,LEU,1217,A_LEU_1217,18.003534670069467,68.0,0
A,LEU,1218,A_LEU_1218,17.922808723617617,100.0,0
A,LYS,720,A_LYS_720,21.081949826963648,74.0,1
A,LYS,1224,A_LYS_1224,20.558366129769183,0.0,0
A,MET,736,A_MET_736,19.478733815930944,2.0,0
A,PHE,1222,A_PHE_1222,24.96712913679757,125.0,0
A,PRO,716,A_PRO_716,13.914105867202116,13.0,0
A,PRO,735,A_PRO_735,15.85559267449094,33.0,0
A,SER,769,A_SER_769,16.010593872160637,28.0,0
A,SER,1226,A_SER_1226,12.97078329134643,49.0,0
A,THR,732,A_THR_732,17.154434134324255,35.0,0
A,THR,734,A_THR_734,17.183250721861246,0.0,0
A,TRP,733,A_TRP_733,25.0972123470396,10.0,0
A,TYR,748,A_TYR_748,7.572361316258228,0.0,0
A,VAL,719,A_VAL_719,14.27160762847611,16.0,0
A,VAL,1214,A_VAL_1214,17.110650373582995,69.0,0
A,VAL,1220,A_VAL_1220,16.074134555626333,42.0,0
