chain,resname,resnum,res_key,density,ACC,hbond_type
A,ALA,386,A_ALA_386,12.527715073186217,0.0,0
A,ALA,436,A_ALA_436,11.851643340130892,78.0,0
A,ARG,437,A_ARG_437,20.48545107100169,126.0,1
A,ARG,443,A_ARG_443,26.692366326315952,53.0,0
A,ASN,396,A_ASN_396,8.776115084663147,11.0,2
A,CYS,444,A_CYS_444,17.311511909698787,0.0,0
A,GLN,387,A_GLN_387,14.17656647500843,109.0,0
A,GLN,433,A_GLN_433,21.88713456532572,138.0,0
A,GLN,447,A_GLN_447,12.507842546076828,81.0,2
A,GLU,392,A_GLU_392,2.6550084619867382,110.0,0
A,GLU,405,A_GLU_405,22.84152659225685,63.0,0
A,GLU,417,A_GLU_417,12.658376003981337,98.0,2
A,GLU,431,A_GLU_431,17.311737518110192,162.0,0
A,GLU,435,A_GLU_435,23.530965413761564,77.0,2
A,GLY,388,A_GLY_388,10.008276316143863,26.0,0
A,GLY,390,A_GLY_390,10.15278365017976,0.0,0
A,HIS,457,A_HIS_457,12.661048701121668,44.0,2
A,ILE,406,A_ILE_406,16.93475373560684,0.0,0
A,ILE,420,A_ILE_420,15.138525066935918,1.0,0
A,ILE,465,A_ILE_465,3.77585199381234,4.0,0
A,LEU,391,A_LEU_391,17.677146851956383,18.0,0
A,LEU,434,A_LEU_434,18.060239895172472,72.0,0
A,LYS,400,A_LYS_400,3.472729480936769,126.0,0
A,PHE,404,A_PHE_404,24.388238061288128,0.0,0
A,PHE,407,A_PHE_407,17.217299064767776,51.0,0
A,PRO,389,A_PRO_389,15.911029886154104,42.0,0
A,PRO,432,A_PRO_432,16.128627568313043,34.0,0
A,PRO,448,A_PRO_448,6.295020841241785,0.0,0
A,SER,445,A_SER_445,14.432577104863896,23.0,0
A,THR,385,A_THR_385,6.097464179673702,66.0,0
A,THR,401,A_THR_401,17.429252620790493,86.0,1
A,THR,402,A_THR_402,17.45496332531812,11.0,1
A,THR,408,A_THR_408,1.6589077031831256,7.0,0
A,THR,441,A_THR_441,17.451204098788864,21.0,0
A,THR,455,A_THR_455,2.9405093220771588,30.0,0
A,THR,459,A_THR_459,8.24205552673157,22.0,1
A,TYR,403,A_TYR_403,28.09335458027054,82.0,0
A,TYR,442,A_TYR_442,25.432894514592057,66.0,0
A,TYR,446,A_TYR_446,27.31862308813508,5.0,0
A,TYR,470,A_TYR_470,17.476685212493656,22.0,0
A,VAL,384,A_VAL_384,1.907849096896017,0.0,0
A,VAL,416,A_VAL_416,16.54202818928961,13.0,0
A,VAL,418,A_VAL_418,16.157634164934024,20.0,0
A,VAL,419,A_VAL_419,14.628983421750368,60.0,0
A,VAL,430,A_VAL_430,11.869307079648983,5.0,0
A,VAL,456,A_VAL_456,15.752626646499282,0.0,0
A,VAL,458,A_VAL_458,15.495919273157334,0.0,0
A,VAL,472,A_VAL_472,1.774681888553704,0.0,0
