chain,resname,resnum,res_key,density,ACC,hbond_type
A,ALA,338,A_ALA_338,9.447535654229704,83.0,1
A,ARG,330,A_ARG_330,24.43126489343573,181.0,1
A,CYS,331,A_CYS_331,18.03232425549207,61.0,1
A,CYS,332,A_CYS_332,18.22035611589633,52.0,1
A,ILE,324,A_ILE_324,6.361193504094664,115.0,1
A,ILE,325,A_ILE_325,14.461503025971854,91.0,1
A,ILE,326,A_ILE_326,15.440642766098737,63.0,1
A,LYS,333,A_LYS_333,20.07881009884168,158.0,1
A,LYS,334,A_LYS_334,20.24219724442001,172.0,1
A,LYS,335,A_LYS_335,21.193028946058785,177.0,1
A,PHE,327,A_PHE_327,25.85100082490004,143.0,1
A,SER,337,A_SER_337,16.17085807908453,101.0,1
A,THR,336,A_THR_336,18.074953790908623,116.0,1
A,TYR,328,A_TYR_328,28.490114149322142,161.0,1
A,VAL,329,A_VAL_329,16.697060336567382,75.0,1
