chain,resname,resnum,res_key,density,ACC,hbond_type
A,ARG,150,A_ARG_150,26.540197493713304,123.0,0
A,ARG,246,A_ARG_246,2.3288595179326927,233.0,0
A,CYS,331,A_CYS_331,17.816991188473892,61.0,0
A,CYS,332,A_CYS_332,18.400556213911983,47.0,0
A,GLN,145,A_GLN_145,20.243318807068768,14.0,2
A,GLU,67,A_GLU_67,12.441479204192694,121.0,0
A,GLU,242,A_GLU_242,5.2505200138950086,71.0,0
A,ILE,154,A_ILE_154,8.755704894425481,0.0,0
A,ILE,329,A_ILE_329,18.18050518472312,12.0,0
A,LEU,74,A_LEU_74,5.680604104122442,92.0,0
A,LEU,147,A_LEU_147,9.766374301484005,71.0,0
A,LEU,149,A_LEU_149,18.28227123059342,6.0,0
A,LYS,152,A_LYS_152,20.16722721912916,53.0,0
A,PHE,72,A_PHE_72,19.65266924448749,18.0,0
A,PHE,148,A_PHE_148,21.10481185502269,66.0,0
A,PHE,248,A_PHE_248,4.312684292262044,93.0,0
A,PHE,333,A_PHE_333,25.91297122690548,94.0,0
A,PRO,245,A_PRO_245,16.082836593460954,43.0,0
A,PRO,330,A_PRO_330,15.9014079058059,42.0,0
A,PRO,336,A_PRO_336,4.417214635446044,41.0,0
A,SER,153,A_SER_153,2.6838816291087944,0.0,3
A,SER,244,A_SER_244,16.00345257910856,8.0,3
A,SER,328,A_SER_328,12.995070437543871,69.0,0
A,SER,334,A_SER_334,15.663927360872732,41.0,0
A,TRP,146,A_TRP_146,12.197620167078863,70.0,0
A,TRP,335,A_TRP_335,19.353245593837084,207.0,0
A,TYR,151,A_TYR_151,28.27835561788957,24.0,0
A,TYR,243,A_TYR_243,27.344834487269328,7.0,3
A,VAL,155,A_VAL_155,10.338254238566623,1.0,0
