chain,resname,resnum,res_key,density,ACC,hbond_type
A,ALA,83,A_ALA_83,9.627351803508946,0.0,1
A,CYS,6,A_CYS_6,17.915763308166703,95.0,1
A,CYS,9,A_CYS_9,18.91231051119386,78.0,1
A,GLU,4,A_GLU_4,14.704382543053589,146.0,1
A,GLU,86,A_GLU_86,7.96266342020184,45.0,1
A,GLY,2,A_GLY_2,5.1845767950821,36.0,1
A,GLY,5,A_GLY_5,10.360050536538273,54.0,1
A,GLY,229,A_GLY_229,1.937222517190682,13.0,1
A,ILE,10,A_ILE_10,18.562910520686643,21.0,1
A,LEU,13,A_LEU_13,18.362296639052644,82.0,1
A,LEU,14,A_LEU_14,18.74170106729816,1.0,1
A,LEU,222,A_LEU_222,18.925815751436872,16.0,1
A,LEU,226,A_LEU_226,18.93045404180967,0.0,1
A,LYS,8,A_LYS_8,20.4024291815088,93.0,1
A,LYS,11,A_LYS_11,21.10336372709602,35.0,1
A,PHE,15,A_PHE_15,19.44236655833021,56.0,1
A,PHE,17,A_PHE_17,15.639368104212505,91.0,1
A,PHE,218,A_PHE_218,6.440424532417909,94.0,1
A,SER,223,A_SER_223,2.729876726003998,0.0,1
A,THR,7,A_THR_7,17.862792014826727,28.0,1
A,TYR,12,A_TYR_12,28.254679736274603,152.0,1
A,VAL,3,A_VAL_3,16.62189695277631,1.0,1
A,VAL,16,A_VAL_16,13.081226288335484,82.0,1
A,VAL,225,A_VAL_225,14.481110301672022,61.0,1
