chain,resname,resnum,res_key,density,ACC,hbond_type
A,ALA,694,A_ALA_694,7.495613809168405,66.0,0
A,ARG,700,A_ARG_700,26.75504417704055,234.0,0
A,ASN,696,A_ASN_696,20.931671809510384,138.0,0
A,CYS,699,A_CYS_699,18.035678922830307,131.0,0
A,GLN,697,A_GLN_697,22.86378524545554,159.0,0
A,GLY,702,A_GLY_702,9.96215595280068,64.0,0
A,PRO,703,A_PRO_703,12.204922027149395,136.0,0
A,SER,695,A_SER_695,10.398952360118676,95.0,0
A,SER,701,A_SER_701,15.386711847297846,129.0,0
A,VAL,693,A_VAL_693,5.500501634590565,96.0,0
A,VAL,698,A_VAL_698,16.879659083946457,118.0,0
