chain,resname,resnum,res_key,density,ACC,hbond_type
A,ARG,1396,A_ARG_1396,25.888486844016125,235.0,0
A,CYS,1394,A_CYS_1394,17.497868446223638,97.0,0
A,GLN,1395,A_GLN_1395,23.400163265346784,170.0,0
A,ILE,1393,A_ILE_1393,18.038145104689672,157.0,0
A,LEU,1398,A_LEU_1398,2.685128337505535,165.0,0
A,MET,1397,A_MET_1397,21.14912243610376,173.0,0
A,PHE,1392,A_PHE_1392,25.50694910448521,181.0,0
A,THR,1389,A_THR_1389,8.143442525154027,137.0,0
A,TYR,1391,A_TYR_1391,27.18278886248153,238.0,0
A,VAL,1390,A_VAL_1390,15.755346175351953,125.0,0
