chain,resname,resnum,res_key,density,ACC,hbond_type
A,ALA,597,A_ALA_597,11.814540779368766,10.0,0
A,ARG,608,A_ARG_608,2.9201094739931084,138.0,0
A,ASN,589,A_ASN_589,21.047867180326264,64.0,0
A,ASP,604,A_ASP_604,20.994591439821644,142.0,2
A,CYS,603,A_CYS_603,16.659450406029002,36.0,1
A,GLN,600,A_GLN_600,12.80746268055843,138.0,0
A,GLN,601,A_GLN_601,22.28621720535908,134.0,0
A,GLU,564,A_GLU_564,2.89669969826178,17.0,2
A,GLU,584,A_GLU_584,20.10304790761039,107.0,0
A,GLY,596,A_GLY_596,10.096196593960192,12.0,0
A,GLY,602,A_GLY_602,10.72879568033846,76.0,0
A,GLY,616,A_GLY_616,7.576548836469962,3.0,0
A,ILE,605,A_ILE_605,17.3401405165674,21.0,0
A,LEU,554,A_LEU_554,5.466044595067329,3.0,0
A,LEU,591,A_LEU_591,10.213393949989108,49.0,0
A,LEU,595,A_LEU_595,17.272105355787474,64.0,0
A,MET,599,A_MET_599,19.89850536049277,122.0,0
A,PHE,585,A_PHE_585,18.671530714632635,4.0,0
A,PHE,588,A_PHE_588,5.340351883580157,164.0,0
A,PHE,593,A_PHE_593,26.003285869919296,9.0,0
A,PHE,598,A_PHE_598,7.186157198166854,50.0,0
A,PRO,607,A_PRO_607,16.195336153063476,15.0,0
A,SER,590,A_SER_590,14.462702344482452,0.0,0
A,SER,594,A_SER_594,15.59646920675284,0.0,3
A,SER,606,A_SER_606,15.603219050280169,77.0,0
A,TRP,592,A_TRP_592,32.168214408863754,149.0,0
A,TRP,619,A_TRP_619,7.155112289810303,0.0,0
A,TRP,620,A_TRP_620,22.337333799659422,149.0,0
