chain,resname,resnum,res_key,density,ACC,hbond_type
A,ALA,614,A_ALA_614,5.828328108258703,45.0,1
A,ALA,619,A_ALA_619,12.299290934205162,57.0,1
A,ALA,620,A_ALA_620,12.852483547657172,43.0,1
A,ALA,628,A_ALA_628,12.576228102960512,89.0,1
A,ARG,626,A_ARG_626,26.45478728219736,207.0,1
A,CYS,622,A_CYS_622,18.362594819348413,66.0,1
A,ILE,613,A_ILE_613,3.588429449185055,88.0,1
A,ILE,617,A_ILE_617,16.84631936462602,105.0,1
A,ILE,618,A_ILE_618,19.00530498875909,101.0,1
A,LEU,615,A_LEU_615,14.64490957738306,108.0,1
A,LEU,616,A_LEU_616,16.256240082529445,112.0,1
A,LEU,625,A_LEU_625,18.78828664730747,106.0,1
A,LYS,621,A_LYS_621,20.3726946395508,145.0,1
A,LYS,627,A_LYS_627,17.98275019426689,135.0,1
A,LYS,629,A_LYS_629,16.731383270708918,189.0,1
A,PHE,624,A_PHE_624,26.01496626127979,140.0,1
A,TYR,623,A_TYR_623,27.222249978804328,140.0,1
