chain,resname,resnum,res_key,density,ACC,hbond_type
A,ALA,589,A_ALA_589,12.131899998397603,7.0,1
A,ARG,562,A_ARG_562,26.6051992662169,135.0,1
A,ARG,577,A_ARG_577,14.155513906958708,122.0,1
A,ASN,557,A_ASN_557,20.47989209607538,50.0,1
A,ASN,559,A_ASN_559,12.190126441391245,82.0,1
A,ASN,564,A_ASN_564,20.975727939195963,162.0,1
A,ASN,571,A_ASN_571,19.552773308947145,45.0,1
A,ASN,582,A_ASN_582,21.65280435983087,72.0,1
A,ASN,584,A_ASN_584,2.390196240218475,111.0,1
A,ASP,556,A_ASP_556,9.058152974174886,0.0,1
A,ASP,561,A_ASP_561,20.3673310635866,79.0,1
A,ASP,591,A_ASP_591,21.30092217028113,91.0,1
A,CYS,560,A_CYS_560,17.889289036745552,4.0,1
A,CYS,568,A_CYS_568,18.27449630633616,0.0,1
A,CYS,574,A_CYS_574,18.17816379266178,14.0,1
A,CYS,576,A_CYS_576,9.544174791025275,59.0,1
A,CYS,579,A_CYS_579,17.7340573960767,15.0,1
A,CYS,581,A_CYS_581,17.217461478706984,41.0,1
A,CYS,590,A_CYS_590,18.253227798823342,0.0,1
A,CYS,592,A_CYS_592,12.811821421872882,18.0,1
A,GLU,580,A_GLU_580,24.088232583827512,97.0,1
A,GLY,565,A_GLY_565,10.16816671564292,64.0,1
A,GLY,569,A_GLY_569,10.530112472536723,14.0,1
A,GLY,570,A_GLY_570,10.2363230621168,47.0,1
A,GLY,572,A_GLY_572,9.473131907191654,19.0,1
A,GLY,587,A_GLY_587,10.214588823434166,40.0,1
A,ILE,567,A_ILE_567,18.17625885798281,61.0,1
A,LEU,566,A_LEU_566,18.438963271645623,99.0,1
A,LYS,575,A_LYS_575,18.122166850981497,109.0,1
A,PHE,558,A_PHE_558,13.769224306144393,10.0,1
A,PRO,583,A_PRO_583,2.60253190673306,114.0,1
A,SER,563,A_SER_563,15.49216791218145,28.0,1
A,SER,588,A_SER_588,15.831069789078802,84.0,1
A,SER,593,A_SER_593,2.6408022811570464,34.0,1
A,THR,586,A_THR_586,15.58516793055427,51.0,1
A,TYR,585,A_TYR_585,27.72410422400044,82.0,1
A,VAL,573,A_VAL_573,16.510158020629593,83.0,1
A,VAL,578,A_VAL_578,16.8516292957758,100.0,1
