chain,resname,resnum,res_key,density,ACC,hbond_type
A,ALA,2541,A_ALA_2541,12.231598799435613,97.0,1
A,ALA,2544,A_ALA_2544,12.311532541000586,70.0,1
A,ALA,2555,A_ALA_2555,9.55185963964793,33.0,1
A,ASN,2456,A_ASN_2456,20.429063495626195,104.0,1
A,ASN,2587,A_ASN_2587,5.909888290024503,110.0,1
A,ASN,2588,A_ASN_2588,15.108855806125458,78.0,1
A,ASP,2634,A_ASP_2634,21.43044622880902,110.0,1
A,CYS,2543,A_CYS_2543,17.620871778776397,107.0,1
A,GLN,2546,A_GLN_2546,22.82802784757496,180.0,1
A,GLU,2635,A_GLU_2635,18.122341994648824,115.0,1
A,GLY,2633,A_GLY_2633,9.846564346432013,4.0,1
A,HIS,2547,A_HIS_2547,7.436502473607204,189.0,1
A,LEU,2591,A_LEU_2591,1.8487640547814663,65.0,1
A,LYS,2540,A_LYS_2540,16.312222382139982,58.0,1
A,MET,2589,A_MET_2589,18.469553286964576,125.0,1
A,PRO,2480,A_PRO_2480,5.97288914826711,111.0,1
A,PRO,2545,A_PRO_2545,16.492794637191075,122.0,1
A,SER,2455,A_SER_2455,15.127674982803564,21.0,1
A,THR,2539,A_THR_2539,5.978259664760807,106.0,1
A,THR,2542,A_THR_2542,17.66846103544639,79.0,1
A,TRP,2632,A_TRP_2632,5.605268104112748,2.0,1
