chain,resname,resnum,res_key,density,ACC,hbond_type
A,ALA,107,A_ALA_107,7.780775110540197,41.0,1
A,ARG,123,A_ARG_123,27.222632415785025,122.0,1
A,ARG,217,A_ARG_217,8.119237353803909,122.0,1
A,ASN,226,A_ASN_226,2.752717709317943,131.0,1
A,ASN,234,A_ASN_234,5.553436545321788,118.0,1
A,CYS,53,A_CYS_53,12.99099488902487,0.0,1
A,CYS,122,A_CYS_122,17.709860481930143,10.0,1
A,CYS,130,A_CYS_130,8.604481510499118,58.0,1
A,GLN,127,A_GLN_127,24.303989224248102,91.0,1
A,GLN,129,A_GLN_129,19.82498316471748,27.0,1
A,GLN,227,A_GLN_227,17.127374904709892,53.0,1
A,GLU,116,A_GLU_116,9.939479554467631,181.0,1
A,GLU,120,A_GLU_120,23.28669261606596,26.0,1
A,GLY,111,A_GLY_111,8.118093362727363,54.0,1
A,GLY,115,A_GLY_115,3.4672467690502646,42.0,1
A,HIS,118,A_HIS_118,23.52617773748804,94.0,1
A,ILE,109,A_ILE_109,16.616479124367704,28.0,1
A,ILE,117,A_ILE_117,18.35306357165502,38.0,1
A,ILE,121,A_ILE_121,18.94683848945026,8.0,1
A,ILE,126,A_ILE_126,19.018308331557208,35.0,1
A,LEU,50,A_LEU_50,13.104703420650583,12.0,1
A,LEU,106,A_LEU_106,17.87452076353836,0.0,1
A,LEU,124,A_LEU_124,18.48794392129136,0.0,1
A,LEU,128,A_LEU_128,16.28816084773079,0.0,1
A,LEU,216,A_LEU_216,16.13331021117562,0.0,1
A,LEU,222,A_LEU_222,14.765480816306422,67.0,1
A,LEU,224,A_LEU_224,18.316046602906184,8.0,1
A,LEU,232,A_LEU_232,17.57733132760797,58.0,1
A,LEU,233,A_LEU_233,2.912546250889672,165.0,1
A,LEU,235,A_LEU_235,17.726041592354573,84.0,1
A,LYS,54,A_LYS_54,12.960897315707465,71.0,1
A,LYS,225,A_LYS_225,9.148600806787544,126.0,1
A,MET,220,A_MET_220,22.355722139631016,15.0,1
A,PRO,119,A_PRO_119,16.36098147443206,65.0,1
A,PRO,221,A_PRO_221,16.255278866255583,3.0,1
A,PRO,223,A_PRO_223,16.719184760856997,72.0,1
A,SER,110,A_SER_110,15.78390891032564,15.0,1
A,SER,231,A_SER_231,5.639516125052106,38.0,1
A,THR,219,A_THR_219,13.109292654283845,57.0,1
A,THR,236,A_THR_236,6.2902148475001365,115.0,1
A,TYR,125,A_TYR_125,29.184118506073894,2.0,1
A,TYR,238,A_TYR_238,8.506449107872355,184.0,1
A,VAL,57,A_VAL_57,6.475724034193011,2.0,1
