chain,resname,resnum,res_key,density,ACC,hbond_type
A,ARG,97,A_ARG_97,15.84510779143739,25.0,1
A,ARG,118,A_ARG_118,26.21675157389352,95.0,1
A,ASN,114,A_ASN_114,20.763398632584448,135.0,1
A,ASP,110,A_ASP_110,20.64765477534412,38.0,1
A,CYS,112,A_CYS_112,18.36348846637824,109.0,1
A,GLU,55,A_GLU_55,3.003430806131233,76.0,1
A,GLU,95,A_GLU_95,20.8370434762484,66.0,1
A,ILE,115,A_ILE_115,16.260797474165905,141.0,1
A,LYS,113,A_LYS_113,20.14905604512257,80.0,1
A,PHE,108,A_PHE_108,9.699418665457085,134.0,1
A,PHE,116,A_PHE_116,7.254174427723492,167.0,1
A,PHE,119,A_PHE_119,2.853948189903256,128.0,1
A,PRO,109,A_PRO_109,15.98330834024249,60.0,1
A,PRO,111,A_PRO_111,16.666883051329965,106.0,1
A,SER,117,A_SER_117,16.312720659560682,49.0,1
A,SER,121,A_SER_121,3.1927882119367768,53.0,1
