chain,resname,resnum,res_key,density,ACC,hbond_type
A,ALA,638,A_ALA_638,9.654856638063686,31.0,0
A,ALA,1192,A_ALA_1192,5.787206213725582,13.0,0
A,ARG,711,A_ARG_711,13.892547990296974,45.0,1
A,ARG,819,A_ARG_819,26.65075416479388,162.0,0
A,ASN,823,A_ASN_823,20.251551198338927,95.0,0
A,CYS,816,A_CYS_816,16.582526321455337,114.0,0
A,GLN,707,A_GLN_707,12.338149305818416,14.0,2
A,GLN,710,A_GLN_710,3.398481872022688,31.0,2
A,GLU,814,A_GLU_814,22.488358242240643,98.0,2
A,GLY,640,A_GLY_640,6.15194988524041,13.0,0
A,GLY,1195,A_GLY_1195,5.62353866756297,0.0,0
A,HIS,641,A_HIS_641,24.00754259811838,37.0,3
A,LEU,637,A_LEU_637,3.2938162079975704,113.0,0
A,LEU,817,A_LEU_817,18.35799963550004,60.0,0
A,LEU,1204,A_LEU_1204,1.9126541666133767,53.0,0
A,LYS,643,A_LYS_643,12.506230448662391,88.0,0
A,LYS,822,A_LYS_822,19.879422279441982,84.0,1
A,MET,642,A_MET_642,20.302492402351668,157.0,0
A,PHE,818,A_PHE_818,25.364684178595923,20.0,0
A,PHE,820,A_PHE_820,24.449833216738483,103.0,0
A,PHE,821,A_PHE_821,24.543282897137747,6.0,0
A,PHE,1199,A_PHE_1199,12.915534135802933,66.0,0
A,SER,813,A_SER_813,15.24100974138189,29.0,0
A,SER,815,A_SER_815,16.36384071424792,22.0,0
A,SER,824,A_SER_824,11.639149642157824,65.0,0
A,SER,1196,A_SER_1196,15.245721045039549,1.0,2
A,SER,1197,A_SER_1197,4.55661496187478,4.0,3
A,SER,1200,A_SER_1200,10.36752116873109,7.0,3
A,TYR,634,A_TYR_634,3.2084051025718128,59.0,3
A,TYR,825,A_TYR_825,6.602168727442381,51.0,0
