chain,resname,resnum,res_key,density,ACC,hbond_type
A,ALA,317,A_ALA_317,12.005877093919398,44.0,0
A,ARG,319,A_ARG_319,18.38552337101913,198.0,0
A,CYS,321,A_CYS_321,18.34861845337956,70.0,0
A,CYS,323,A_CYS_323,18.223218157893484,114.0,0
A,CYS,324,A_CYS_324,18.09244642348852,76.0,0
A,GLN,313,A_GLN_313,14.247062911534004,132.0,0
A,GLN,328,A_GLN_328,22.31552405624557,178.0,0
A,GLN,329,A_GLN_329,4.637765833093398,184.0,0
A,HIS,315,A_HIS_315,12.4818262383534,74.0,0
A,ILE,316,A_ILE_316,17.113331589460607,62.0,0
A,ILE,326,A_ILE_326,18.41920354973409,146.0,0
A,LYS,314,A_LYS_314,12.794280139656998,138.0,0
A,LYS,318,A_LYS_318,20.06716125858587,141.0,0
A,LYS,322,A_LYS_322,21.025011197538984,176.0,0
A,PHE,312,A_PHE_312,8.055982284567197,83.0,0
A,PHE,320,A_PHE_320,26.18134019936726,149.0,0
A,PHE,327,A_PHE_327,24.98715741585068,189.0,0
A,SER,325,A_SER_325,15.301135366268944,106.0,0
