chain,resname,resnum,res_key,density,ACC,hbond_type
A,ALA,196,A_ALA_196,12.777979611736953,29.0,0
A,ALA,210,A_ALA_210,5.896217303949976,19.0,0
A,ARG,203,A_ARG_203,25.599296021999088,205.0,0
A,ARG,205,A_ARG_205,24.457297450622274,166.0,0
A,ASN,184,A_ASN_184,20.421831666120035,84.0,0
A,ASP,180,A_ASP_180,8.282723351095418,154.0,0
A,ASP,190,A_ASP_190,15.698873652254854,67.0,2
A,ASP,206,A_ASP_206,21.97711586193757,148.0,0
A,CYS,175,A_CYS_175,18.64571004543862,9.0,0
A,CYS,187,A_CYS_187,16.79289945662246,0.0,1
A,CYS,195,A_CYS_195,18.20985449365933,0.0,1
A,CYS,198,A_CYS_198,17.173525754918543,2.0,1
A,GLN,192,A_GLN_192,23.03591117925189,89.0,3
A,GLN,208,A_GLN_208,10.866520717466942,136.0,0
A,GLU,177,A_GLU_177,23.2447900351042,90.0,0
A,GLU,179,A_GLU_179,7.026949896143943,163.0,0
A,GLU,181,A_GLU_181,22.928246371932484,65.0,0
A,GLY,202,A_GLY_202,10.487779356344086,19.0,0
A,HIS,178,A_HIS_178,23.795789797955067,40.0,2
A,HIS,204,A_HIS_204,24.373360943353106,8.0,3
A,HIS,207,A_HIS_207,24.216478059997733,54.0,3
A,ILE,194,A_ILE_194,18.573944892829022,2.0,0
A,LEU,176,A_LEU_176,15.928384002859204,175.0,0
A,LEU,193,A_LEU_193,14.28904120829919,80.0,0
A,LEU,197,A_LEU_197,18.3772789680734,60.0,0
A,LEU,200,A_LEU_200,18.086592207576043,118.0,0
A,LYS,182,A_LYS_182,10.748971032984826,75.0,1
A,LYS,199,A_LYS_199,21.11822159393487,63.0,0
A,MET,174,A_MET_174,8.237550882776628,67.0,0
A,MET,185,A_MET_185,21.65241708743368,42.0,0
A,THR,189,A_THR_189,1.8406041727179965,79.0,0
A,TYR,186,A_TYR_186,12.42032048024966,24.0,3
A,VAL,183,A_VAL_183,16.184905052642442,21.0,0
A,VAL,188,A_VAL_188,2.894729745624009,56.0,0
A,VAL,201,A_VAL_201,16.141994966768593,114.0,0
A,VAL,209,A_VAL_209,15.651771718596835,39.0,0
