chain,resname,resnum,res_key,density,ACC,hbond_type
A,ALA,173,A_ALA_173,5.646653652815655,61.0,1
A,ALA,174,A_ALA_174,10.76584893362878,58.0,1
A,CYS,181,A_CYS_181,17.600224060261713,115.0,1
A,GLN,176,A_GLN_176,14.428224791968784,146.0,1
A,GLY,177,A_GLY_177,10.286168464085492,41.0,1
A,LYS,178,A_LYS_178,20.54127046844761,170.0,1
A,MET,184,A_MET_184,24.727473637201943,259.0,1
A,SER,175,A_SER_175,13.21023043314813,65.0,1
A,SER,179,A_SER_179,15.804548082987868,83.0,1
A,SER,180,A_SER_180,15.666389601816231,103.0,1
A,SER,182,A_SER_182,15.74831965099052,76.0,1
A,VAL,183,A_VAL_183,16.139885137102794,141.0,1
