chain,resname,resnum,res_key,density,ACC,hbond_type
A,ARG,14,A_ARG_14,14.189495811486378,231.0,0
A,ARG,15,A_ARG_15,26.04317689082883,220.0,0
A,ARG,16,A_ARG_16,26.52947591905014,240.0,0
A,ARG,19,A_ARG_19,26.364120366245352,219.0,0
A,ARG,20,A_ARG_20,25.88870117261764,202.0,0
A,CYS,17,A_CYS_17,18.78298644643799,114.0,0
A,CYS,18,A_CYS_18,17.7784950674719,143.0,0
A,GLN,23,A_GLN_23,3.142334699191885,137.0,0
A,GLY,21,A_GLY_21,7.245933389265959,48.0,0
A,THR,22,A_THR_22,11.788143339763735,94.0,0
