chain,resname,resnum,res_key,density,ACC,hbond_type
A,ALA,22,A_ALA_22,1.9762665910923327,41.0,1
A,ARG,8,A_ARG_8,26.227579409705324,251.0,1
A,CYS,9,A_CYS_9,18.11328070761344,95.0,1
A,CYS,10,A_CYS_10,17.27397092340347,68.0,1
A,CYS,13,A_CYS_13,18.29311900731396,82.0,1
A,GLU,18,A_GLU_18,24.289496659085508,97.0,1
A,LEU,5,A_LEU_5,5.909881127277384,158.0,1
A,LEU,14,A_LEU_14,17.997348734610686,56.0,1
A,LYS,19,A_LYS_19,15.262724248092724,69.0,1
A,PRO,11,A_PRO_11,15.878836780048074,94.0,1
A,THR,6,A_THR_6,17.871058585664578,126.0,1
A,THR,15,A_THR_15,18.09704278110847,76.0,1
A,TRP,7,A_TRP_7,31.58748258351532,238.0,1
A,TRP,12,A_TRP_12,26.002692491232363,232.0,1
