chain,resname,resnum,res_key,density,ACC,hbond_type
A,ALA,144,A_ALA_144,2.434556434862445,0.0,1
A,ALA,150,A_ALA_150,12.749946500721016,11.0,1
A,ARG,50,A_ARG_50,12.014115831097454,173.0,1
A,ARG,85,A_ARG_85,15.903458971894937,28.0,1
A,ARG,90,A_ARG_90,5.015797440284127,219.0,1
A,ARG,117,A_ARG_117,13.068211977740289,221.0,1
A,ARG,118,A_ARG_118,14.641624656417235,204.0,1
A,ARG,122,A_ARG_122,26.86792668059077,27.0,1
A,ARG,142,A_ARG_142,26.20962272977508,17.0,1
A,ARG,164,A_ARG_164,16.471264277182136,69.0,1
A,ASN,22,A_ASN_22,14.969244179506196,0.0,1
A,ASN,121,A_ASN_121,20.73796176388683,30.0,1
A,ASP,139,A_ASP_139,7.618060569154361,74.0,1
A,ASP,146,A_ASP_146,21.607193979557568,8.0,1
A,ASP,151,A_ASP_151,15.021428940244888,51.0,1
A,ASP,167,A_ASP_167,19.379507208654413,11.0,1
A,CYS,148,A_CYS_148,18.105968323918155,60.0,1
A,GLN,135,A_GLN_135,5.62951005811084,106.0,1
A,GLU,120,A_GLU_120,7.686545395474047,183.0,1
A,GLU,161,A_GLU_161,23.30590304281643,12.0,1
A,GLY,52,A_GLY_52,7.427577675382286,77.0,1
A,GLY,53,A_GLY_53,10.529049186237811,21.0,1
A,GLY,113,A_GLY_113,7.886558270421927,45.0,1
A,GLY,145,A_GLY_145,10.333214320655536,0.0,1
A,LEU,137,A_LEU_137,12.56240693888865,0.0,1
A,LYS,138,A_LYS_138,21.39938421740517,35.0,1
A,LYS,165,A_LYS_165,4.328336626689158,129.0,1
A,MET,141,A_MET_141,15.70440156290002,0.0,1
A,MET,168,A_MET_168,7.759668629006279,10.0,1
A,PHE,162,A_PHE_162,24.69943026799817,1.0,1
A,PRO,54,A_PRO_54,17.42475983634046,25.0,1
A,PRO,114,A_PRO_114,16.2413216762906,81.0,1
A,PRO,115,A_PRO_115,15.860611692589634,92.0,1
A,SER,116,A_SER_116,7.505893745086652,130.0,1
A,SER,119,A_SER_119,16.028867220908054,33.0,1
A,TRP,134,A_TRP_134,25.14456438605233,128.0,1
A,TYR,19,A_TYR_19,5.1487722087021535,34.0,1
A,TYR,149,A_TYR_149,28.405688197670905,62.0,1
A,VAL,123,A_VAL_123,16.28824724393015,0.0,1
A,VAL,147,A_VAL_147,16.515009361569067,9.0,1
A,VAL,159,A_VAL_159,15.393311348777466,7.0,1
A,VAL,160,A_VAL_160,16.795989225828073,0.0,1
A,VAL,163,A_VAL_163,16.285072258390525,59.0,1
