chain,resname,resnum,res_key,density,ACC,hbond_type
A,ARG,1083,A_ARG_1083,2.537255742707873,196.0,0
A,CYS,1078,A_CYS_1078,18.336188418053894,100.0,0
A,GLY,1079,A_GLY_1079,10.860674676777512,44.0,0
A,ILE,1074,A_ILE_1074,18.400122693531827,88.0,0
A,LEU,1070,A_LEU_1070,6.215814836173214,101.0,0
A,LEU,1071,A_LEU_1071,16.56255558236117,83.0,0
A,LEU,1075,A_LEU_1075,18.487940307734547,55.0,0
A,LYS,1077,A_LYS_1077,20.044826266175257,162.0,0
A,LYS,1082,A_LYS_1082,20.183046653959178,197.0,0
A,PHE,1073,A_PHE_1073,25.52097197921277,126.0,0
A,PHE,1080,A_PHE_1080,26.21369802679197,109.0,0
A,PHE,1081,A_PHE_1081,25.41775536856841,107.0,0
A,TRP,1076,A_TRP_1076,31.411510570474608,170.0,0
A,VAL,1072,A_VAL_1072,16.618534310035947,70.0,0
