chain,resname,resnum,res_key,density,ACC,hbond_type
A,ALA,411,A_ALA_411,12.011810885327526,102.0,1
A,ALA,416,A_ALA_416,12.393719869878524,98.0,1
A,ARG,410,A_ARG_410,6.1420964691408,249.0,1
A,ARG,417,A_ARG_417,16.22309928750076,251.0,1
A,CYS,414,A_CYS_414,17.8171855363473,136.0,1
A,GLY,413,A_GLY_413,10.367284754626642,72.0,1
A,LEU,415,A_LEU_415,18.267804946701894,185.0,1
A,SER,412,A_SER_412,15.202121384692706,126.0,1
