chain,resname,resnum,res_key,density,ACC,hbond_type
A,CYS,180,A_CYS_180,18.171453434319368,122.0,1
A,GLU,174,A_GLU_174,3.326958395497492,116.0,1
A,GLY,179,A_GLY_179,10.446884424278304,68.0,1
A,ILE,183,A_ILE_183,18.95465798883728,146.0,1
A,LYS,176,A_LYS_176,5.781533550030229,171.0,1
A,LYS,182,A_LYS_182,21.756757324012,188.0,1
A,LYS,184,A_LYS_184,8.579488835345359,196.0,1
A,PRO,178,A_PRO_178,16.469005101534805,117.0,1
A,THR,177,A_THR_177,18.18714223038908,105.0,1
A,VAL,181,A_VAL_181,16.823616454092406,121.0,1
