chain,resname,resnum,res_key,density,ACC,hbond_type
A,ASN,130,A_ASN_130,20.294151960593588,110.0,0
A,CYS,118,A_CYS_118,3.450198995465329,79.0,0
A,CYS,119,A_CYS_119,14.492539766105782,72.0,0
A,CYS,121,A_CYS_121,18.009171029643575,68.0,0
A,CYS,122,A_CYS_122,17.808939176165932,65.0,0
A,CYS,123,A_CYS_123,17.98053186475375,69.0,0
A,CYS,124,A_CYS_124,18.45639659580464,83.0,0
A,CYS,126,A_CYS_126,18.3829993593519,65.0,0
A,CYS,127,A_CYS_127,17.894391031595223,89.0,0
A,CYS,128,A_CYS_128,17.83941418541074,84.0,0
A,CYS,131,A_CYS_131,17.976215420701923,65.0,0
A,CYS,132,A_CYS_132,17.508958604328473,113.0,0
A,CYS,133,A_CYS_133,17.84701213325973,99.0,0
A,CYS,136,A_CYS_136,17.591295059136552,90.0,0
A,GLY,134,A_GLY_134,5.128687963796114,78.0,0
A,LEU,125,A_LEU_125,19.11921549249481,90.0,0
A,LYS,135,A_LYS_135,12.39265039614858,195.0,0
A,PHE,129,A_PHE_129,25.02808335176786,165.0,0
A,TYR,120,A_TYR_120,17.345211798132308,164.0,0
