chain,resname,resnum,res_key,density,ACC,hbond_type
A,ALA,29,A_ALA_29,12.319955646682857,99.0,0
A,ALA,31,A_ALA_31,12.82551699296795,101.0,0
A,ALA,34,A_ALA_34,2.717522194518543,114.0,0
A,CYS,30,A_CYS_30,17.990831559572527,133.0,0
A,GLY,33,A_GLY_33,9.678688678218792,80.0,0
A,PRO,26,A_PRO_26,5.675763489792982,114.0,0
A,PRO,27,A_PRO_27,16.01562172493213,121.0,0
A,PRO,28,A_PRO_28,15.745757948587832,131.0,0
A,SER,32,A_SER_32,15.412413547673278,123.0,0
