chain,resname,resnum,res_key,density,ACC,hbond_type
A,ALA,24,A_ALA_24,12.232977204095086,56.0,1
A,ALA,182,A_ALA_182,5.76901302429821,2.0,1
A,ARG,28,A_ARG_28,14.194952887004533,129.0,1
A,ASN,190,A_ASN_190,21.86488411446345,73.0,1
A,ASP,194,A_ASP_194,21.8355083424733,94.0,1
A,CYS,20,A_CYS_20,18.761030484132075,110.0,1
A,GLU,13,A_GLU_13,3.5804283459829005,58.0,1
A,GLU,193,A_GLU_193,9.446657368824416,80.0,1
A,GLY,187,A_GLY_187,10.15723789058116,3.0,1
A,ILE,19,A_ILE_19,18.002557896182065,18.0,1
A,ILE,25,A_ILE_25,17.975464803339815,19.0,1
A,ILE,180,A_ILE_180,3.3141234939174606,43.0,1
A,ILE,185,A_ILE_185,12.425692050555265,0.0,1
A,LEU,14,A_LEU_14,7.896600503853971,4.0,1
A,LEU,15,A_LEU_15,18.04315737620728,0.0,1
A,LEU,181,A_LEU_181,3.409065029924834,0.0,1
A,LEU,188,A_LEU_188,17.015345895634518,1.0,1
A,LEU,195,A_LEU_195,10.226763253439955,1.0,1
A,LEU,200,A_LEU_200,1.9613687511904925,0.0,1
A,LYS,17,A_LYS_17,14.325632711316816,103.0,1
A,LYS,232,A_LYS_232,5.79776363295182,75.0,1
A,PHE,18,A_PHE_18,23.93597912465086,70.0,1
A,PHE,184,A_PHE_184,25.510849864203472,0.0,1
A,PHE,189,A_PHE_189,16.83008759836687,3.0,1
A,PHE,191,A_PHE_191,24.767202662275626,5.0,1
A,PRO,162,A_PRO_162,1.7941346718939148,54.0,1
A,SER,23,A_SER_23,15.237429502866124,10.0,1
A,SER,183,A_SER_183,16.216111976369945,31.0,1
A,SER,186,A_SER_186,16.47420394156144,21.0,1
A,THR,21,A_THR_21,17.878480580379215,37.0,1
A,THR,22,A_THR_22,17.493927523235687,135.0,1
A,TYR,16,A_TYR_16,16.841878116593755,4.0,1
A,TYR,192,A_TYR_192,9.078914305419586,2.0,1
