chain,resname,resnum,res_key,density,ACC,hbond_type
A,ALA,120,A_ALA_120,8.034620137162877,0.0,1
A,ALA,136,A_ALA_136,13.34457132928073,0.0,1
A,ALA,146,A_ALA_146,12.238554725497613,28.0,1
A,ALA,157,A_ALA_157,12.446451909187257,27.0,1
A,ALA,353,A_ALA_353,3.573741335759495,0.0,1
A,ARG,127,A_ARG_127,7.982247907242612,18.0,1
A,ARG,132,A_ARG_132,16.29103275838724,105.0,1
A,ARG,141,A_ARG_141,13.945260038498642,39.0,1
A,ASP,356,A_ASP_356,10.9254363132993,19.0,1
A,CYS,145,A_CYS_145,17.402074186890925,36.0,1
A,GLU,133,A_GLU_133,23.36656807710484,70.0,1
A,GLU,137,A_GLU_137,22.913552043564344,0.0,1
A,GLY,128,A_GLY_128,10.718053424677038,63.0,1
A,GLY,140,A_GLY_140,9.890722087134884,20.0,1
A,GLY,143,A_GLY_143,10.84392675177896,27.0,1
A,GLY,144,A_GLY_144,10.726323365778946,7.0,1
A,GLY,148,A_GLY_148,10.907445812062647,24.0,1
A,GLY,150,A_GLY_150,10.06031555967957,22.0,1
A,GLY,151,A_GLY_151,10.989679162138676,19.0,1
A,GLY,162,A_GLY_162,7.166652659212765,0.0,1
A,GLY,163,A_GLY_163,7.3973834252495,0.0,1
A,HIS,121,A_HIS_121,19.77503506734997,0.0,1
A,HIS,154,A_HIS_154,18.501749657305943,65.0,1
A,HIS,367,A_HIS_367,10.957006438561384,87.0,1
A,ILE,134,A_ILE_134,17.936260246024702,0.0,1
A,LEU,129,A_LEU_129,18.81504250074963,26.0,1
A,LEU,135,A_LEU_135,17.799070166804395,0.0,1
A,LEU,138,A_LEU_138,18.664592889479167,9.0,1
A,LYS,142,A_LYS_142,15.421225656514675,105.0,1
A,LYS,147,A_LYS_147,20.5706562022436,91.0,1
A,LYS,149,A_LYS_149,18.76404485682483,102.0,1
A,LYS,158,A_LYS_158,6.687220545091467,161.0,1
A,MET,74,A_MET_74,5.26596611166643,0.0,1
A,MET,153,A_MET_153,10.34539838255562,37.0,1
A,MET,155,A_MET_155,20.57410692628785,1.0,1
A,PHE,123,A_PHE_123,5.658599441863197,5.0,1
A,PHE,125,A_PHE_125,9.02551947128056,34.0,1
A,PHE,160,A_PHE_160,21.928235501570377,2.0,1
A,PHE,352,A_PHE_352,8.368088532901979,62.0,1
A,PRO,359,A_PRO_359,5.492490578071605,33.0,1
A,SER,130,A_SER_130,15.928478443119126,47.0,1
A,SER,152,A_SER_152,12.249030820116255,8.0,1
A,THR,124,A_THR_124,17.71713302258447,0.0,1
A,THR,139,A_THR_139,16.130789011008712,11.0,1
A,TYR,156,A_TYR_156,28.63699498637112,124.0,1
A,TYR,161,A_TYR_161,2.573212708438441,87.0,1
A,VAL,131,A_VAL_131,12.866308093382267,1.0,1
