chain,resname,resnum,res_key,density,ACC,hbond_type
A,ALA,11,A_ALA_11,6.236424818116427,4.0,0
A,ALA,38,A_ALA_38,11.63292763795288,0.0,0
A,ALA,159,A_ALA_159,13.03495254551847,52.0,0
A,ARG,19,A_ARG_19,26.718003471040937,113.0,1
A,ARG,37,A_ARG_37,21.74659991632671,28.0,1
A,ASN,35,A_ASN_35,3.312162447230816,0.0,0
A,ASP,9,A_ASP_9,21.53734335800084,37.0,2
A,ASP,160,A_ASP_160,21.77969550982202,56.0,2
A,CYS,52,A_CYS_52,4.715693257928272,16.0,0
A,CYS,161,A_CYS_161,18.740807647524058,15.0,0
A,GLN,163,A_GLN_163,22.49642445803586,87.0,2
A,GLU,43,A_GLU_43,17.235629550231476,92.0,2
A,GLY,18,A_GLY_18,5.875103540870696,26.0,0
A,GLY,42,A_GLY_42,10.410361288263244,28.0,0
A,GLY,45,A_GLY_45,2.636503695080017,76.0,0
A,GLY,47,A_GLY_47,10.656121287859149,12.0,0
A,GLY,50,A_GLY_50,10.764772563817932,49.0,0
A,GLY,65,A_GLY_65,4.749272803565757,0.0,0
A,GLY,162,A_GLY_162,9.895181583904533,9.0,0
A,ILE,10,A_ILE_10,18.30394939826948,3.0,0
A,ILE,158,A_ILE_158,18.05974056558897,0.0,0
A,LEU,24,A_LEU_24,5.706302731976143,0.0,0
A,LEU,39,A_LEU_39,19.20736612399346,0.0,0
A,LEU,164,A_LEU_164,18.384672028322168,58.0,0
A,LYS,44,A_LYS_44,2.9482775405632777,104.0,1
A,LYS,49,A_LYS_49,21.129309436057024,136.0,1
A,PHE,7,A_PHE_7,25.72085478014133,22.0,0
A,PHE,8,A_PHE_8,25.42423271938194,0.0,0
A,PHE,22,A_PHE_22,22.77358124382044,0.0,0
A,PHE,36,A_PHE_36,25.93320099948261,0.0,0
A,PHE,46,A_PHE_46,10.883136161899657,55.0,0
A,PHE,53,A_PHE_53,6.379041944644662,2.0,0
A,PHE,67,A_PHE_67,8.007272293495628,30.0,0
A,PHE,112,A_PHE_112,7.661589679652872,0.0,0
A,SER,21,A_SER_21,9.342252568251135,3.0,0
A,SER,40,A_SER_40,15.871121159057202,0.0,0
A,SER,51,A_SER_51,17.264165058115488,1.0,0
A,THR,5,A_THR_5,9.998190806386145,19.0,2
A,THR,41,A_THR_41,17.45110360324636,49.0,1
A,THR,157,A_THR_157,16.47008418454823,21.0,0
A,TYR,48,A_TYR_48,28.306142282780225,0.0,0
A,VAL,6,A_VAL_6,16.386966728462077,0.0,0
A,VAL,20,A_VAL_20,15.817949815948866,1.0,0
