chain,resname,resnum,res_key,density,ACC,hbond_type
A,ASN,221,A_ASN_221,12.727146563296316,66.0,2
A,ASP,219,A_ASP_219,10.506251079724718,79.0,0
A,CYS,211,A_CYS_211,18.434837152993467,22.0,1
A,CYS,214,A_CYS_214,16.91199924989845,89.0,0
A,CYS,216,A_CYS_216,17.612897295368114,69.0,0
A,GLU,223,A_GLU_223,10.808701785120114,86.0,2
A,GLY,209,A_GLY_209,10.226753387129822,5.0,0
A,GLY,215,A_GLY_215,10.513037113682854,71.0,0
A,GLY,217,A_GLY_217,6.749107754124853,73.0,0
A,HIS,188,A_HIS_188,23.13650958541417,61.0,0
A,LEU,191,A_LEU_191,17.309866411046904,48.0,0
A,LYS,193,A_LYS_193,13.53101246436022,25.0,1
A,PHE,190,A_PHE_190,25.74803004549912,124.0,0
A,PHE,222,A_PHE_222,21.444015713568785,2.0,0
A,PHE,281,A_PHE_281,14.359229292768951,57.0,0
A,PRO,189,A_PRO_189,15.760196747337949,75.0,0
A,PRO,192,A_PRO_192,16.085658333452102,7.0,0
A,PRO,210,A_PRO_210,15.50171011195238,31.0,0
A,THR,213,A_THR_213,17.831855396740213,108.0,2
A,THR,218,A_THR_218,2.5796509196779605,116.0,0
A,THR,220,A_THR_220,17.706019675203127,27.0,0
A,TRP,212,A_TRP_212,32.83811226368871,116.0,0
A,VAL,208,A_VAL_208,16.497136782616376,14.0,0
