chain,resname,resnum,res_key,density,ACC,hbond_type
A,ALA,444,A_ALA_444,12.86463922939086,3.0,1
A,ARG,405,A_ARG_405,26.332637225880205,97.0,1
A,ARG,436,A_ARG_436,2.6240576843720325,18.0,1
A,ASN,407,A_ASN_407,2.5912986903078896,122.0,1
A,ASP,416,A_ASP_416,22.753612904967994,96.0,1
A,CYS,417,A_CYS_417,17.686171636370698,47.0,1
A,GLU,411,A_GLU_411,8.62521330106773,119.0,1
A,GLU,418,A_GLU_418,22.153480796734943,95.0,1
A,GLU,443,A_GLU_443,12.507921608647642,82.0,1
A,HIS,424,A_HIS_424,1.6738376175799596,39.0,1
A,ILE,402,A_ILE_402,17.475249754917805,3.0,1
A,ILE,459,A_ILE_459,1.6775425524838683,5.0,1
A,LEU,404,A_LEU_404,18.077994989999905,0.0,1
A,LEU,432,A_LEU_432,18.541742300403666,23.0,1
A,LEU,442,A_LEU_442,17.76628423081579,0.0,1
A,LYS,422,A_LYS_422,2.4306885244736054,86.0,1
A,LYS,430,A_LYS_430,17.76157233672977,79.0,1
A,PHE,420,A_PHE_420,25.23894251468945,0.0,1
A,PHE,434,A_PHE_434,18.747767599211738,13.0,1
A,PHE,440,A_PHE_440,2.08011446320176,11.0,1
A,PHE,490,A_PHE_490,12.89032628437559,0.0,1
A,PRO,401,A_PRO_401,14.335138649813675,9.0,1
A,SER,403,A_SER_403,14.662683338262203,4.0,1
A,SER,408,A_SER_408,8.059865268160346,28.0,1
A,SER,414,A_SER_414,13.323090032743382,68.0,1
A,SER,415,A_SER_415,15.79974255197406,13.0,1
A,SER,421,A_SER_421,16.188373567557306,51.0,1
A,SER,447,A_SER_447,15.4977547525394,44.0,1
A,SER,448,A_SER_448,2.5687341665479804,15.0,1
A,THR,433,A_THR_433,10.681046330605898,67.0,1
A,THR,441,A_THR_441,3.1345250002884057,52.0,1
A,TRP,406,A_TRP_406,31.41224596095627,39.0,1
A,TYR,445,A_TYR_445,27.815292682156787,31.0,1
A,TYR,446,A_TYR_446,10.672094591807204,7.0,1
A,VAL,419,A_VAL_419,15.475454219369484,5.0,1
A,VAL,431,A_VAL_431,10.268220567246114,85.0,1
A,VAL,480,A_VAL_480,7.328522715493179,0.0,1
A,VAL,482,A_VAL_482,11.315704579819377,0.0,1
