chain,resname,resnum,res_key,density,ACC,hbond_type
A,ALA,148,A_ALA_148,3.20382860304703,67.0,1
A,ALA,364,A_ALA_364,11.465809410356222,0.0,1
A,ALA,381,A_ALA_381,12.459892469766926,0.0,1
A,ALA,382,A_ALA_382,13.021807768753296,0.0,1
A,ARG,120,A_ARG_120,20.04655978124937,11.0,1
A,ARG,150,A_ARG_150,25.723746802403728,22.0,1
A,ARG,368,A_ARG_368,26.95643611595515,0.0,1
A,ARG,415,A_ARG_415,12.637095869793804,0.0,1
A,ARG,495,A_ARG_495,26.038503039346782,104.0,1
A,ASN,493,A_ASN_493,10.86986350655665,3.0,1
A,ASP,123,A_ASP_123,6.015692971716665,0.0,1
A,ASP,378,A_ASP_378,16.513974336828884,123.0,1
A,ASP,379,A_ASP_379,23.01277933001393,24.0,1
A,ASP,389,A_ASP_389,2.856712657904054,56.0,1
A,CYS,369,A_CYS_369,18.0244447795156,2.0,1
A,CYS,388,A_CYS_388,14.358300605407756,0.0,1
A,GLN,365,A_GLN_365,23.775184684575937,0.0,1
A,GLU,149,A_GLU_149,13.307555545679854,22.0,1
A,GLU,194,A_GLU_194,5.875485369998179,91.0,1
A,GLU,370,A_GLU_370,23.59416421972133,126.0,1
A,GLU,374,A_GLU_374,17.01391811528079,68.0,1
A,GLU,380,A_GLU_380,10.760457493831904,117.0,1
A,GLY,375,A_GLY_375,10.309623381776696,15.0,1
A,GLY,384,A_GLY_384,10.810481936404832,4.0,1
A,HIS,492,A_HIS_492,14.10581894056305,50.0,1
A,ILE,385,A_ILE_385,19.49179960049231,1.0,1
A,LEU,371,A_LEU_371,18.013562420915353,40.0,1
A,LEU,372,A_LEU_372,17.53506093722787,1.0,1
A,LYS,366,A_LYS_366,19.42267142938953,140.0,1
A,LYS,386,A_LYS_386,20.89417005024073,61.0,1
A,MET,200,A_MET_200,4.265441843796701,11.0,1
A,MET,383,A_MET_383,21.629910324768066,105.0,1
A,MET,395,A_MET_395,21.01234132405794,0.0,1
A,MET,396,A_MET_396,2.5421948667619336,0.0,1
A,MET,494,A_MET_494,20.911313826352803,3.0,1
A,PHE,417,A_PHE_417,24.980837221403355,0.0,1
A,PRO,199,A_PRO_199,15.351428021156131,58.0,1
A,PRO,361,A_PRO_361,8.502692692701114,0.0,1
A,PRO,376,A_PRO_376,16.116787291429254,56.0,1
A,PRO,377,A_PRO_377,15.08439646771176,85.0,1
A,SER,387,A_SER_387,15.803408083381628,57.0,1
A,SER,418,A_SER_418,9.812522079605262,0.0,1
A,THR,122,A_THR_122,3.2135313845019406,0.0,1
A,THR,363,A_THR_363,10.136500900568343,43.0,1
A,THR,484,A_THR_484,1.963990129022944,1.0,1
A,TYR,367,A_TYR_367,28.34527402409328,22.0,1
A,TYR,373,A_TYR_373,26.660871730443283,9.0,1
A,TYR,397,A_TYR_397,6.296150476743121,2.0,1
A,VAL,362,A_VAL_362,10.039462432982615,24.0,1
A,VAL,416,A_VAL_416,5.319770266863474,0.0,1
