chain,resname,resnum,res_key,density,ACC,hbond_type
A,ALA,239,A_ALA_239,7.303106142518651,37.0,0
A,ALA,420,A_ALA_420,11.779593695511611,5.0,0
A,ALA,427,A_ALA_427,12.276307596343075,0.0,0
A,ALA,454,A_ALA_454,12.520720329792583,3.0,0
A,ALA,459,A_ALA_459,12.514688057470533,35.0,0
A,ALA,467,A_ALA_467,11.994278890225958,0.0,0
A,ALA,468,A_ALA_468,9.697864082279558,0.0,0
A,ARG,424,A_ARG_424,26.908772327192857,115.0,0
A,ASN,240,A_ASN_240,20.915256714728912,3.0,2
A,ASN,428,A_ASN_428,21.05563821089352,83.0,0
A,ASN,466,A_ASN_466,21.4876153903636,24.0,1
A,CYS,461,A_CYS_461,17.61383256976807,6.0,0
A,GLN,247,A_GLN_247,10.421259759599632,27.0,2
A,GLN,421,A_GLN_421,14.441447724017474,107.0,1
A,GLN,456,A_GLN_456,15.066802884273947,73.0,2
A,GLN,463,A_GLN_463,22.10513047992461,8.0,3
A,GLN,490,A_GLN_490,20.58311269870913,30.0,0
A,GLN,494,A_GLN_494,22.9931210411406,13.0,3
A,GLU,425,A_GLU_425,15.168478198089192,104.0,2
A,GLU,458,A_GLU_458,23.35051673686404,115.0,0
A,GLU,492,A_GLU_492,5.128230025082983,39.0,0
A,HIS,426,A_HIS_426,24.09741312158684,32.0,0
A,ILE,244,A_ILE_244,5.351137241256717,0.0,0
A,ILE,405,A_ILE_405,3.60197116366277,7.0,0
A,ILE,431,A_ILE_431,12.021817426186033,19.0,0
A,ILE,465,A_ILE_465,19.07891704801916,8.0,0
A,LEU,243,A_LEU_243,15.879684001697765,56.0,0
A,LEU,401,A_LEU_401,18.103742235271863,0.0,0
A,LEU,404,A_LEU_404,9.449994732345672,0.0,0
A,LEU,430,A_LEU_430,13.512071160123057,1.0,0
A,LEU,457,A_LEU_457,18.223734576472115,0.0,0
A,LEU,460,A_LEU_460,18.547974380694964,7.0,0
A,LEU,469,A_LEU_469,8.62086181920891,43.0,0
A,LEU,498,A_LEU_498,2.0293304558405283,0.0,0
A,LYS,216,A_LYS_216,2.418075965261879,91.0,0
A,LYS,429,A_LYS_429,2.734018586958532,40.0,1
A,LYS,488,A_LYS_488,13.193236434172816,60.0,0
A,MET,484,A_MET_484,10.378358458526904,1.0,0
A,PHE,423,A_PHE_423,24.08614944658988,0.0,0
A,PHE,487,A_PHE_487,25.57571521778972,3.0,0
A,PRO,400,A_PRO_400,11.429185701472928,17.0,0
A,PRO,462,A_PRO_462,16.199079314380988,48.0,0
A,SER,453,A_SER_453,5.966989112981448,3.0,3
A,SER,455,A_SER_455,15.489247958088368,67.0,0
A,THR,397,A_THR_397,2.854089137062099,21.0,0
A,TRP,491,A_TRP_491,32.58721026483618,0.0,0
A,TYR,419,A_TYR_419,7.705158545192166,78.0,0
A,VAL,416,A_VAL_416,2.917286789217824,0.0,0
A,VAL,422,A_VAL_422,12.96768169972413,66.0,0
A,VAL,464,A_VAL_464,16.589132439513868,0.0,0
A,VAL,495,A_VAL_495,11.058771898691491,3.0,0
