chain,resname,resnum,res_key,density,ACC,hbond_type
A,ALA,163,A_ALA_163,12.090003547698323,1.0,1
A,ALA,183,A_ALA_183,12.072517561092395,0.0,1
A,ALA,186,A_ALA_186,9.443642531789386,0.0,1
A,ALA,198,A_ALA_198,2.7629405393617583,2.0,1
A,ALA,386,A_ALA_386,3.1917944056438525,0.0,1
A,ALA,393,A_ALA_393,12.594623935425927,0.0,1
A,ALA,398,A_ALA_398,12.053389723775927,6.0,1
A,ARG,89,A_ARG_89,3.686272547826052,135.0,1
A,ARG,388,A_ARG_388,15.21505047789223,44.0,1
A,ASN,195,A_ASN_195,18.85131463855592,71.0,1
A,ASP,66,A_ASP_66,9.400989570414149,8.0,1
A,ASP,92,A_ASP_92,20.910145167295443,25.0,1
A,ASP,93,A_ASP_93,18.18066098366527,103.0,1
A,ASP,97,A_ASP_97,21.8328633013378,29.0,1
A,ASP,392,A_ASP_392,22.266475633997413,4.0,1
A,ASP,403,A_ASP_403,6.050129095621967,21.0,1
A,CYS,395,A_CYS_395,17.849834444436063,10.0,1
A,GLN,91,A_GLN_91,21.92289764164361,0.0,1
A,GLN,399,A_GLN_399,23.495609432299904,58.0,1
A,GLN,498,A_GLN_498,14.791033931607352,40.0,1
A,GLU,94,A_GLU_94,21.069954914789225,114.0,1
A,GLU,197,A_GLU_197,11.629623557457691,122.0,1
A,GLU,387,A_GLU_387,6.197198402058314,61.0,1
A,GLY,96,A_GLY_96,10.5966519026695,1.0,1
A,GLY,98,A_GLY_98,6.68877746522798,5.0,1
A,GLY,194,A_GLY_194,10.1001071054588,18.0,1
A,HIS,391,A_HIS_391,24.17425845380233,84.0,1
A,ILE,162,A_ILE_162,16.049623178854528,0.0,1
A,ILE,199,A_ILE_199,17.997866445739255,9.0,1
A,ILE,201,A_ILE_201,3.656122280763846,26.0,1
A,ILE,373,A_ILE_373,1.9390608558160776,0.0,1
A,LEU,159,A_LEU_159,15.29496046286442,1.0,1
A,LEU,167,A_LEU_167,9.967733515691815,0.0,1
A,LEU,188,A_LEU_188,2.5673698638764564,66.0,1
A,LEU,190,A_LEU_190,7.943742145378048,4.0,1
A,LEU,196,A_LEU_196,18.61157737792186,41.0,1
A,LEU,390,A_LEU_390,18.064215870870648,0.0,1
A,LEU,394,A_LEU_394,18.624427561071624,4.0,1
A,LEU,397,A_LEU_397,17.805440896153378,0.0,1
A,LYS,170,A_LYS_170,6.645399696370934,12.0,1
A,LYS,402,A_LYS_402,17.489267642499232,129.0,1
A,SER,193,A_SER_193,6.232310919996264,67.0,1
A,SER,389,A_SER_389,12.964285505975688,0.0,1
A,SER,496,A_SER_496,16.190065314710107,1.0,1
A,THR,99,A_THR_99,9.41355109105212,4.0,1
A,THR,166,A_THR_166,17.480694554223238,8.0,1
A,THR,400,A_THR_400,17.759514877200488,0.0,1
A,VAL,90,A_VAL_90,6.068456475227233,69.0,1
A,VAL,95,A_VAL_95,16.758181875302885,9.0,1
A,VAL,184,A_VAL_184,13.382407150282347,0.0,1
A,VAL,187,A_VAL_187,16.639861270349236,6.0,1
A,VAL,396,A_VAL_396,16.384300139566907,2.0,1
A,VAL,401,A_VAL_401,13.37855864533504,48.0,1
A,VAL,499,A_VAL_499,16.771832941950233,5.0,1
