chain,resname,resnum,res_key,density,ACC,hbond_type
A,ALA,430,A_ALA_430,2.127903949113262,34.0,0
A,ALA,467,A_ALA_467,2.794857723391204,64.0,0
A,ALA,473,A_ALA_473,12.034085633806868,8.0,0
A,ARG,434,A_ARG_434,7.400113619597425,92.0,1
A,ARG,469,A_ARG_469,27.3013710605668,52.0,1
A,ASN,410,A_ASN_410,15.856558918549537,85.0,0
A,ASN,415,A_ASN_415,20.644157601776712,35.0,2
A,CYS,416,A_CYS_416,19.06333373777154,5.0,0
A,CYS,461,A_CYS_461,17.65397347211301,2.0,0
A,CYS,462,A_CYS_462,18.183317001443847,8.0,0
A,CYS,472,A_CYS_472,10.002285170903589,23.0,0
A,GLN,409,A_GLN_409,12.94094007526457,84.0,0
A,GLN,414,A_GLN_414,23.10514654595859,114.0,0
A,GLN,421,A_GLN_421,23.333259694322063,156.0,0
A,GLN,428,A_GLN_428,2.7064767555672944,1.0,3
A,GLU,417,A_GLU_417,23.49131848194445,97.0,0
A,GLU,420,A_GLU_420,23.617825907372254,119.0,2
A,GLU,424,A_GLU_424,14.212785387445026,67.0,2
A,GLU,466,A_GLU_466,23.52997596001444,144.0,0
A,GLU,474,A_GLU_474,2.649079239907197,1.0,2
A,GLY,423,A_GLY_423,11.285680234773178,32.0,0
A,GLY,455,A_GLY_455,10.385844539493007,0.0,0
A,GLY,458,A_GLY_458,10.564217915928433,3.0,0
A,HIS,464,A_HIS_464,16.54540464588245,73.0,0
A,ILE,412,A_ILE_412,18.99552410821445,19.0,0
A,LEU,411,A_LEU_411,19.05085946689332,49.0,0
A,LEU,418,A_LEU_418,18.20006851020009,40.0,0
A,LEU,422,A_LEU_422,18.17862341071755,52.0,0
A,LEU,431,A_LEU_431,6.118863731821703,8.0,0
A,LEU,454,A_LEU_454,5.676856196437027,6.0,0
A,LEU,477,A_LEU_477,6.118294599648319,33.0,0
A,LYS,413,A_LYS_413,20.8348239454676,99.0,0
A,LYS,426,A_LYS_426,2.2132890197356234,131.0,0
A,LYS,456,A_LYS_456,10.776638775949912,75.0,0
A,LYS,460,A_LYS_460,11.979062247798897,76.0,0
A,LYS,463,A_LYS_463,16.089805869674432,166.0,0
A,LYS,468,A_LYS_468,5.207019245371278,121.0,0
A,MET,470,A_MET_470,13.701318547647755,11.0,0
A,PHE,419,A_PHE_419,25.0567872691472,30.0,0
A,PHE,427,A_PHE_427,24.871112407508964,9.0,0
A,PRO,408,A_PRO_408,7.27379302357436,1.0,0
A,PRO,465,A_PRO_465,10.605150882498531,87.0,0
A,SER,459,A_SER_459,15.78413128477586,37.0,1
A,VAL,457,A_VAL_457,16.94233453096024,12.0,0
