chain,resname,resnum,res_key,density,ACC,hbond_type
A,ALA,32,A_ALA_32,2.937505627939773,56.0,0
A,ALA,169,A_ALA_169,1.6835685846817272,2.0,0
A,ARG,211,A_ARG_211,6.0405603930632985,5.0,1
A,ARG,212,A_ARG_212,17.71116336493679,52.0,1
A,ASN,226,A_ASN_226,18.06035963552949,98.0,0
A,CYS,53,A_CYS_53,14.27780134619541,0.0,0
A,CYS,219,A_CYS_219,18.94837042409063,46.0,0
A,GLN,215,A_GLN_215,23.58321115166488,8.0,3
A,GLN,217,A_GLN_217,23.66843352054167,41.0,0
A,GLU,29,A_GLU_29,5.685250334908822,83.0,2
A,GLU,33,A_GLU_33,2.091183156930478,20.0,2
A,GLU,220,A_GLU_220,22.69992846018041,101.0,0
A,GLU,227,A_GLU_227,10.139375999619077,83.0,2
A,ILE,25,A_ILE_25,9.121260236727723,7.0,0
A,ILE,31,A_ILE_31,18.27478836770464,98.0,0
A,ILE,223,A_ILE_223,19.050680675431032,95.0,0
A,LEU,60,A_LEU_60,4.326297524603639,19.0,0
A,LEU,162,A_LEU_162,9.501018152218602,33.0,0
A,LEU,213,A_LEU_213,15.963567114138026,62.0,0
A,LEU,216,A_LEU_216,17.82070299219198,88.0,0
A,LEU,222,A_LEU_222,18.839441040968985,23.0,0
A,LYS,163,A_LYS_163,3.1606954238011884,20.0,1
A,LYS,224,A_LYS_224,15.51084622213044,63.0,1
A,MET,218,A_MET_218,20.76721817279465,1.0,0
A,PHE,30,A_PHE_30,25.85756456736963,5.0,0
A,PHE,46,A_PHE_46,12.315621151827068,0.0,0
A,PHE,166,A_PHE_166,24.645552750099945,2.0,0
A,PHE,214,A_PHE_214,25.713257134180104,0.0,0
A,PRO,165,A_PRO_165,13.527656462100428,55.0,0
A,SER,26,A_SER_26,6.0804277437641785,50.0,1
A,SER,28,A_SER_28,10.760832183236948,94.0,0
A,THR,34,A_THR_34,17.690013427030664,20.0,0
A,THR,35,A_THR_35,8.024202609327405,69.0,0
A,THR,56,A_THR_56,3.768529417129539,11.0,0
A,TYR,38,A_TYR_38,2.1276751088700068,162.0,0
A,TYR,221,A_TYR_221,29.285499841624134,7.0,0
A,VAL,27,A_VAL_27,16.30749277338671,75.0,0
A,VAL,57,A_VAL_57,10.246425560565044,0.0,0
A,VAL,225,A_VAL_225,16.462046667462907,2.0,0
