chain,resname,resnum,res_key,density,ACC,hbond_type
A,ALA,700,A_ALA_700,11.675562006530653,55.0,0
A,ALA,705,A_ALA_705,11.875867763179546,54.0,0
A,ALA,713,A_ALA_713,12.789066169852088,13.0,0
A,ALA,746,A_ALA_746,6.499320219140676,43.0,0
A,ARG,710,A_ARG_710,23.59712461764876,101.0,1
A,ARG,727,A_ARG_727,27.071694423341025,93.0,0
A,ASN,709,A_ASN_709,13.835944094373907,56.0,1
A,ASP,724,A_ASP_724,21.94708824315096,85.0,0
A,CYS,699,A_CYS_699,17.598525752038693,3.0,0
A,CYS,702,A_CYS_702,18.039406407094724,70.0,0
A,CYS,719,A_CYS_719,17.446315034192956,26.0,0
A,CYS,722,A_CYS_722,18.78072648440987,1.0,0
A,CYS,725,A_CYS_725,18.04498430665943,18.0,0
A,CYS,744,A_CYS_744,8.350820332234592,1.0,0
A,GLN,697,A_GLN_697,19.558915351378104,69.0,0
A,GLN,712,A_GLN_712,22.41965692708232,28.0,3
A,GLN,728,A_GLN_728,23.35287436669237,125.0,0
A,GLN,768,A_GLN_768,13.806333117773423,4.0,0
A,GLU,698,A_GLU_698,14.31828651288077,124.0,0
A,GLU,718,A_GLU_718,3.153534888177452,146.0,0
A,GLY,703,A_GLY_703,10.209164186803031,40.0,0
A,HIS,708,A_HIS_708,19.54882444120805,43.0,0
A,HIS,729,A_HIS_729,18.906878801482044,39.0,0
A,ILE,721,A_ILE_721,18.02388175860573,0.0,0
A,LEU,706,A_LEU_706,17.335635671661198,13.0,0
A,LEU,714,A_LEU_714,12.36112114255789,1.0,0
A,LEU,773,A_LEU_773,2.7209991916516247,14.0,0
A,MET,711,A_MET_711,21.078872872199984,8.0,0
A,PHE,726,A_PHE_726,24.95029993118009,0.0,0
A,PHE,730,A_PHE_730,15.43104222479016,0.0,0
A,PRO,103,A_PRO_103,1.9044275020112715,35.0,0
A,PRO,707,A_PRO_707,15.73017051932222,13.0,0
A,PRO,723,A_PRO_723,16.0224101282725,44.0,0
A,PRO,745,A_PRO_745,15.959888555105236,41.0,0
A,SER,772,A_SER_772,16.143284748262687,10.0,3
A,THR,720,A_THR_720,17.642772599946003,16.0,0
A,TRP,704,A_TRP_704,31.628135180914818,131.0,0
A,VAL,701,A_VAL_701,16.06996287975381,69.0,0
