chain,resname,resnum,res_key,density,ACC,hbond_type
A,ALA,93,A_ALA_93,3.2717615444945007,67.0,0
A,ARG,97,A_ARG_97,26.0130948797468,173.0,0
A,ARG,118,A_ARG_118,26.112937782547306,96.0,0
A,ASN,127,A_ASN_127,5.427765372376459,102.0,0
A,ASP,109,A_ASP_109,14.509297791795316,56.0,2
A,ASP,122,A_ASP_122,21.23290431965477,92.0,2
A,CYS,95,A_CYS_95,18.74471430383063,3.0,1
A,CYS,106,A_CYS_106,16.59281014979507,0.0,1
A,CYS,114,A_CYS_114,17.731752409253072,0.0,1
A,CYS,117,A_CYS_117,17.912317664490782,13.0,1
A,GLN,99,A_GLN_99,10.144067186993912,166.0,0
A,GLU,100,A_GLU_100,22.76494385389999,82.0,0
A,GLU,107,A_GLU_107,2.6065431958767613,38.0,2
A,GLU,119,A_GLU_119,23.48794096951349,123.0,0
A,GLY,110,A_GLY_110,2.5644187740362803,48.0,0
A,HIS,98,A_HIS_98,23.11302343640867,55.0,2
A,HIS,103,A_HIS_103,19.231385168589835,88.0,0
A,HIS,123,A_HIS_123,23.83439968507041,20.0,3
A,HIS,126,A_HIS_126,23.344504150255226,62.0,3
A,ILE,131,A_ILE_131,3.654373073196469,37.0,0
A,LEU,113,A_LEU_113,18.44794177558456,3.0,0
A,LYS,111,A_LYS_111,20.113501153546068,106.0,1
A,LYS,121,A_LYS_121,16.820791748711063,197.0,0
A,LYS,124,A_LYS_124,18.25616320124661,164.0,0
A,MET,101,A_MET_101,12.691428382961211,60.0,0
A,PHE,102,A_PHE_102,24.57035440335373,47.0,0
A,PHE,105,A_PHE_105,12.500760924519792,32.0,0
A,PHE,112,A_PHE_112,18.908923419946184,116.0,0
A,PHE,115,A_PHE_115,24.77433170269504,104.0,0
A,PRO,96,A_PRO_96,15.263832589347809,117.0,0
A,SER,120,A_SER_120,15.97857234258742,23.0,1
A,SER,125,A_SER_125,7.559176637107575,106.0,0
A,SER,129,A_SER_129,6.0300495648850285,19.0,1
A,THR,94,A_THR_94,10.252433306349312,75.0,0
A,TYR,104,A_TYR_104,27.63850647669846,52.0,0
A,VAL,116,A_VAL_116,16.80867648559424,51.0,0
A,VAL,128,A_VAL_128,15.999555536988275,29.0,0
