chain,resname,resnum,res_key,density,ACC
A,ALA,277,A_ALA_277,3.5431539052795955,8.0
A,ALA,313,A_ALA_313,13.208902096154285,0.0
A,ALA,316,A_ALA_316,11.741544787356208,0.0
A,ALA,346,A_ALA_346,10.075801135642797,0.0
A,ALA,376,A_ALA_376,12.007330369260233,27.0
A,ASN,179,A_ASN_179,2.5947540423902025,64.0
A,ASN,331,A_ASN_331,16.82696488277557,0.0
A,ASN,356,A_ASN_356,11.852358734841085,37.0
A,ASN,373,A_ASN_373,22.069006249902028,36.0
A,ASP,358,A_ASP_358,14.810634921493271,15.0
A,ASP,359,A_ASP_359,16.183133318514464,37.0
A,ASP,610,A_ASP_610,21.545969549500093,0.0
A,CYS,175,A_CYS_175,16.945203882127075,2.0
A,CYS,370,A_CYS_370,6.295343648251109,3.0
A,GLN,606,A_GLN_606,10.205251383336408,42.0
A,GLU,171,A_GLU_171,6.050476920173793,101.0
A,GLU,348,A_GLU_348,24.42395101528491,0.0
A,GLY,176,A_GLY_176,10.482042056047671,5.0
A,GLY,310,A_GLY_310,9.850491176722706,60.0
A,GLY,311,A_GLY_311,10.773764664185023,27.0
A,GLY,314,A_GLY_314,10.66827631342214,0.0
A,GLY,350,A_GLY_350,7.294528771861222,0.0
A,GLY,375,A_GLY_375,10.415727718308116,24.0
A,GLY,378,A_GLY_378,4.73356209126918,15.0
A,GLY,608,A_GLY_608,10.07365856378993,24.0
A,HIS,347,A_HIS_347,23.741201048772577,4.0
A,HIS,351,A_HIS_351,18.910257513061545,1.0
A,HIS,357,A_HIS_357,24.48285557095042,26.0
A,ILE,330,A_ILE_330,14.55401410433739,0.0
A,ILE,344,A_ILE_344,17.600100700604433,6.0
A,ILE,371,A_ILE_371,15.377215896663271,2.0
A,LEU,173,A_LEU_173,18.02067455763542,33.0
A,LEU,349,A_LEU_349,2.738847338750967,0.0
A,LEU,607,A_LEU_607,18.92981597565865,26.0
A,LYS,174,A_LYS_174,20.35542506579116,142.0
A,MET,315,A_MET_315,22.102660714727023,19.0
A,MET,355,A_MET_355,6.117215169694822,0.0
A,MET,372,A_MET_372,21.32027137134891,0.0
A,PHE,309,A_PHE_309,18.850387415637115,26.0
A,PHE,341,A_PHE_341,3.224631771011103,0.0
A,PRO,172,A_PRO_172,13.995755152804191,129.0
A,PRO,612,A_PRO_612,10.99211676640418,36.0
A,SER,178,A_SER_178,15.585952598995672,54.0
A,SER,343,A_SER_343,13.337651359816729,7.0
A,SER,369,A_SER_369,1.948183166878293,35.0
A,SER,374,A_SER_374,13.980456483419315,3.0
A,SER,377,A_SER_377,15.5486783221884,16.0
A,SER,379,A_SER_379,2.601665466962428,14.0
A,SER,609,A_SER_609,15.534833287767746,40.0
A,THR,312,A_THR_312,17.965725835872796,17.0
A,THR,340,A_THR_340,3.122307459313866,26.0
A,VAL,177,A_VAL_177,16.017015906686694,61.0
A,VAL,318,A_VAL_318,1.6489866532689208,50.0
A,VAL,332,A_VAL_332,16.51275725904527,12.0
A,VAL,345,A_VAL_345,11.41103912519157,2.0
A,VAL,611,A_VAL_611,16.484490860092475,13.0
