chain,resname,resnum,res_key,density,ACC
A,ALA,1577,A_ALA_1577,10.056388790648302,30.0
A,ALA,1645,A_ALA_1645,2.7384754951541224,3.0
A,ALA,1708,A_ALA_1708,2.019835074898684,62.0
A,ARG,1580,A_ARG_1580,20.610168869130472,117.0
A,ARG,1582,A_ARG_1582,14.310148116610195,42.0
A,ASN,1511,A_ASN_1511,8.463052360604568,42.0
A,ASN,1578,A_ASN_1578,19.760440877418468,51.0
A,ASP,1514,A_ASP_1514,21.35485115877989,100.0
A,ASP,1515,A_ASP_1515,21.351804784866463,75.0
A,ASP,1528,A_ASP_1528,21.216840141320947,37.0
A,CYS,1516,A_CYS_1516,18.67480399158074,0.0
A,CYS,1553,A_CYS_1553,18.058710813122392,7.0
A,GLN,1517,A_GLN_1517,22.42943877804618,60.0
A,GLN,1589,A_GLN_1589,12.556758725583125,13.0
A,GLU,1512,A_GLU_1512,20.47091597520397,92.0
A,GLU,1555,A_GLU_1555,2.6104933836386954,57.0
A,GLY,1534,A_GLY_1534,4.328040237838487,35.0
A,GLY,1554,A_GLY_1554,10.0992291227173,24.0
A,HIS,1513,A_HIS_1513,23.58475994273346,59.0
A,ILE,1552,A_ILE_1552,18.11151716617924,1.0
A,ILE,1610,A_ILE_1610,8.865898285410335,2.0
A,LEU,1526,A_LEU_1526,17.534619486156757,48.0
A,LEU,1529,A_LEU_1529,17.52932409252753,0.0
A,LEU,1532,A_LEU_1532,18.285671969128344,18.0
A,LEU,1581,A_LEU_1581,17.083784925997605,0.0
A,LEU,1588,A_LEU_1588,17.731677738254035,1.0
A,LEU,1590,A_LEU_1590,17.585437783768295,0.0
A,LEU,1644,A_LEU_1644,15.433850082024184,60.0
A,LYS,1579,A_LYS_1579,20.085545251474247,96.0
A,PHE,1527,A_PHE_1527,20.644230636781447,3.0
A,PHE,1612,A_PHE_1612,14.758410497440098,0.0
A,SER,1530,A_SER_1530,15.12533193576142,43.0
A,SER,1531,A_SER_1531,15.89772035572286,89.0
A,SER,1533,A_SER_1533,15.878779813895129,61.0
A,SER,1551,A_SER_1551,10.668860229146464,1.0
A,THR,1519,A_THR_1519,17.231524621799824,38.0
A,TRP,1640,A_TRP_1640,2.1290691916610545,0.0
A,TYR,1583,A_TYR_1583,6.985696151714665,12.0
A,TYR,1592,A_TYR_1592,13.406352891004472,1.0
A,VAL,1518,A_VAL_1518,16.55605235282204,0.0
A,VAL,1591,A_VAL_1591,6.301561118480922,30.0
