chain,resname,resnum,res_key,density,ACC
A,ALA,103,A_ALA_103,11.765588082136238,0.0
A,ALA,129,A_ALA_129,12.946325585333692,14.0
A,ASN,106,A_ASN_106,2.7636387703420584,43.0
A,ASN,130,A_ASN_130,20.4659339129416,94.0
A,ASP,54,A_ASP_54,12.37722656946596,34.0
A,ASP,68,A_ASP_68,10.929714607243897,67.0
A,ASP,102,A_ASP_102,18.51868117605692,21.0
A,CYS,41,A_CYS_41,17.485388099728382,0.0
A,CYS,120,A_CYS_120,17.43844385689524,1.0
A,GLN,69,A_GLN_69,5.8197908038510295,70.0
A,GLN,119,A_GLN_119,22.5186036562858,16.0
A,GLU,26,A_GLU_26,6.437162360823555,107.0
A,GLU,27,A_GLU_27,10.86575222921564,134.0
A,GLU,56,A_GLU_56,22.59815134496851,52.0
A,GLY,101,A_GLY_101,5.960318061440704,13.0
A,GLY,127,A_GLY_127,3.5856320520771883,5.0
A,HIS,134,A_HIS_134,4.855659921772991,66.0
A,ILE,22,A_ILE_22,18.425254542288307,30.0
A,ILE,29,A_ILE_29,1.9138827291442104,8.0
A,ILE,55,A_ILE_55,18.81372187886327,0.0
A,ILE,59,A_ILE_59,16.389346122036716,2.0
A,ILE,71,A_ILE_71,16.259106217743334,2.0
A,ILE,72,A_ILE_72,19.036145120543438,2.0
A,ILE,105,A_ILE_105,18.55516012798863,0.0
A,ILE,133,A_ILE_133,18.56683011137748,1.0
A,LEU,20,A_LEU_20,13.162925135856714,5.0
A,LEU,39,A_LEU_39,18.84880720348519,0.0
A,LEU,53,A_LEU_53,3.896794055852189,17.0
A,LEU,58,A_LEU_58,18.152951503429065,7.0
A,LEU,73,A_LEU_73,16.70431738302182,38.0
A,LEU,98,A_LEU_98,3.4652666529342664,7.0
A,LYS,42,A_LYS_42,15.32906551193977,105.0
A,LYS,121,A_LYS_121,19.70328455879611,65.0
A,LYS,123,A_LYS_123,16.490933246561994,95.0
A,LYS,124,A_LYS_124,2.2581489565405364,41.0
A,LYS,131,A_LYS_131,20.55717235460388,42.0
A,LYS,132,A_LYS_132,21.091260753465374,98.0
A,PHE,43,A_PHE_43,25.621189297820017,10.0
A,PHE,93,A_PHE_93,16.59775691723018,23.0
A,PRO,40,A_PRO_40,15.855456331669425,9.0
A,SER,21,A_SER_21,10.66143729630559,55.0
A,SER,60,A_SER_60,10.051505086576755,21.0
A,SER,104,A_SER_104,15.969652445248194,0.0
A,THR,23,A_THR_23,12.710794667940403,95.0
A,THR,24,A_THR_24,18.201597109723924,24.0
A,THR,44,A_THR_44,2.712290538931075,85.0
A,THR,117,A_THR_117,17.150672364772447,40.0
A,TRP,57,A_TRP_57,31.337749642475856,0.0
A,TYR,38,A_TYR_38,8.68281170437569,88.0
A,TYR,74,A_TYR_74,12.859685723997076,17.0
A,TYR,118,A_TYR_118,25.682059909115758,0.0
A,VAL,70,A_VAL_70,12.681000030828043,35.0
A,VAL,91,A_VAL_91,2.0928496499004656,3.0
A,VAL,107,A_VAL_107,1.912186546566669,0.0
A,VAL,122,A_VAL_122,15.876455603768536,0.0
A,VAL,128,A_VAL_128,16.4726771847548,98.0
