chain,resname,resnum,res_key,density,ACC
A,ALA,160,A_ALA_160,11.97275472834595,2.0
A,ALA,398,A_ALA_398,2.0033633006160407,20.0
A,ALA,407,A_ALA_407,11.601519325009347,3.0
A,ARG,145,A_ARG_145,4.767320994464729,82.0
A,ARG,148,A_ARG_148,21.01524199207177,99.0
A,ARG,405,A_ARG_405,2.7910766831300147,104.0
A,ARG,409,A_ARG_409,7.548545533687336,179.0
A,ASN,134,A_ASN_134,18.52507789869744,4.0
A,ASP,403,A_ASP_403,3.4828382746509656,65.0
A,CYS,139,A_CYS_139,18.53377014625108,68.0
A,GLU,133,A_GLU_133,12.22762192530326,52.0
A,GLY,157,A_GLY_157,10.184224161643575,11.0
A,HIS,143,A_HIS_143,23.861854254611966,133.0
A,HIS,406,A_HIS_406,5.830733545874015,139.0
A,ILE,141,A_ILE_141,18.628966541134798,13.0
A,ILE,156,A_ILE_156,9.639408700217588,26.0
A,LEU,132,A_LEU_132,14.2922020046898,103.0
A,LEU,135,A_LEU_135,18.423563424087316,81.0
A,LEU,136,A_LEU_136,18.88688282461249,74.0
A,LEU,138,A_LEU_138,18.568008244637035,38.0
A,LEU,142,A_LEU_142,18.079861735831244,105.0
A,LEU,147,A_LEU_147,14.7706668699496,0.0
A,LEU,164,A_LEU_164,7.579517165017256,30.0
A,LEU,404,A_LEU_404,18.80195064329773,11.0
A,MET,411,A_MET_411,21.63187696421706,40.0
A,PHE,408,A_PHE_408,25.27839116690484,76.0
A,PHE,412,A_PHE_412,19.49853373522561,128.0
A,PRO,394,A_PRO_394,3.610543489155793,8.0
A,SER,144,A_SER_144,16.15949793986892,13.0
A,SER,410,A_SER_410,16.299272324483702,72.0
A,TYR,153,A_TYR_153,13.767196463145227,11.0
A,VAL,131,A_VAL_131,5.744693713167116,31.0
A,VAL,137,A_VAL_137,16.832481748173223,9.0
A,VAL,140,A_VAL_140,16.498654157593364,1.0
A,VAL,161,A_VAL_161,8.43362268150271,51.0
