chain,resname,resnum,res_key,density,ACC
A,ALA,538,A_ALA_538,11.9744845349061,13.0
A,ALA,544,A_ALA_544,12.089194238885456,54.0
A,ALA,552,A_ALA_552,9.25273844422669,16.0
A,ALA,568,A_ALA_568,7.268674637183068,24.0
A,ALA,572,A_ALA_572,6.567866569333786,53.0
A,ARG,464,A_ARG_464,19.142538625110813,81.0
A,CYS,543,A_CYS_543,17.755031714672448,32.0
A,CYS,545,A_CYS_545,18.023916542300583,10.0
A,GLU,463,A_GLU_463,21.01726194924112,14.0
A,HIS,466,A_HIS_466,19.65974711749997,55.0
A,ILE,460,A_ILE_460,15.351459618284627,10.0
A,ILE,468,A_ILE_468,19.51141935548897,41.0
A,ILE,541,A_ILE_541,18.8375257768456,68.0
A,ILE,542,A_ILE_542,18.949628952522623,7.0
A,ILE,547,A_ILE_547,18.806113391492676,95.0
A,ILE,549,A_ILE_549,19.030128581296527,2.0
A,ILE,575,A_ILE_575,11.865489068205887,32.0
A,LEU,457,A_LEU_457,15.94541314021633,3.0
A,LEU,462,A_LEU_462,18.817316685831923,66.0
A,LEU,574,A_LEU_574,2.042147447820147,6.0
A,LYS,548,A_LYS_548,21.828650154942444,128.0
A,MET,571,A_MET_571,18.94120003378776,23.0
A,PHE,539,A_PHE_539,25.541990583341285,56.0
A,PHE,540,A_PHE_540,17.010850101208025,134.0
A,PHE,551,A_PHE_551,23.41437393264515,132.0
A,THR,458,A_THR_458,17.471956931524282,16.0
A,THR,461,A_THR_461,18.41952856649089,1.0
A,THR,467,A_THR_467,9.23350624053098,49.0
A,THR,469,A_THR_469,15.044530980503778,54.0
A,TRP,465,A_TRP_465,32.73476824478005,73.0
A,TYR,470,A_TYR_470,11.57182158128441,95.0
A,TYR,546,A_TYR_546,28.760326038807456,22.0
A,TYR,550,A_TYR_550,20.25964968084992,107.0
A,TYR,623,A_TYR_623,3.033551754548881,33.0
A,VAL,459,A_VAL_459,12.490290770791578,13.0
A,VAL,537,A_VAL_537,6.02857440074518,71.0
A,VAL,553,A_VAL_553,6.848892053922087,18.0
