chain,resname,resnum,res_key,density,ACC
A,ALA,955,A_ALA_955,9.52590584217929,0.0
A,ARG,963,A_ARG_963,24.995962167796385,112.0
A,ARG,988,A_ARG_988,26.778381821182684,27.0
A,ASN,915,A_ASN_915,19.77619184777319,20.0
A,ASN,973,A_ASN_973,18.12701978792364,0.0
A,ASP,952,A_ASP_952,6.519548734059208,0.0
A,ASP,982,A_ASP_982,20.226248625034437,0.0
A,ASP,984,A_ASP_984,21.31774574043824,48.0
A,ASP,987,A_ASP_987,21.73623375346777,57.0
A,CYS,958,A_CYS_958,18.314405111291336,0.0
A,CYS,986,A_CYS_986,16.935579261770105,6.0
A,GLN,418,A_GLN_418,2.3337210080320245,0.0
A,GLN,902,A_GLN_902,2.418779372237635,18.0
A,GLN,913,A_GLN_913,5.327242984291479,129.0
A,GLN,960,A_GLN_960,22.20243074844621,69.0
A,GLN,961,A_GLN_961,7.652868648883092,23.0
A,GLU,1006,A_GLU_1006,8.74655077898264,4.0
A,GLY,939,A_GLY_939,4.736483564001875,0.0
A,GLY,957,A_GLY_957,10.62495418357826,8.0
A,HIS,934,A_HIS_934,20.784978605942257,4.0
A,ILE,959,A_ILE_959,17.962057419759706,3.0
A,ILE,970,A_ILE_970,17.6360352244283,0.0
A,LEU,917,A_LEU_917,19.010460571235235,1.0
A,LEU,928,A_LEU_928,1.7158527944975135,35.0
A,LEU,936,A_LEU_936,16.17947690997692,0.0
A,LEU,938,A_LEU_938,7.378745359973635,0.0
A,LEU,962,A_LEU_962,17.947352986405203,0.0
A,LEU,989,A_LEU_989,19.0991001212182,0.0
A,LYS,421,A_LYS_421,6.4603704906112025,31.0
A,LYS,696,A_LYS_696,6.73811648429802,2.0
A,LYS,964,A_LYS_964,2.7748103578449737,153.0
A,LYS,968,A_LYS_968,19.926481066008957,99.0
A,MET,971,A_MET_971,20.45728883044473,1.0
A,MET,985,A_MET_985,21.36635110608376,15.0
A,PHE,991,A_PHE_991,19.187771663509416,0.0
A,PRO,933,A_PRO_933,3.418207937549041,79.0
A,SER,980,A_SER_980,15.793762222390002,2.0
A,THR,914,A_THR_914,15.630324071815217,4.0
A,THR,969,A_THR_969,17.96777398194246,0.0
A,THR,978,A_THR_978,9.101006699671103,0.0
A,THR,981,A_THR_981,17.80225525125363,0.0
A,TYR,916,A_TYR_916,27.75042196620101,3.0
A,TYR,967,A_TYR_967,12.027883160149615,65.0
A,TYR,983,A_TYR_983,30.035254021202405,33.0
A,TYR,990,A_TYR_990,27.702599768065404,0.0
A,VAL,722,A_VAL_722,3.431944362988016,8.0
A,VAL,935,A_VAL_935,16.248751039879924,0.0
A,VAL,937,A_VAL_937,15.676009221272752,0.0
A,VAL,956,A_VAL_956,16.92584474915256,3.0
A,VAL,972,A_VAL_972,16.200684966528804,0.0
A,VAL,979,A_VAL_979,14.388047337695433,1.0
