chain,resname,resnum,res_key,density,ACC
A,ARG,1453,A_ARG_1453,3.371883496621218,225.0
A,ASN,1454,A_ASN_1454,12.523417230737188,168.0
A,CYS,1458,A_CYS_1458,17.155459413228996,128.0
A,LYS,1457,A_LYS_1457,20.34887864715094,200.0
A,LYS,1459,A_LYS_1459,20.636059985865582,208.0
A,LYS,1461,A_LYS_1461,17.686919692015763,198.0
A,SER,1455,A_SER_1455,15.11742594167327,91.0
A,SER,1456,A_SER_1456,15.51950241549325,105.0
A,SER,1460,A_SER_1460,15.208093805641496,120.0
