chain,resname,resnum,res_key,density,ACC
A,ALA,444,A_ALA_444,12.73823375027402,0.0
A,ALA,446,A_ALA_446,8.994040021569845,0.0
A,ARG,467,A_ARG_467,4.763049632052263,70.0
A,CYS,482,A_CYS_482,18.22386039194289,47.0
A,CYS,484,A_CYS_484,17.43454666261695,56.0
A,GLN,478,A_GLN_478,12.854408815080388,90.0
A,GLN,480,A_GLN_480,22.575158005962354,93.0
A,GLN,508,A_GLN_508,20.16259631885003,55.0
A,GLY,479,A_GLY_479,10.526637655869337,39.0
A,GLY,506,A_GLY_506,9.77402143032721,54.0
A,HIS,499,A_HIS_499,21.54748146703229,90.0
A,ILE,440,A_ILE_440,11.879962958521457,0.0
A,ILE,477,A_ILE_477,6.628351848768256,11.0
A,ILE,510,A_ILE_510,18.26109669939764,1.0
A,LEU,500,A_LEU_500,19.50568992718198,0.0
A,LEU,507,A_LEU_507,18.55469844881073,36.0
A,LEU,509,A_LEU_509,16.56560059082532,2.0
A,LYS,441,A_LYS_441,14.443014515353806,119.0
A,LYS,485,A_LYS_485,19.75954784331944,127.0
A,LYS,501,A_LYS_501,11.165366088815908,85.0
A,MET,496,A_MET_496,10.52897090592181,27.0
A,MET,502,A_MET_502,8.582087677447134,160.0
A,PHE,483,A_PHE_483,25.61191465865295,24.0
A,PRO,481,A_PRO_481,15.62391714844236,23.0
A,THR,463,A_THR_463,7.404592649443412,4.0
A,THR,503,A_THR_503,18.1555417925993,74.0
A,TRP,443,A_TRP_443,30.700556503855964,1.0
A,TYR,504,A_TYR_504,28.57839111444383,59.0
A,VAL,442,A_VAL_442,16.3621700383641,38.0
A,VAL,445,A_VAL_445,16.02654208177379,0.0
A,VAL,505,A_VAL_505,15.166058053818086,136.0
A,VAL,511,A_VAL_511,14.255046225031707,1.0
