chain,resname,resnum,res_key,density,ACC
A,ALA,9,A_ALA_9,12.06151903969864,105.0
A,ARG,7,A_ARG_7,5.478940305123327,241.0
A,CYS,11,A_CYS_11,18.145980721039205,101.0
A,GLY,250,A_GLY_250,3.211172878462333,46.0
A,HIS,13,A_HIS_13,22.82156269325975,138.0
A,LEU,10,A_LEU_10,18.17182061846616,149.0
A,LEU,15,A_LEU_15,18.66690430373491,121.0
A,LYS,251,A_LYS_251,10.04125318288578,204.0
A,PHE,14,A_PHE_14,24.48398491316352,164.0
A,PRO,8,A_PRO_8,16.062359127601276,113.0
A,SER,17,A_SER_17,4.339580978217098,75.0
A,THR,16,A_THR_16,14.690970108742576,74.0
A,TYR,12,A_TYR_12,26.845022938791764,210.0
