chain,resname,resnum,res_key,density,ACC
A,ALA,66,A_ALA_66,5.778285684783862,31.0
A,ARG,70,A_ARG_70,18.44775065986861,87.0
A,ARG,110,A_ARG_110,24.59988505901136,177.0
A,ARG,112,A_ARG_112,15.116515786129328,58.0
A,ARG,113,A_ARG_113,12.507238090090752,165.0
A,ASN,45,A_ASN_45,21.585044797389624,52.0
A,ASN,69,A_ASN_69,18.89204041658522,68.0
A,ASN,72,A_ASN_72,20.93563195868336,17.0
A,ASN,78,A_ASN_78,20.459439841681625,44.0
A,ASN,82,A_ASN_82,12.663126071941338,4.0
A,CYS,74,A_CYS_74,18.62935674214893,17.0
A,GLU,116,A_GLU_116,14.91194366092203,87.0
A,GLU,122,A_GLU_122,7.519953443204256,0.0
A,ILE,68,A_ILE_68,16.468898719011555,0.0
A,ILE,115,A_ILE_115,18.129150414008453,0.0
A,ILE,151,A_ILE_151,3.828661058073536,0.0
A,LEU,43,A_LEU_43,15.194872073214144,2.0
A,LEU,75,A_LEU_75,17.96409692714609,0.0
A,LEU,79,A_LEU_79,18.730607768472197,9.0
A,LEU,107,A_LEU_107,6.364819941681182,33.0
A,LEU,118,A_LEU_118,19.034553627469077,36.0
A,LEU,119,A_LEU_119,12.4583235780412,3.0
A,LEU,136,A_LEU_136,7.557411375344973,23.0
A,LYS,46,A_LYS_46,16.489410658044175,94.0
A,LYS,76,A_LYS_76,21.57761436964233,172.0
A,LYS,77,A_LYS_77,20.85201151116061,162.0
A,LYS,109,A_LYS_109,6.228616942058139,82.0
A,LYS,117,A_LYS_117,16.558286251282926,159.0
A,PHE,47,A_PHE_47,24.151958162874365,0.0
A,PRO,80,A_PRO_80,13.36390400976403,80.0
A,SER,44,A_SER_44,10.37395340674572,7.0
A,SER,67,A_SER_67,8.476112548725155,0.0
A,SER,73,A_SER_73,16.075948789226064,62.0
A,SER,108,A_SER_108,8.957833534234595,5.0
A,SER,114,A_SER_114,15.973143052838832,53.0
A,THR,111,A_THR_111,18.04428512733508,0.0
A,VAL,71,A_VAL_71,17.007057943093443,1.0
A,VAL,81,A_VAL_81,10.68081813758641,67.0
