chain,resname,resnum,res_key,density,ACC
A,ALA,1295,A_ALA_1295,12.036291510410388,0.0
A,ARG,1260,A_ARG_1260,6.883199344768469,52.0
A,ARG,1325,A_ARG_1325,4.480233047804948,25.0
A,ASP,1247,A_ASP_1247,12.451401894356556,35.0
A,ASP,1268,A_ASP_1268,20.72682558691036,145.0
A,ASP,1274,A_ASP_1274,12.86645034577264,66.0
A,ASP,1317,A_ASP_1317,15.480649139283326,49.0
A,CYS,1270,A_CYS_1270,17.881249780873823,14.0
A,CYS,1282,A_CYS_1282,17.038338006025334,0.0
A,GLN,1283,A_GLN_1283,19.450071807185463,4.0
A,GLU,1284,A_GLU_1284,23.09735649156191,30.0
A,GLY,1263,A_GLY_1263,3.189044334155997,15.0
A,GLY,1290,A_GLY_1290,2.925075014342287,43.0
A,GLY,1296,A_GLY_1296,9.863454300716167,0.0
A,GLY,1316,A_GLY_1316,4.6144264328590205,3.0
A,HIS,1292,A_HIS_1292,22.92082302040874,71.0
A,LEU,1265,A_LEU_1265,18.12032158967624,6.0
A,LEU,1297,A_LEU_1297,12.903810881045883,45.0
A,LEU,1298,A_LEU_1298,2.3522497139737646,66.0
A,LYS,1264,A_LYS_1264,20.371855988661988,124.0
A,LYS,1275,A_LYS_1275,16.24281654910819,201.0
A,LYS,1277,A_LYS_1277,20.134108996971296,70.0
A,LYS,1285,A_LYS_1285,7.671899362966432,44.0
A,LYS,1293,A_LYS_1293,20.29653834069738,68.0
A,PHE,1259,A_PHE_1259,12.961491910353567,0.0
A,PHE,1291,A_PHE_1291,19.205913355894356,69.0
A,PRO,1271,A_PRO_1271,15.49818182980514,96.0
A,SER,1266,A_SER_1266,15.350363039469466,57.0
A,SER,1267,A_SER_1267,15.38802828752374,88.0
A,SER,1273,A_SER_1273,15.057993933730405,134.0
A,SER,1280,A_SER_1280,15.706195621115931,0.0
A,SER,1281,A_SER_1281,16.074749617553515,0.0
A,THR,1248,A_THR_1248,3.042113654114879,23.0
A,THR,1256,A_THR_1256,14.172516226629863,3.0
A,THR,1272,A_THR_1272,17.352519034658556,50.0
A,THR,1327,A_THR_1327,2.6354384317965023,0.0
A,TYR,1257,A_TYR_1257,13.67139973889708,3.0
A,TYR,1258,A_TYR_1258,27.176607456849336,34.0
A,VAL,1269,A_VAL_1269,15.560712475080932,29.0
A,VAL,1278,A_VAL_1278,14.04900890368475,61.0
A,VAL,1279,A_VAL_1279,16.387827385209945,10.0
A,VAL,1294,A_VAL_1294,15.101036665122104,4.0
