chain,resname,resnum,res_key,density,ACC
A,ASN,547,A_ASN_547,18.60850831783432,5.0
A,ASP,568,A_ASP_568,13.861798703312672,66.0
A,ASP,570,A_ASP_570,21.954289079942107,59.0
A,ASP,571,A_ASP_571,20.58573309418045,89.0
A,CYS,572,A_CYS_572,16.664348348555503,27.0
A,CYS,605,A_CYS_605,18.17072626136386,30.0
A,GLU,508,A_GLU_508,2.912314041225716,108.0
A,GLU,602,A_GLU_602,12.655216095071228,118.0
A,GLY,549,A_GLY_549,4.391027243163435,0.0
A,GLY,569,A_GLY_569,10.584413878523756,2.0
A,GLY,573,A_GLY_573,10.510366637852808,30.0
A,GLY,575,A_GLY_575,9.920835271244094,65.0
A,GLY,601,A_GLY_601,10.841261912225068,20.0
A,GLY,603,A_GLY_603,9.637853233969524,70.0
A,GLY,604,A_GLY_604,10.790151574573018,16.0
A,HIS,574,A_HIS_574,23.453963985506384,205.0
A,ILE,578,A_ILE_578,18.96531560187641,0.0
A,LEU,548,A_LEU_548,17.05579501477775,0.0
A,LYS,512,A_LYS_512,2.55114136486629,35.0
A,LYS,546,A_LYS_546,16.787872812470575,82.0
A,LYS,576,A_LYS_576,20.112110889338457,136.0
A,LYS,577,A_LYS_577,20.93211107076302,88.0
A,LYS,579,A_LYS_579,13.386974321897748,84.0
A,PHE,606,A_PHE_606,18.79480942050292,66.0
A,SER,567,A_SER_567,2.4009114954978736,40.0
A,SER,600,A_SER_600,4.227922086929357,37.0
A,THR,580,A_THR_580,6.0075486460005285,0.0
A,TYR,607,A_TYR_607,23.048072543557915,14.0
