chain,resname,resnum,res_key,density,ACC
A,ALA,70,A_ALA_70,12.627815859969882,42.0
A,ALA,95,A_ALA_95,12.138681374052148,60.0
A,ARG,68,A_ARG_68,25.619901503426068,68.0
A,ARG,71,A_ARG_71,10.45521083508006,138.0
A,ARG,102,A_ARG_102,2.581405722400716,144.0
A,ARG,121,A_ARG_121,10.35371965937239,100.0
A,ASP,55,A_ASP_55,15.52672784247627,77.0
A,ASP,72,A_ASP_72,1.9310109306883552,85.0
A,ASP,81,A_ASP_81,21.34619367765873,132.0
A,ASP,93,A_ASP_93,13.072480387236578,75.0
A,CYS,59,A_CYS_59,17.685120896632583,15.0
A,CYS,63,A_CYS_63,17.618078884870553,0.0
A,CYS,73,A_CYS_73,11.633940663053604,14.0
A,CYS,82,A_CYS_82,17.343906625652764,41.0
A,CYS,85,A_CYS_85,11.232376240717834,3.0
A,CYS,101,A_CYS_101,14.637893443831992,15.0
A,GLU,67,A_GLU_67,21.923312929753557,66.0
A,GLU,79,A_GLU_79,20.189507553423088,59.0
A,GLY,56,A_GLY_56,10.147974295605648,15.0
A,GLY,66,A_GLY_66,10.505748776752084,4.0
A,HIS,60,A_HIS_60,12.167792621806122,159.0
A,HIS,96,A_HIS_96,23.29032204518939,36.0
A,LYS,61,A_LYS_61,20.097091750108746,144.0
A,LYS,69,A_LYS_69,20.74970201166397,5.0
A,LYS,94,A_LYS_94,15.89144109154076,150.0
A,LYS,100,A_LYS_100,11.981764586681871,140.0
A,PHE,97,A_PHE_97,25.240127146404696,83.0
A,PRO,62,A_PRO_62,16.260209759988346,64.0
A,PRO,64,A_PRO_64,16.842136192599114,60.0
A,PRO,65,A_PRO_65,16.01703044194721,57.0
A,PRO,80,A_PRO_80,15.8061971311893,5.0
A,PRO,84,A_PRO_84,16.113112696666455,85.0
A,SER,98,A_SER_98,15.808087342446504,23.0
A,SER,99,A_SER_99,15.424649451811185,14.0
A,THR,92,A_THR_92,17.395794464957234,5.0
A,THR,122,A_THR_122,8.40825877362742,75.0
A,TYR,91,A_TYR_91,8.302005364607192,17.0
A,VAL,83,A_VAL_83,16.00597334459954,44.0
