chain,resname,resnum,res_key,density,ACC
A,ALA,167,A_ALA_167,9.605540580176225,17.0
A,ALA,200,A_ALA_200,6.06587467683153,14.0
A,ALA,201,A_ALA_201,11.213825287606328,5.0
A,ALA,204,A_ALA_204,12.193292659357724,0.0
A,ARG,153,A_ARG_153,13.901805137559675,108.0
A,ARG,202,A_ARG_202,14.528110198431806,146.0
A,ARG,207,A_ARG_207,27.628666560014278,158.0
A,ARG,220,A_ARG_220,5.644530324591393,44.0
A,ASN,154,A_ASN_154,18.01978631434436,48.0
A,ASP,206,A_ASP_206,21.852373076087414,76.0
A,CYS,208,A_CYS_208,17.477022898984814,14.0
A,GLU,210,A_GLU_210,23.392516446577854,160.0
A,GLU,225,A_GLU_225,22.521631712462327,61.0
A,GLY,211,A_GLY_211,10.232955421764348,38.0
A,LEU,150,A_LEU_150,11.77336802857424,4.0
A,LEU,155,A_LEU_155,1.848662605424992,9.0
A,LEU,164,A_LEU_164,1.878937965889342,0.0
A,LEU,205,A_LEU_205,18.465060942069897,38.0
A,LEU,214,A_LEU_214,17.33403742282452,82.0
A,LEU,215,A_LEU_215,12.297574282419715,22.0
A,LYS,203,A_LYS_203,20.578851509663277,106.0
A,PHE,168,A_PHE_168,25.532305458549445,0.0
A,PHE,171,A_PHE_171,24.64695850957008,19.0
A,PHE,195,A_PHE_195,8.5650697259456,0.0
A,PHE,213,A_PHE_213,25.14250047412865,47.0
A,PRO,199,A_PRO_199,3.3806575237246808,104.0
A,PRO,221,A_PRO_221,16.155523682388555,51.0
A,PRO,226,A_PRO_226,8.447007649595232,91.0
A,SER,209,A_SER_209,15.855570212755994,95.0
A,SER,212,A_SER_212,15.683276847904184,93.0
A,THR,151,A_THR_151,10.629044591748348,17.0
A,THR,223,A_THR_223,16.932454664849423,65.0
A,VAL,152,A_VAL_152,16.05955770924178,0.0
A,VAL,170,A_VAL_170,14.143942300409234,101.0
A,VAL,193,A_VAL_193,5.9686354864481554,0.0
A,VAL,222,A_VAL_222,16.597823859931044,4.0
A,VAL,224,A_VAL_224,15.476043447932152,19.0
