chain,resname,resnum,res_key,density,ACC
A,ALA,3,A_ALA_3,12.942248692986333,15.0
A,ALA,5,A_ALA_5,6.272715534819698,27.0
A,ALA,125,A_ALA_125,3.574824257801521,6.0
A,ALA,749,A_ALA_749,11.864709227266465,27.0
A,ALA,761,A_ALA_761,12.068661314615364,12.0
A,ALA,763,A_ALA_763,11.728292410192775,0.0
A,ALA,765,A_ALA_765,12.309134921507749,27.0
A,ALA,768,A_ALA_768,9.98170435313175,81.0
A,ALA,772,A_ALA_772,8.592281392340986,0.0
A,ARG,662,A_ARG_662,13.731805679147293,18.0
A,ARG,691,A_ARG_691,25.57346032645117,66.0
A,ASN,766,A_ASN_766,20.269064545048305,77.0
A,ASP,690,A_ASP_690,11.072152290967988,11.0
A,CYS,764,A_CYS_764,17.673154799159423,15.0
A,GLN,757,A_GLN_757,22.211529562187295,53.0
A,GLN,767,A_GLN_767,22.381215515879425,110.0
A,GLU,603,A_GLU_603,11.62864367467052,14.0
A,GLU,718,A_GLU_718,23.27980796467063,2.0
A,GLU,723,A_GLU_723,2.3534437571156697,28.0
A,GLU,724,A_GLU_724,9.389589407925648,3.0
A,GLU,755,A_GLU_755,23.597167119746956,102.0
A,GLU,770,A_GLU_770,23.66065212143807,23.0
A,GLY,689,A_GLY_689,7.888939077747368,3.0
A,GLY,717,A_GLY_717,2.5073568412247105,2.0
A,GLY,720,A_GLY_720,9.888223422742112,2.0
A,GLY,721,A_GLY_721,10.27957303383797,30.0
A,GLY,746,A_GLY_746,11.053231237908872,0.0
A,GLY,759,A_GLY_759,10.076621862868064,4.0
A,GLY,762,A_GLY_762,10.223304168859633,7.0
A,HIS,760,A_HIS_760,21.02368259692424,16.0
A,ILE,719,A_ILE_719,18.853847110265463,7.0
A,ILE,745,A_ILE_745,7.3991652338396605,3.0
A,LYS,4,A_LYS_4,17.91667713014833,72.0
A,LYS,64,A_LYS_64,2.30457408295642,143.0
A,LYS,220,A_LYS_220,11.983388180687044,40.0
A,LYS,775,A_LYS_775,8.694635759347324,1.0
A,MET,1,A_MET_1,5.792408617435774,54.0
A,PHE,752,A_PHE_752,3.972355665420297,24.0
A,PHE,758,A_PHE_758,24.17825995561317,5.0
A,PRO,241,A_PRO_241,3.652370428637109,34.0
A,SER,2,A_SER_2,15.458066688997398,4.0
A,SER,754,A_SER_754,5.742436179471284,14.0
A,SER,769,A_SER_769,15.649304818634176,38.0
A,THR,198,A_THR_198,10.112529129356,8.0
A,THR,722,A_THR_722,14.263553802716606,72.0
A,THR,747,A_THR_747,2.853709406416077,11.0
A,THR,750,A_THR_750,4.700701913864518,60.0
A,THR,771,A_THR_771,17.78580450758315,29.0
A,TYR,199,A_TYR_199,1.8377816096517576,49.0
A,TYR,304,A_TYR_304,9.279351854528626,1.0
A,TYR,692,A_TYR_692,14.200408936781969,18.0
A,VAL,221,A_VAL_221,3.1359116311911883,0.0
A,VAL,286,A_VAL_286,5.67742939548694,0.0
A,VAL,756,A_VAL_756,15.657808907919453,11.0
