chain,resname,resnum,res_key,density,ACC
A,ALA,370,A_ALA_370,11.997577400840507,6.0
A,ALA,374,A_ALA_374,12.92302621415302,96.0
A,ARG,186,A_ARG_186,2.355535377155176,127.0
A,ARG,190,A_ARG_190,26.46467998033753,115.0
A,ASP,191,A_ASP_191,6.038795638294528,134.0
A,CYS,372,A_CYS_372,17.792833000940174,38.0
A,CYS,375,A_CYS_375,17.92830854866068,54.0
A,GLN,369,A_GLN_369,22.513742580394247,69.0
A,GLU,188,A_GLU_188,2.886090644522817,26.0
A,HIS,366,A_HIS_366,14.681891419214672,44.0
A,ILE,367,A_ILE_367,18.822617002626,24.0
A,LEU,371,A_LEU_371,18.65662067585485,111.0
A,PHE,363,A_PHE_363,2.997587885190258,12.0
A,PRO,373,A_PRO_373,16.536166592993823,88.0
A,PRO,378,A_PRO_378,2.7155741808017684,75.0
A,SER,376,A_SER_376,16.183390986554148,116.0
A,THR,368,A_THR_368,17.96622863840612,51.0
A,VAL,193,A_VAL_193,8.82042200656473,11.0
A,VAL,194,A_VAL_194,10.963692153714817,36.0
A,VAL,364,A_VAL_364,9.299193045565492,66.0
A,VAL,365,A_VAL_365,16.72783001501664,15.0
A,VAL,377,A_VAL_377,16.087335973213012,24.0
