chain,resname,resnum,res_key,density,ACC
A,ALA,145,A_ALA_145,3.333356427948603,54.0
A,ALA,198,A_ALA_198,12.375022052978764,36.0
A,ARG,165,A_ARG_165,13.387031237068278,143.0
A,ARG,195,A_ARG_195,3.353277579850475,173.0
A,ASN,159,A_ASN_159,19.75532505130143,87.0
A,ASN,160,A_ASN_160,21.708613505915206,64.0
A,ASN,200,A_ASN_200,14.979371253910688,41.0
A,ASP,147,A_ASP_147,19.48988052094157,43.0
A,ASP,163,A_ASP_163,20.982819458453072,12.0
A,ASP,182,A_ASP_182,12.491689691500904,20.0
A,ASP,196,A_ASP_196,15.142613562218736,66.0
A,CYS,155,A_CYS_155,17.37926089184312,0.0
A,CYS,156,A_CYS_156,17.953082255665834,0.0
A,CYS,184,A_CYS_184,18.173997409073827,0.0
A,CYS,185,A_CYS_185,17.23689065750589,0.0
A,CYS,192,A_CYS_192,5.87063613896417,16.0
A,CYS,208,A_CYS_208,18.125671570107155,0.0
A,GLN,148,A_GLN_148,10.73123653253295,104.0
A,GLN,150,A_GLN_150,22.99665428262446,0.0
A,GLN,151,A_GLN_151,23.38465398766963,55.0
A,GLN,162,A_GLN_162,22.939858044740213,116.0
A,GLU,152,A_GLU_152,10.147373071525744,150.0
A,GLU,205,A_GLU_205,24.23621852363452,52.0
A,GLY,157,A_GLY_157,10.49277651617439,1.0
A,GLY,193,A_GLY_193,10.390820228727646,0.0
A,GLY,206,A_GLY_206,10.097397442116506,24.0
A,GLY,207,A_GLY_207,10.232191833999746,1.0
A,HIS,154,A_HIS_154,22.043366675810034,103.0
A,HIS,197,A_HIS_197,10.814201873616751,90.0
A,ILE,201,A_ILE_201,18.87845953100316,0.0
A,ILE,209,A_ILE_209,18.969113671352584,5.0
A,LEU,126,A_LEU_126,12.818769462590886,25.0
A,LEU,149,A_LEU_149,18.12590408054155,25.0
A,LEU,212,A_LEU_212,4.940045901394759,28.0
A,LYS,127,A_LYS_127,20.83991647593656,60.0
A,LYS,186,A_LYS_186,17.403421335298454,76.0
A,LYS,203,A_LYS_203,20.66767310635128,78.0
A,LYS,211,A_LYS_211,18.02319210167348,81.0
A,MET,130,A_MET_130,21.70410552217673,3.0
A,PHE,153,A_PHE_153,18.477637265620015,40.0
A,PRO,181,A_PRO_181,16.46102622822942,0.0
A,SER,158,A_SER_158,16.16741538324467,1.0
A,SER,161,A_SER_161,16.564373654263807,11.0
A,SER,167,A_SER_167,5.245665592148564,0.0
A,SER,183,A_SER_183,14.891774315160175,8.0
A,THR,131,A_THR_131,4.791340889378561,11.0
A,THR,210,A_THR_210,14.589893745066025,75.0
A,TRP,164,A_TRP_164,31.99415705867452,2.0
A,TRP,169,A_TRP_169,6.08990334727163,0.0
A,TYR,134,A_TYR_134,17.082494782198037,4.0
A,TYR,202,A_TYR_202,28.563883055056387,13.0
A,VAL,146,A_VAL_146,17.19239380993479,5.0
A,VAL,179,A_VAL_179,14.726518371717775,43.0
A,VAL,180,A_VAL_180,16.58653624387787,3.0
A,VAL,204,A_VAL_204,16.866669003308406,109.0
