chain,resname,resnum,res_key,density,ACC
A,ASN,107,A_ASN_107,21.16011450250541,62.0
A,ASN,110,A_ASN_110,5.163870914345536,77.0
A,ASN,132,A_ASN_132,20.708983051801265,48.0
A,ASN,158,A_ASN_158,21.842542717678903,0.0
A,ASN,184,A_ASN_184,21.316094073172543,3.0
A,ASN,207,A_ASN_207,3.423234463543549,0.0
A,ASP,157,A_ASP_157,20.497461914961967,73.0
A,CYS,131,A_CYS_131,17.34859095575434,8.0
A,CYS,156,A_CYS_156,18.033805868256746,7.0
A,GLN,82,A_GLN_82,16.715793803590877,68.0
A,GLN,106,A_GLN_106,22.9524263643671,55.0
A,GLU,79,A_GLU_79,14.114037134100707,54.0
A,GLU,154,A_GLU_154,23.11099187105904,15.0
A,GLU,206,A_GLU_206,3.2220250826937047,101.0
A,GLY,134,A_GLY_134,10.087498722218756,8.0
A,GLY,183,A_GLY_183,10.637214426630344,9.0
A,GLY,185,A_GLY_185,2.618397036274458,6.0
A,HIS,160,A_HIS_160,2.617751647687628,91.0
A,ILE,78,A_ILE_78,2.9481476071019515,0.0
A,ILE,80,A_ILE_80,18.10234361978648,0.0
A,ILE,83,A_ILE_83,5.922509355203443,0.0
A,ILE,89,A_ILE_89,1.8246786297097772,0.0
A,ILE,103,A_ILE_103,14.844379797010047,0.0
A,ILE,105,A_ILE_105,18.056694381531685,0.0
A,ILE,114,A_ILE_114,5.578495548727798,23.0
A,ILE,130,A_ILE_130,18.320697197066924,0.0
A,ILE,135,A_ILE_135,18.364546549816648,2.0
A,ILE,152,A_ILE_152,4.964413427047552,50.0
A,ILE,155,A_ILE_155,18.06870596378498,0.0
A,ILE,161,A_ILE_161,12.032018345178995,1.0
A,LEU,86,A_LEU_86,1.6732527193233473,0.0
A,LEU,104,A_LEU_104,18.577201960712216,11.0
A,LEU,111,A_LEU_111,18.32569380825964,0.0
A,LEU,128,A_LEU_128,17.803964381511967,0.0
A,LEU,153,A_LEU_153,17.697521524966362,0.0
A,LEU,159,A_LEU_159,15.023208689344733,126.0
A,LEU,181,A_LEU_181,16.24470816822027,0.0
A,LYS,109,A_LYS_109,20.00817293036775,128.0
A,LYS,137,A_LYS_137,3.1556897711714287,174.0
A,LYS,180,A_LYS_180,15.075444579090464,58.0
A,PHE,119,A_PHE_119,5.942023340730329,0.0
A,PHE,138,A_PHE_138,2.2050871628266164,26.0
A,PHE,186,A_PHE_186,6.208901225057812,0.0
A,PRO,139,A_PRO_139,10.433905116915025,2.0
A,SER,81,A_SER_81,16.30933462631317,10.0
A,SER,129,A_SER_129,15.132663615751504,0.0
A,THR,108,A_THR_108,18.78058159114039,0.0
A,THR,133,A_THR_133,16.891791908262558,8.0
A,TYR,127,A_TYR_127,22.37160578494061,59.0
A,TYR,182,A_TYR_182,28.58733532470864,47.0
