chain,resname,resnum,res_key,density,ACC
A,ARG,236,A_ARG_236,9.744920215754744,86.0
A,ARG,238,A_ARG_238,5.15411593202178,114.0
A,ASN,228,A_ASN_228,20.26005179176345,58.0
A,ASP,209,A_ASP_209,18.735276051248377,42.0
A,ASP,211,A_ASP_211,21.12594454820337,57.0
A,ASP,221,A_ASP_221,5.80754486759049,61.0
A,CYS,213,A_CYS_213,17.78722358114106,33.0
A,CYS,220,A_CYS_220,17.85510626868719,18.0
A,CYS,226,A_CYS_226,17.131672240122544,22.0
A,CYS,235,A_CYS_235,17.659596156965712,0.0
A,GLN,217,A_GLN_217,22.59125440596273,137.0
A,GLN,219,A_GLN_219,14.912936807085195,165.0
A,GLU,212,A_GLU_212,23.978582973272307,13.0
A,GLY,191,A_GLY_191,7.980843043013582,20.0
A,GLY,216,A_GLY_216,10.410545034543423,52.0
A,GLY,231,A_GLY_231,10.4311107880188,15.0
A,HIS,218,A_HIS_218,23.834000937670115,68.0
A,LYS,252,A_LYS_252,11.82452463194458,86.0
A,PHE,227,A_PHE_227,24.956494338697983,98.0
A,SER,214,A_SER_214,15.032446299365532,99.0
A,SER,215,A_SER_215,15.863257591333811,59.0
A,SER,232,A_SER_232,15.599414029437378,36.0
A,SER,234,A_SER_234,15.338896139318418,23.0
A,THR,224,A_THR_224,12.66089600510163,5.0
A,THR,229,A_THR_229,17.920841635867014,62.0
A,TYR,233,A_TYR_233,27.80429615626253,20.0
A,VAL,210,A_VAL_210,15.706721990613667,18.0
A,VAL,225,A_VAL_225,15.948120597840278,51.0
A,VAL,230,A_VAL_230,4.566508678771172,124.0
