chain,resname,resnum,res_key,density,ACC
A,ALA,623,A_ALA_623,3.960181321611475,0.0
A,CYS,541,A_CYS_541,17.81474978054406,4.0
A,CYS,601,A_CYS_601,17.006577910781445,43.0
A,GLN,510,A_GLN_510,5.253451845945545,119.0
A,GLN,537,A_GLN_537,5.6940629617690295,116.0
A,GLN,589,A_GLN_589,22.651380281074587,62.0
A,GLN,598,A_GLN_598,22.70360062113625,57.0
A,GLU,543,A_GLU_543,20.547896486289986,53.0
A,GLU,590,A_GLU_590,10.78875231707167,112.0
A,GLU,603,A_GLU_603,23.356405152237908,113.0
A,GLU,604,A_GLU_604,15.2940016754314,9.0
A,GLY,559,A_GLY_559,10.567362327772525,0.0
A,ILE,509,A_ILE_509,2.010545811338424,0.0
A,ILE,513,A_ILE_513,17.801027868877934,20.0
A,ILE,557,A_ILE_557,17.937013682106898,0.0
A,LEU,561,A_LEU_561,13.12674006496622,0.0
A,LEU,591,A_LEU_591,17.891899002027188,13.0
A,LEU,593,A_LEU_593,15.200162138972637,0.0
A,LYS,511,A_LYS_511,13.953529704934729,29.0
A,LYS,539,A_LYS_539,19.56264444845302,77.0
A,LYS,594,A_LYS_594,2.521079919093933,142.0
A,LYS,597,A_LYS_597,5.664759901671591,153.0
A,LYS,599,A_LYS_599,19.57852070429478,116.0
A,MET,602,A_MET_602,20.624767952691062,2.0
A,PHE,542,A_PHE_542,24.585244649134857,0.0
A,SER,540,A_SER_540,15.35519970723331,0.0
A,SER,624,A_SER_624,3.0524215986171663,29.0
A,THR,512,A_THR_512,17.645254150070016,45.0
A,THR,514,A_THR_514,17.591127831556605,74.0
A,THR,560,A_THR_560,10.047091335296845,20.0
A,THR,588,A_THR_588,2.3849661552686463,66.0
A,THR,592,A_THR_592,15.54296379121692,59.0
A,TYR,544,A_TYR_544,2.7751193216225274,0.0
A,TYR,587,A_TYR_587,14.288493886564185,35.0
A,VAL,538,A_VAL_538,14.645466381605717,1.0
A,VAL,558,A_VAL_558,7.690509748028365,29.0
A,VAL,600,A_VAL_600,15.523173187867805,31.0
A,VAL,625,A_VAL_625,3.573799097690665,8.0
