chain,resname,resnum,res_key,density,ACC
A,ALA,698,A_ALA_698,8.24890866591148,0.0
A,ARG,755,A_ARG_755,26.459084857208254,53.0
A,ARG,813,A_ARG_813,27.13329068801722,81.0
A,ASN,753,A_ASN_753,5.639004036717912,53.0
A,ASP,760,A_ASP_760,18.648590894500497,99.0
A,CYS,716,A_CYS_716,7.284085423005329,6.0
A,CYS,792,A_CYS_792,17.547267573982005,8.0
A,CYS,808,A_CYS_808,18.48017278873261,5.0
A,CYS,811,A_CYS_811,17.0207604673342,21.0
A,GLN,775,A_GLN_775,19.51853008963492,14.0
A,GLN,814,A_GLN_814,12.129379500236784,2.0
A,GLN,820,A_GLN_820,22.350093801784062,56.0
A,GLN,823,A_GLN_823,19.693363191147167,142.0
A,GLU,740,A_GLU_740,8.638217326814418,46.0
A,GLU,776,A_GLU_776,16.68652341362271,50.0
A,GLU,818,A_GLU_818,12.814768188108845,109.0
A,GLY,817,A_GLY_817,5.981431187493177,44.0
A,GLY,819,A_GLY_819,9.624858165915862,41.0
A,HIS,759,A_HIS_759,23.787815607699496,88.0
A,ILE,777,A_ILE_777,6.632443130186692,6.0
A,ILE,810,A_ILE_810,17.794393381568092,0.0
A,ILE,821,A_ILE_821,17.957843983727717,93.0
A,LEU,697,A_LEU_697,18.21489563835248,0.0
A,LEU,712,A_LEU_712,3.5401857495298783,1.0
A,LEU,745,A_LEU_745,10.25088709783302,1.0
A,LEU,754,A_LEU_754,18.483293970300032,0.0
A,LEU,756,A_LEU_756,17.46202684359393,0.0
A,LEU,758,A_LEU_758,17.111500999281212,27.0
A,LEU,761,A_LEU_761,2.8193428778113017,13.0
A,LEU,770,A_LEU_770,1.974546233431244,48.0
A,LEU,824,A_LEU_824,12.254095738516796,5.0
A,LYS,743,A_LYS_743,17.502762960775456,59.0
A,LYS,773,A_LYS_773,10.033117674624124,185.0
A,LYS,809,A_LYS_809,19.988531758204687,75.0
A,PHE,794,A_PHE_794,15.931544336304883,3.0
A,PHE,822,A_PHE_822,25.18701855963157,0.0
A,PRO,744,A_PRO_744,3.4973859204781825,75.0
A,SER,757,A_SER_757,15.677824748362164,10.0
A,TYR,715,A_TYR_715,7.842241910964821,1.0
A,TYR,774,A_TYR_774,24.868972027042837,84.0
A,VAL,699,A_VAL_699,10.591130624866416,0.0
A,VAL,714,A_VAL_714,16.199359179185677,0.0
A,VAL,812,A_VAL_812,16.731223780760146,0.0
A,VAL,815,A_VAL_815,8.456490921098782,26.0
