chain,resname,resnum,res_key,density,ACC
A,ALA,48,A_ALA_48,8.605165607554827,65.0
A,ALA,65,A_ALA_65,12.247027290962002,15.0
A,ALA,120,A_ALA_120,12.03078748218658,0.0
A,ALA,127,A_ALA_127,11.923781434291977,0.0
A,ARG,77,A_ARG_77,14.246330655612622,56.0
A,ARG,80,A_ARG_80,8.841583474558242,203.0
A,ARG,121,A_ARG_121,16.419732366707397,143.0
A,ARG,131,A_ARG_131,23.21593900968674,96.0
A,ARG,133,A_ARG_133,2.559210838999313,133.0
A,ASN,78,A_ASN_78,2.728651161689137,89.0
A,ASN,122,A_ASN_122,2.7132787511216887,17.0
A,ASN,130,A_ASN_130,20.275593814021136,22.0
A,ASN,373,A_ASN_373,5.927807914639146,53.0
A,ASN,420,A_ASN_420,9.64465748080953,41.0
A,CYS,63,A_CYS_63,17.217293460207316,0.0
A,CYS,118,A_CYS_118,17.40951217484632,0.0
A,GLN,46,A_GLN_46,22.95624489344121,74.0
A,GLN,117,A_GLN_117,23.02694265128957,19.0
A,GLN,407,A_GLN_407,11.576891875663613,0.0
A,GLU,62,A_GLU_62,14.100199913428874,34.0
A,GLU,64,A_GLU_64,17.5544287889953,63.0
A,GLU,115,A_GLU_115,17.264629135029768,62.0
A,GLY,97,A_GLY_97,10.403854058203477,0.0
A,GLY,125,A_GLY_125,6.001282530488288,7.0
A,GLY,374,A_GLY_374,10.047794057222491,10.0
A,HIS,74,A_HIS_74,23.40522349631728,59.0
A,ILE,43,A_ILE_43,18.27542942129434,25.0
A,ILE,61,A_ILE_61,17.695217621209512,0.0
A,ILE,84,A_ILE_84,5.459506973010724,37.0
A,ILE,132,A_ILE_132,17.974179902741778,0.0
A,LEU,60,A_LEU_60,5.702832361694104,51.0
A,LEU,99,A_LEU_99,17.552149819405088,0.0
A,LEU,128,A_LEU_128,18.0318390164974,3.0
A,LEU,418,A_LEU_418,11.222217741320932,20.0
A,LYS,45,A_LYS_45,13.972012644974942,87.0
A,LYS,66,A_LYS_66,2.740350504048649,142.0
A,MET,92,A_MET_92,12.298542286527113,74.0
A,MET,371,A_MET_371,1.675640140067601,29.0
A,PHE,73,A_PHE_73,24.42357313535909,28.0
A,PHE,81,A_PHE_81,17.959362382884528,139.0
A,PHE,82,A_PHE_82,23.68182655773096,30.0
A,PHE,119,A_PHE_119,25.591744944154435,26.0
A,PRO,41,A_PRO_41,11.74261935319816,2.0
A,PRO,71,A_PRO_71,13.182074963375593,17.0
A,SER,47,A_SER_47,15.248109374667091,12.0
A,SER,72,A_SER_72,16.01741008249806,73.0
A,SER,79,A_SER_79,6.955672393672966,81.0
A,SER,96,A_SER_96,16.239683485276096,9.0
A,SER,129,A_SER_129,16.25804152204409,0.0
A,THR,42,A_THR_42,10.015779463599486,51.0
A,THR,44,A_THR_44,10.273550103382291,72.0
A,THR,76,A_THR_76,18.35624816630944,21.0
A,THR,98,A_THR_98,17.616729846320435,0.0
A,THR,126,A_THR_126,17.042181460256966,6.0
A,TRP,75,A_TRP_75,31.15479970248333,1.0
A,TYR,116,A_TYR_116,25.99578272607556,0.0
A,TYR,416,A_TYR_416,7.214035607848039,51.0
A,VAL,405,A_VAL_405,1.6057156265210055,1.0
