chain,resname,resnum,res_key,density,ACC
A,ALA,68,A_ALA_68,6.576894959312961,0.0
A,ALA,194,A_ALA_194,3.191120612247341,23.0
A,ALA,395,A_ALA_395,11.859347550966412,12.0
A,ALA,401,A_ALA_401,12.826802797345994,28.0
A,ASN,108,A_ASN_108,4.890352971885401,12.0
A,ASN,404,A_ASN_404,19.85524342792869,10.0
A,ASN,432,A_ASN_432,21.165244790342378,4.0
A,ASN,436,A_ASN_436,13.510367917997575,1.0
A,ASP,69,A_ASP_69,21.51973303283634,0.0
A,ASP,103,A_ASP_103,18.336298321771917,1.0
A,CYS,429,A_CYS_429,17.917330862595765,16.0
A,GLY,73,A_GLY_73,4.69082522107416,0.0
A,GLY,425,A_GLY_425,11.17564112108995,2.0
A,ILE,72,A_ILE_72,18.40866507308503,3.0
A,ILE,392,A_ILE_392,3.2511872864338343,6.0
A,ILE,397,A_ILE_397,17.348852786690475,49.0
A,ILE,398,A_ILE_398,16.94069536737611,121.0
A,ILE,424,A_ILE_424,16.83217030426741,93.0
A,ILE,431,A_ILE_431,18.92355579344497,44.0
A,ILE,435,A_ILE_435,14.647150318840216,58.0
A,LEU,33,A_LEU_33,8.243705424418604,45.0
A,LEU,65,A_LEU_65,1.4648802779998655,0.0
A,LEU,114,A_LEU_114,1.7508601945196864,7.0
A,LEU,393,A_LEU_393,3.292342485255651,12.0
A,LEU,394,A_LEU_394,5.756100791750255,82.0
A,LEU,428,A_LEU_428,17.562264015189346,56.0
A,MET,77,A_MET_77,21.62042511025677,0.0
A,MET,406,A_MET_406,13.738013552221926,11.0
A,PHE,195,A_PHE_195,16.486323557937816,8.0
A,PHE,396,A_PHE_396,24.71204246282099,2.0
A,PRO,402,A_PRO_402,16.104542171737958,52.0
A,SER,76,A_SER_76,15.507691739143675,0.0
A,SER,107,A_SER_107,15.687243663833032,23.0
A,SER,110,A_SER_110,12.199239119224202,6.0
A,SER,433,A_SER_433,15.291500244964094,8.0
A,THR,37,A_THR_37,7.42633342512,0.0
A,THR,399,A_THR_399,17.784704599041934,6.0
A,THR,423,A_THR_423,14.83138882194767,40.0
A,THR,434,A_THR_434,17.13399032295669,21.0
A,TRP,99,A_TRP_99,4.537842098813989,9.0
A,TRP,400,A_TRP_400,31.791382290265556,35.0
A,TRP,422,A_TRP_422,18.83494711896291,49.0
A,TRP,427,A_TRP_427,32.29213931603168,28.0
A,TYR,80,A_TYR_80,19.495069060195103,19.0
A,TYR,104,A_TYR_104,28.581566496577675,37.0
A,TYR,403,A_TYR_403,29.01465574298744,40.0
A,TYR,426,A_TYR_426,27.968498167211653,34.0
A,TYR,430,A_TYR_430,28.80747123215344,5.0
A,VAL,106,A_VAL_106,12.160173555817892,2.0
A,VAL,111,A_VAL_111,11.286941937926832,2.0
A,VAL,199,A_VAL_199,1.80416933445888,21.0
A,VAL,405,A_VAL_405,2.922473080691679,67.0
A,VAL,407,A_VAL_407,1.9707477065440837,4.0
A,VAL,421,A_VAL_421,5.761034040983802,60.0
