chain,resname,resnum,res_key,density,ACC
A,ALA,552,A_ALA_552,13.22463731703805,0.0
A,ARG,562,A_ARG_562,26.14542932541336,206.0
A,ARG,568,A_ARG_568,20.502931783848712,76.0
A,ASP,546,A_ASP_546,21.57318804158774,68.0
A,CYS,44,A_CYS_44,8.60433778908104,52.0
A,CYS,46,A_CYS_46,7.093412362307257,49.0
A,CYS,542,A_CYS_542,17.81772524626802,11.0
A,CYS,548,A_CYS_548,3.486313461856391,5.0
A,CYS,551,A_CYS_551,9.395584922827616,19.0
A,CYS,558,A_CYS_558,17.88277829068329,0.0
A,CYS,561,A_CYS_561,18.011472767616166,36.0
A,GLN,538,A_GLN_538,14.72294749109532,41.0
A,GLN,554,A_GLN_554,12.38350735448156,163.0
A,GLU,556,A_GLU_556,20.31066564150804,164.0
A,GLU,564,A_GLU_564,23.38005485830164,148.0
A,GLY,543,A_GLY_543,11.591946303355002,17.0
A,HIS,544,A_HIS_544,23.57616325007352,41.0
A,ILE,565,A_ILE_565,18.19078979034577,12.0
A,LEU,529,A_LEU_529,12.905590583315991,83.0
A,LEU,539,A_LEU_539,18.03123554604692,1.0
A,LEU,547,A_LEU_547,18.045841156252877,2.0
A,LEU,553,A_LEU_553,10.458077369755548,108.0
A,LEU,555,A_LEU_555,18.083723591816344,41.0
A,LEU,560,A_LEU_560,18.39606983502651,90.0
A,LYS,540,A_LYS_540,16.24117654763785,70.0
A,LYS,563,A_LYS_563,21.50491997986593,97.0
A,PRO,541,A_PRO_541,16.08838592236733,87.0
A,PRO,559,A_PRO_559,15.901872336541082,58.0
A,SER,528,A_SER_528,13.067644159095623,56.0
A,SER,545,A_SER_545,15.989867484864025,39.0
A,SER,567,A_SER_567,10.236169904991398,50.0
A,THR,537,A_THR_537,11.015821629168013,0.0
A,THR,557,A_THR_557,17.45903733194719,75.0
A,VAL,566,A_VAL_566,14.487189791972195,109.0
