chain,resname,resnum,res_key,density,ACC
A,ALA,481,A_ALA_481,8.046601118341147,93.0
A,ASN,482,A_ASN_482,18.381978036828748,144.0
A,ASN,484,A_ASN_484,21.19420726384478,153.0
A,ASN,487,A_ASN_487,21.33149207326723,147.0
A,CYS,485,A_CYS_485,17.962626804325637,135.0
A,GLN,483,A_GLN_483,22.512198427267748,165.0
A,LYS,488,A_LYS_488,17.363512136745026,200.0
A,SER,489,A_SER_489,2.808864967663858,105.0
A,THR,479,A_THR_479,5.356241505802384,134.0
A,VAL,486,A_VAL_486,16.28671420561436,139.0
