chain,resname,resnum,res_key,density,ACC
A,ALA,185,A_ALA_185,12.728408934507575,34.0
A,ALA,191,A_ALA_191,12.832363955766658,0.0
A,ALA,238,A_ALA_238,13.067156008270802,3.0
A,ALA,239,A_ALA_239,12.84165180958376,0.0
A,ARG,190,A_ARG_190,28.07362962323077,13.0
A,ASN,182,A_ASN_182,5.346035452907696,33.0
A,ASN,240,A_ASN_240,20.596573292667152,0.0
A,CYS,236,A_CYS_236,18.876956048248623,5.0
A,GLN,234,A_GLN_234,23.00614412973011,48.0
A,GLN,394,A_GLN_394,3.2634723426603167,4.0
A,GLY,273,A_GLY_273,7.126777397526985,0.0
A,GLY,275,A_GLY_275,10.955243049741224,33.0
A,ILE,188,A_ILE_188,16.92102798872649,28.0
A,ILE,196,A_ILE_196,15.453592825014503,82.0
A,ILE,272,A_ILE_272,3.1345523963426736,55.0
A,ILE,309,A_ILE_309,11.117100828413708,4.0
A,ILE,313,A_ILE_313,7.920863494452861,22.0
A,LEU,159,A_LEU_159,1.9336297309279968,0.0
A,LEU,183,A_LEU_183,12.685657982599606,0.0
A,LEU,189,A_LEU_189,18.475520319160776,71.0
A,LEU,192,A_LEU_192,18.96010688720796,67.0
A,LEU,228,A_LEU_228,6.098461713030579,106.0
A,LEU,231,A_LEU_231,18.04777619625425,43.0
A,LEU,232,A_LEU_232,18.445501700232157,73.0
A,LEU,244,A_LEU_244,6.6857727660119295,2.0
A,LEU,278,A_LEU_278,18.79264057496575,90.0
A,LEU,279,A_LEU_279,2.6315834819932613,115.0
A,LYS,197,A_LYS_197,10.108982878637306,42.0
A,MET,233,A_MET_233,21.93903728347914,32.0
A,PHE,184,A_PHE_184,10.92567272137812,0.0
A,PHE,187,A_PHE_187,24.147902390889616,5.0
A,PHE,195,A_PHE_195,8.02688614204817,59.0
A,PHE,230,A_PHE_230,12.592197952683833,17.0
A,PHE,280,A_PHE_280,2.241374027543535,76.0
A,PRO,277,A_PRO_277,16.19654858292972,1.0
A,SER,186,A_SER_186,15.620496947621396,0.0
A,SER,193,A_SER_193,15.990702475088272,3.0
A,THR,391,A_THR_391,5.483160435980571,7.0
A,TRP,243,A_TRP_243,21.80252050768944,1.0
A,TRP,274,A_TRP_274,30.87328473644291,51.0
A,TRP,284,A_TRP_284,6.132336383997471,3.0
A,TYR,152,A_TYR_152,16.366395985192476,13.0
A,TYR,235,A_TYR_235,28.049180965680584,46.0
A,TYR,241,A_TYR_241,28.779998639464424,26.0
A,TYR,242,A_TYR_242,23.33670266042923,13.0
A,VAL,194,A_VAL_194,17.252922550530233,7.0
A,VAL,229,A_VAL_229,14.462602780745986,18.0
A,VAL,237,A_VAL_237,16.152293211689788,19.0
A,VAL,276,A_VAL_276,9.249034659577926,37.0
A,VAL,281,A_VAL_281,16.026942339162588,1.0
A,VAL,282,A_VAL_282,2.8760976342524884,64.0
