chain,resname,resnum,res_key,density,ACC
A,ALA,315,A_ALA_315,12.022490170195251,27.0
A,ALA,727,A_ALA_727,11.732851744732027,0.0
A,ALA,728,A_ALA_728,12.928599641286706,1.0
A,ARG,287,A_ARG_287,26.09548138302195,33.0
A,ARG,606,A_ARG_606,10.486949958794003,32.0
A,ARG,649,A_ARG_649,10.308035341240323,1.0
A,ASN,277,A_ASN_277,10.598327047005212,11.0
A,ASN,314,A_ASN_314,20.82616116836408,2.0
A,ASN,316,A_ASN_316,15.21207813988978,81.0
A,ASN,611,A_ASN_611,21.552200716799835,4.0
A,ASP,345,A_ASP_345,21.856502247583947,47.0
A,ASP,607,A_ASP_607,21.302402327826996,0.0
A,CYS,280,A_CYS_280,17.3483093144263,0.0
A,CYS,288,A_CYS_288,16.922464197642604,13.0
A,CYS,379,A_CYS_379,12.544536770124717,42.0
A,CYS,612,A_CYS_612,17.212261076897086,13.0
A,GLN,278,A_GLN_278,16.42505829609057,25.0
A,GLN,293,A_GLN_293,2.716846061551285,1.0
A,GLN,657,A_GLN_657,10.777834217298278,78.0
A,GLU,321,A_GLU_321,6.1930826612553,0.0
A,GLU,717,A_GLU_717,16.49566813236355,132.0
A,GLU,730,A_GLU_730,17.257864971178677,1.0
A,GLY,284,A_GLY_284,10.02180379134561,89.0
A,GLY,286,A_GLY_286,10.037112229174443,41.0
A,GLY,610,A_GLY_610,10.125607874377527,7.0
A,ILE,383,A_ILE_383,3.644112695685045,59.0
A,ILE,653,A_ILE_653,7.933859524575715,19.0
A,LEU,281,A_LEU_281,17.479119760712013,56.0
A,LEU,282,A_LEU_282,17.85368587359564,13.0
A,LEU,290,A_LEU_290,17.41433004343625,3.0
A,LEU,311,A_LEU_311,5.367749198070269,12.0
A,LEU,378,A_LEU_378,17.650348110224506,4.0
A,LEU,709,A_LEU_709,1.954993869239113,1.0
A,LEU,715,A_LEU_715,16.860841680334296,0.0
A,LEU,718,A_LEU_718,12.829521503265475,13.0
A,MET,346,A_MET_346,15.35297892654207,4.0
A,PHE,289,A_PHE_289,23.84031967503492,18.0
A,PHE,312,A_PHE_312,25.41033620563656,0.0
A,PHE,335,A_PHE_335,14.140525211060602,0.0
A,PHE,729,A_PHE_729,20.53470454516925,7.0
A,PRO,279,A_PRO_279,14.677063540468852,0.0
A,PRO,343,A_PRO_343,3.857142801741968,2.0
A,PRO,380,A_PRO_380,2.015482733751764,58.0
A,PRO,386,A_PRO_386,1.5336847018058244,60.0
A,PRO,714,A_PRO_714,15.686708487987902,8.0
A,PRO,716,A_PRO_716,15.578372401007533,23.0
A,SER,285,A_SER_285,14.846258290782512,39.0
A,SER,292,A_SER_292,2.9335754886709915,0.0
A,THR,291,A_THR_291,16.839632031434938,2.0
A,THR,313,A_THR_313,17.914177255012913,39.0
A,THR,614,A_THR_614,2.973771117626752,4.0
A,THR,726,A_THR_726,17.21380788789732,16.0
A,TYR,609,A_TYR_609,17.099123984794996,30.0
A,TYR,700,A_TYR_700,3.0917089757225384,0.0
A,VAL,283,A_VAL_283,14.328909691885734,68.0
A,VAL,605,A_VAL_605,9.903777690304029,0.0
A,VAL,613,A_VAL_613,17.08481464306982,5.0
