chain,resname,resnum,res_key,density,ACC
A,ALA,1334,A_ALA_1334,12.940780320139565,88.0
A,ARG,1332,A_ARG_1332,18.157803750973965,166.0
A,ASN,1335,A_ASN_1335,20.879315672362385,77.0
A,ASN,1348,A_ASN_1348,20.70208303334406,91.0
A,ASP,1346,A_ASP_1346,22.252141004704743,51.0
A,ASP,1350,A_ASP_1350,21.826711074766926,51.0
A,ASP,1353,A_ASP_1353,22.675800057562306,61.0
A,ASP,1356,A_ASP_1356,19.861868117170285,0.0
A,CYS,1326,A_CYS_1326,5.453369238340939,33.0
A,CYS,1333,A_CYS_1333,17.08328774727015,1.0
A,CYS,1338,A_CYS_1338,17.463661791317094,45.0
A,CYS,1345,A_CYS_1345,14.874195083288717,50.0
A,CYS,1351,A_CYS_1351,17.24981387419886,1.0
A,CYS,1360,A_CYS_1360,5.1099701426448645,49.0
A,GLN,1330,A_GLN_1330,2.465016893051343,68.0
A,GLN,1337,A_GLN_1337,22.629951611527336,88.0
A,GLU,1357,A_GLU_1357,22.748382980991,54.0
A,GLY,1336,A_GLY_1336,10.520001438756188,32.0
A,GLY,1340,A_GLY_1340,10.553414151613856,15.0
A,HIS,1342,A_HIS_1342,5.584497334302865,147.0
A,HIS,1347,A_HIS_1347,10.318516347990322,166.0
A,ILE,1339,A_ILE_1339,17.492394836376267,16.0
A,LEU,1358,A_LEU_1358,17.779140623031257,118.0
A,LYS,1341,A_LYS_1341,10.27438727290091,127.0
A,LYS,1343,A_LYS_1343,19.46705516833049,63.0
A,LYS,1344,A_LYS_1344,18.6629228727294,75.0
A,LYS,1354,A_LYS_1354,20.8114375843441,137.0
A,PHE,1331,A_PHE_1331,24.79624838159961,52.0
A,SER,1352,A_SER_1352,15.76961433195715,96.0
A,SER,1355,A_SER_1355,14.603732899929568,22.0
A,VAL,1349,A_VAL_1349,16.87188039376073,93.0
