chain,resname,resnum,res_key,density,ACC
A,ALA,172,A_ALA_172,12.68734379897644,2.0
A,ALA,242,A_ALA_242,12.425750079659146,13.0
A,ARG,179,A_ARG_179,14.050522474993146,126.0
A,ARG,232,A_ARG_232,14.419543396811324,125.0
A,ARG,241,A_ARG_241,19.333614950218323,237.0
A,ASN,176,A_ASN_176,15.6947074085079,57.0
A,ASN,231,A_ASN_231,15.335910710371548,111.0
A,CYS,191,A_CYS_191,5.796650059173908,4.0
A,CYS,237,A_CYS_237,18.29218305869153,0.0
A,GLU,184,A_GLU_184,10.720858279619147,95.0
A,GLU,238,A_GLU_238,23.59645517312939,132.0
A,GLY,173,A_GLY_173,10.065614308584497,0.0
A,GLY,239,A_GLY_239,10.306283949874704,65.0
A,ILE,175,A_ILE_175,18.4839417823748,4.0
A,ILE,180,A_ILE_180,15.28154576673372,18.0
A,ILE,221,A_ILE_221,10.384604287802391,0.0
A,ILE,222,A_ILE_222,17.790483721350878,0.0
A,ILE,236,A_ILE_236,18.103078224385,18.0
A,LEU,187,A_LEU_187,18.20306479472468,4.0
A,LEU,197,A_LEU_197,7.511383700643286,35.0
A,LEU,229,A_LEU_229,6.266878438260138,27.0
A,LEU,244,A_LEU_244,17.30337548035964,59.0
A,LYS,230,A_LYS_230,15.152003717877138,78.0
A,LYS,234,A_LYS_234,21.119109959913743,82.0
A,LYS,235,A_LYS_235,20.988890789558567,159.0
A,MET,186,A_MET_186,21.5255541138636,76.0
A,PHE,170,A_PHE_170,2.644810811659315,35.0
A,PHE,183,A_PHE_183,25.427758727130144,2.0
A,PHE,220,A_PHE_220,24.41609431020551,5.0
A,PHE,224,A_PHE_224,5.998776952776959,6.0
A,PHE,240,A_PHE_240,24.897678960510813,48.0
A,SER,218,A_SER_218,3.31221229620647,1.0
A,SER,243,A_SER_243,15.01556572485688,36.0
A,THR,182,A_THR_182,11.61804035565466,74.0
A,TRP,188,A_TRP_188,2.7042272848826463,171.0
A,TYR,245,A_TYR_245,18.80472835302404,39.0
A,VAL,171,A_VAL_171,16.81457995068545,16.0
A,VAL,174,A_VAL_174,16.04319350220689,2.0
A,VAL,190,A_VAL_190,6.281721394893166,49.0
A,VAL,195,A_VAL_195,2.0801153299406927,18.0
A,VAL,219,A_VAL_219,4.156675238782954,2.0
A,VAL,233,A_VAL_233,17.47773560406347,0.0
