chain,resname,resnum,res_key,density,ACC
A,ALA,26,A_ALA_26,6.043562149826867,29.0
A,ALA,53,A_ALA_53,13.235109809048549,64.0
A,ALA,80,A_ALA_80,12.998121096312346,20.0
A,ARG,32,A_ARG_32,13.605681631930876,257.0
A,ASN,33,A_ASN_33,20.88645264294133,113.0
A,ASN,62,A_ASN_62,4.6540724799500754,12.0
A,ASN,77,A_ASN_77,5.812079216551203,74.0
A,ASP,31,A_ASP_31,21.598633674830445,73.0
A,ASP,58,A_ASP_58,21.429860873464367,38.0
A,CYS,30,A_CYS_30,16.657195767397724,71.0
A,CYS,36,A_CYS_36,17.34064140196621,1.0
A,CYS,75,A_CYS_75,12.35750040007235,1.0
A,GLN,79,A_GLN_79,15.647875775793857,84.0
A,GLU,52,A_GLU_52,11.169467862855385,130.0
A,GLY,34,A_GLY_34,9.989473921386567,7.0
A,GLY,38,A_GLY_38,10.06505841313013,6.0
A,GLY,49,A_GLY_49,5.791310350037916,66.0
A,ILE,35,A_ILE_35,18.65840081229261,70.0
A,ILE,46,A_ILE_46,10.73951076773744,6.0
A,ILE,64,A_ILE_64,1.768452733014206,0.0
A,LEU,28,A_LEU_28,17.997777221730413,42.0
A,LEU,43,A_LEU_43,5.420445826950138,23.0
A,LEU,50,A_LEU_50,18.70664622886252,15.0
A,LEU,57,A_LEU_57,18.068977312640275,0.0
A,LEU,59,A_LEU_59,18.61681227731569,0.0
A,LEU,72,A_LEU_72,5.567639452766657,1.0
A,LEU,78,A_LEU_78,18.522651530618894,0.0
A,LEU,81,A_LEU_81,17.878813267572166,0.0
A,LEU,83,A_LEU_83,8.50220490690954,0.0
A,LEU,102,A_LEU_102,1.6238938311620867,0.0
A,LYS,37,A_LYS_37,21.16305504351607,125.0
A,LYS,55,A_LYS_55,18.478313745435845,102.0
A,PRO,47,A_PRO_47,16.090744618007825,27.0
A,SER,27,A_SER_27,15.813716123153032,101.0
A,SER,29,A_SER_29,15.61342053984696,75.0
A,SER,39,A_SER_39,16.827010795083254,64.0
A,SER,40,A_SER_40,2.720952568069916,62.0
A,SER,48,A_SER_48,8.60056788729576,123.0
A,SER,56,A_SER_56,16.3948707185742,30.0
A,SER,60,A_SER_60,16.3152135431882,13.0
A,THR,51,A_THR_51,15.768042999110731,61.0
A,VAL,54,A_VAL_54,16.142427178952545,9.0
A,VAL,82,A_VAL_82,16.16698156528487,28.0
