chain,resname,resnum,res_key,density,ACC
A,ALA,355,A_ALA_355,12.417764387538757,55.0
A,ALA,367,A_ALA_367,9.438016110573304,28.0
A,ALA,379,A_ALA_379,12.29036973536078,35.0
A,ARG,375,A_ARG_375,26.589187252625912,91.0
A,ARG,377,A_ARG_377,13.852342186003929,113.0
A,ASN,363,A_ASN_363,17.810862208831114,1.0
A,CYS,356,A_CYS_356,17.99183533998099,4.0
A,CYS,359,A_CYS_359,18.39178813971727,40.0
A,CYS,370,A_CYS_370,17.306296605114227,3.0
A,CYS,373,A_CYS_373,17.4400793141292,35.0
A,GLN,188,A_GLN_188,3.1832575945262103,181.0
A,GLN,357,A_GLN_357,16.620482305343884,135.0
A,GLN,380,A_GLN_380,8.223150436279557,168.0
A,GLU,362,A_GLU_362,10.367606766388082,119.0
A,GLU,374,A_GLU_374,23.83643825607091,153.0
A,ILE,372,A_ILE_372,18.00429698326228,107.0
A,LEU,189,A_LEU_189,5.743404795629871,176.0
A,LEU,369,A_LEU_369,18.253763498687476,92.0
A,LEU,378,A_LEU_378,5.361073322137101,158.0
A,PHE,361,A_PHE_361,25.449400898956,86.0
A,PRO,376,A_PRO_376,15.810901606927915,73.0
A,PRO,381,A_PRO_381,4.363789800702751,74.0
A,PRO,382,A_PRO_382,3.641435344618598,87.0
A,SER,358,A_SER_358,15.467860719741306,53.0
A,SER,371,A_SER_371,15.205565878755962,84.0
A,THR,360,A_THR_360,17.748724308529496,115.0
A,TRP,354,A_TRP_354,24.095195708159263,25.0
A,VAL,368,A_VAL_368,10.061854277088182,110.0
