chain,resname,resnum,res_key,density,ACC
A,ALA,167,A_ALA_167,11.899261465928596,2.0
A,ARG,221,A_ARG_221,24.68789669419588,9.0
A,ARG,225,A_ARG_225,27.13383206644496,5.0
A,ARG,231,A_ARG_231,16.13101028603887,41.0
A,ARG,569,A_ARG_569,4.38959873105267,155.0
A,ASN,218,A_ASN_218,21.261295669814373,14.0
A,ASP,150,A_ASP_150,2.907608956197324,109.0
A,ASP,164,A_ASP_164,11.261375644624252,99.0
A,ASP,165,A_ASP_165,5.791665426946951,53.0
A,ASP,168,A_ASP_168,4.854238417211198,20.0
A,ASP,219,A_ASP_219,22.138347144621825,58.0
A,ASP,573,A_ASP_573,5.846821603315005,30.0
A,CYS,223,A_CYS_223,18.118661657110323,17.0
A,GLU,147,A_GLU_147,14.65630906795106,54.0
A,GLU,201,A_GLU_201,2.9867749256645983,42.0
A,GLU,554,A_GLU_554,12.438683584334154,13.0
A,GLU,566,A_GLU_566,17.76801570991475,28.0
A,HIS,143,A_HIS_143,15.299039547424089,69.0
A,ILE,120,A_ILE_120,8.409325487706662,1.0
A,ILE,152,A_ILE_152,1.7533292598580692,1.0
A,ILE,224,A_ILE_224,18.03281869910758,0.0
A,LEU,142,A_LEU_142,18.854247679848104,0.0
A,LEU,148,A_LEU_148,17.750429324725367,1.0
A,LEU,200,A_LEU_200,1.7122674565382503,1.0
A,LEU,204,A_LEU_204,17.53617702727694,0.0
A,LEU,206,A_LEU_206,12.302919584879522,17.0
A,LEU,222,A_LEU_222,17.95058932620107,14.0
A,LEU,558,A_LEU_558,5.999588160495548,1.0
A,LEU,570,A_LEU_570,7.151472201476382,4.0
A,LYS,205,A_LYS_205,8.871140758112341,101.0
A,LYS,215,A_LYS_215,10.207350838156088,128.0
A,LYS,226,A_LYS_226,19.963789299094124,44.0
A,LYS,230,A_LYS_230,6.094408357873798,97.0
A,LYS,551,A_LYS_551,4.46115550507716,9.0
A,MET,139,A_MET_139,18.02760322385217,1.0
A,PHE,116,A_PHE_116,12.433938059938551,1.0
A,PHE,126,A_PHE_126,6.193700641483419,0.0
A,PHE,169,A_PHE_169,25.049125047547584,0.0
A,PHE,173,A_PHE_173,17.05305615973822,10.0
A,PHE,176,A_PHE_176,18.72104565012692,1.0
A,PHE,217,A_PHE_217,10.594511424293133,50.0
A,PHE,227,A_PHE_227,24.194983406950644,9.0
A,PHE,228,A_PHE_228,25.3303485287344,1.0
A,PRO,174,A_PRO_174,3.0957692558322725,4.0
A,PRO,220,A_PRO_220,16.52241023502545,9.0
A,PRO,229,A_PRO_229,9.714614638646513,35.0
A,SER,166,A_SER_166,16.36873154326351,15.0
A,SER,203,A_SER_203,5.868605992319085,18.0
A,SER,216,A_SER_216,10.79439180732519,67.0
A,THR,146,A_THR_146,17.085721675932003,43.0
A,THR,149,A_THR_149,17.998705526143805,53.0
A,TRP,178,A_TRP_178,5.975822264631542,0.0
A,TYR,144,A_TYR_144,12.514073138026898,20.0
A,VAL,145,A_VAL_145,16.31075718409318,0.0
A,VAL,170,A_VAL_170,13.894156072185815,10.0
