chain,resname,resnum,res_key,density,ACC
A,ALA,62,A_ALA_62,7.293182837908459,45.0
A,ALA,63,A_ALA_63,12.16481501271248,29.0
A,ALA,125,A_ALA_125,10.11810970860861,16.0
A,ALA,129,A_ALA_129,4.687217923238726,43.0
A,ALA,154,A_ALA_154,13.083957095503491,93.0
A,ASN,157,A_ASN_157,21.39160385240612,141.0
A,ASP,144,A_ASP_144,21.41217658868507,42.0
A,ASP,149,A_ASP_149,21.591688840539337,63.0
A,ASP,153,A_ASP_153,21.327014291927625,2.0
A,CYS,148,A_CYS_148,17.967165283991285,63.0
A,CYS,158,A_CYS_158,10.88657855469331,24.0
A,GLN,89,A_GLN_89,9.565030075576248,121.0
A,GLY,150,A_GLY_150,10.786450705021345,7.0
A,GLY,385,A_GLY_385,7.887605031563842,9.0
A,GLY,386,A_GLY_386,2.6711210445216684,23.0
A,HIS,127,A_HIS_127,23.1454776607133,113.0
A,HIS,156,A_HIS_156,2.081691650534656,85.0
A,HIS,159,A_HIS_159,23.933287130827097,48.0
A,ILE,91,A_ILE_91,9.94098010248819,30.0
A,ILE,146,A_ILE_146,19.064315557080608,6.0
A,ILE,254,A_ILE_254,2.108051840296977,50.0
A,LEU,61,A_LEU_61,18.15248578475902,4.0
A,LEU,128,A_LEU_128,18.415389704313853,57.0
A,LEU,142,A_LEU_142,12.330594777338511,110.0
A,LEU,147,A_LEU_147,18.9598420013212,71.0
A,LEU,151,A_LEU_151,17.625852546700738,22.0
A,LEU,355,A_LEU_355,7.537956783709204,2.0
A,MET,122,A_MET_122,6.859908109323548,2.0
A,MET,160,A_MET_160,14.548734558639415,11.0
A,PHE,155,A_PHE_155,4.905902316853585,144.0
A,PRO,126,A_PRO_126,17.209340978387978,40.0
A,PRO,141,A_PRO_141,3.049437782781376,109.0
A,SER,145,A_SER_145,16.315343543844403,0.0
A,THR,143,A_THR_143,17.648945536819042,68.0
A,THR,152,A_THR_152,18.00333735079863,47.0
A,VAL,60,A_VAL_60,13.721064562949918,6.0
