chain,resname,resnum,res_key,density,ACC
A,ALA,523,A_ALA_523,12.010172192047817,5.0
A,ALA,596,A_ALA_596,11.540094927099863,51.0
A,ALA,613,A_ALA_613,12.333300074343285,12.0
A,ARG,600,A_ARG_600,26.3113949276728,17.0
A,ASN,597,A_ASN_597,20.88355919144794,111.0
A,ASP,614,A_ASP_614,15.760591835328423,76.0
A,CYS,524,A_CYS_524,2.970591559475306,0.0
A,CYS,590,A_CYS_590,17.32598930897187,0.0
A,CYS,592,A_CYS_592,17.15619904834328,53.0
A,GLN,452,A_GLN_452,11.869515116526806,48.0
A,GLU,583,A_GLU_583,5.908266240884969,13.0
A,GLU,585,A_GLU_585,12.124318835789158,75.0
A,GLU,588,A_GLU_588,22.7825400752771,80.0
A,GLU,608,A_GLU_608,19.961353636139417,47.0
A,GLY,451,A_GLY_451,7.806195009737381,17.0
A,HIS,609,A_HIS_609,23.78651959513013,0.0
A,ILE,586,A_ILE_586,16.589239197278065,0.0
A,ILE,601,A_ILE_601,2.57766939848622,1.0
A,LEU,453,A_LEU_453,18.203897454826404,6.0
A,LEU,454,A_LEU_454,2.4943810883527946,1.0
A,LEU,558,A_LEU_558,3.3567399565938008,3.0
A,LEU,571,A_LEU_571,6.110729184953744,1.0
A,LEU,594,A_LEU_594,17.17828628554752,70.0
A,LEU,602,A_LEU_602,11.914467208104268,1.0
A,LEU,610,A_LEU_610,2.806769456323313,7.0
A,LYS,584,A_LYS_584,17.15158388498008,92.0
A,LYS,593,A_LYS_593,19.956349950860723,169.0
A,LYS,598,A_LYS_598,14.26529593243075,34.0
A,LYS,611,A_LYS_611,5.7178878677059535,114.0
A,LYS,612,A_LYS_612,20.456857156307507,85.0
A,MET,595,A_MET_595,20.732087204320333,6.0
A,PHE,575,A_PHE_575,10.916995386057335,13.0
A,PHE,587,A_PHE_587,24.815623043868733,1.0
A,SER,589,A_SER_589,15.347179529592236,43.0
A,THR,599,A_THR_599,10.28081809662016,9.0
A,TYR,569,A_TYR_569,6.491085028355723,9.0
A,VAL,562,A_VAL_562,6.060384554015983,7.0
A,VAL,591,A_VAL_591,15.9115847089427,1.0
