chain,resname,resnum,res_key,density,ACC
A,ALA,532,A_ALA_532,12.853803609476008,9.0
A,ALA,564,A_ALA_564,12.45155877133232,36.0
A,ARG,521,A_ARG_521,10.312856800791236,151.0
A,ARG,591,A_ARG_591,23.07507008495803,41.0
A,ASN,620,A_ASN_620,15.604997178277568,7.0
A,ASN,642,A_ASN_642,9.876087587821376,0.0
A,ASP,543,A_ASP_543,18.47592274981673,89.0
A,ASP,587,A_ASP_587,22.112319008850285,18.0
A,CYS,520,A_CYS_520,14.373939343699302,0.0
A,CYS,526,A_CYS_526,17.62992925158411,2.0
A,CYS,529,A_CYS_529,18.494698463810785,1.0
A,CYS,538,A_CYS_538,17.213213214719747,7.0
A,CYS,541,A_CYS_541,18.395802160199445,13.0
A,CYS,545,A_CYS_545,16.91652754278969,2.0
A,CYS,561,A_CYS_561,17.951836506711675,3.0
A,GLN,524,A_GLN_524,20.258552923332218,74.0
A,GLN,528,A_GLN_528,22.61766750864836,29.0
A,GLN,558,A_GLN_558,19.027000389261527,71.0
A,GLN,559,A_GLN_559,18.48937979809085,121.0
A,GLU,34,A_GLU_34,8.028089737986493,124.0
A,GLY,539,A_GLY_539,10.286229938971502,0.0
A,GLY,585,A_GLY_585,5.74591364283624,0.0
A,GLY,589,A_GLY_589,10.3822150225897,0.0
A,HIS,522,A_HIS_522,12.65299493810848,5.0
A,HIS,542,A_HIS_542,19.212370778792184,145.0
A,HIS,644,A_HIS_644,15.194249675795849,68.0
A,ILE,560,A_ILE_560,18.064813691316928,88.0
A,LEU,530,A_LEU_530,17.48344224956535,3.0
A,LEU,562,A_LEU_562,17.972844365460464,107.0
A,LYS,32,A_LYS_32,16.984430330769676,91.0
A,LYS,544,A_LYS_544,14.565230972138668,119.0
A,LYS,595,A_LYS_595,2.353933800851016,151.0
A,MET,619,A_MET_619,22.247964280943783,40.0
A,PHE,523,A_PHE_523,24.0330559755058,15.0
A,PHE,588,A_PHE_588,16.764683847268714,0.0
A,PHE,590,A_PHE_590,9.289913692819102,48.0
A,PHE,596,A_PHE_596,20.92545255644836,29.0
A,PRO,563,A_PRO_563,15.71735673110364,8.0
A,SER,33,A_SER_33,13.12441085491721,55.0
A,SER,525,A_SER_525,15.963252866495434,7.0
A,SER,527,A_SER_527,16.194179123105986,5.0
A,SER,531,A_SER_531,15.42249610478921,65.0
A,THR,555,A_THR_555,10.691947763397422,70.0
A,THR,557,A_THR_557,17.881047170421013,31.0
A,TRP,540,A_TRP_540,30.494073014964624,36.0
A,TRP,556,A_TRP_556,25.21243107006484,74.0
A,TRP,586,A_TRP_586,30.11367085654358,45.0
A,VAL,546,A_VAL_546,16.418920552349494,11.0
