chain,resname,resnum,res_key,density,ACC
A,ALA,43,A_ALA_43,6.463397176489194,7.0
A,ASP,166,A_ASP_166,12.262835510220294,110.0
A,CYS,38,A_CYS_38,11.923332113193114,80.0
A,CYS,173,A_CYS_173,17.749873048104014,29.0
A,GLU,167,A_GLU_167,12.2504594827185,111.0
A,GLY,28,A_GLY_28,8.286134999240925,0.0
A,GLY,36,A_GLY_36,10.4721075478479,32.0
A,HIS,165,A_HIS_165,20.959176694902357,52.0
A,HIS,172,A_HIS_172,23.723254222122996,91.0
A,ILE,34,A_ILE_34,18.9982418711598,91.0
A,ILE,168,A_ILE_168,16.965289042606564,115.0
A,LEU,32,A_LEU_32,18.749079211540405,45.0
A,LEU,40,A_LEU_40,18.55880868467539,98.0
A,LEU,170,A_LEU_170,17.93326194284812,35.0
A,LEU,171,A_LEU_171,18.58432020355973,107.0
A,LEU,175,A_LEU_175,17.58143368027641,73.0
A,LEU,178,A_LEU_178,18.742455647021504,67.0
A,PHE,33,A_PHE_33,10.645770337704484,122.0
A,PHE,35,A_PHE_35,26.100306667353195,57.0
A,PHE,37,A_PHE_37,2.998707034371624,157.0
A,PHE,174,A_PHE_174,25.32214952750363,117.0
A,PRO,42,A_PRO_42,1.924895131888984,41.0
A,PRO,177,A_PRO_177,17.010667334904223,7.0
A,SER,27,A_SER_27,3.0902573394543427,38.0
A,SER,31,A_SER_31,16.230018899794107,38.0
A,THR,180,A_THR_180,12.243410529915415,47.0
A,TRP,39,A_TRP_39,32.209969412398394,90.0
A,TRP,176,A_TRP_176,32.792028852294656,164.0
A,VAL,30,A_VAL_30,6.193811390601517,74.0
A,VAL,169,A_VAL_169,17.49674953311314,70.0
A,VAL,179,A_VAL_179,13.511272510351596,64.0
