chain,resname,resnum,res_key,density,ACC
A,ALA,19,A_ALA_19,12.429880010702416,11.0
A,ARG,64,A_ARG_64,2.8209420592212484,11.0
A,ARG,84,A_ARG_84,2.739905690963032,154.0
A,ARG,243,A_ARG_243,23.908161344162316,0.0
A,ARG,320,A_ARG_320,7.844215387478927,3.0
A,ASN,18,A_ASN_18,17.992701855045297,53.0
A,ASN,50,A_ASN_50,2.763230119547659,5.0
A,ASP,33,A_ASP_33,20.488455269796177,56.0
A,CYS,20,A_CYS_20,18.7609725219341,0.0
A,CYS,25,A_CYS_25,18.48868645527488,0.0
A,GLN,31,A_GLN_31,22.711792198910587,88.0
A,GLN,35,A_GLN_35,13.934192567627113,74.0
A,GLN,85,A_GLN_85,5.6187409245152775,106.0
A,GLN,233,A_GLN_233,3.229643742647785,5.0
A,GLN,358,A_GLN_358,2.30577457755,88.0
A,GLU,22,A_GLU_22,23.94682271195929,45.0
A,GLU,27,A_GLU_27,23.010762921694536,13.0
A,GLY,17,A_GLY_17,6.210319378150118,0.0
A,GLY,29,A_GLY_29,9.994835166075516,38.0
A,GLY,34,A_GLY_34,10.18368051181699,0.0
A,GLY,232,A_GLY_232,5.503967143951583,1.0
A,HIS,28,A_HIS_28,24.24890689547008,17.0
A,HIS,61,A_HIS_61,24.14303287950364,1.0
A,ILE,30,A_ILE_30,18.056929304475258,8.0
A,LEU,23,A_LEU_23,18.398615387549548,2.0
A,LEU,26,A_LEU_26,18.24572311001286,62.0
A,LEU,86,A_LEU_86,17.960310538370116,0.0
A,LYS,60,A_LYS_60,8.730517453437745,57.0
A,MET,36,A_MET_36,21.1679307140208,24.0
A,PHE,49,A_PHE_49,26.2258206663384,13.0
A,PHE,52,A_PHE_52,20.702074737648804,0.0
A,PHE,53,A_PHE_53,22.22503616400053,0.0
A,PHE,87,A_PHE_87,17.182333261293934,5.0
A,PHE,244,A_PHE_244,13.406311009409007,33.0
A,PRO,32,A_PRO_32,15.212888183492732,51.0
A,PRO,37,A_PRO_37,5.953756610589689,94.0
A,PRO,63,A_PRO_63,16.050170791652604,0.0
A,PRO,364,A_PRO_364,8.19014936114222,100.0
A,SER,38,A_SER_38,7.730681033051886,76.0
A,SER,54,A_SER_54,2.682844877717717,15.0
A,SER,236,A_SER_236,7.083887178610391,0.0
A,THR,82,A_THR_82,14.797958544888058,110.0
A,THR,239,A_THR_239,3.087647904861192,2.0
A,THR,361,A_THR_361,17.5610142815135,31.0
A,TRP,21,A_TRP_21,31.921657608217583,1.0
A,TYR,24,A_TYR_24,28.584429502603825,1.0
A,TYR,83,A_TYR_83,27.58915000427052,19.0
A,VAL,62,A_VAL_62,12.865062683031692,10.0
A,VAL,362,A_VAL_362,10.61323774086648,26.0
A,VAL,363,A_VAL_363,12.750137466792408,17.0
