chain,resname,resnum,res_key,density,ACC
A,ARG,230,A_ARG_230,12.425751573202987,47.0
A,ARG,232,A_ARG_232,24.316858078017027,85.0
A,ASN,278,A_ASN_278,5.379224205257106,41.0
A,ASP,222,A_ASP_222,18.052826118607364,4.0
A,ASP,238,A_ASP_238,22.11036603915989,123.0
A,CYS,236,A_CYS_236,17.731931153051,5.0
A,GLU,208,A_GLU_208,20.388192612235198,110.0
A,GLU,229,A_GLU_229,5.6515970067214365,27.0
A,GLU,235,A_GLU_235,23.38009819436149,120.0
A,GLY,55,A_GLY_55,2.799321910297022,0.0
A,GLY,205,A_GLY_205,10.026173846898342,8.0
A,GLY,224,A_GLY_224,10.63884803141093,1.0
A,HIS,207,A_HIS_207,13.841902404146609,95.0
A,ILE,51,A_ILE_51,14.37346213766371,0.0
A,ILE,206,A_ILE_206,18.195147837242928,52.0
A,ILE,243,A_ILE_243,14.450856308610296,0.0
A,ILE,275,A_ILE_275,7.808302753538886,4.0
A,LEU,48,A_LEU_48,1.9752124923442955,32.0
A,LEU,52,A_LEU_52,18.070560789817677,0.0
A,LEU,53,A_LEU_53,18.08182681001112,0.0
A,LEU,54,A_LEU_54,14.556702501418972,0.0
A,LEU,244,A_LEU_244,5.861653432462449,0.0
A,LYS,50,A_LYS_50,20.657599719335355,25.0
A,LYS,61,A_LYS_61,3.5402056972519387,10.0
A,LYS,219,A_LYS_219,18.057916126913085,31.0
A,LYS,231,A_LYS_231,14.645218947084016,157.0
A,MET,220,A_MET_220,12.29765240028036,0.0
A,PHE,234,A_PHE_234,25.9097118614498,139.0
A,PHE,237,A_PHE_237,24.814843349834952,20.0
A,PHE,281,A_PHE_281,19.719175646641283,7.0
A,SER,239,A_SER_239,14.630534729878445,105.0
A,SER,242,A_SER_242,9.89613091878633,1.0
A,THR,241,A_THR_241,10.207439108869654,18.0
A,TRP,233,A_TRP_233,32.22774558786536,12.0
A,TYR,209,A_TYR_209,2.817274730647385,17.0
A,VAL,221,A_VAL_221,16.22579439467349,0.0
A,VAL,223,A_VAL_223,15.992287237849665,0.0
A,VAL,240,A_VAL_240,16.48161519094682,14.0
A,VAL,280,A_VAL_280,13.793665466593994,87.0
A,VAL,284,A_VAL_284,5.709971618162744,20.0
