chain,resname,resnum,res_key,density,ACC
A,ARG,274,A_ARG_274,11.6346465201152,157.0
A,ASN,24,A_ASN_24,14.975230559036431,116.0
A,ASN,258,A_ASN_258,3.241029982467172,27.0
A,ASN,267,A_ASN_267,12.589504314848163,106.0
A,ASN,268,A_ASN_268,19.35845712323283,70.0
A,ASN,273,A_ASN_273,20.735858979669658,34.0
A,ASP,276,A_ASP_276,17.787019205894758,22.0
A,CYS,20,A_CYS_20,17.704590206525694,47.0
A,CYS,269,A_CYS_269,17.78415649287173,60.0
A,GLN,21,A_GLN_21,23.522014627270643,130.0
A,GLN,261,A_GLN_261,7.947838012270905,28.0
A,GLN,277,A_GLN_277,10.068524652852318,92.0
A,GLU,18,A_GLU_18,23.42617828616836,150.0
A,ILE,23,A_ILE_23,18.400657776763936,93.0
A,LEU,266,A_LEU_266,6.071367927464131,45.0
A,LEU,275,A_LEU_275,9.22105673905496,15.0
A,LYS,22,A_LYS_22,20.683514236255316,87.0
A,LYS,26,A_LYS_26,4.673827633088287,113.0
A,PRO,19,A_PRO_19,16.538222916483857,113.0
A,SER,17,A_SER_17,15.891283154888512,86.0
A,SER,270,A_SER_270,16.42678372701278,76.0
A,SER,271,A_SER_271,12.88650093428514,12.0
A,SER,272,A_SER_272,16.184293462610558,20.0
A,THR,16,A_THR_16,5.799546749352503,145.0
A,VAL,25,A_VAL_25,10.672880101508134,26.0
