chain,resname,resnum,res_key,density,ACC
A,ALA,201,A_ALA_201,11.953717530353,23.0
A,ALA,529,A_ALA_529,12.55656520542388,0.0
A,ARG,506,A_ARG_506,11.416699691195696,33.0
A,CYS,198,A_CYS_198,17.27083678610683,96.0
A,CYS,460,A_CYS_460,5.286806833648312,4.0
A,GLN,530,A_GLN_530,22.635761225546435,47.0
A,GLU,200,A_GLU_200,22.767850691250395,140.0
A,GLU,226,A_GLU_226,10.956633444222875,92.0
A,GLU,523,A_GLU_523,3.173319025393856,92.0
A,GLY,197,A_GLY_197,9.63998685265008,34.0
A,ILE,468,A_ILE_468,1.8279883056541568,0.0
A,LEU,196,A_LEU_196,18.046819836294706,30.0
A,LEU,202,A_LEU_202,8.944770423148427,8.0
A,LEU,325,A_LEU_325,7.622568960381719,36.0
A,LEU,462,A_LEU_462,2.6090761572063474,0.0
A,LEU,531,A_LEU_531,17.815590074760696,6.0
A,LYS,194,A_LYS_194,4.577009980328329,112.0
A,PHE,525,A_PHE_525,8.166305781244404,4.0
A,PRO,199,A_PRO_199,15.549803665738416,104.0
A,PRO,459,A_PRO_459,5.354685398321211,1.0
A,PRO,532,A_PRO_532,16.330889765787262,38.0
A,SER,457,A_SER_457,3.0403688780478517,5.0
A,SER,461,A_SER_461,15.30998125608676,8.0
A,SER,507,A_SER_507,4.074857159680128,0.0
A,SER,524,A_SER_524,5.727689371373529,15.0
A,THR,203,A_THR_203,4.694264912808039,110.0
A,THR,534,A_THR_534,2.557504573947247,1.0
A,TYR,328,A_TYR_328,4.427847733824297,52.0
A,TYR,508,A_TYR_508,9.606733721855322,2.0
A,TYR,526,A_TYR_526,27.765516176005963,74.0
A,TYR,528,A_TYR_528,27.425659406752704,65.0
A,VAL,195,A_VAL_195,14.501226349136388,32.0
A,VAL,527,A_VAL_527,15.798387993659617,48.0
A,VAL,533,A_VAL_533,17.149118880515005,28.0
