chain,resname,resnum,res_key,density,ACC
A,ALA,108,A_ALA_108,6.2997236984696645,2.0
A,ALA,131,A_ALA_131,2.8492309852557445,12.0
A,ALA,135,A_ALA_135,12.314257706627313,9.0
A,ALA,170,A_ALA_170,9.895948081505122,17.0
A,ARG,116,A_ARG_116,26.36754856769239,24.0
A,ARG,372,A_ARG_372,21.365351152602116,156.0
A,ASN,111,A_ASN_111,17.6639606556842,20.0
A,ASN,115,A_ASN_115,5.792422090733533,21.0
A,CYS,374,A_CYS_374,18.0512717026066,0.0
A,GLN,137,A_GLN_137,3.0013815379662976,18.0
A,GLN,354,A_GLN_354,5.451012311794491,167.0
A,GLU,107,A_GLU_107,23.461552921898324,12.0
A,GLU,117,A_GLU_117,20.70716990791237,69.0
A,GLU,361,A_GLU_361,11.52025350872917,50.0
A,GLY,168,A_GLY_168,5.230313169899804,12.0
A,GLY,366,A_GLY_366,3.4752893509829037,20.0
A,HIS,371,A_HIS_371,23.533243430601463,41.0
A,ILE,136,A_ILE_136,18.23465244952213,16.0
A,ILE,357,A_ILE_357,17.663642555947202,0.0
A,ILE,369,A_ILE_369,18.950168068574545,9.0
A,LEU,104,A_LEU_104,14.445111765316176,0.0
A,LEU,105,A_LEU_105,15.870947296886188,0.0
A,LEU,110,A_LEU_110,2.5139597683950674,103.0
A,LEU,140,A_LEU_140,5.911383949430021,0.0
A,LEU,346,A_LEU_346,5.854117148978487,21.0
A,LYS,113,A_LYS_113,21.10521792249848,144.0
A,LYS,373,A_LYS_373,20.041736369714396,51.0
A,MET,119,A_MET_119,14.714510175690556,6.0
A,MET,132,A_MET_132,20.954940033586062,0.0
A,MET,355,A_MET_355,21.755141179227916,73.0
A,PHE,124,A_PHE_124,4.205458473503975,0.0
A,PHE,352,A_PHE_352,16.037045143274494,9.0
A,PHE,375,A_PHE_375,28.89356398337416,170.0
A,PRO,109,A_PRO_109,2.0232491496867,3.0
A,PRO,112,A_PRO_112,5.714929353540287,58.0
A,PRO,172,A_PRO_172,1.7170233097248464,88.0
A,PRO,367,A_PRO_367,7.846473519853363,35.0
A,SER,358,A_SER_358,2.7967535058876263,37.0
A,SER,368,A_SER_368,16.41698093267187,44.0
A,THR,106,A_THR_106,12.936998692355134,2.0
A,THR,120,A_THR_120,14.653281353394645,0.0
A,TRP,356,A_TRP_356,26.61308953156171,16.0
A,TYR,133,A_TYR_133,28.4942161553784,22.0
A,TYR,143,A_TYR_143,5.017998946078052,62.0
A,TYR,169,A_TYR_169,18.77548938651358,168.0
A,VAL,103,A_VAL_103,5.834661899033986,0.0
A,VAL,134,A_VAL_134,16.339247683618726,2.0
A,VAL,139,A_VAL_139,5.877452448536363,16.0
A,VAL,370,A_VAL_370,16.999396028745668,0.0
