chain,resname,resnum,res_key,density,ACC
A,ALA,444,A_ALA_444,5.764525671800468,0.0
A,ALA,446,A_ALA_446,12.17846223136502,0.0
A,ALA,449,A_ALA_449,6.54751522287528,1.0
A,ALA,522,A_ALA_522,12.76630826492599,11.0
A,ALA,535,A_ALA_535,12.716952121462471,30.0
A,ALA,861,A_ALA_861,16.38086963828147,0.0
A,ARG,526,A_ARG_526,2.5400710698687146,57.0
A,ARG,794,A_ARG_794,12.462246951249632,79.0
A,ARG,814,A_ARG_814,14.372473253104465,13.0
A,ASN,543,A_ASN_543,20.9448430187844,53.0
A,ASN,554,A_ASN_554,5.582899070782201,52.0
A,ASP,529,A_ASP_529,11.52032152140576,4.0
A,CYS,447,A_CYS_447,17.158868847082072,0.0
A,CYS,538,A_CYS_538,18.21477964899724,19.0
A,CYS,556,A_CYS_556,5.093126624640934,0.0
A,GLN,537,A_GLN_537,23.199965159017427,8.0
A,GLN,540,A_GLN_540,22.904313722228743,76.0
A,GLU,523,A_GLU_523,10.719272217070031,12.0
A,GLY,516,A_GLY_516,10.566292779572432,25.0
A,GLY,528,A_GLY_528,7.174645343705452,0.0
A,ILE,510,A_ILE_510,18.26109669939764,1.0
A,ILE,513,A_ILE_513,18.34993028166904,0.0
A,ILE,559,A_ILE_559,18.88379493877758,0.0
A,LEU,466,A_LEU_466,5.7140177314939145,1.0
A,LEU,509,A_LEU_509,15.82859284879128,2.0
A,LEU,514,A_LEU_514,17.63513397874932,7.0
A,LEU,552,A_LEU_552,2.082671917140716,3.0
A,LEU,555,A_LEU_555,18.109868344086472,17.0
A,LYS,517,A_LYS_517,7.434611846297331,173.0
A,LYS,525,A_LYS_525,20.294323127944963,3.0
A,LYS,542,A_LYS_542,6.660962593773913,131.0
A,LYS,558,A_LYS_558,21.04530672557074,33.0
A,LYS,562,A_LYS_562,9.895500299676437,10.0
A,MET,534,A_MET_534,5.534869151791831,20.0
A,PHE,448,A_PHE_448,25.036486470212104,10.0
A,PHE,462,A_PHE_462,12.559342939114076,2.0
A,PHE,497,A_PHE_497,12.99242818133552,0.0
A,PHE,860,A_PHE_860,10.692871241057212,2.0
A,PRO,515,A_PRO_515,15.88634537254337,52.0
A,PRO,519,A_PRO_519,5.503601872048994,97.0
A,THR,518,A_THR_518,17.752096841287315,33.0
A,THR,536,A_THR_536,17.146074613632056,2.0
A,THR,551,A_THR_551,5.30686017011815,54.0
A,TRP,443,A_TRP_443,3.9558421191086026,1.0
A,TYR,521,A_TYR_521,28.41903838856722,65.0
A,TYR,817,A_TYR_817,17.351012421190266,111.0
A,TYR,859,A_TYR_859,7.815858659604082,10.0
A,VAL,445,A_VAL_445,16.02654208177379,0.0
A,VAL,493,A_VAL_493,5.727382940043132,0.0
A,VAL,511,A_VAL_511,16.250066547657955,1.0
A,VAL,512,A_VAL_512,16.130482065599907,0.0
A,VAL,520,A_VAL_520,17.173971158788675,6.0
A,VAL,524,A_VAL_524,16.518804761292035,0.0
A,VAL,539,A_VAL_539,15.84938638143317,10.0
A,VAL,541,A_VAL_541,16.90172541783306,6.0
A,VAL,544,A_VAL_544,10.520942317650055,3.0
