chain,resname,resnum,res_key,density,ACC
A,ARG,142,A_ARG_142,27.97165849522541,65.0
A,ASN,51,A_ASN_51,18.66543793586579,13.0
A,ASN,190,A_ASN_190,12.385517409145374,30.0
A,ASP,56,A_ASP_56,9.30661403436212,14.0
A,ASP,148,A_ASP_148,22.436807710999,104.0
A,ASP,169,A_ASP_169,21.821143489149183,58.0
A,CYS,143,A_CYS_143,17.401827359660718,1.0
A,CYS,187,A_CYS_187,18.048142234928704,0.0
A,GLN,127,A_GLN_127,23.18909766783216,2.0
A,GLU,122,A_GLU_122,9.32788056641165,73.0
A,GLY,189,A_GLY_189,9.76938206071242,0.0
A,HIS,144,A_HIS_144,24.04414167678156,5.0
A,HIS,167,A_HIS_167,9.28243876881563,116.0
A,HIS,186,A_HIS_186,22.065496593034023,42.0
A,ILE,191,A_ILE_191,12.416247243347463,18.0
A,LEU,53,A_LEU_53,12.374662247992251,0.0
A,LEU,120,A_LEU_120,1.883873266402287,51.0
A,LEU,124,A_LEU_124,17.763215183985444,2.0
A,LEU,126,A_LEU_126,18.40584530563704,2.0
A,LEU,141,A_LEU_141,17.896546477528002,3.0
A,LEU,151,A_LEU_151,17.879176536292224,23.0
A,LEU,168,A_LEU_168,12.155222685286482,137.0
A,LEU,195,A_LEU_195,1.9523314612352192,110.0
A,LYS,147,A_LYS_147,5.1562569251820936,107.0
A,LYS,149,A_LYS_149,13.282176807025632,70.0
A,LYS,153,A_LYS_153,12.504591988046846,107.0
A,LYS,164,A_LYS_164,21.116955770435407,55.0
A,LYS,199,A_LYS_199,12.12476366912026,128.0
A,MET,140,A_MET_140,9.603906507147034,103.0
A,PHE,156,A_PHE_156,25.681481138118585,1.0
A,PHE,157,A_PHE_157,18.997222479897243,39.0
A,PHE,165,A_PHE_165,9.915257027159356,104.0
A,PHE,172,A_PHE_172,26.071076218534703,27.0
A,PHE,196,A_PHE_196,19.511329077195857,47.0
A,PRO,129,A_PRO_129,4.661693983205543,19.0
A,PRO,150,A_PRO_150,10.179872405245227,111.0
A,PRO,170,A_PRO_170,16.009996034391385,37.0
A,PRO,200,A_PRO_200,7.229972339651715,80.0
A,SER,145,A_SER_145,15.508240631885895,6.0
A,SER,166,A_SER_166,15.177039840609554,26.0
A,SER,173,A_SER_173,4.651519939771656,58.0
A,SER,197,A_SER_197,15.18174581757305,68.0
A,SER,198,A_SER_198,15.778064164982952,8.0
A,THR,128,A_THR_128,17.579415424205788,1.0
A,THR,155,A_THR_155,17.50762481944837,21.0
A,THR,171,A_THR_171,17.962489220012372,59.0
A,THR,188,A_THR_188,17.171655936101658,21.0
A,TRP,49,A_TRP_49,23.630719050871043,30.0
A,TRP,123,A_TRP_123,12.188385043683056,119.0
A,TRP,146,A_TRP_146,12.273533613658037,74.0
A,TYR,185,A_TYR_185,14.628032831479372,0.0
A,VAL,52,A_VAL_52,10.456316027033669,4.0
A,VAL,125,A_VAL_125,16.97093514419833,5.0
A,VAL,152,A_VAL_152,16.456305646635485,52.0
A,VAL,154,A_VAL_154,16.789791682230778,0.0
A,VAL,201,A_VAL_201,9.001690076064651,22.0
