chain,resname,resnum,res_key,density,ACC
A,ALA,156,A_ALA_156,12.391366768994136,7.0
A,ALA,164,A_ALA_164,12.552741508634073,72.0
A,ARG,126,A_ARG_126,26.049165229648136,99.0
A,ARG,165,A_ARG_165,27.026824506010925,99.0
A,ASN,116,A_ASN_116,9.58893356255755,114.0
A,ASP,117,A_ASP_117,15.105702854953927,47.0
A,ASP,121,A_ASP_121,2.6974856962162685,60.0
A,ASP,157,A_ASP_157,13.513063403696874,24.0
A,ASP,160,A_ASP_160,21.27182101316036,130.0
A,CYS,115,A_CYS_115,12.499616075932636,2.0
A,CYS,119,A_CYS_119,18.68217639303745,113.0
A,CYS,151,A_CYS_151,12.276414767295838,0.0
A,CYS,163,A_CYS_163,18.41107895435124,39.0
A,GLU,124,A_GLU_124,10.836159020090877,48.0
A,GLY,161,A_GLY_161,10.403081981552228,20.0
A,ILE,154,A_ILE_154,18.5833688024461,10.0
A,ILE,159,A_ILE_159,19.13171055675501,25.0
A,ILE,162,A_ILE_162,18.857691576307904,0.0
A,LEU,94,A_LEU_94,5.74645281922708,17.0
A,LEU,118,A_LEU_118,17.95859148664218,6.0
A,LEU,129,A_LEU_129,6.060210119247748,0.0
A,LEU,130,A_LEU_130,12.835052748154398,1.0
A,LEU,169,A_LEU_169,15.351413043323223,5.0
A,LEU,170,A_LEU_170,12.34836649477751,43.0
A,PHE,114,A_PHE_114,23.27679050352325,1.0
A,PHE,134,A_PHE_134,8.466536965795669,4.0
A,PHE,166,A_PHE_166,25.085071857203936,13.0
A,PRO,167,A_PRO_167,16.016516083352975,82.0
A,SER,155,A_SER_155,10.95489294935152,87.0
A,SER,158,A_SER_158,15.84100795715755,41.0
A,SER,168,A_SER_168,15.790939916948007,64.0
A,TYR,98,A_TYR_98,3.0829693833760814,1.0
A,VAL,120,A_VAL_120,16.320468605550627,11.0
A,VAL,127,A_VAL_127,8.843341488199384,16.0
