chain,resname,resnum,res_key,density,ACC
A,ALA,379,A_ALA_379,11.82159235033726,0.0
A,ALA,380,A_ALA_380,11.593296260019311,0.0
A,ALA,394,A_ALA_394,12.675287012203484,1.0
A,ALA,395,A_ALA_395,8.528441590370639,0.0
A,ARG,397,A_ARG_397,20.8097448375954,91.0
A,ASN,364,A_ASN_364,16.80197541300073,9.0
A,ASN,375,A_ASN_375,20.88411251211608,89.0
A,ASP,388,A_ASP_388,3.322628425920672,53.0
A,ASP,418,A_ASP_418,13.660826932292927,34.0
A,CYS,374,A_CYS_374,17.585901581577787,3.0
A,CYS,382,A_CYS_382,17.76340316411063,1.0
A,GLN,372,A_GLN_372,22.996901739776185,174.0
A,GLN,378,A_GLN_378,20.64440214230221,89.0
A,GLN,383,A_GLN_383,19.441228816332607,5.0
A,GLN,391,A_GLN_391,12.371342588727885,95.0
A,GLU,368,A_GLU_368,22.09944341459104,67.0
A,GLU,370,A_GLU_370,22.69054651989752,110.0
A,GLY,349,A_GLY_349,7.024722343352235,41.0
A,GLY,367,A_GLY_367,5.598250805353025,12.0
A,GLY,396,A_GLY_396,10.404871407155312,0.0
A,ILE,353,A_ILE_353,1.7995332952735694,97.0
A,ILE,371,A_ILE_371,18.23658671260238,32.0
A,LEU,360,A_LEU_360,9.376676946878495,46.0
A,LEU,363,A_LEU_363,14.258774937815891,0.0
A,LYS,376,A_LYS_376,20.62067222054399,199.0
A,LYS,377,A_LYS_377,20.549767691100843,70.0
A,LYS,385,A_LYS_385,2.564247765317483,49.0
A,LYS,393,A_LYS_393,16.48095579949297,86.0
A,PHE,361,A_PHE_361,13.76424267468728,1.0
A,PHE,373,A_PHE_373,25.153130666145728,116.0
A,SER,350,A_SER_350,6.116212178600058,48.0
A,SER,351,A_SER_351,15.41577184613623,20.0
A,SER,390,A_SER_390,12.323204093511873,91.0
A,THR,369,A_THR_369,17.67871392398152,0.0
A,THR,389,A_THR_389,16.967975488153883,93.0
A,TYR,352,A_TYR_352,5.900107932321902,20.0
A,TYR,362,A_TYR_362,27.246230640425917,39.0
A,TYR,398,A_TYR_398,4.34161032555464,78.0
A,VAL,381,A_VAL_381,16.886968127726337,1.0
A,VAL,384,A_VAL_384,15.461085238356397,3.0
A,VAL,392,A_VAL_392,15.986504849153793,23.0
