chain,resname,resnum,res_key,density,ACC
A,ALA,102,A_ALA_102,12.905712434765425,10.0
A,ALA,111,A_ALA_111,10.851815277582135,25.0
A,ALA,116,A_ALA_116,9.284028817943447,18.0
A,ARG,40,A_ARG_40,10.008881406640295,128.0
A,ARG,45,A_ARG_45,26.1699100609518,116.0
A,ASN,41,A_ASN_41,20.100991080640167,0.0
A,ASN,64,A_ASN_64,13.512044868536451,90.0
A,ASN,105,A_ASN_105,2.5106396050201725,149.0
A,ASP,69,A_ASP_69,21.92606507740325,70.0
A,ASP,108,A_ASP_108,14.119929661508127,88.0
A,ASP,123,A_ASP_123,8.041523647676552,44.0
A,CYS,48,A_CYS_48,18.84375058907574,0.0
A,GLN,13,A_GLN_13,14.787753174517691,36.0
A,GLN,98,A_GLN_98,22.98409094189076,19.0
A,GLU,110,A_GLU_110,13.500532030685545,116.0
A,GLU,120,A_GLU_120,17.21777515615338,77.0
A,GLY,66,A_GLY_66,10.698164195122065,23.0
A,ILE,14,A_ILE_14,18.341131317767445,44.0
A,ILE,67,A_ILE_67,18.22901934669298,63.0
A,ILE,68,A_ILE_68,18.12266151464294,1.0
A,ILE,100,A_ILE_100,17.463003513858567,10.0
A,LEU,15,A_LEU_15,18.067692325525694,6.0
A,LEU,17,A_LEU_17,1.87149306384568,14.0
A,LEU,39,A_LEU_39,14.684496881850649,0.0
A,LEU,121,A_LEU_121,18.883649277417007,29.0
A,LYS,46,A_LYS_46,20.77460020401957,106.0
A,LYS,50,A_LYS_50,20.4718966549904,58.0
A,LYS,52,A_LYS_52,4.475062450398012,84.0
A,LYS,114,A_LYS_114,2.841470916554659,151.0
A,MET,96,A_MET_96,3.3048594729673573,41.0
A,MET,109,A_MET_109,20.826764765894666,49.0
A,MET,122,A_MET_122,20.578748053134163,5.0
A,PHE,49,A_PHE_49,25.682476534044028,3.0
A,PHE,101,A_PHE_101,24.992943510740623,57.0
A,PRO,42,A_PRO_42,2.0039774696099597,74.0
A,PRO,63,A_PRO_63,9.525148915757454,54.0
A,PRO,70,A_PRO_70,8.021248189372104,56.0
A,PRO,103,A_PRO_103,16.06920669531309,61.0
A,PRO,104,A_PRO_104,9.08821164592559,129.0
A,SER,43,A_SER_43,5.137042466199713,17.0
A,SER,65,A_SER_65,16.24481554299576,51.0
A,SER,72,A_SER_72,3.01959018155273,51.0
A,SER,107,A_SER_107,10.027726680368282,124.0
A,THR,99,A_THR_99,18.18920042143438,0.0
A,THR,106,A_THR_106,17.71856464483361,39.0
A,TRP,113,A_TRP_113,31.408277262506285,38.0
A,VAL,47,A_VAL_47,16.215499728654272,0.0
A,VAL,51,A_VAL_51,11.200757566399034,15.0
A,VAL,74,A_VAL_74,10.468080945177112,38.0
A,VAL,76,A_VAL_76,1.9741237104965608,0.0
A,VAL,97,A_VAL_97,17.147922980137523,0.0
A,VAL,112,A_VAL_112,16.133236645347424,12.0
