chain,resname,resnum,res_key,density,ACC
A,ALA,53,A_ALA_53,12.881532464024776,34.0
A,ASN,47,A_ASN_47,21.185261472038302,59.0
A,ASN,82,A_ASN_82,7.391623561479919,26.0
A,ASP,43,A_ASP_43,21.20115107522996,21.0
A,ASP,79,A_ASP_79,21.648702437548486,0.0
A,CYS,45,A_CYS_45,17.892364684342187,3.0
A,CYS,46,A_CYS_46,17.937037388627797,65.0
A,GLN,91,A_GLN_91,2.773467888460198,2.0
A,GLU,71,A_GLU_71,23.68002558176041,84.0
A,GLU,78,A_GLU_78,12.974031675122315,70.0
A,GLU,81,A_GLU_81,2.807574743001625,93.0
A,GLY,40,A_GLY_40,10.729510200095335,5.0
A,GLY,42,A_GLY_42,10.27000451087916,37.0
A,GLY,52,A_GLY_52,10.665493508521743,13.0
A,GLY,73,A_GLY_73,10.470542168990823,32.0
A,GLY,113,A_GLY_113,1.834541576344144,0.0
A,GLY,117,A_GLY_117,1.948165059755012,0.0
A,HIS,39,A_HIS_39,23.59642629418105,3.0
A,ILE,37,A_ILE_37,18.26373137115132,0.0
A,ILE,54,A_ILE_54,19.0831410894331,15.0
A,ILE,72,A_ILE_72,17.510940168684176,7.0
A,LEU,35,A_LEU_35,5.469363911636095,0.0
A,LEU,49,A_LEU_49,13.143423102155154,161.0
A,LEU,68,A_LEU_68,19.3332331206008,37.0
A,LEU,70,A_LEU_70,18.28600333825807,8.0
A,LEU,76,A_LEU_76,18.927594136887965,84.0
A,LYS,55,A_LYS_55,20.5540627254623,59.0
A,LYS,56,A_LYS_56,2.6156135691013027,140.0
A,LYS,74,A_LYS_74,10.513632430508189,189.0
A,MET,41,A_MET_41,9.96560852188814,19.0
A,MET,51,A_MET_51,20.981821631504257,4.0
A,MET,77,A_MET_77,12.89522998759975,122.0
A,MET,112,A_MET_112,5.844910814144566,0.0
A,PHE,114,A_PHE_114,22.7462367987788,5.0
A,PRO,48,A_PRO_48,15.67818682379319,89.0
A,SER,44,A_SER_44,15.684628033532729,10.0
A,SER,50,A_SER_50,14.742599394685408,34.0
A,SER,69,A_SER_69,16.596372663718377,19.0
A,SER,83,A_SER_83,10.06066639311387,2.0
A,THR,75,A_THR_75,16.931159620517377,73.0
A,TRP,38,A_TRP_38,27.99443316070074,1.0
A,TYR,66,A_TYR_66,3.0023707163264883,66.0
A,VAL,36,A_VAL_36,14.099871111843102,0.0
A,VAL,67,A_VAL_67,13.734084594183582,8.0
A,VAL,80,A_VAL_80,17.060757010588347,40.0
A,VAL,95,A_VAL_95,2.069372718489652,2.0
