chain,resname,resnum,res_key,density,ACC
A,ALA,870,A_ALA_870,12.76015788808187,1.0
A,ALA,872,A_ALA_872,11.702207093732213,35.0
A,ALA,873,A_ALA_873,12.138228851548044,0.0
A,ALA,942,A_ALA_942,3.561234765033914,4.0
A,ARG,864,A_ARG_864,19.231116033956248,146.0
A,ARG,913,A_ARG_913,10.416286951356886,75.0
A,ASN,869,A_ASN_869,20.99494410462805,103.0
A,ASN,918,A_ASN_918,12.041592324692122,110.0
A,ASN,949,A_ASN_949,23.43513228355558,107.0
A,ASP,865,A_ASP_865,21.763688050055,111.0
A,ASP,923,A_ASP_923,21.02549314771185,43.0
A,CYS,866,A_CYS_866,18.34053917503335,2.0
A,CYS,921,A_CYS_921,18.0737011929584,51.0
A,GLN,862,A_GLN_862,22.31788891138256,74.0
A,GLN,915,A_GLN_915,19.997178721822948,65.0
A,GLU,871,A_GLU_871,5.200060017543518,118.0
A,GLU,925,A_GLU_925,14.344834171570108,64.0
A,GLU,944,A_GLU_944,22.86946504384737,48.0
A,GLY,917,A_GLY_917,10.393944807560274,36.0
A,ILE,863,A_ILE_863,18.559033553584207,0.0
A,ILE,914,A_ILE_914,18.05788647120615,12.0
A,ILE,946,A_ILE_946,14.57116830596077,3.0
A,LEU,868,A_LEU_868,17.858165034871398,29.0
A,LEU,877,A_LEU_877,8.595083027499015,0.0
A,LEU,896,A_LEU_896,1.975707870963722,1.0
A,LEU,912,A_LEU_912,15.376889444240526,0.0
A,LEU,924,A_LEU_924,17.62854885617978,0.0
A,LEU,926,A_LEU_926,8.191053777718784,2.0
A,LEU,947,A_LEU_947,18.39589363861181,3.0
A,LYS,876,A_LYS_876,12.0544908756683,60.0
A,LYS,948,A_LYS_948,20.60423386682804,93.0
A,PHE,861,A_PHE_861,3.14353241273996,41.0
A,PRO,867,A_PRO_867,16.258751308748728,90.0
A,PRO,916,A_PRO_916,7.353468780251697,95.0
A,PRO,919,A_PRO_919,15.393344343572483,115.0
A,SER,874,A_SER_874,2.7853531097072826,16.0
A,SER,920,A_SER_920,15.01183798355843,89.0
A,THR,922,A_THR_922,17.68098269041336,16.0
A,THR,945,A_THR_945,13.849832805243896,47.0
A,TYR,940,A_TYR_940,13.23058238163298,34.0
A,TYR,943,A_TYR_943,19.062525503290093,1.0
