chain,resname,resnum,res_key,density,ACC
A,ALA,510,A_ALA_510,12.451631278114482,0.0
A,ALA,522,A_ALA_522,6.694567826977945,22.0
A,ALA,637,A_ALA_637,2.07148565757675,19.0
A,ASN,501,A_ASN_501,15.876351330975549,35.0
A,ASN,507,A_ASN_507,21.32454850537001,148.0
A,ASN,508,A_ASN_508,21.192617711884136,114.0
A,ASN,514,A_ASN_514,2.6194581306417235,23.0
A,ASP,481,A_ASP_481,11.159617372080945,14.0
A,ASP,521,A_ASP_521,2.8947707926783046,60.0
A,CYS,480,A_CYS_480,17.261957718440087,0.0
A,CYS,505,A_CYS_505,17.286235560871496,6.0
A,CYS,512,A_CYS_512,17.92293957269344,0.0
A,CYS,517,A_CYS_517,18.317236309194456,10.0
A,GLN,500,A_GLN_500,11.162127546424395,11.0
A,GLN,506,A_GLN_506,22.559546801628056,68.0
A,GLN,518,A_GLN_518,22.53553201643484,21.0
A,GLN,523,A_GLN_523,2.48313034662186,13.0
A,GLU,479,A_GLU_479,23.46094786239361,84.0
A,GLU,619,A_GLU_619,3.0696186397085863,48.0
A,GLY,502,A_GLY_502,10.35708500772094,10.0
A,GLY,515,A_GLY_515,10.306460841190102,7.0
A,GLY,620,A_GLY_620,7.3311823002038174,0.0
A,GLY,624,A_GLY_624,3.235823934322906,25.0
A,ILE,499,A_ILE_499,18.78465653449446,11.0
A,ILE,628,A_ILE_628,3.908498921620775,1.0
A,LEU,640,A_LEU_640,1.9059557224564012,22.0
A,LYS,509,A_LYS_509,20.449463269947078,152.0
A,LYS,622,A_LYS_622,20.358689023202263,57.0
A,LYS,627,A_LYS_627,3.174717279937154,93.0
A,MET,516,A_MET_516,21.470469932424457,95.0
A,PRO,504,A_PRO_504,16.114831396036884,45.0
A,SER,478,A_SER_478,16.27428813619543,23.0
A,THR,621,A_THR_621,17.773925109335465,0.0
A,TYR,503,A_TYR_503,28.9479255651156,67.0
A,TYR,511,A_TYR_511,28.65513096139725,36.0
A,TYR,513,A_TYR_513,17.3658675076013,17.0
A,TYR,519,A_TYR_519,28.84765552343369,64.0
A,TYR,520,A_TYR_520,2.7056296279339205,37.0
A,TYR,642,A_TYR_642,14.73667990161082,73.0
A,VAL,655,A_VAL_655,5.983820873527055,21.0
