chain,resname,resnum,res_key,density,ACC
A,ALA,159,A_ALA_159,11.935489253980425,11.0
A,ARG,120,A_ARG_120,23.874765372915093,46.0
A,ARG,163,A_ARG_163,27.34394258038925,161.0
A,ASP,118,A_ASP_118,21.55137663933665,49.0
A,ASP,121,A_ASP_121,5.817020040625515,121.0
A,ASP,170,A_ASP_170,2.473618779077141,19.0
A,CYS,18,A_CYS_18,18.56234075282981,23.0
A,CYS,81,A_CYS_81,17.55991357332708,0.0
A,CYS,157,A_CYS_157,18.959825294372965,1.0
A,GLN,162,A_GLN_162,23.234167177356863,79.0
A,GLU,156,A_GLU_156,24.37529275322732,25.0
A,GLU,171,A_GLU_171,3.874877118187394,34.0
A,GLY,15,A_GLY_15,10.883820848572972,14.0
A,GLY,114,A_GLY_114,10.61397579762216,0.0
A,GLY,164,A_GLY_164,10.589042347721922,26.0
A,ILE,80,A_ILE_80,8.025527878800805,0.0
A,ILE,111,A_ILE_111,9.66485236219872,0.0
A,ILE,137,A_ILE_137,5.1922431610070605,6.0
A,LEU,19,A_LEU_19,18.457757914677146,1.0
A,LEU,20,A_LEU_20,12.537741077595893,0.0
A,LEU,79,A_LEU_79,9.283630105372303,0.0
A,LEU,84,A_LEU_84,17.252766918126916,0.0
A,LEU,112,A_LEU_112,15.790382393435438,0.0
A,LEU,117,A_LEU_117,18.570432496207147,10.0
A,LEU,119,A_LEU_119,18.001972452481812,48.0
A,LEU,155,A_LEU_155,18.74325922014636,29.0
A,LEU,160,A_LEU_160,17.856970014567118,95.0
A,LEU,165,A_LEU_165,18.752878899213805,7.0
A,LYS,16,A_LYS_16,15.057276218425848,9.0
A,LYS,116,A_LYS_116,22.062225936005923,67.0
A,LYS,153,A_LYS_153,3.363010538315748,96.0
A,LYS,166,A_LYS_166,15.05782732971698,116.0
A,PHE,28,A_PHE_28,8.487274075657986,96.0
A,PHE,82,A_PHE_82,24.98177645845761,0.0
A,PHE,169,A_PHE_169,22.76861187605684,0.0
A,SER,22,A_SER_22,16.871545332267196,0.0
A,SER,83,A_SER_83,15.793967004515643,2.0
A,SER,158,A_SER_158,15.94295881793238,0.0
A,THR,17,A_THR_17,8.659399359382292,25.0
A,THR,115,A_THR_115,18.004412941709628,5.0
A,THR,161,A_THR_161,18.37876905564491,84.0
A,THR,167,A_THR_167,17.74974753274869,66.0
A,TYR,23,A_TYR_23,13.198338033376563,32.0
A,TYR,139,A_TYR_139,18.140489915881545,116.0
A,TYR,154,A_TYR_154,27.760707196590765,13.0
A,VAL,8,A_VAL_8,2.018331125301485,0.0
A,VAL,14,A_VAL_14,13.619267510240755,2.0
A,VAL,85,A_VAL_85,10.522549787690249,22.0
A,VAL,113,A_VAL_113,16.75061613350079,0.0
A,VAL,168,A_VAL_168,16.800662128853258,0.0
