chain,resname,resnum,res_key,density,ACC
A,ALA,622,A_ALA_622,13.022819525697248,0.0
A,ARG,411,A_ARG_411,23.91467601180996,50.0
A,ARG,436,A_ARG_436,7.882309525145572,170.0
A,ASP,432,A_ASP_432,21.50733544564441,42.0
A,ASP,626,A_ASP_626,12.785170963839096,90.0
A,ASP,629,A_ASP_629,21.04291233679152,84.0
A,ASP,632,A_ASP_632,22.493315220209407,5.0
A,ASP,672,A_ASP_672,21.51095196791633,17.0
A,ASP,721,A_ASP_721,21.512757842004387,15.0
A,CYS,634,A_CYS_634,17.754475568898947,33.0
A,CYS,666,A_CYS_666,18.010081316375334,11.0
A,CYS,668,A_CYS_668,17.602992342336226,13.0
A,CYS,723,A_CYS_723,18.93987035316234,6.0
A,GLN,433,A_GLN_433,2.484825052683465,19.0
A,GLN,641,A_GLN_641,13.21235568198141,77.0
A,GLN,662,A_GLN_662,5.479662548584839,133.0
A,GLN,724,A_GLN_724,7.646597403281199,131.0
A,GLU,628,A_GLU_628,2.4987012466942717,183.0
A,GLU,631,A_GLU_631,22.636016004625034,87.0
A,GLU,640,A_GLU_640,22.769584633644666,5.0
A,GLU,671,A_GLU_671,22.079609200247827,120.0
A,GLY,412,A_GLY_412,4.663765637210373,7.0
A,GLY,633,A_GLY_633,9.86682077735332,5.0
A,GLY,637,A_GLY_637,10.434404735583268,1.0
A,GLY,720,A_GLY_720,6.017015088051917,12.0
A,HIS,623,A_HIS_623,22.702887032913274,3.0
A,ILE,635,A_ILE_635,17.789768241049536,26.0
A,ILE,665,A_ILE_665,17.672255453946658,77.0
A,ILE,718,A_ILE_718,7.540038944278385,24.0
A,LEU,410,A_LEU_410,5.247891458415631,5.0
A,LEU,621,A_LEU_621,17.21354007485336,39.0
A,LEU,636,A_LEU_636,19.42652081400947,14.0
A,LEU,667,A_LEU_667,18.087330019210025,86.0
A,LEU,670,A_LEU_670,5.235317042329411,41.0
A,LYS,639,A_LYS_639,20.19794591400221,30.0
A,LYS,717,A_LYS_717,4.229231422810092,60.0
A,LYS,722,A_LYS_722,16.274078878605046,95.0
A,PHE,431,A_PHE_431,18.350871333498223,28.0
A,PHE,642,A_PHE_642,1.9811387268868148,12.0
A,PHE,673,A_PHE_673,2.954880191471583,19.0
A,PRO,627,A_PRO_627,10.198945565951934,102.0
A,PRO,663,A_PRO_663,12.153073678344631,83.0
A,SER,624,A_SER_624,14.843270401957,48.0
A,SER,664,A_SER_664,15.185046921027864,52.0
A,SER,669,A_SER_669,15.007083820323288,32.0
A,THR,625,A_THR_625,17.36497017193044,103.0
A,TYR,513,A_TYR_513,13.021947961949085,52.0
A,TYR,630,A_TYR_630,28.604581631034613,181.0
A,TYR,638,A_TYR_638,28.687040179980585,17.0
