chain,resname,resnum,res_key,density,ACC
A,ALA,1882,A_ALA_1882,12.401870853145004,1.0
A,ARG,1877,A_ARG_1877,8.407194152745014,42.0
A,ARG,2042,A_ARG_2042,27.042760023386208,39.0
A,ASN,1816,A_ASN_1816,12.47349344184996,79.0
A,ASP,1808,A_ASP_1808,1.857279463001158,0.0
A,ASP,1880,A_ASP_1880,12.19524049453269,18.0
A,ASP,1958,A_ASP_1958,20.89413729233012,47.0
A,ASP,1960,A_ASP_1960,21.92445413922577,121.0
A,ASP,1962,A_ASP_1962,20.170032633878,105.0
A,CYS,1957,A_CYS_1957,18.04097776474323,29.0
A,CYS,1987,A_CYS_1987,17.7068923899773,0.0
A,GLU,1881,A_GLU_1881,23.153410870021887,65.0
A,GLU,1959,A_GLU_1959,22.73633050559381,33.0
A,GLU,1961,A_GLU_1961,14.145815144936847,100.0
A,GLU,2041,A_GLU_2041,12.433610175161755,137.0
A,GLY,1964,A_GLY_1964,2.683434838322901,12.0
A,HIS,1878,A_HIS_1878,10.347317034550027,53.0
A,HIS,2061,A_HIS_2061,18.616295577382903,54.0
A,ILE,1954,A_ILE_1954,5.753648289289661,22.0
A,ILE,1963,A_ILE_1963,9.486177625978392,81.0
A,LEU,1806,A_LEU_1806,3.3420543011469994,3.0
A,LEU,1811,A_LEU_1811,7.062331482504176,22.0
A,LEU,1817,A_LEU_1817,12.359427341417412,2.0
A,LEU,1820,A_LEU_1820,5.386255199418582,3.0
A,LEU,2059,A_LEU_2059,1.7373762129660983,26.0
A,LYS,1956,A_LYS_1956,17.977492294145954,43.0
A,LYS,1982,A_LYS_1982,14.432353159160856,89.0
A,LYS,1984,A_LYS_1984,20.117420640659237,55.0
A,LYS,1990,A_LYS_1990,20.836737619744103,80.0
A,LYS,1991,A_LYS_1991,4.468878182825961,103.0
A,LYS,2031,A_LYS_2031,4.211852085915567,50.0
A,PHE,1815,A_PHE_1815,25.114199950921645,1.0
A,PHE,1955,A_PHE_1955,20.5993512366776,0.0
A,PRO,1988,A_PRO_1988,16.28915218566973,9.0
A,PRO,1989,A_PRO_1989,16.37292886318203,32.0
A,SER,1814,A_SER_1814,10.265081715461964,58.0
A,SER,1819,A_SER_1819,3.093581111906312,55.0
A,SER,2040,A_SER_2040,2.892214717952332,51.0
A,THR,1983,A_THR_1983,17.4263229438262,0.0
A,TRP,1981,A_TRP_1981,8.16732943627251,0.0
A,TYR,1813,A_TYR_1813,27.23638972099695,65.0
A,TYR,1876,A_TYR_1876,19.39617955237285,5.0
A,VAL,1770,A_VAL_1770,13.902272872517845,42.0
A,VAL,1883,A_VAL_1883,16.596658845417366,0.0
A,VAL,1985,A_VAL_1985,16.883524440509017,34.0
A,VAL,1986,A_VAL_1986,16.556072032567442,0.0
A,VAL,2060,A_VAL_2060,2.24197370366395,8.0
