chain,resname,resnum,res_key,density,ACC
A,ALA,210,A_ALA_210,12.250910110177612,47.0
A,ALA,234,A_ALA_234,11.725839767503594,27.0
A,ALA,241,A_ALA_241,11.710629299115384,60.0
A,ALA,283,A_ALA_283,12.174308167470668,0.0
A,ALA,294,A_ALA_294,12.68187063780153,0.0
A,ARG,233,A_ARG_233,16.09966129815058,151.0
A,ARG,246,A_ARG_246,14.814432054563015,35.0
A,ARG,282,A_ARG_282,26.5471756296919,69.0
A,ASN,247,A_ASN_247,2.8335680096039497,141.0
A,ASN,263,A_ASN_263,20.77511658573342,60.0
A,ASP,290,A_ASP_290,21.16595734420384,49.0
A,CYS,232,A_CYS_232,17.467633605302666,0.0
A,CYS,281,A_CYS_281,18.20842470452278,0.0
A,GLN,293,A_GLN_293,22.53725632782708,109.0
A,GLU,265,A_GLU_265,14.772903498593516,76.0
A,GLU,289,A_GLU_289,23.034172143889197,101.0
A,GLU,291,A_GLU_291,24.12385731933475,84.0
A,GLY,248,A_GLY_248,10.619722655022018,74.0
A,GLY,261,A_GLY_261,3.070489252986586,51.0
A,GLY,277,A_GLY_277,3.0381434412695807,12.0
A,GLY,288,A_GLY_288,3.589131036324197,27.0
A,ILE,211,A_ILE_211,18.365558894869004,7.0
A,ILE,242,A_ILE_242,18.371458988858222,15.0
A,ILE,251,A_ILE_251,17.67391308513721,12.0
A,LEU,250,A_LEU_250,14.206822674965778,82.0
A,LEU,259,A_LEU_259,7.58369093519342,23.0
A,LEU,266,A_LEU_266,17.357356006105658,0.0
A,LYS,249,A_LYS_249,8.773216184965566,160.0
A,LYS,260,A_LYS_260,3.213783409422107,110.0
A,LYS,292,A_LYS_292,20.170709709470334,80.0
A,MET,213,A_MET_213,21.35452182270865,13.0
A,PHE,218,A_PHE_218,25.045145116603027,78.0
A,PHE,230,A_PHE_230,24.619103146328733,1.0
A,PHE,245,A_PHE_245,25.162649661863284,31.0
A,PHE,295,A_PHE_295,4.929484876317118,79.0
A,PRO,209,A_PRO_209,13.276653718603155,11.0
A,PRO,214,A_PRO_214,9.675611359713086,38.0
A,PRO,240,A_PRO_240,11.573116902901658,12.0
A,PRO,278,A_PRO_278,14.266700294160524,45.0
A,SER,212,A_SER_212,15.54037511515823,72.0
A,SER,217,A_SER_217,16.056510886935975,3.0
A,SER,231,A_SER_231,15.817944852455255,16.0
A,SER,235,A_SER_235,2.5426823879866145,78.0
A,SER,243,A_SER_243,15.802493460044948,23.0
A,SER,262,A_SER_262,5.67867803014756,107.0
A,THR,229,A_THR_229,2.554095677776368,65.0
A,THR,264,A_THR_264,18.19554278382341,37.0
A,THR,267,A_THR_267,2.800341782927363,6.0
A,THR,284,A_THR_284,16.635545082682526,48.0
A,TRP,244,A_TRP_244,33.322276805366734,2.0
A,TYR,279,A_TYR_279,25.61408193512792,0.0
A,VAL,280,A_VAL_280,16.145680248980515,30.0
