chain,resname,resnum,res_key,density,ACC
A,ALA,279,A_ALA_279,12.964698396111528,2.0
A,ALA,293,A_ALA_293,12.190788888318275,74.0
A,ALA,299,A_ALA_299,13.304956262790837,21.0
A,ARG,277,A_ARG_277,8.782868500060369,143.0
A,CYS,296,A_CYS_296,17.007610165913086,1.0
A,CYS,317,A_CYS_317,6.920408654865112,0.0
A,GLN,282,A_GLN_282,22.600217616376856,22.0
A,GLN,287,A_GLN_287,14.543981227981796,157.0
A,GLN,292,A_GLN_292,5.469325425987797,130.0
A,GLN,300,A_GLN_300,22.72961456921641,101.0
A,GLN,304,A_GLN_304,22.067686662586727,137.0
A,GLU,295,A_GLU_295,24.03901354549905,116.0
A,HIS,281,A_HIS_281,18.99455675796736,122.0
A,HIS,326,A_HIS_326,15.888056313516412,101.0
A,LEU,286,A_LEU_286,17.937926045300824,39.0
A,LEU,288,A_LEU_288,15.178468841189964,66.0
A,LEU,310,A_LEU_310,1.8848278808933063,17.0
A,LYS,303,A_LYS_303,16.809463016210522,127.0
A,LYS,305,A_LYS_305,10.10528631993869,137.0
A,MET,294,A_MET_294,21.050581753310794,81.0
A,PHE,284,A_PHE_284,24.702129229229968,30.0
A,PHE,302,A_PHE_302,23.59645905037249,4.0
A,PRO,278,A_PRO_278,6.439028574559222,23.0
A,PRO,285,A_PRO_285,15.977102687548184,66.0
A,PRO,330,A_PRO_330,3.6657957841214968,3.0
A,SER,280,A_SER_280,12.74645148403696,41.0
A,THR,283,A_THR_283,17.366612710338615,30.0
A,THR,297,A_THR_297,18.74868550412923,19.0
A,THR,327,A_THR_327,7.585013340043866,57.0
A,TYR,301,A_TYR_301,28.95619821331484,52.0
A,TYR,306,A_TYR_306,4.126468353101767,83.0
A,TYR,328,A_TYR_328,29.13759090372631,38.0
A,VAL,298,A_VAL_298,15.575993085918965,1.0
