chain,resname,resnum,res_key,density,ACC
A,ALA,513,A_ALA_513,12.346757132351517,70.0
A,ALA,516,A_ALA_516,12.482980156854618,37.0
A,ALA,541,A_ALA_541,12.738306730120248,3.0
A,ASP,481,A_ASP_481,22.031862970139212,24.0
A,CYS,471,A_CYS_471,12.20005529650706,0.0
A,CYS,473,A_CYS_473,1.7029760024724514,14.0
A,CYS,483,A_CYS_483,17.847014273701273,0.0
A,CYS,484,A_CYS_484,16.949510640266386,0.0
A,CYS,503,A_CYS_503,18.31144480766858,0.0
A,CYS,510,A_CYS_510,12.350006400919463,0.0
A,CYS,511,A_CYS_511,17.474865833430712,7.0
A,CYS,515,A_CYS_515,16.461874794433015,4.0
A,GLN,502,A_GLN_502,22.725079263361916,117.0
A,GLN,507,A_GLN_507,19.75676581732193,52.0
A,GLN,514,A_GLN_514,23.602366379584176,143.0
A,GLU,470,A_GLU_470,8.804738531874081,90.0
A,GLU,482,A_GLU_482,22.64376320678989,137.0
A,GLU,522,A_GLU_522,6.077585855412796,71.0
A,GLY,500,A_GLY_500,9.826387784487682,84.0
A,GLY,508,A_GLY_508,10.950440721256133,9.0
A,GLY,538,A_GLY_538,5.636101684410991,32.0
A,LEU,497,A_LEU_497,17.6547184658202,33.0
A,LYS,480,A_LYS_480,5.56903921502737,151.0
A,LYS,496,A_LYS_496,6.05000162753976,73.0
A,LYS,498,A_LYS_498,20.26911341329616,58.0
A,LYS,501,A_LYS_501,20.06159725608927,75.0
A,LYS,518,A_LYS_518,20.991300397067665,49.0
A,PHE,485,A_PHE_485,2.771229840371042,29.0
A,PHE,517,A_PHE_517,25.87137089720867,52.0
A,PHE,539,A_PHE_539,9.632500277351925,138.0
A,PRO,499,A_PRO_499,13.674454025182085,113.0
A,PRO,505,A_PRO_505,15.116825503033244,47.0
A,PRO,509,A_PRO_509,10.422925242980158,10.0
A,SER,504,A_SER_504,15.381032470343431,0.0
A,SER,506,A_SER_506,13.223454362815584,22.0
A,SER,519,A_SER_519,2.346075629493152,55.0
A,THR,512,A_THR_512,18.019001682147103,25.0
A,THR,540,A_THR_540,10.516629442131224,41.0
