chain,resname,resnum,res_key,density,ACC
A,ALA,528,A_ALA_528,12.433866994114531,1.0
A,ALA,535,A_ALA_535,12.71921830070832,0.0
A,ALA,536,A_ALA_536,11.552388586942923,1.0
A,ALA,539,A_ALA_539,12.09442614929887,7.0
A,ARG,521,A_ARG_521,27.146361550898284,86.0
A,ARG,529,A_ARG_529,26.127802748243436,190.0
A,ASN,498,A_ASN_498,14.985814421234124,14.0
A,ASN,517,A_ASN_517,8.823264297308885,0.0
A,ASN,543,A_ASN_543,5.403841573621546,132.0
A,ASN,547,A_ASN_547,21.106511268951078,5.0
A,ASP,534,A_ASP_534,21.939664964047044,48.0
A,ASP,541,A_ASP_541,17.562120472910404,52.0
A,ASP,570,A_ASP_570,15.644433533285625,59.0
A,CYS,531,A_CYS_531,17.675166319467504,3.0
A,CYS,538,A_CYS_538,17.334839125387408,0.0
A,GLN,524,A_GLN_524,21.61751717575936,55.0
A,GLU,525,A_GLU_525,16.950969701068736,36.0
A,GLU,533,A_GLU_533,22.264929767496085,105.0
A,GLY,526,A_GLY_526,10.58295201646841,71.0
A,GLY,530,A_GLY_530,9.801547890861626,52.0
A,GLY,544,A_GLY_544,10.933562820353508,38.0
A,GLY,549,A_GLY_549,9.955568083397448,0.0
A,GLY,569,A_GLY_569,4.221365705827904,2.0
A,HIS,513,A_HIS_513,15.503273380900335,12.0
A,HIS,520,A_HIS_520,6.290500726373617,10.0
A,ILE,516,A_ILE_516,10.467236229267945,0.0
A,LEU,523,A_LEU_523,17.824983379251126,12.0
A,LEU,548,A_LEU_548,13.829972965670583,0.0
A,LYS,468,A_LYS_468,2.690069248464879,119.0
A,LYS,527,A_LYS_527,15.99426717571356,91.0
A,LYS,546,A_LYS_546,16.853650536958746,82.0
A,LYS,550,A_LYS_550,14.513405951168783,47.0
A,PHE,514,A_PHE_514,13.89602815469182,3.0
A,PHE,515,A_PHE_515,24.71759494010462,13.0
A,PRO,532,A_PRO_532,16.170480247647074,48.0
A,SER,545,A_SER_545,15.7527853798568,45.0
A,TRP,499,A_TRP_499,3.058883112732261,0.0
A,VAL,522,A_VAL_522,15.997735450714,2.0
A,VAL,537,A_VAL_537,16.71354419511833,0.0
A,VAL,540,A_VAL_540,15.71386175438939,24.0
