chain,resname,resnum,res_key,density,ACC
A,ALA,719,A_ALA_719,2.914473641263556,38.0
A,ALA,754,A_ALA_754,9.65992125839164,2.0
A,ARG,745,A_ARG_745,18.772308793259253,231.0
A,ASP,684,A_ASP_684,16.784056304109114,11.0
A,CYS,747,A_CYS_747,18.35266049295906,3.0
A,GLN,683,A_GLN_683,14.178045660190344,136.0
A,GLN,739,A_GLN_739,10.795271301337236,64.0
A,GLN,743,A_GLN_743,20.3349146019159,110.0
A,GLN,755,A_GLN_755,6.9384870132138285,49.0
A,GLN,782,A_GLN_782,13.40273424613564,56.0
A,GLU,685,A_GLU_685,2.4027823911580546,65.0
A,GLU,750,A_GLU_750,24.13762191034865,2.0
A,GLU,752,A_GLU_752,23.709943396495422,104.0
A,HIS,708,A_HIS_708,17.397935135954008,47.0
A,HIS,740,A_HIS_740,20.028273286235617,71.0
A,ILE,679,A_ILE_679,17.584160260502863,0.0
A,ILE,718,A_ILE_718,13.857819417691465,74.0
A,ILE,722,A_ILE_722,9.802352650182586,0.0
A,ILE,734,A_ILE_734,7.828748507530561,0.0
A,ILE,742,A_ILE_742,18.190273730272946,4.0
A,ILE,748,A_ILE_748,18.28117958717492,11.0
A,ILE,753,A_ILE_753,17.771449367728525,26.0
A,ILE,766,A_ILE_766,3.3656657752440724,23.0
A,ILE,769,A_ILE_769,3.249837356111321,0.0
A,LEU,778,A_LEU_778,1.8123905029083052,15.0
A,LEU,785,A_LEU_785,12.062151552798706,2.0
A,PHE,677,A_PHE_677,19.42736369296982,0.0
A,PHE,712,A_PHE_712,8.081031133612179,27.0
A,PHE,727,A_PHE_727,6.836277260330326,5.0
A,PHE,741,A_PHE_741,25.560507200111896,0.0
A,PHE,749,A_PHE_749,25.904466806140885,76.0
A,PHE,768,A_PHE_768,6.2024559158509085,7.0
A,SER,681,A_SER_681,14.300911339421097,5.0
A,SER,682,A_SER_682,15.16699838407241,77.0
A,SER,738,A_SER_738,15.866965331277296,0.0
A,SER,744,A_SER_744,16.33263776265264,29.0
A,TRP,746,A_TRP_746,31.50171358470439,112.0
A,TYR,680,A_TYR_680,27.89989174888514,3.0
A,TYR,751,A_TYR_751,28.22633889240387,6.0
A,VAL,678,A_VAL_678,13.80858935478819,0.0
A,VAL,688,A_VAL_688,1.8770859787375584,0.0
A,VAL,733,A_VAL_733,1.8642085783366211,1.0
A,VAL,735,A_VAL_735,16.3845422627704,0.0
A,VAL,736,A_VAL_736,16.407778327774224,0.0
A,VAL,737,A_VAL_737,16.72893514979631,1.0
