chain,resname,resnum,res_key,density,ACC
A,ALA,265,A_ALA_265,13.252702874563022,0.0
A,ALA,409,A_ALA_409,12.52697156288852,0.0
A,ALA,417,A_ALA_417,13.112530126353054,4.0
A,ALA,418,A_ALA_418,13.443847587575323,0.0
A,ARG,231,A_ARG_231,16.23014673526118,56.0
A,ARG,264,A_ARG_264,19.570918188972986,43.0
A,ARG,268,A_ARG_268,28.23837874950604,94.0
A,ARG,274,A_ARG_274,26.906281406490788,17.0
A,ARG,314,A_ARG_314,17.570251540113404,12.0
A,ASN,318,A_ASN_318,17.710725827428327,3.0
A,ASP,267,A_ASP_267,21.74083198632678,0.0
A,ASP,319,A_ASP_319,3.11505928635668,4.0
A,CYS,261,A_CYS_261,8.424313792537955,0.0
A,CYS,269,A_CYS_269,18.593983237961535,0.0
A,GLN,260,A_GLN_260,3.421184300591685,48.0
A,GLU,236,A_GLU_236,14.59116138812279,56.0
A,GLU,344,A_GLU_344,2.783985744179415,81.0
A,GLY,229,A_GLY_229,5.483584897931227,55.0
A,GLY,232,A_GLY_232,10.298182301635864,0.0
A,GLY,408,A_GLY_408,7.852185213250958,0.0
A,GLY,413,A_GLY_413,5.835911238507764,0.0
A,HIS,234,A_HIS_234,23.657546931559857,38.0
A,ILE,277,A_ILE_277,7.420181222850452,1.0
A,ILE,299,A_ILE_299,3.3723864205867216,1.0
A,LEU,230,A_LEU_230,13.661897688104752,2.0
A,LEU,263,A_LEU_263,14.86828172065351,16.0
A,LEU,266,A_LEU_266,18.697797925288967,0.0
A,LEU,295,A_LEU_295,1.6583264087841991,0.0
A,LEU,315,A_LEU_315,17.664480756598245,0.0
A,LEU,343,A_LEU_343,7.55013083003626,28.0
A,LEU,416,A_LEU_416,13.56555818612742,5.0
A,LYS,275,A_LYS_275,16.24110506565403,142.0
A,LYS,276,A_LYS_276,17.17974864090406,83.0
A,MET,235,A_MET_235,20.64711399649869,118.0
A,MET,298,A_MET_298,8.46656878591715,0.0
A,PHE,174,A_PHE_174,8.36593522585515,14.0
A,PHE,290,A_PHE_290,8.06683175769813,1.0
A,PHE,300,A_PHE_300,10.463571938486387,0.0
A,PHE,410,A_PHE_410,25.11429428172488,0.0
A,PHE,420,A_PHE_420,25.17634994175746,0.0
A,PHE,421,A_PHE_421,25.552252449569547,3.0
A,SER,272,A_SER_272,15.97104265020754,35.0
A,SER,311,A_SER_311,7.000918312785,0.0
A,SER,411,A_SER_411,16.021247470114623,2.0
A,SER,419,A_SER_419,15.162189014351345,0.0
A,SER,422,A_SER_422,10.048703556499174,1.0
A,THR,170,A_THR_170,1.5476051284482406,0.0
A,THR,233,A_THR_233,17.812943907479898,60.0
A,THR,271,A_THR_271,18.314943415667933,68.0
A,TYR,167,A_TYR_167,15.787064189206678,13.0
A,TYR,262,A_TYR_262,29.03425534947821,6.0
A,TYR,270,A_TYR_270,28.696019858605943,0.0
A,TYR,273,A_TYR_273,28.08616987627056,0.0
A,TYR,347,A_TYR_347,7.104859733658516,29.0
A,TYR,412,A_TYR_412,21.266568599723684,6.0
