chain,resname,resnum,res_key,density,ACC
A,ARG,96,A_ARG_96,22.41544090473269,6.0
A,ARG,989,A_ARG_989,20.334219533117544,52.0
A,ASN,906,A_ASN_906,20.85871092191556,32.0
A,ASN,915,A_ASN_915,21.528103119744603,67.0
A,ASN,916,A_ASN_916,17.185724642865505,125.0
A,ASP,242,A_ASP_242,13.601801266162958,1.0
A,ASP,898,A_ASP_898,5.899891111075881,69.0
A,ASP,917,A_ASP_917,21.26887655598524,73.0
A,ASP,944,A_ASP_944,20.438235211167186,2.0
A,ASP,945,A_ASP_945,20.79981495012161,3.0
A,ASP,948,A_ASP_948,15.568611354759607,5.0
A,CYS,238,A_CYS_238,2.473309305525377,2.0
A,CYS,240,A_CYS_240,8.909040134140426,14.0
A,CYS,909,A_CYS_909,17.80737767516527,0.0
A,CYS,914,A_CYS_914,18.08383933465245,18.0
A,GLN,241,A_GLN_241,20.14664235784609,9.0
A,GLN,905,A_GLN_905,23.175302253567363,0.0
A,GLN,921,A_GLN_921,22.293161500400974,5.0
A,GLN,922,A_GLN_922,17.031521451123506,20.0
A,GLU,164,A_GLU_164,2.106045805812075,22.0
A,GLY,904,A_GLY_904,10.934805320655585,2.0
A,GLY,910,A_GLY_910,9.790479905471363,0.0
A,GLY,911,A_GLY_911,10.432884181311888,3.0
A,GLY,913,A_GLY_913,9.94745169019942,45.0
A,HIS,897,A_HIS_897,12.88087063596517,10.0
A,ILE,923,A_ILE_923,12.93459080305303,0.0
A,ILE,943,A_ILE_943,18.342502635250565,0.0
A,LEU,893,A_LEU_893,7.700662481825227,0.0
A,LEU,919,A_LEU_919,18.17126957986653,0.0
A,LYS,903,A_LYS_903,14.648083965454813,160.0
A,MET,907,A_MET_907,21.25079036384361,34.0
A,MET,912,A_MET_912,19.608894300976527,43.0
A,MET,1069,A_MET_1069,11.691113497445958,16.0
A,PHE,924,A_PHE_924,13.181186765059664,17.0
A,PHE,947,A_PHE_947,24.52852400860106,16.0
A,PHE,995,A_PHE_995,8.257277873682753,0.0
A,PHE,1038,A_PHE_1038,19.579525986391918,0.0
A,PRO,166,A_PRO_166,9.72871375810752,7.0
A,PRO,939,A_PRO_939,16.67304555272662,5.0
A,PRO,990,A_PRO_990,5.3595418608511896,3.0
A,SER,239,A_SER_239,15.29320474465435,15.0
A,SER,901,A_SER_901,6.027900254445894,38.0
A,SER,902,A_SER_902,15.884997742245927,46.0
A,SER,918,A_SER_918,17.054885739666126,1.0
A,SER,940,A_SER_940,9.993262525435412,12.0
A,SER,941,A_SER_941,14.760799222141523,0.0
A,THR,900,A_THR_900,2.9013499538680807,41.0
A,THR,1036,A_THR_1036,5.279528319332992,0.0
A,THR,1068,A_THR_1068,3.0925235544747505,54.0
A,TRP,942,A_TRP_942,31.926342937258674,1.0
A,TYR,899,A_TYR_899,26.86658083282817,4.0
A,TYR,946,A_TYR_946,18.96973880567796,0.0
A,TYR,1019,A_TYR_1019,2.7478560955950284,7.0
A,TYR,1037,A_TYR_1037,3.2797781879442907,22.0
A,VAL,908,A_VAL_908,16.59906597136584,0.0
A,VAL,920,A_VAL_920,16.71941354048737,1.0
A,VAL,1065,A_VAL_1065,6.129701756974047,0.0
