chain,resname,resnum,res_key,density,ACC
A,ARG,61,A_ARG_61,16.765481225524553,140.0
A,ASN,63,A_ASN_63,15.061834959876805,163.0
A,CYS,48,A_CYS_48,17.49084324445114,96.0
A,GLN,42,A_GLN_42,2.7237866234814057,134.0
A,GLU,45,A_GLU_45,14.631525188511324,148.0
A,GLY,44,A_GLY_44,10.326325342627683,10.0
A,GLY,49,A_GLY_49,10.775685093134015,44.0
A,ILE,43,A_ILE_43,10.65570485606382,70.0
A,LYS,52,A_LYS_52,20.54039630545318,151.0
A,LYS,62,A_LYS_62,20.379153662237183,57.0
A,PHE,50,A_PHE_50,25.876336333039124,120.0
A,PHE,51,A_PHE_51,24.53071332272976,15.0
A,SER,47,A_SER_47,15.033505043805174,121.0
A,SER,59,A_SER_59,12.745932967185912,76.0
A,THR,41,A_THR_41,3.302972214707059,71.0
A,THR,46,A_THR_46,17.474038787881536,107.0
A,VAL,60,A_VAL_60,14.416972695873078,0.0
