chain,resname,resnum,res_key,density,ACC
A,ALA,14,A_ALA_14,12.80692163012321,1.0
A,ASN,21,A_ASN_21,20.68301420272214,1.0
A,CYS,16,A_CYS_16,18.14920932024171,56.0
A,CYS,168,A_CYS_168,12.742423327369364,39.0
A,GLY,10,A_GLY_10,10.9652055753643,0.0
A,GLY,17,A_GLY_17,10.687244250882166,0.0
A,GLY,24,A_GLY_24,2.6133897502641115,0.0
A,GLY,163,A_GLY_163,10.951350591497128,0.0
A,GLY,166,A_GLY_166,10.504272722147466,0.0
A,GLY,173,A_GLY_173,10.268059295977526,0.0
A,GLY,174,A_GLY_174,2.9111499753544865,0.0
A,LEU,9,A_LEU_9,13.892721898552274,88.0
A,LEU,13,A_LEU_13,18.83707515580228,43.0
A,LEU,18,A_LEU_18,19.12746629092473,34.0
A,LEU,19,A_LEU_19,18.119169514604447,107.0
A,LEU,20,A_LEU_20,18.96573542978243,44.0
A,LEU,22,A_LEU_22,18.260009524118864,69.0
A,LEU,88,A_LEU_88,1.7412714304575578,24.0
A,LEU,95,A_LEU_95,12.203181187249784,36.0
A,LEU,121,A_LEU_121,10.641280465797765,1.0
A,LEU,162,A_LEU_162,16.71781622144788,45.0
A,LEU,165,A_LEU_165,18.52972138789013,87.0
A,LEU,169,A_LEU_169,18.811773272064272,46.0
A,LEU,170,A_LEU_170,17.52538087804945,0.0
A,LEU,171,A_LEU_171,7.600681716314746,27.0
A,LEU,172,A_LEU_172,16.14903909042276,108.0
A,LEU,177,A_LEU_177,1.95136651521717,1.0
A,MET,11,A_MET_11,21.239399985056828,60.0
A,PRO,15,A_PRO_15,16.421808187431996,49.0
A,SER,167,A_SER_167,15.848714905680009,0.0
A,THR,8,A_THR_8,5.960016332284187,70.0
A,THR,23,A_THR_23,14.60994448520198,71.0
A,THR,91,A_THR_91,15.72093632239628,0.0
A,TYR,164,A_TYR_164,6.182783814582324,122.0
A,VAL,12,A_VAL_12,16.997884560440575,85.0
A,VAL,92,A_VAL_92,2.7376259552495887,70.0
A,VAL,161,A_VAL_161,3.1567045277414243,74.0
