chain,resname,resnum,res_key,density,ACC
A,ARG,1279,A_ARG_1279,10.570262400701374,100.0
A,ASP,1310,A_ASP_1310,21.30220440348428,108.0
A,CYS,1308,A_CYS_1308,17.70940430419684,6.0
A,GLN,1304,A_GLN_1304,21.06022014170922,76.0
A,GLU,1275,A_GLU_1275,10.156355597570524,1.0
A,GLU,1306,A_GLU_1306,23.650575752500732,141.0
A,GLU,1314,A_GLU_1314,19.54362006141976,87.0
A,GLY,1270,A_GLY_1270,5.883194178160624,0.0
A,ILE,1182,A_ILE_1182,18.80868191515688,1.0
A,ILE,1337,A_ILE_1337,3.8426474649858697,0.0
A,ILE,1340,A_ILE_1340,15.915445399583112,17.0
A,LEU,1181,A_LEU_1181,18.49534735166321,7.0
A,LEU,1272,A_LEU_1272,6.288359232596392,0.0
A,LEU,1273,A_LEU_1273,18.03652738480524,3.0
A,LEU,1276,A_LEU_1276,16.413763508525523,1.0
A,LEU,1302,A_LEU_1302,9.626704789372692,6.0
A,LEU,1303,A_LEU_1303,13.999154189764711,70.0
A,LEU,1312,A_LEU_1312,18.54429714219095,1.0
A,LEU,1317,A_LEU_1317,12.525935626587186,18.0
A,LYS,1179,A_LYS_1179,10.662063461140676,62.0
A,MET,1277,A_MET_1277,21.560416737331487,14.0
A,MET,1316,A_MET_1316,20.988659212183904,0.0
A,PHE,1344,A_PHE_1344,12.902647534538009,58.0
A,PRO,1305,A_PRO_1305,16.014723061471123,12.0
A,PRO,1309,A_PRO_1309,15.593222276994716,30.0
A,PRO,1311,A_PRO_1311,16.313213328001464,75.0
A,THR,1177,A_THR_1177,5.619771665611707,25.0
A,THR,1278,A_THR_1278,18.146357896233493,34.0
A,THR,1343,A_THR_1343,3.371454197883548,102.0
A,TRP,1274,A_TRP_1274,31.795970485513468,22.0
A,TRP,1320,A_TRP_1320,8.298560224263042,0.0
A,TYR,1307,A_TYR_1307,28.358698253323357,111.0
A,TYR,1313,A_TYR_1313,27.42168316526041,33.0
A,VAL,1178,A_VAL_1178,16.153920881186348,44.0
A,VAL,1271,A_VAL_1271,3.4017606546032195,0.0
A,VAL,1315,A_VAL_1315,16.603877788727196,5.0
A,VAL,1359,A_VAL_1359,1.928362707030386,113.0
