chain,resname,resnum,res_key,density,ACC
A,ALA,592,A_ALA_592,11.8671103756919,80.0
A,ARG,605,A_ARG_605,27.28333015492476,97.0
A,ARG,610,A_ARG_610,14.58088464806584,158.0
A,ASN,594,A_ASN_594,21.529246318083278,149.0
A,ASN,598,A_ASN_598,19.895054305500665,24.0
A,ASP,569,A_ASP_569,20.09634449368367,38.0
A,ASP,606,A_ASP_606,21.47122443675346,34.0
A,CYS,582,A_CYS_582,17.944900659089548,1.0
A,CYS,591,A_CYS_591,17.55507798296416,31.0
A,CYS,593,A_CYS_593,17.155223975974145,9.0
A,CYS,600,A_CYS_600,10.053359588460308,0.0
A,CYS,603,A_CYS_603,17.468053508145942,4.0
A,CYS,604,A_CYS_604,18.827863009811804,4.0
A,CYS,611,A_CYS_611,17.4024727420923,46.0
A,CYS,630,A_CYS_630,1.9221094167743675,21.0
A,GLN,586,A_GLN_586,4.130983790371602,77.0
A,GLN,587,A_GLN_587,2.7161306696000374,181.0
A,GLU,583,A_GLU_583,20.53316486931478,85.0
A,GLU,589,A_GLU_589,23.050390308874523,101.0
A,GLU,595,A_GLU_595,10.419833286991526,130.0
A,GLY,609,A_GLY_609,10.48478312606125,46.0
A,LEU,588,A_LEU_588,18.21011878734149,43.0
A,LEU,607,A_LEU_607,2.607272000288539,177.0
A,LEU,622,A_LEU_622,3.314606749046559,41.0
A,LEU,624,A_LEU_624,11.244808827835875,20.0
A,LYS,601,A_LYS_601,14.95031757784499,35.0
A,LYS,628,A_LYS_628,8.098898448894088,65.0
A,PHE,581,A_PHE_581,19.902228833212185,22.0
A,PRO,580,A_PRO_580,16.289907238542032,49.0
A,PRO,613,A_PRO_613,15.900193784559242,38.0
A,PRO,629,A_PRO_629,5.946017819175776,94.0
A,SER,590,A_SER_590,15.3158771660979,41.0
A,SER,599,A_SER_599,14.635281363426133,11.0
A,THR,631,A_THR_631,1.839696019794313,70.0
A,TYR,614,A_TYR_614,18.80306420858547,46.0
A,VAL,602,A_VAL_602,16.83989830158299,9.0
A,VAL,612,A_VAL_612,16.23040828737338,59.0
