chain,resname,resnum,res_key,density,ACC
A,ALA,641,A_ALA_641,2.3250890014849275,71.0
A,ARG,539,A_ARG_539,2.644840384138999,135.0
A,ARG,555,A_ARG_555,2.2035412650959145,30.0
A,ASN,585,A_ASN_585,15.34010680612178,36.0
A,ASP,675,A_ASP_675,10.85566526222849,57.0
A,CYS,607,A_CYS_607,18.30012154526411,0.0
A,GLN,640,A_GLN_640,17.838976990857553,29.0
A,GLN,676,A_GLN_676,19.93159930878784,138.0
A,GLU,579,A_GLU_579,10.569471944869928,112.0
A,GLY,547,A_GLY_547,9.995090151586547,10.0
A,GLY,608,A_GLY_608,9.832373632893386,0.0
A,GLY,611,A_GLY_611,7.580222259040356,83.0
A,GLY,678,A_GLY_678,9.771864316391738,6.0
A,ILE,558,A_ILE_558,8.377405496413084,4.0
A,ILE,584,A_ILE_584,17.869826458073167,19.0
A,ILE,619,A_ILE_619,14.18657859495366,0.0
A,ILE,672,A_ILE_672,18.908050095365606,0.0
A,LEU,556,A_LEU_556,17.807933954707938,0.0
A,LEU,565,A_LEU_565,18.313117143260506,0.0
A,LEU,566,A_LEU_566,11.502277646104748,4.0
A,LEU,582,A_LEU_582,18.57618669559784,0.0
A,LEU,583,A_LEU_583,18.76478726252336,41.0
A,LEU,612,A_LEU_612,18.50416186213657,48.0
A,LEU,614,A_LEU_614,7.859843636377938,26.0
A,LEU,620,A_LEU_620,17.151572797027615,0.0
A,LEU,637,A_LEU_637,5.519350257012816,0.0
A,LEU,673,A_LEU_673,10.806150378323078,0.0
A,LEU,674,A_LEU_674,17.276569410277254,1.0
A,LEU,677,A_LEU_677,17.992681627675616,11.0
A,LYS,638,A_LYS_638,5.604601804893893,16.0
A,MET,580,A_MET_580,21.34384612276628,0.0
A,MET,622,A_MET_622,15.37185742351186,1.0
A,PHE,549,A_PHE_549,8.672816112848073,0.0
A,PRO,603,A_PRO_603,5.834603409449212,19.0
A,PRO,609,A_PRO_609,16.05420649906104,49.0
A,PRO,617,A_PRO_617,2.609378278191991,6.0
A,SER,543,A_SER_543,5.82223192178291,39.0
A,SER,544,A_SER_544,12.493561059051158,29.0
A,SER,546,A_SER_546,8.776744938644068,60.0
A,SER,557,A_SER_557,4.439764526053123,17.0
A,SER,564,A_SER_564,16.09733462015298,1.0
A,SER,604,A_SER_604,15.78796318419729,5.0
A,THR,606,A_THR_606,17.072013826202603,13.0
A,THR,610,A_THR_610,18.048523939066413,96.0
A,THR,621,A_THR_621,12.67649734180619,5.0
A,THR,639,A_THR_639,15.01201854021736,30.0
A,THR,679,A_THR_679,17.952670104104904,18.0
A,TRP,646,A_TRP_646,3.538531912733513,31.0
A,TYR,578,A_TYR_578,9.6895690853964,25.0
A,TYR,581,A_TYR_581,28.52854947395351,68.0
A,TYR,680,A_TYR_680,28.20186571697714,18.0
A,VAL,545,A_VAL_545,14.37602824648502,20.0
A,VAL,563,A_VAL_563,12.87326658417222,2.0
A,VAL,567,A_VAL_567,10.849285401965124,0.0
A,VAL,605,A_VAL_605,15.854406656891271,0.0
A,VAL,618,A_VAL_618,16.284688004717964,0.0
A,VAL,681,A_VAL_681,7.169103224617272,0.0
