chain,resname,resnum,res_key,density,ACC
A,ALA,155,A_ALA_155,5.91501583045271,56.0
A,ALA,160,A_ALA_160,12.023080886631348,0.0
A,ALA,162,A_ALA_162,11.838354111412684,45.0
A,ALA,385,A_ALA_385,12.643221482370464,0.0
A,ALA,397,A_ALA_397,9.413687710734656,30.0
A,ARG,174,A_ARG_174,9.152090869144589,97.0
A,ARG,400,A_ARG_400,2.7774349954571944,130.0
A,ASN,175,A_ASN_175,21.68806487389695,2.0
A,ASN,392,A_ASN_392,22.528553360551403,37.0
A,CYS,389,A_CYS_389,17.747262468306975,0.0
A,GLN,380,A_GLN_380,3.1359012756098785,4.0
A,GLN,396,A_GLN_396,22.81251066261038,72.0
A,GLU,236,A_GLU_236,3.4464086765702038,4.0
A,GLU,394,A_GLU_394,23.966616504651707,105.0
A,GLU,398,A_GLU_398,11.387196744522589,13.0
A,GLY,381,A_GLY_381,7.703174687709986,1.0
A,GLY,393,A_GLY_393,10.840856741134758,43.0
A,HIS,178,A_HIS_178,24.47490340914259,13.0
A,ILE,163,A_ILE_163,18.481178852862325,24.0
A,ILE,177,A_ILE_177,2.472275014037217,1.0
A,ILE,386,A_ILE_386,18.513772624115155,50.0
A,LEU,157,A_LEU_157,18.30039371597362,1.0
A,LEU,158,A_LEU_158,11.151106811494616,92.0
A,LEU,164,A_LEU_164,19.127877721949694,1.0
A,LEU,166,A_LEU_166,2.5926159697035,140.0
A,LEU,170,A_LEU_170,18.27063722197569,5.0
A,LEU,181,A_LEU_181,8.717740011252072,0.0
A,LEU,349,A_LEU_349,1.8597187011254368,4.0
A,LEU,387,A_LEU_387,18.57922010919372,35.0
A,LEU,391,A_LEU_391,18.845834400621463,103.0
A,LEU,399,A_LEU_399,15.308243742082684,66.0
A,MET,179,A_MET_179,22.76423482378756,16.0
A,PHE,167,A_PHE_167,22.98817694350948,36.0
A,PHE,182,A_PHE_182,22.812026045142797,0.0
A,PHE,382,A_PHE_382,21.290584801451264,56.0
A,PHE,390,A_PHE_390,25.289874231591227,65.0
A,SER,153,A_SER_153,3.5351024994191915,4.0
A,SER,165,A_SER_165,12.901109028800729,57.0
A,THR,156,A_THR_156,18.74649743743588,21.0
A,THR,161,A_THR_161,18.13960503228634,20.0
A,TYR,176,A_TYR_176,2.6919654846963725,91.0
A,TYR,388,A_TYR_388,28.758787735372245,45.0
A,VAL,159,A_VAL_159,16.985331220095205,78.0
A,VAL,383,A_VAL_383,14.94345885655439,45.0
A,VAL,384,A_VAL_384,16.64712075531491,1.0
A,VAL,395,A_VAL_395,16.972962963549246,1.0
