chain,resname,resnum,res_key,density,ACC
A,ALA,805,A_ALA_805,4.153675191727587,5.0
A,ALA,911,A_ALA_911,1.9160662745027175,0.0
A,ASN,929,A_ASN_929,6.356115588954411,3.0
A,ASP,799,A_ASP_799,2.818173697607583,0.0
A,CYS,909,A_CYS_909,2.7508679413891715,12.0
A,CYS,937,A_CYS_937,18.5010058378424,73.0
A,GLU,907,A_GLU_907,5.190822752694913,0.0
A,GLY,934,A_GLY_934,10.851519476260638,41.0
A,HIS,943,A_HIS_943,17.174293499524243,1.0
A,ILE,930,A_ILE_930,14.488966338432716,132.0
A,ILE,936,A_ILE_936,18.423603962818685,26.0
A,LEU,801,A_LEU_801,18.081908610875654,53.0
A,LEU,912,A_LEU_912,10.107536646007343,35.0
A,LEU,932,A_LEU_932,18.72723250566824,0.0
A,LEU,938,A_LEU_938,18.178560110806256,85.0
A,LEU,942,A_LEU_942,18.31585099714986,38.0
A,LEU,945,A_LEU_945,4.997653284545848,77.0
A,MET,908,A_MET_908,21.76145658288682,8.0
A,MET,940,A_MET_940,21.949186600360964,39.0
A,PHE,944,A_PHE_944,22.27435088288884,77.0
A,PRO,802,A_PRO_802,15.736520065512998,0.0
A,PRO,926,A_PRO_926,5.333823411081038,14.0
A,SER,935,A_SER_935,16.02453614653841,11.0
A,SER,939,A_SER_939,16.813799187245912,0.0
A,SER,941,A_SER_941,15.446596606275577,71.0
A,THR,798,A_THR_798,17.271389885345922,1.0
A,THR,905,A_THR_905,12.58827990213949,10.0
A,TRP,931,A_TRP_931,17.153249072729658,172.0
A,TYR,762,A_TYR_762,2.70975777789405,0.0
A,VAL,797,A_VAL_797,7.503014262291094,34.0
A,VAL,904,A_VAL_904,10.64800853771626,0.0
A,VAL,933,A_VAL_933,15.93215180981193,59.0
