chain,resname,resnum,res_key,density,ACC
A,ALA,98,A_ALA_98,12.4271159586151,48.0
A,ALA,100,A_ALA_100,12.043782413682452,53.0
A,ALA,111,A_ALA_111,1.6493041592884925,0.0
A,ALA,123,A_ALA_123,12.8082416033752,0.0
A,ALA,125,A_ALA_125,13.03039685576308,5.0
A,ALA,221,A_ALA_221,9.334335951316357,76.0
A,ARG,122,A_ARG_122,14.638084215400037,0.0
A,ARG,127,A_ARG_127,27.350872208672904,61.0
A,ASN,89,A_ASN_89,8.292108339346264,37.0
A,ASN,212,A_ASN_212,8.162430519607224,58.0
A,ASN,218,A_ASN_218,20.762318390108472,25.0
A,ASP,204,A_ASP_204,3.1190820650982407,45.0
A,CYS,96,A_CYS_96,18.31532381702765,22.0
A,CYS,128,A_CYS_128,18.948951673637243,23.0
A,GLN,91,A_GLN_91,5.759128176232478,2.0
A,GLN,97,A_GLN_97,23.41569641286669,107.0
A,GLN,106,A_GLN_106,10.86786402588884,82.0
A,GLN,119,A_GLN_119,3.07318888379357,0.0
A,GLN,126,A_GLN_126,22.489133615954067,0.0
A,GLY,108,A_GLY_108,1.910192992192013,1.0
A,ILE,134,A_ILE_134,2.8230512392784206,42.0
A,ILE,205,A_ILE_205,3.456094464842665,0.0
A,LEU,70,A_LEU_70,3.383183206029158,8.0
A,LEU,99,A_LEU_99,18.19301794714294,1.0
A,LEU,105,A_LEU_105,11.63276029571482,0.0
A,LEU,121,A_LEU_121,16.348618114101242,0.0
A,LEU,136,A_LEU_136,4.118446512921258,0.0
A,LEU,219,A_LEU_219,16.76568879295593,0.0
A,LEU,222,A_LEU_222,8.683714510746501,3.0
A,LYS,101,A_LYS_101,2.7129482973322205,164.0
A,LYS,216,A_LYS_216,2.4780085830453435,40.0
A,LYS,217,A_LYS_217,14.184307999185624,150.0
A,MET,133,A_MET_133,21.615933717186525,14.0
A,PHE,120,A_PHE_120,9.808279525145,0.0
A,PHE,201,A_PHE_201,2.147619994895851,0.0
A,PRO,129,A_PRO_129,15.99180535892448,68.0
A,PRO,131,A_PRO_131,15.503354237220211,3.0
A,PRO,132,A_PRO_132,16.0327347345249,55.0
A,SER,90,A_SER_90,3.429187284540136,58.0
A,SER,130,A_SER_130,15.37991177843665,87.0
A,SER,214,A_SER_214,15.27466948513337,53.0
A,THR,93,A_THR_93,17.60499989019149,74.0
A,THR,94,A_THR_94,12.82049340231316,71.0
A,TRP,38,A_TRP_38,6.051157886271081,1.0
A,TYR,109,A_TYR_109,24.16536789291501,1.0
A,TYR,215,A_TYR_215,27.7814923810896,22.0
A,VAL,36,A_VAL_36,5.49564860838267,0.0
A,VAL,88,A_VAL_88,3.656846329721674,0.0
A,VAL,92,A_VAL_92,16.336176967807184,2.0
A,VAL,95,A_VAL_95,16.04225148162749,2.0
A,VAL,124,A_VAL_124,16.333211129761178,0.0
