chain,resname,resnum,res_key,density,ACC
A,ALA,73,A_ALA_73,12.610643215858186,51.0
A,ALA,78,A_ALA_78,9.472997162741752,48.0
A,ARG,64,A_ARG_64,17.779687666490865,145.0
A,ASP,68,A_ASP_68,22.479693083799983,82.0
A,ASP,72,A_ASP_72,21.326585763147985,93.0
A,CYS,71,A_CYS_71,18.888806497058027,76.0
A,CYS,79,A_CYS_79,10.668324382937037,81.0
A,GLN,67,A_GLN_67,23.201046100597324,92.0
A,GLN,75,A_GLN_75,23.347057758747795,129.0
A,GLN,76,A_GLN_76,22.89090346382253,125.0
A,HIS,63,A_HIS_63,5.981113405816315,110.0
A,ILE,69,A_ILE_69,18.95429236406177,100.0
A,LEU,65,A_LEU_65,16.794413016390095,72.0
A,LEU,70,A_LEU_70,19.2754761043844,109.0
A,LEU,74,A_LEU_74,18.521239340519813,113.0
A,SER,66,A_SER_66,15.866749355192812,52.0
A,TRP,77,A_TRP_77,23.16748406272841,166.0
