chain,resname,resnum,res_key,density,ACC
A,ASP,1535,A_ASP_1535,21.80265118602161,138.0
A,ASP,1538,A_ASP_1538,21.44743532867334,151.0
A,ASP,1540,A_ASP_1540,18.62237540754723,144.0
A,CYS,1537,A_CYS_1537,17.790308808519356,109.0
A,SER,1539,A_SER_1539,15.51616659075506,109.0
A,THR,1534,A_THR_1534,18.285414024691445,140.0
A,TYR,1541,A_TYR_1541,2.4401954649054143,232.0
A,VAL,1536,A_VAL_1536,16.14796608101805,127.0
