chain,resname,resnum,res_key,density,ACC
A,ALA,569,A_ALA_569,9.173242094495494,39.0
A,ALA,624,A_ALA_624,12.727302829351276,38.0
A,ARG,621,A_ARG_621,18.725722613994108,179.0
A,ASN,593,A_ASN_593,21.21178573896848,59.0
A,ASN,613,A_ASN_613,21.328963239474103,78.0
A,ASP,587,A_ASP_587,21.9230539998936,60.0
A,CYS,572,A_CYS_572,17.689842356572143,10.0
A,CYS,585,A_CYS_585,10.860577995320384,24.0
A,CYS,598,A_CYS_598,18.18313865853076,0.0
A,CYS,616,A_CYS_616,18.238440232885782,0.0
A,GLU,542,A_GLU_542,13.243704966470036,169.0
A,GLU,574,A_GLU_574,10.05054314061842,125.0
A,GLU,591,A_GLU_591,12.538712296111992,101.0
A,GLU,615,A_GLU_615,24.469502237886285,99.0
A,GLY,543,A_GLY_543,10.158109440003225,13.0
A,GLY,590,A_GLY_590,7.56379669858306,30.0
A,GLY,595,A_GLY_595,10.378629366903027,38.0
A,GLY,620,A_GLY_620,9.77650158151564,19.0
A,HIS,599,A_HIS_599,2.4106144660861872,89.0
A,ILE,570,A_ILE_570,18.845341316906847,32.0
A,LEU,575,A_LEU_575,11.662125612660557,18.0
A,LYS,571,A_LYS_571,18.23386906943457,110.0
A,PHE,592,A_PHE_592,25.65008931122752,10.0
A,PHE,600,A_PHE_600,4.175179659651461,12.0
A,PRO,573,A_PRO_573,15.638192171573536,84.0
A,PRO,626,A_PRO_626,6.156426021871321,66.0
A,SER,586,A_SER_586,12.634401570423124,63.0
A,SER,596,A_SER_596,15.379105853523551,2.0
A,SER,619,A_SER_619,15.776281950134504,78.0
A,SER,623,A_SER_623,15.739484365377052,70.0
A,THR,597,A_THR_597,21.184833940821758,57.0
A,THR,617,A_THR_617,17.19072256044259,41.0
A,THR,618,A_THR_618,17.46675919333483,71.0
A,THR,625,A_THR_625,7.317756962798748,118.0
A,TRP,622,A_TRP_622,33.050836140364765,30.0
A,TYR,544,A_TYR_544,2.619522485749035,82.0
A,VAL,594,A_VAL_594,16.051604622402042,52.0
A,VAL,614,A_VAL_614,17.30529461044562,2.0
