chain,resname,resnum,res_key,density,ACC
A,ARG,657,A_ARG_657,23.651208698016312,53.0
A,ARG,658,A_ARG_658,24.345522216853155,13.0
A,ARG,668,A_ARG_668,2.6278849323630387,134.0
A,ASN,659,A_ASN_659,2.3044402067988203,16.0
A,ASP,639,A_ASP_639,5.389915415042854,105.0
A,ASP,648,A_ASP_648,20.52680081444035,126.0
A,ASP,651,A_ASP_651,21.82827478414889,34.0
A,ASP,1445,A_ASP_1445,13.235880970582109,26.0
A,CYS,647,A_CYS_647,17.67044038038996,33.0
A,GLN,634,A_GLN_634,2.5693982497637675,71.0
A,GLN,652,A_GLN_652,22.25545582134109,41.0
A,GLU,608,A_GLU_608,2.9041658854215835,47.0
A,GLU,664,A_GLU_664,3.106331620384968,59.0
A,GLY,646,A_GLY_646,10.479393557550791,67.0
A,ILE,661,A_ILE_661,19.164935408198268,14.0
A,LEU,644,A_LEU_644,17.854936637888727,7.0
A,LEU,662,A_LEU_662,12.76674862707938,4.0
A,LYS,606,A_LYS_606,4.267171313038323,8.0
A,LYS,611,A_LYS_611,8.219788566137105,114.0
A,LYS,643,A_LYS_643,20.107582065842085,103.0
A,LYS,1448,A_LYS_1448,9.0581078223397,109.0
A,MET,607,A_MET_607,21.397905822757338,8.0
A,MET,645,A_MET_645,21.244317402813586,67.0
A,PHE,630,A_PHE_630,6.1986899474471295,29.0
A,PHE,640,A_PHE_640,25.298031591179477,0.0
A,PHE,650,A_PHE_650,25.807415817585365,4.0
A,PHE,653,A_PHE_653,26.545555490382338,35.0
A,PHE,669,A_PHE_669,1.9346712535001795,19.0
A,PRO,638,A_PRO_638,3.32494539394037,75.0
A,PRO,1443,A_PRO_1443,2.2154084558648792,88.0
A,SER,605,A_SER_605,5.733626847439512,11.0
A,SER,641,A_SER_641,16.0721021221089,10.0
A,SER,642,A_SER_642,15.059681055545788,62.0
A,SER,649,A_SER_649,15.084480485955098,19.0
A,SER,654,A_SER_654,5.835608415177021,21.0
A,SER,660,A_SER_660,2.419705247291723,4.0
A,SER,1442,A_SER_1442,5.412569998680539,29.0
A,SER,1444,A_SER_1444,15.59341696388204,32.0
A,THR,665,A_THR_665,12.320639242569658,5.0
