chain,resname,resnum,res_key,density,ACC
A,ALA,320,A_ALA_320,11.968244887893809,65.0
A,ALA,351,A_ALA_351,2.660301975820992,2.0
A,ARG,330,A_ARG_330,12.63984607888542,61.0
A,ASN,333,A_ASN_333,21.15073220051049,30.0
A,ASN,336,A_ASN_336,20.670145452714408,103.0
A,ASN,339,A_ASN_339,2.5812491026278663,122.0
A,ASN,358,A_ASN_358,21.969854543681343,81.0
A,ASN,374,A_ASN_374,21.09088955273851,48.0
A,ASN,393,A_ASN_393,18.111018532888743,78.0
A,ASP,373,A_ASP_373,20.848260370080155,31.0
A,ASP,396,A_ASP_396,15.922963539371354,67.0
A,CYS,356,A_CYS_356,17.89795223699472,0.0
A,CYS,375,A_CYS_375,17.0987146654518,0.0
A,GLN,334,A_GLN_334,22.21476259398393,17.0
A,GLN,362,A_GLN_362,2.7878736973208733,73.0
A,GLU,318,A_GLU_318,20.31376366747648,96.0
A,GLU,332,A_GLU_332,23.07274357884197,20.0
A,GLU,335,A_GLU_335,23.04133036196181,86.0
A,GLU,390,A_GLU_390,3.2277300359173324,56.0
A,GLY,379,A_GLY_379,9.357331297793824,16.0
A,ILE,342,A_ILE_342,1.7592611152567612,2.0
A,ILE,353,A_ILE_353,17.90040811386827,1.0
A,ILE,370,A_ILE_370,2.0508157118514974,0.0
A,ILE,391,A_ILE_391,7.773002482230259,0.0
A,ILE,392,A_ILE_392,10.944847732820053,42.0
A,LEU,322,A_LEU_322,10.468387892105753,71.0
A,LEU,340,A_LEU_340,17.830095103310473,21.0
A,LEU,361,A_LEU_361,18.200834974055592,0.0
A,LEU,378,A_LEU_378,18.44738529244072,3.0
A,LEU,380,A_LEU_380,14.817142557449452,1.0
A,LYS,317,A_LYS_317,12.264161266355282,143.0
A,LYS,355,A_LYS_355,19.719594879184164,62.0
A,LYS,376,A_LYS_376,21.9384082433998,101.0
A,LYS,377,A_LYS_377,17.996579302614947,124.0
A,LYS,395,A_LYS_395,15.501223132545274,102.0
A,LYS,398,A_LYS_398,5.9597796073185805,97.0
A,PRO,319,A_PRO_319,10.608511706818463,100.0
A,SER,338,A_SER_338,6.887756325628306,90.0
A,SER,394,A_SER_394,15.841604433448763,1.0
A,THR,359,A_THR_359,17.1730588580728,2.0
A,THR,360,A_THR_360,16.241036950556047,58.0
A,THR,371,A_THR_371,9.56181863003437,28.0
A,TRP,329,A_TRP_329,3.0849794693454085,36.0
A,TYR,352,A_TYR_352,28.24306696968013,47.0
A,TYR,354,A_TYR_354,27.810066065310885,56.0
A,VAL,321,A_VAL_321,16.28840751368868,23.0
A,VAL,331,A_VAL_331,15.849368202615748,0.0
A,VAL,337,A_VAL_337,16.577223087186887,35.0
A,VAL,357,A_VAL_357,15.926901809421649,53.0
A,VAL,372,A_VAL_372,16.583044086135658,0.0
A,VAL,397,A_VAL_397,12.398786623480396,0.0
