chain,resname,resnum,res_key,density,ACC
A,ALA,26,A_ALA_26,12.83306488253976,93.0
A,CYS,25,A_CYS_25,18.0015332500733,131.0
A,GLN,28,A_GLN_28,22.70664429222135,189.0
A,GLY,27,A_GLY_27,9.921405173279036,70.0
A,GLY,29,A_GLY_29,10.226415155566045,75.0
A,GLY,30,A_GLY_30,4.663883439424886,58.0
A,ILE,24,A_ILE_24,17.773510300382597,159.0
A,LEU,21,A_LEU_21,16.46284294145295,159.0
A,LEU,23,A_LEU_23,17.79732846049883,162.0
A,THR,20,A_THR_20,2.214284002989065,134.0
A,VAL,22,A_VAL_22,16.62637215346796,142.0
