chain,resname,resnum,res_key,density,ACC
A,ALA,63,A_ALA_63,2.815475348103647,3.0
A,ALA,65,A_ALA_65,13.443252462374282,0.0
A,ALA,106,A_ALA_106,12.80305259227296,0.0
A,ALA,139,A_ALA_139,12.687418071575689,58.0
A,ALA,200,A_ALA_200,9.763195365040058,2.0
A,ARG,137,A_ARG_137,5.978582567847524,127.0
A,ASP,66,A_ASP_66,2.580470843968496,1.0
A,CYS,112,A_CYS_112,18.305577243241668,17.0
A,CYS,113,A_CYS_113,19.26976758027569,15.0
A,CYS,145,A_CYS_145,18.02745979643691,3.0
A,GLY,143,A_GLY_143,10.46660281378596,33.0
A,GLY,144,A_GLY_144,10.411614430130715,19.0
A,HIS,110,A_HIS_110,23.1885574479391,0.0
A,ILE,59,A_ILE_59,10.712829701831083,3.0
A,ILE,108,A_ILE_108,18.389229970017865,1.0
A,ILE,114,A_ILE_114,11.0332843009419,1.0
A,ILE,138,A_ILE_138,14.449986798881104,12.0
A,ILE,148,A_ILE_148,18.88631136443611,84.0
A,ILE,152,A_ILE_152,12.390018111789184,48.0
A,LEU,62,A_LEU_62,17.927916299645858,2.0
A,LEU,68,A_LEU_68,1.7686282054537448,39.0
A,LEU,102,A_LEU_102,19.01462207623928,13.0
A,LEU,103,A_LEU_103,17.40334888739028,2.0
A,LEU,111,A_LEU_111,18.430407646449307,4.0
A,LEU,116,A_LEU_116,4.1512408135683065,70.0
A,LEU,140,A_LEU_140,17.148190127642902,117.0
A,LEU,142,A_LEU_142,18.12719076153172,34.0
A,MET,141,A_MET_141,22.209968162592883,47.0
A,MET,208,A_MET_208,5.607732326016589,3.0
A,PHE,58,A_PHE_58,25.43043483691974,0.0
A,PHE,64,A_PHE_64,18.912334758869942,85.0
A,PHE,109,A_PHE_109,25.095490303419005,37.0
A,PHE,151,A_PHE_151,16.768783485740613,123.0
A,PRO,149,A_PRO_149,15.83908443280596,0.0
A,PRO,204,A_PRO_204,7.113839467283763,8.0
A,SER,61,A_SER_61,16.008703636882625,17.0
A,SER,107,A_SER_107,16.396930414205052,1.0
A,SER,153,A_SER_153,7.9109230861834305,0.0
A,THR,104,A_THR_104,16.218056937099586,11.0
A,THR,105,A_THR_105,18.08076184441946,1.0
A,THR,150,A_THR_150,17.71388698112934,52.0
A,TRP,146,A_TRP_146,32.168032815127155,58.0
A,TYR,57,A_TYR_57,9.442330891458733,119.0
A,VAL,60,A_VAL_60,8.649870557507338,32.0
A,VAL,101,A_VAL_101,6.526451860936987,21.0
A,VAL,147,A_VAL_147,16.72572271724353,79.0
A,VAL,199,A_VAL_199,8.019389414579027,55.0
