chain,resname,resnum,res_key,density,ACC
A,ALA,100,A_ALA_100,7.919182733641177,35.0
A,ALA,110,A_ALA_110,12.061603513317744,42.0
A,ALA,113,A_ALA_113,12.500924354272357,6.0
A,ALA,167,A_ALA_167,2.9424777157489808,3.0
A,ALA,183,A_ALA_183,12.18146978459746,50.0
A,ARG,106,A_ARG_106,27.12139899360481,162.0
A,ARG,180,A_ARG_180,24.51099733311735,40.0
A,ARG,186,A_ARG_186,18.972519882994515,127.0
A,ASN,175,A_ASN_175,21.489104146366465,2.0
A,ASP,109,A_ASP_109,22.669324302749693,5.0
A,ASP,115,A_ASP_115,18.667761723204244,14.0
A,ASP,176,A_ASP_176,18.254068816154064,80.0
A,ASP,181,A_ASP_181,11.794777302950363,70.0
A,ASP,189,A_ASP_189,2.198313019009613,28.0
A,CYS,108,A_CYS_108,17.769196231919743,0.0
A,CYS,172,A_CYS_172,2.8712952286072246,111.0
A,CYS,185,A_CYS_185,17.926174841961505,27.0
A,GLU,188,A_GLU_188,17.710508810293064,26.0
A,GLY,99,A_GLY_99,5.583926144096777,26.0
A,GLY,173,A_GLY_173,10.734733351652023,20.0
A,LEU,86,A_LEU_86,5.8400452816410855,79.0
A,LEU,90,A_LEU_90,18.954099197529715,44.0
A,LEU,102,A_LEU_102,11.512798040735763,114.0
A,LEU,103,A_LEU_103,17.902500077188904,64.0
A,LEU,107,A_LEU_107,17.298756150199335,65.0
A,LEU,111,A_LEU_111,18.900741497272957,17.0
A,LEU,171,A_LEU_171,17.93767734193311,111.0
A,LEU,174,A_LEU_174,9.766915764257185,77.0
A,LEU,187,A_LEU_187,17.851666281048622,37.0
A,MET,112,A_MET_112,21.87889647252404,30.0
A,MET,114,A_MET_114,16.32514391481327,55.0
A,PHE,91,A_PHE_91,17.02165901937936,25.0
A,PRO,89,A_PRO_89,2.6022648666573884,59.0
A,PRO,105,A_PRO_105,15.750248247380345,58.0
A,PRO,169,A_PRO_169,5.722592521337671,29.0
A,PRO,182,A_PRO_182,15.464253515950675,88.0
A,SER,94,A_SER_94,13.105927205728175,14.0
A,SER,104,A_SER_104,16.803227774454783,65.0
A,TRP,101,A_TRP_101,31.65234968560632,7.0
A,TYR,93,A_TYR_93,10.953543103899383,76.0
A,TYR,192,A_TYR_192,3.7964907276501543,10.0
A,TYR,390,A_TYR_390,2.59404063475314,7.0
A,VAL,87,A_VAL_87,16.465868346483568,2.0
A,VAL,116,A_VAL_116,8.74357983188756,16.0
A,VAL,170,A_VAL_170,17.40452067384166,1.0
A,VAL,177,A_VAL_177,2.967393581258475,42.0
A,VAL,184,A_VAL_184,16.3388679758065,42.0
