chain,resname,resnum,res_key,density,ACC
A,ALA,337,A_ALA_337,12.323206410593947,81.0
A,ALA,339,A_ALA_339,12.277411402147314,85.0
A,ARG,238,A_ARG_238,12.317381126928716,136.0
A,ASP,341,A_ASP_341,18.314556769540346,92.0
A,CYS,336,A_CYS_336,17.99822063933491,101.0
A,GLN,331,A_GLN_331,12.746730343953196,108.0
A,GLN,340,A_GLN_340,22.471040662417675,175.0
A,GLU,329,A_GLU_329,7.54963430458538,157.0
A,GLU,333,A_GLU_333,23.466985047672047,122.0
A,GLU,334,A_GLU_334,23.93630819295712,134.0
A,GLU,338,A_GLU_338,23.68835309567337,137.0
A,GLY,342,A_GLY_342,4.689991758108886,52.0
A,LEU,330,A_LEU_330,9.66027369948025,76.0
A,LEU,332,A_LEU_332,18.1345892805756,127.0
A,PRO,328,A_PRO_328,3.26551696871052,95.0
A,SER,335,A_SER_335,15.94486633474602,78.0
