chain,resname,resnum,res_key,density,ACC
A,ALA,221,A_ALA_221,12.700422818472289,23.0
A,ARG,245,A_ARG_245,10.48002259832806,39.0
A,ASN,203,A_ASN_203,21.1778215617182,13.0
A,ASN,204,A_ASN_204,7.409990122145784,29.0
A,ASN,219,A_ASN_219,20.590024937602184,159.0
A,ASN,220,A_ASN_220,20.98045560402808,161.0
A,ASP,202,A_ASP_202,5.944006961133928,76.0
A,CYS,218,A_CYS_218,18.270473302704488,68.0
A,GLN,217,A_GLN_217,22.176616700161965,176.0
A,GLU,248,A_GLU_248,13.355683488305612,119.0
A,GLY,213,A_GLY_213,8.171758680078444,32.0
A,GLY,251,A_GLY_251,10.441367435742093,20.0
A,LEU,205,A_LEU_205,3.798002658785996,6.0
A,LEU,250,A_LEU_250,18.19460739983642,21.0
A,LYS,223,A_LYS_223,12.548159760841967,159.0
A,PHE,215,A_PHE_215,25.294409774774596,3.0
A,PHE,249,A_PHE_249,6.152201362168722,112.0
A,PRO,216,A_PRO_216,15.747620978762978,13.0
A,PRO,222,A_PRO_222,16.405722114604753,62.0
A,SER,214,A_SER_214,15.041712836159595,79.0
A,TRP,198,A_TRP_198,14.876676729941996,9.0
A,VAL,252,A_VAL_252,6.016537152683743,40.0
