chain,resname,resnum,res_key,density,ACC
A,ALA,332,A_ALA_332,12.847248546617784,51.0
A,ALA,387,A_ALA_387,7.215628380972296,7.0
A,ARG,334,A_ARG_334,10.99086153233335,14.0
A,ARG,338,A_ARG_338,27.255709746543047,169.0
A,ARG,341,A_ARG_341,26.36298335516952,169.0
A,ASN,391,A_ASN_391,15.86708510419332,0.0
A,CYS,339,A_CYS_339,18.249046518085084,113.0
A,CYS,340,A_CYS_340,17.77768083313307,71.0
A,HIS,394,A_HIS_394,13.437900137492624,15.0
A,ILE,342,A_ILE_342,17.78207389822487,54.0
A,LEU,337,A_LEU_337,17.86333669196932,5.0
A,LEU,383,A_LEU_383,1.6848926790603282,66.0
A,PHE,331,A_PHE_331,3.3127713441568587,64.0
A,SER,182,A_SER_182,10.115437495959512,13.0
A,SER,333,A_SER_333,15.89853109930696,5.0
A,SER,335,A_SER_335,15.225265956451343,43.0
A,SER,336,A_SER_336,16.838152729550956,30.0
A,VAL,390,A_VAL_390,8.784200773327862,0.0
