chain,resname,resnum,res_key,density,ACC
A,ALA,47,A_ALA_47,12.90132013047334,3.0
A,ALA,66,A_ALA_66,11.51209115743606,6.0
A,ARG,58,A_ARG_58,14.176314991042492,114.0
A,ARG,61,A_ARG_61,25.993090016554657,92.0
A,ARG,65,A_ARG_65,26.892003720139744,125.0
A,ARG,84,A_ARG_84,8.700747743602218,76.0
A,ARG,87,A_ARG_87,15.289955346544644,180.0
A,ARG,97,A_ARG_97,10.066745995185569,68.0
A,ASP,60,A_ASP_60,21.73138625726591,27.0
A,ASP,83,A_ASP_83,21.377221691653965,65.0
A,ASP,88,A_ASP_88,10.300731541739475,69.0
A,CYS,64,A_CYS_64,18.422031370631565,77.0
A,GLN,62,A_GLN_62,21.90784447929268,180.0
A,GLU,85,A_GLU_85,12.43434372722475,6.0
A,GLY,44,A_GLY_44,10.002697978386903,11.0
A,GLY,91,A_GLY_91,4.432714299385513,31.0
A,GLY,93,A_GLY_93,10.124314064220304,0.0
A,LEU,46,A_LEU_46,12.415162518193728,76.0
A,LEU,57,A_LEU_57,3.985712609810475,2.0
A,LEU,89,A_LEU_89,18.447160259703207,2.0
A,LYS,63,A_LYS_63,20.466965746152493,142.0
A,LYS,67,A_LYS_67,20.844577516066263,82.0
A,LYS,94,A_LYS_94,3.079794472061845,114.0
A,PHE,45,A_PHE_45,24.333951267458563,10.0
A,SER,43,A_SER_43,13.184189517246956,103.0
A,THR,86,A_THR_86,17.676332140876035,17.0
A,THR,90,A_THR_90,17.724403091975,57.0
A,TRP,82,A_TRP_82,9.87443268664503,21.0
A,TYR,59,A_TYR_59,28.248367284637663,15.0
