chain,resname,resnum,res_key,density,ACC
A,ALA,800,A_ALA_800,12.3912997158976,58.0
A,ALA,815,A_ALA_815,12.547061627873113,0.0
A,ALA,879,A_ALA_879,4.53430579517913,78.0
A,ARG,827,A_ARG_827,5.176670790090485,180.0
A,ARG,830,A_ARG_830,14.155357607140074,47.0
A,ASP,870,A_ASP_870,2.8393329013155,77.0
A,CYS,799,A_CYS_799,17.891511314547365,1.0
A,CYS,802,A_CYS_802,17.675408577882344,40.0
A,CYS,817,A_CYS_817,17.59365343894458,0.0
A,CYS,820,A_CYS_820,18.006077406885616,37.0
A,CYS,825,A_CYS_825,12.953137210647784,1.0
A,CYS,828,A_CYS_828,10.39057813870676,35.0
A,CYS,874,A_CYS_874,3.159033283426171,11.0
A,GLN,801,A_GLN_801,21.28380882717412,98.0
A,GLN,819,A_GLN_819,22.526484734899768,93.0
A,GLN,822,A_GLN_822,21.466391459485045,66.0
A,GLN,831,A_GLN_831,22.772342428079934,88.0
A,GLN,892,A_GLN_892,10.31699406571026,50.0
A,GLU,787,A_GLU_787,13.295958539887696,22.0
A,GLU,814,A_GLU_814,2.411066244494321,72.0
A,GLY,805,A_GLY_805,10.40585368207422,3.0
A,HIS,821,A_HIS_821,17.995303674804287,141.0
A,ILE,807,A_ILE_807,10.060734528412189,66.0
A,LEU,797,A_LEU_797,17.880986583512726,28.0
A,LYS,783,A_LYS_783,6.137965587305994,71.0
A,LYS,795,A_LYS_795,3.165530078516334,96.0
A,LYS,829,A_LYS_829,21.24669865023211,44.0
A,LYS,875,A_LYS_875,10.221086866511202,129.0
A,MET,791,A_MET_791,7.580770991982224,40.0
A,PHE,796,A_PHE_796,26.064969206377903,22.0
A,PHE,804,A_PHE_804,25.2554663796024,46.0
A,PHE,806,A_PHE_806,25.018906058494395,17.0
A,PHE,824,A_PHE_824,25.539988698128493,4.0
A,PHE,876,A_PHE_876,24.370351115416344,17.0
A,PRO,818,A_PRO_818,15.013039905026668,71.0
A,SER,803,A_SER_803,16.03527579264063,52.0
A,SER,877,A_SER_877,15.8312068987112,41.0
A,THR,816,A_THR_816,18.188177649765112,72.0
A,THR,823,A_THR_823,16.9851731705236,48.0
A,TRP,798,A_TRP_798,32.531530689624,12.0
A,TRP,832,A_TRP_832,6.450928990613655,33.0
A,TYR,808,A_TYR_808,15.468572131264748,34.0
A,TYR,878,A_TYR_878,7.629632141668589,20.0
A,VAL,826,A_VAL_826,14.25748648136631,34.0
