chain,resname,resnum,res_key,density,ACC
A,ALA,52,A_ALA_52,12.71190882393425,3.0
A,ALA,98,A_ALA_98,11.762059622958754,0.0
A,ARG,97,A_ARG_97,13.85045897346756,130.0
A,ASN,53,A_ASN_53,20.485770099585768,94.0
A,ASN,90,A_ASN_90,20.329684305019835,40.0
A,ASN,91,A_ASN_91,20.869064238311378,1.0
A,ASN,95,A_ASN_95,20.558395472119408,116.0
A,ASN,151,A_ASN_151,2.4262163119604505,22.0
A,ASP,157,A_ASP_157,3.23608597923347,112.0
A,ASP,158,A_ASP_158,10.19910349602589,33.0
A,CYS,54,A_CYS_54,18.001077088462658,0.0
A,CYS,148,A_CYS_148,18.401778556869715,0.0
A,GLN,144,A_GLN_144,19.89888180898252,126.0
A,GLU,51,A_GLU_51,23.06854360123218,123.0
A,GLU,93,A_GLU_93,24.148577493615758,115.0
A,GLY,142,A_GLY_142,10.895853575485951,22.0
A,HIS,101,A_HIS_101,10.351186431734387,1.0
A,HIS,162,A_HIS_162,4.704689060448237,116.0
A,ILE,141,A_ILE_141,18.58065539278491,24.0
A,LEU,57,A_LEU_57,18.272179193097767,94.0
A,LEU,99,A_LEU_99,10.504326965073322,12.0
A,LEU,100,A_LEU_100,17.492742339077516,2.0
A,LEU,160,A_LEU_160,14.739095267739772,18.0
A,LEU,161,A_LEU_161,18.301010779163587,31.0
A,PHE,146,A_PHE_146,25.32531164301949,30.0
A,PHE,150,A_PHE_150,25.42450912989109,3.0
A,PRO,145,A_PRO_145,16.035157718870195,91.0
A,SER,58,A_SER_58,10.21520679122736,32.0
A,SER,92,A_SER_92,15.853743315058557,47.0
A,SER,94,A_SER_94,16.548903933306338,45.0
A,SER,96,A_SER_96,16.15991623797577,39.0
A,SER,143,A_SER_143,14.949011746807235,107.0
A,THR,50,A_THR_50,12.616060905722092,70.0
A,THR,55,A_THR_55,18.26900281295413,43.0
A,THR,147,A_THR_147,17.783359618752954,58.0
A,TRP,137,A_TRP_137,26.16205093420601,6.0
A,TYR,88,A_TYR_88,16.39876291972226,42.0
A,TYR,149,A_TYR_149,28.81247748050516,40.0
A,VAL,56,A_VAL_56,16.383804069598526,18.0
A,VAL,87,A_VAL_87,13.752833453666378,0.0
A,VAL,89,A_VAL_89,16.354175315078173,0.0
A,VAL,159,A_VAL_159,16.02185132595948,1.0
