chain,resname,resnum,res_key,density,ACC
A,ALA,969,A_ALA_969,2.8654337301036765,47.0
A,ALA,1081,A_ALA_1081,3.828550513095295,15.0
A,ASN,505,A_ASN_505,8.854567060372583,0.0
A,ASN,538,A_ASN_538,5.986174931569975,85.0
A,ASN,825,A_ASN_825,17.811116594661673,78.0
A,ASN,965,A_ASN_965,3.0901983954564862,89.0
A,ASP,828,A_ASP_828,21.2879076430964,48.0
A,ASP,835,A_ASP_835,21.142023008311828,40.0
A,ASP,836,A_ASP_836,18.313637565611447,118.0
A,CYS,832,A_CYS_832,18.003299242872686,14.0
A,GLU,504,A_GLU_504,12.679558112805282,45.0
A,GLU,535,A_GLU_535,3.047146246789072,123.0
A,GLU,543,A_GLU_543,23.94998399714101,76.0
A,GLU,826,A_GLU_826,14.571419903790918,94.0
A,GLU,827,A_GLU_827,15.306888402606832,137.0
A,GLU,831,A_GLU_831,23.194115820951424,106.0
A,GLU,1046,A_GLU_1046,7.722660955338143,57.0
A,GLY,500,A_GLY_500,10.018180789698008,5.0
A,GLY,542,A_GLY_542,11.027048439224735,24.0
A,GLY,544,A_GLY_544,7.163736617322606,25.0
A,GLY,545,A_GLY_545,4.660041249185964,0.0
A,GLY,971,A_GLY_971,2.9483545612320445,7.0
A,GLY,1047,A_GLY_1047,1.940201851021356,0.0
A,HIS,1054,A_HIS_1054,15.859126642997898,8.0
A,ILE,497,A_ILE_497,7.215633194064828,1.0
A,ILE,502,A_ILE_502,2.5925394404746918,2.0
A,ILE,539,A_ILE_539,12.161134130178636,19.0
A,ILE,546,A_ILE_546,2.172245018765637,124.0
A,ILE,824,A_ILE_824,15.524993875918204,60.0
A,ILE,1051,A_ILE_1051,4.375334657784869,3.0
A,LEU,34,A_LEU_34,1.9114132586038528,18.0
A,LEU,541,A_LEU_541,18.110585799235256,1.0
A,LEU,829,A_LEU_829,17.680168857590814,43.0
A,LEU,967,A_LEU_967,2.285820809910322,8.0
A,LEU,1077,A_LEU_1077,6.071356495991744,26.0
A,LEU,1084,A_LEU_1084,5.677579382840421,39.0
A,LYS,830,A_LYS_830,20.42041491336213,88.0
A,LYS,968,A_LYS_968,20.840070921897947,64.0
A,MET,498,A_MET_498,22.09363778451206,8.0
A,PHE,833,A_PHE_833,25.228196358367697,27.0
A,PHE,834,A_PHE_834,25.032416497676248,26.0
A,PHE,1052,A_PHE_1052,5.102936746838097,39.0
A,PRO,499,A_PRO_499,16.682756409719953,16.0
A,PRO,1050,A_PRO_1050,16.615674557102153,6.0
A,SER,1049,A_SER_1049,16.068523230573145,33.0
A,THR,501,A_THR_501,17.791834095682383,14.0
A,THR,547,A_THR_547,3.063231599384416,104.0
A,THR,966,A_THR_966,5.314878833676136,81.0
A,THR,1053,A_THR_1053,17.794772146093617,26.0
A,THR,1057,A_THR_1057,7.016253078537242,4.0
A,VAL,540,A_VAL_540,15.987446074314672,45.0
