chain,resname,resnum,res_key,density,ACC
A,ALA,127,A_ALA_127,13.017079895205574,27.0
A,ALA,130,A_ALA_130,11.79842928843835,11.0
A,ALA,148,A_ALA_148,4.591955478944662,74.0
A,ASP,123,A_ASP_123,21.932996860353107,173.0
A,ASP,125,A_ASP_125,17.77138176971993,165.0
A,ASP,129,A_ASP_129,21.19193622646938,75.0
A,ASP,143,A_ASP_143,18.053833396373868,72.0
A,ASP,167,A_ASP_167,14.570064509044908,53.0
A,CYS,119,A_CYS_119,17.697445067018222,3.0
A,CYS,122,A_CYS_122,17.203017220688658,18.0
A,CYS,134,A_CYS_134,9.470610829284407,0.0
A,CYS,137,A_CYS_137,4.602138045134565,47.0
A,CYS,142,A_CYS_142,18.83794718318675,1.0
A,CYS,145,A_CYS_145,17.5204422004859,17.0
A,GLN,120,A_GLN_120,22.6620546979674,96.0
A,GLN,124,A_GLN_124,22.618620937962135,93.0
A,GLN,128,A_GLN_128,22.801285666595717,59.0
A,GLU,115,A_GLU_115,5.833430968633662,162.0
A,GLU,138,A_GLU_138,8.199305458079582,90.0
A,GLU,144,A_GLU_144,23.74549044525645,113.0
A,HIS,150,A_HIS_150,4.473015297082332,20.0
A,ILE,165,A_ILE_165,9.81823029219468,55.0
A,ILE,170,A_ILE_170,4.148712352479804,24.0
A,LEU,118,A_LEU_118,17.671020411899864,82.0
A,LEU,146,A_LEU_146,18.369106993437654,17.0
A,LEU,161,A_LEU_161,1.923556462300445,59.0
A,LYS,116,A_LYS_116,15.784179893614636,149.0
A,LYS,132,A_LYS_132,14.72521783504897,94.0
A,LYS,147,A_LYS_147,3.0459853295095827,130.0
A,PHE,121,A_PHE_121,25.49647041707888,112.0
A,PRO,126,A_PRO_126,16.256684593296836,105.0
A,PRO,164,A_PRO_164,15.80095062203045,48.0
A,PRO,166,A_PRO_166,7.36292990535028,43.0
A,SER,140,A_SER_140,15.012765828720893,0.0
A,THR,133,A_THR_133,18.051458057688293,1.0
A,THR,149,A_THR_149,11.923575258732138,26.0
A,TYR,141,A_TYR_141,28.782764865588348,13.0
A,VAL,117,A_VAL_117,15.85356246575696,20.0
A,VAL,131,A_VAL_131,16.283289052085802,67.0
A,VAL,139,A_VAL_139,16.50293006466977,32.0
