chain,resname,resnum,res_key,density,ACC
A,ARG,489,A_ARG_489,14.055391316129182,104.0
A,ARG,491,A_ARG_491,26.68102439302626,6.0
A,ARG,524,A_ARG_524,2.603210505591728,32.0
A,ASP,490,A_ASP_490,21.146593288815925,107.0
A,ASP,579,A_ASP_579,21.268118985973167,165.0
A,ASP,580,A_ASP_580,21.770527625693976,55.0
A,CYS,581,A_CYS_581,18.611338788145847,31.0
A,GLN,586,A_GLN_586,22.58839628604878,122.0
A,GLU,486,A_GLU_486,24.50334552207301,75.0
A,GLU,577,A_GLU_577,22.715854597386677,109.0
A,GLU,588,A_GLU_588,18.36351267369797,0.0
A,ILE,168,A_ILE_168,5.071575196812956,40.0
A,LEU,173,A_LEU_173,2.7078737883008386,0.0
A,LEU,485,A_LEU_485,17.27874676210969,1.0
A,LEU,578,A_LEU_578,18.8482962310182,61.0
A,LYS,169,A_LYS_169,5.893769320941814,115.0
A,LYS,492,A_LYS_492,2.3452000597867926,109.0
A,LYS,583,A_LYS_583,19.5140075141786,47.0
A,MET,494,A_MET_494,10.5382203066768,6.0
A,MET,512,A_MET_512,1.5200060780481923,1.0
A,MET,576,A_MET_576,18.110297852665543,12.0
A,PHE,483,A_PHE_483,4.037156572583421,28.0
A,PHE,487,A_PHE_487,18.680412495113465,69.0
A,PHE,584,A_PHE_584,25.03077900118167,2.0
A,SER,170,A_SER_170,12.781526151187808,38.0
A,SER,488,A_SER_488,15.584866181927794,16.0
A,SER,493,A_SER_493,13.753940944225173,0.0
A,SER,495,A_SER_495,13.485647244054476,0.0
A,SER,582,A_SER_582,16.129803063898063,75.0
A,THR,171,A_THR_171,17.837292095026072,82.0
A,THR,172,A_THR_172,17.754750657633174,28.0
A,THR,188,A_THR_188,1.8544670227139777,28.0
A,THR,484,A_THR_484,14.044225242131157,32.0
A,TYR,587,A_TYR_587,26.05149965673492,20.0
A,VAL,585,A_VAL_585,16.594119644288877,54.0
