chain,resname,resnum,res_key,density,ACC
A,ALA,3,A_ALA_3,11.76725693259619,18.0
A,ALA,5,A_ALA_5,12.128180055768702,46.0
A,ALA,9,A_ALA_9,2.931384736085389,36.0
A,ARG,73,A_ARG_73,11.8177413661455,110.0
A,ASN,37,A_ASN_37,21.39666063235508,66.0
A,CYS,31,A_CYS_31,18.957898043443286,1.0
A,GLN,6,A_GLN_6,2.5921024918829136,150.0
A,GLN,7,A_GLN_7,20.165290830532797,98.0
A,GLN,33,A_GLN_33,23.38156684344121,116.0
A,GLN,36,A_GLN_36,21.989793146200213,18.0
A,GLU,11,A_GLU_11,3.981035571592715,50.0
A,GLU,25,A_GLU_25,12.467218114379452,116.0
A,GLU,29,A_GLU_29,23.706231411691267,128.0
A,GLU,38,A_GLU_38,23.6803425911564,26.0
A,GLU,39,A_GLU_39,12.385251980282172,127.0
A,GLU,44,A_GLU_44,19.986375743242824,31.0
A,GLU,66,A_GLU_66,17.212307852699105,35.0
A,GLY,35,A_GLY_35,10.567703053989362,47.0
A,GLY,40,A_GLY_40,10.285516528371058,22.0
A,GLY,43,A_GLY_43,5.040347638849565,33.0
A,ILE,24,A_ILE_24,14.553630953483104,22.0
A,LEU,8,A_LEU_8,17.948463007009572,0.0
A,LEU,12,A_LEU_12,5.84495183766043,1.0
A,LEU,23,A_LEU_23,5.847223268104472,16.0
A,LEU,27,A_LEU_27,18.547717165016103,0.0
A,LEU,30,A_LEU_30,18.874971878460062,2.0
A,LEU,45,A_LEU_45,12.666291139416238,0.0
A,LEU,62,A_LEU_62,10.975598024547844,0.0
A,LEU,70,A_LEU_70,17.806245190267234,1.0
A,LEU,74,A_LEU_74,5.854090114687415,90.0
A,LEU,244,A_LEU_244,1.8441257755286249,96.0
A,LYS,26,A_LYS_26,18.19700934149932,39.0
A,MET,1,A_MET_1,21.05009096631862,121.0
A,MET,41,A_MET_41,21.086085674203613,0.0
A,PHE,65,A_PHE_65,20.20648174394716,0.0
A,SER,2,A_SER_2,16.387727091590033,117.0
A,SER,4,A_SER_4,15.622871285698253,38.0
A,TYR,34,A_TYR_34,27.73858358028832,36.0
A,VAL,28,A_VAL_28,16.759827401412682,33.0
A,VAL,32,A_VAL_32,16.96323371967967,85.0
A,VAL,42,A_VAL_42,17.233788385100134,0.0
