chain,resname,resnum,res_key,density,ACC
A,ALA,210,A_ALA_210,12.250910110177612,47.0
A,ALA,234,A_ALA_234,11.725839767503594,27.0
A,ALA,241,A_ALA_241,11.710629299115384,60.0
A,ALA,283,A_ALA_283,12.174308167470668,0.0
A,ALA,294,A_ALA_294,12.68187063780153,0.0
A,ARG,233,A_ARG_233,26.792821789897243,151.0
A,ARG,282,A_ARG_282,16.17295548386397,69.0
A,ASN,263,A_ASN_263,20.77511658573342,60.0
A,ASP,290,A_ASP_290,21.16595734420384,49.0
A,CYS,232,A_CYS_232,17.467633605302666,0.0
A,CYS,281,A_CYS_281,18.20842470452278,0.0
A,GLN,215,A_GLN_215,10.439816424681196,169.0
A,GLN,293,A_GLN_293,11.983299770693588,109.0
A,GLU,239,A_GLU_239,4.642532781970211,178.0
A,GLU,265,A_GLU_265,23.61720644082218,76.0
A,GLU,291,A_GLU_291,15.033153631932729,84.0
A,GLY,236,A_GLY_236,2.663577616930147,24.0
A,GLY,261,A_GLY_261,9.627761196664542,51.0
A,ILE,211,A_ILE_211,18.365558894869004,7.0
A,ILE,242,A_ILE_242,18.371458988858222,15.0
A,ILE,251,A_ILE_251,1.6439814669250332,12.0
A,ILE,258,A_ILE_258,3.100686656113782,26.0
A,LEU,259,A_LEU_259,12.258022252983997,23.0
A,LEU,266,A_LEU_266,17.357356006105658,0.0
A,LYS,216,A_LYS_216,20.233446740595134,167.0
A,LYS,260,A_LYS_260,14.731885887890654,110.0
A,LYS,292,A_LYS_292,20.170709709470334,80.0
A,MET,213,A_MET_213,21.35452182270865,13.0
A,PHE,218,A_PHE_218,19.3658120350074,78.0
A,PHE,230,A_PHE_230,24.619103146328733,1.0
A,PHE,245,A_PHE_245,12.54517127443564,31.0
A,PHE,295,A_PHE_295,2.787016912481187,79.0
A,PRO,209,A_PRO_209,11.388593957464613,11.0
A,PRO,214,A_PRO_214,16.778434041255103,38.0
A,PRO,240,A_PRO_240,16.177538347151557,12.0
A,SER,212,A_SER_212,15.54037511515823,72.0
A,SER,217,A_SER_217,16.056510886935975,3.0
A,SER,231,A_SER_231,15.817944852455255,16.0
A,SER,235,A_SER_235,15.880201982473588,78.0
A,SER,243,A_SER_243,15.802493460044948,23.0
A,SER,262,A_SER_262,15.527033223396163,107.0
A,THR,229,A_THR_229,17.411514137769966,65.0
A,THR,264,A_THR_264,18.19554278382341,37.0
A,THR,267,A_THR_267,7.5097964065439236,6.0
A,THR,284,A_THR_284,4.547971040637242,48.0
A,TRP,244,A_TRP_244,33.322276805366734,2.0
A,TYR,279,A_TYR_279,16.823222095649836,0.0
A,VAL,280,A_VAL_280,16.145680248980515,30.0
