chain,resname,resnum,res_key,density,ACC
A,ALA,641,A_ALA_641,12.027157046438628,72.0
A,CYS,636,A_CYS_636,12.862303998149269,105.0
A,CYS,640,A_CYS_640,18.215625622751173,35.0
A,CYS,646,A_CYS_646,17.193441988064116,4.0
A,CYS,691,A_CYS_691,18.650630087171063,5.0
A,GLN,634,A_GLN_634,7.400901977881846,144.0
A,GLN,648,A_GLN_648,10.262711585445675,11.0
A,GLU,642,A_GLU_642,22.617526539841887,135.0
A,GLU,645,A_GLU_645,23.29776178831422,74.0
A,GLU,693,A_GLU_693,21.567083593788837,44.0
A,GLY,638,A_GLY_638,10.119768788553902,43.0
A,HIS,643,A_HIS_643,23.637699549816297,7.0
A,HIS,690,A_HIS_690,23.82952270803317,92.0
A,HIS,716,A_HIS_716,8.662593959565566,40.0
A,LEU,637,A_LEU_637,18.147147339670237,164.0
A,LYS,644,A_LYS_644,20.81436299081828,57.0
A,LYS,692,A_LYS_692,16.01958612903387,101.0
A,LYS,694,A_LYS_694,10.2127070836275,78.0
A,MET,714,A_MET_714,5.794562924317114,43.0
A,PHE,668,A_PHE_668,12.55107178368574,3.0
A,PHE,701,A_PHE_701,23.08322268022309,1.0
A,PHE,703,A_PHE_703,25.74685873698428,0.0
A,PRO,687,A_PRO_687,2.9410536470998543,74.0
A,SER,689,A_SER_689,15.37769544405904,49.0
A,SER,706,A_SER_706,12.919174107533085,8.0
A,THR,635,A_THR_635,7.8207930751865185,80.0
A,THR,704,A_THR_704,18.31418023479933,0.0
A,TRP,700,A_TRP_700,2.1000236855755574,96.0
A,TYR,667,A_TYR_667,7.370575308973265,110.0
A,TYR,702,A_TYR_702,17.082828043779443,21.0
A,TYR,705,A_TYR_705,28.557741970634115,31.0
A,VAL,639,A_VAL_639,16.514349883232665,31.0
A,VAL,647,A_VAL_647,17.413893293478516,0.0
A,VAL,688,A_VAL_688,14.289518842864346,16.0
A,VAL,713,A_VAL_713,2.1735642056351434,22.0
A,VAL,715,A_VAL_715,12.965177888660277,0.0
A,VAL,717,A_VAL_717,3.6102880847581753,0.0
