chain,resname,resnum,res_key,density,ACC
A,ALA,225,A_ALA_225,3.279291217659853,35.0
A,ALA,226,A_ALA_226,3.916949306135796,6.0
A,ALA,283,A_ALA_283,12.379913848358283,13.0
A,ALA,293,A_ALA_293,9.573510357573458,0.0
A,ALA,294,A_ALA_294,12.501936644395077,21.0
A,ARG,242,A_ARG_242,8.823734350771913,120.0
A,ARG,254,A_ARG_254,12.410263202038264,108.0
A,ASN,268,A_ASN_268,21.61891507207664,77.0
A,ASN,300,A_ASN_300,13.674533067024136,20.0
A,ASP,253,A_ASP_253,9.8893420427294,105.0
A,ASP,301,A_ASP_301,18.09044210293313,80.0
A,CYS,257,A_CYS_257,17.709545243800832,0.0
A,CYS,281,A_CYS_281,17.571092937039904,0.0
A,GLN,238,A_GLN_238,9.398416759454443,115.0
A,GLN,296,A_GLN_296,22.84896787667377,38.0
A,GLU,269,A_GLU_269,22.234592544444176,86.0
A,GLU,275,A_GLU_275,2.6094932974899194,75.0
A,GLY,302,A_GLY_302,11.02059597419506,21.0
A,ILE,223,A_ILE_223,9.991792638321456,14.0
A,ILE,261,A_ILE_261,6.189839803756515,24.0
A,ILE,306,A_ILE_306,18.06366234884849,1.0
A,ILE,312,A_ILE_312,5.7053528747809095,3.0
A,LEU,256,A_LEU_256,17.79654292227941,17.0
A,LEU,267,A_LEU_267,17.745320108532376,65.0
A,LEU,279,A_LEU_279,16.846029386572035,0.0
A,LEU,280,A_LEU_280,17.740063675550932,42.0
A,LEU,295,A_LEU_295,18.789456579872397,1.0
A,LEU,303,A_LEU_303,3.0289686339790483,80.0
A,LYS,260,A_LYS_260,14.57190181195572,57.0
A,LYS,270,A_LYS_270,20.253786284654176,119.0
A,MET,299,A_MET_299,19.456124204007057,19.0
A,PHE,237,A_PHE_237,3.327815797962906,66.0
A,PHE,246,A_PHE_246,21.079255337382364,0.0
A,PHE,259,A_PHE_259,25.830744172054462,0.0
A,PHE,272,A_PHE_272,24.608158871554192,128.0
A,PHE,305,A_PHE_305,25.556986522480805,12.0
A,PRO,271,A_PRO_271,16.299340418372687,22.0
A,PRO,282,A_PRO_282,15.987122454121875,26.0
A,PRO,284,A_PRO_284,16.26859403150584,14.0
A,SER,258,A_SER_258,15.941451183029011,0.0
A,SER,273,A_SER_273,12.618604219783036,45.0
A,SER,298,A_SER_298,16.589634500427515,0.0
A,SER,304,A_SER_304,6.079490834292557,7.0
A,SER,308,A_SER_308,5.198981921449752,24.0
A,THR,266,A_THR_266,18.0116018279981,40.0
A,TYR,278,A_TYR_278,7.738950281438218,87.0
A,VAL,239,A_VAL_239,16.057436766890987,0.0
A,VAL,240,A_VAL_240,11.92970943477042,43.0
A,VAL,241,A_VAL_241,16.32280224873359,0.0
A,VAL,252,A_VAL_252,8.201789307976874,63.0
A,VAL,255,A_VAL_255,16.00530497009257,1.0
A,VAL,265,A_VAL_265,2.964583377867658,79.0
A,VAL,274,A_VAL_274,12.8343080576311,29.0
A,VAL,297,A_VAL_297,15.889202044525092,0.0
A,VAL,310,A_VAL_310,7.256752778178209,19.0
