chain,resname,resnum,res_key,density,ACC
A,ALA,273,A_ALA_273,11.974823626219951,6.0
A,ASN,194,A_ASN_194,2.2797657594602665,32.0
A,ASN,260,A_ASN_260,21.090464834301915,18.0
A,ASN,274,A_ASN_274,20.57936785073002,14.0
A,ASN,282,A_ASN_282,2.593723346173867,45.0
A,ASN,339,A_ASN_339,8.077827042715807,66.0
A,ASP,277,A_ASP_277,21.317018835747284,79.0
A,CYS,106,A_CYS_106,7.48744244414511,22.0
A,CYS,278,A_CYS_278,18.44439796499647,3.0
A,GLU,102,A_GLU_102,5.576546376456719,3.0
A,GLU,280,A_GLU_280,23.831764795523952,54.0
A,GLY,104,A_GLY_104,10.723141071432636,3.0
A,GLY,272,A_GLY_272,8.282686961663105,33.0
A,ILE,259,A_ILE_259,18.814680833875496,26.0
A,LEU,261,A_LEU_261,18.25521102941657,38.0
A,LEU,265,A_LEU_265,17.42984340178879,120.0
A,LYS,236,A_LYS_236,21.668354457181927,51.0
A,LYS,258,A_LYS_258,15.756896818655315,2.0
A,LYS,263,A_LYS_263,20.43503188486123,83.0
A,MET,276,A_MET_276,21.720617976823878,13.0
A,PHE,103,A_PHE_103,25.641143216355516,29.0
A,PHE,235,A_PHE_235,5.643679883249144,87.0
A,PHE,262,A_PHE_262,21.927074412420925,130.0
A,PHE,264,A_PHE_264,25.174757172044718,45.0
A,PHE,279,A_PHE_279,25.20738016528509,30.0
A,PHE,336,A_PHE_336,16.293599312834537,4.0
A,PRO,237,A_PRO_237,15.815835656185833,2.0
A,PRO,256,A_PRO_256,3.103602661917271,0.0
A,SER,238,A_SER_238,10.803965439920146,0.0
A,SER,266,A_SER_266,16.50019799588628,57.0
A,SER,267,A_SER_267,16.579879922442668,21.0
A,SER,269,A_SER_269,2.740321120414318,51.0
A,SER,281,A_SER_281,15.85623572405868,41.0
A,THR,101,A_THR_101,4.064249766323751,7.0
A,THR,105,A_THR_105,2.7117599628150053,3.0
A,TRP,268,A_TRP_268,24.396042305399348,52.0
A,TYR,239,A_TYR_239,19.02713367757533,13.0
A,TYR,275,A_TYR_275,28.7550587202442,33.0
A,TYR,338,A_TYR_338,3.9363448956552647,13.0
A,TYR,342,A_TYR_342,7.124829163609777,65.0
A,VAL,126,A_VAL_126,1.672869688055582,64.0
A,VAL,257,A_VAL_257,15.852066551181574,1.0
