chain,resname,resnum,res_key,density,ACC
A,ALA,649,A_ALA_649,3.836771245938172,20.0
A,ALA,678,A_ALA_678,6.541741777318323,0.0
A,ALA,696,A_ALA_696,12.475280835279754,29.0
A,ARG,710,A_ARG_710,2.763040428673029,173.0
A,ASN,626,A_ASN_626,20.26853512793054,135.0
A,ASN,662,A_ASN_662,19.79132821566717,3.0
A,ASN,695,A_ASN_695,20.020851517797677,55.0
A,ASN,708,A_ASN_708,12.547201648053615,39.0
A,ASP,639,A_ASP_639,21.371450503193334,47.0
A,ASP,675,A_ASP_675,7.236257347128517,103.0
A,CYS,627,A_CYS_627,18.36468099291237,3.0
A,CYS,664,A_CYS_664,18.084986910910654,21.0
A,GLN,706,A_GLN_706,10.819435728811108,49.0
A,GLU,625,A_GLU_625,16.694665605425723,107.0
A,GLY,624,A_GLY_624,7.901358693590776,10.0
A,GLY,648,A_GLY_648,5.56600716937186,16.0
A,GLY,665,A_GLY_665,9.730878460167432,7.0
A,GLY,677,A_GLY_677,10.334561168628728,0.0
A,GLY,692,A_GLY_692,6.195833086061303,0.0
A,ILE,661,A_ILE_661,16.003365040247694,0.0
A,ILE,705,A_ILE_705,7.262488743494428,0.0
A,ILE,727,A_ILE_727,16.956531747384478,0.0
A,LEU,640,A_LEU_640,18.165465320733208,0.0
A,LEU,643,A_LEU_643,17.928912026873796,0.0
A,LEU,693,A_LEU_693,12.136404102837336,82.0
A,LEU,698,A_LEU_698,18.103399905167134,4.0
A,LEU,707,A_LEU_707,17.645392946801525,1.0
A,LYS,645,A_LYS_645,15.611882267885932,72.0
A,LYS,646,A_LYS_646,20.18652537739216,190.0
A,LYS,697,A_LYS_697,15.997831105187664,88.0
A,PHE,638,A_PHE_638,5.605791412261658,2.0
A,PHE,729,A_PHE_729,14.802495836130252,0.0
A,PRO,642,A_PRO_642,15.22228676218192,62.0
A,PRO,666,A_PRO_666,16.23949257783619,56.0
A,PRO,674,A_PRO_674,3.2322643670574047,101.0
A,SER,641,A_SER_641,15.647641423963924,50.0
A,SER,668,A_SER_668,5.508586544479401,68.0
A,SER,676,A_SER_676,10.768375040756291,0.0
A,SER,694,A_SER_694,14.963886994844188,47.0
A,SER,699,A_SER_699,2.7082828453994643,13.0
A,THR,628,A_THR_628,18.51952804950995,58.0
A,THR,644,A_THR_644,17.431272483302678,48.0
A,THR,725,A_THR_725,7.093312864154969,0.0
A,TRP,754,A_TRP_754,11.946586957696006,0.0
A,TYR,650,A_TYR_650,18.10391267319427,30.0
A,TYR,709,A_TYR_709,24.910157395781773,1.0
A,VAL,629,A_VAL_629,9.265408692367178,2.0
A,VAL,663,A_VAL_663,16.55201639458848,0.0
A,VAL,667,A_VAL_667,11.221141796568247,2.0
