chain,resname,resnum,res_key,density,ACC
A,ALA,163,A_ALA_163,12.577091461536694,35.0
A,ALA,231,A_ALA_231,12.564561801783992,58.0
A,ASN,200,A_ASN_200,19.420445650470345,128.0
A,ASP,165,A_ASP_165,3.0098068104470985,97.0
A,ASP,232,A_ASP_232,2.427535420804658,163.0
A,CYS,135,A_CYS_135,17.56409096873204,0.0
A,CYS,162,A_CYS_162,17.00154118018336,1.0
A,GLN,131,A_GLN_131,17.267867602618033,67.0
A,GLN,184,A_GLN_184,3.2757839195593395,128.0
A,GLN,204,A_GLN_204,15.174663029908768,137.0
A,GLU,132,A_GLU_132,20.15550099714414,179.0
A,GLU,198,A_GLU_198,21.84806321402375,134.0
A,GLU,201,A_GLU_201,24.000548990586207,125.0
A,GLY,166,A_GLY_166,10.521572573980242,5.0
A,ILE,160,A_ILE_160,18.233274974618155,0.0
A,ILE,197,A_ILE_197,18.048132124342544,21.0
A,LEU,182,A_LEU_182,3.041475079723618,25.0
A,LEU,205,A_LEU_205,18.329179031272652,21.0
A,LEU,227,A_LEU_227,18.09479621873227,0.0
A,LEU,235,A_LEU_235,17.79318337617405,0.0
A,LYS,138,A_LYS_138,12.59249692995529,64.0
A,LYS,164,A_LYS_164,14.516023385490934,202.0
A,LYS,168,A_LYS_168,6.096189821768937,75.0
A,MET,139,A_MET_139,4.333964835360084,0.0
A,MET,199,A_MET_199,21.084116264768674,57.0
A,MET,229,A_MET_229,20.881952614491794,0.0
A,PHE,169,A_PHE_169,6.413711437831685,2.0
A,PHE,207,A_PHE_207,8.500358504148707,0.0
A,PRO,202,A_PRO_202,17.049743132671374,101.0
A,PRO,234,A_PRO_234,10.47294484019894,55.0
A,SER,134,A_SER_134,15.416918656586947,21.0
A,SER,161,A_SER_161,15.77024306434245,23.0
A,SER,228,A_SER_228,15.508033732496592,11.0
A,SER,230,A_SER_230,15.8935259042814,11.0
A,THR,196,A_THR_196,15.230359664790129,56.0
A,THR,226,A_THR_226,16.89898379808347,24.0
A,TYR,133,A_TYR_133,27.008333984313133,44.0
A,VAL,136,A_VAL_136,16.749418033691896,40.0
A,VAL,137,A_VAL_137,16.61978796020638,0.0
A,VAL,167,A_VAL_167,16.86327030363264,0.0
A,VAL,195,A_VAL_195,1.826619651592484,11.0
A,VAL,203,A_VAL_203,16.747608571726403,11.0
A,VAL,225,A_VAL_225,3.1182224284314457,0.0
A,VAL,233,A_VAL_233,16.55610096782212,30.0
A,VAL,236,A_VAL_236,16.11781372463542,4.0
A,VAL,237,A_VAL_237,5.26491564057387,0.0
