chain,resname,resnum,res_key,density,ACC
A,ALA,443,A_ALA_443,12.361191236994344,93.0
A,CYS,441,A_CYS_441,17.78728568386061,127.0
A,GLN,444,A_GLN_444,19.837998132219504,200.0
A,HIS,438,A_HIS_438,17.16943962188338,198.0
A,ILE,440,A_ILE_440,17.65928779786597,151.0
A,PRO,442,A_PRO_442,16.667759101148647,107.0
A,SER,439,A_SER_439,16.2639625042117,126.0
