chain,resname,resnum,res_key,density,ACC
A,ALA,309,A_ALA_309,12.012523589020846,55.0
A,ALA,340,A_ALA_340,12.358738734869693,14.0
A,ARG,286,A_ARG_286,16.036685857798282,124.0
A,ARG,339,A_ARG_339,14.57404681361134,172.0
A,ASP,284,A_ASP_284,21.185345513741165,65.0
A,ASP,295,A_ASP_295,18.20368783966285,97.0
A,CYS,283,A_CYS_283,17.92640785543723,2.0
A,CYS,329,A_CYS_329,17.8551887152635,0.0
A,GLN,310,A_GLN_310,15.000923863993368,112.0
A,GLN,313,A_GLN_313,22.39042933344209,90.0
A,GLN,342,A_GLN_342,20.32068346456519,50.0
A,GLU,262,A_GLU_262,12.60584603666168,75.0
A,GLU,290,A_GLU_290,3.243441775090536,150.0
A,GLU,341,A_GLU_341,13.998320114837249,106.0
A,GLY,267,A_GLY_267,10.729697208568377,43.0
A,GLY,293,A_GLY_293,10.61283717271595,29.0
A,GLY,311,A_GLY_311,10.036059032910398,39.0
A,GLY,338,A_GLY_338,10.83885304869982,11.0
A,ILE,265,A_ILE_265,17.959250269228896,21.0
A,ILE,316,A_ILE_316,1.9001042546812743,0.0
A,LEU,281,A_LEU_281,17.79044302247268,0.0
A,LEU,314,A_LEU_314,17.854032141051075,0.0
A,PHE,327,A_PHE_327,16.4191718971268,0.0
A,PRO,261,A_PRO_261,15.686735036044784,11.0
A,PRO,291,A_PRO_291,16.27388513594305,27.0
A,SER,264,A_SER_264,16.38357894324568,63.0
A,SER,266,A_SER_266,15.881406420462636,49.0
A,SER,282,A_SER_282,15.715722621130952,30.0
A,SER,287,A_SER_287,9.50625861917066,16.0
A,SER,297,A_SER_297,5.935316019930648,44.0
A,SER,312,A_SER_312,15.727104336118702,41.0
A,THR,280,A_THR_280,17.200896708201185,49.0
A,THR,330,A_THR_330,17.68364758339698,33.0
A,THR,332,A_THR_332,10.431990638776853,52.0
A,TRP,296,A_TRP_296,32.4824790084493,15.0
A,TYR,268,A_TYR_268,4.631559283208331,40.0
A,TYR,294,A_TYR_294,28.893617197386803,81.0
A,VAL,263,A_VAL_263,15.647703072370904,27.0
A,VAL,285,A_VAL_285,16.180045259167915,39.0
A,VAL,308,A_VAL_308,3.295269616308465,57.0
A,VAL,315,A_VAL_315,6.583775557995655,25.0
A,VAL,328,A_VAL_328,17.025899476199523,13.0
A,VAL,331,A_VAL_331,16.6630011950264,0.0
