chain,resname,resnum,res_key,density,ACC
A,ALA,394,A_ALA_394,12.582847202370663,0.0
A,ALA,404,A_ALA_404,9.161900735612372,33.0
A,ALA,490,A_ALA_490,1.978901544493471,57.0
A,ARG,300,A_ARG_300,12.42997507151778,143.0
A,ARG,461,A_ARG_461,11.761007591881722,105.0
A,ASP,426,A_ASP_426,18.53767338698372,18.0
A,CYS,397,A_CYS_397,17.96966985758807,14.0
A,CYS,400,A_CYS_400,18.102290633794983,5.0
A,GLN,402,A_GLN_402,23.257967349879184,135.0
A,GLU,391,A_GLU_391,20.46395002273132,5.0
A,GLU,492,A_GLU_492,10.809033914710678,179.0
A,GLY,398,A_GLY_398,10.656870019852388,42.0
A,HIS,399,A_HIS_399,23.9652563624016,79.0
A,HIS,438,A_HIS_438,5.777814275206243,103.0
A,LEU,403,A_LEU_403,19.00464663027384,6.0
A,LEU,443,A_LEU_443,1.972958410375687,4.0
A,LYS,401,A_LYS_401,21.09300850351073,134.0
A,MET,425,A_MET_425,6.101631875798819,2.0
A,PHE,392,A_PHE_392,12.51686750976275,0.0
A,PHE,440,A_PHE_440,25.583971355178768,50.0
A,PRO,395,A_PRO_395,16.038967041408476,61.0
A,PRO,405,A_PRO_405,4.79099613019364,75.0
A,PRO,441,A_PRO_441,15.131274909245644,1.0
A,PRO,493,A_PRO_493,1.925909407613178,108.0
A,SER,427,A_SER_427,15.195226785496464,16.0
A,SER,439,A_SER_439,14.795683374808046,65.0
A,THR,428,A_THR_428,12.469321132722287,37.0
A,THR,442,A_THR_442,14.741162117198911,16.0
A,TRP,396,A_TRP_396,31.757180179172643,141.0
A,TYR,393,A_TYR_393,28.309623857736668,53.0
A,VAL,437,A_VAL_437,1.8464686116801536,34.0
