chain,resname,resnum,res_key,density,ACC
A,ALA,86,A_ALA_86,3.3190138921355405,0.0
A,ALA,102,A_ALA_102,12.71429676468191,22.0
A,ALA,126,A_ALA_126,6.66220503569054,0.0
A,ASN,106,A_ASN_106,3.3395414751878287,98.0
A,ASN,139,A_ASN_139,6.419955219407369,44.0
A,ASP,109,A_ASP_109,8.837418034269685,48.0
A,ASP,144,A_ASP_144,22.39230990835324,86.0
A,CYS,147,A_CYS_147,17.139865205421007,7.0
A,CYS,172,A_CYS_172,5.873522554398895,28.0
A,GLN,145,A_GLN_145,23.296517348025176,115.0
A,GLU,149,A_GLU_149,23.513992802923813,123.0
A,GLY,140,A_GLY_140,10.598037595537049,22.0
A,GLY,151,A_GLY_151,10.3253893561012,44.0
A,GLY,154,A_GLY_154,9.842024768102064,18.0
A,HIS,150,A_HIS_150,24.480278587309204,56.0
A,HIS,176,A_HIS_176,8.457176277230172,67.0
A,ILE,88,A_ILE_88,17.1948457750314,0.0
A,LEU,124,A_LEU_124,17.92542548012337,0.0
A,LEU,125,A_LEU_125,12.91347726711772,4.0
A,LEU,136,A_LEU_136,2.1096171748336383,10.0
A,LEU,141,A_LEU_141,13.726143041931964,149.0
A,LYS,105,A_LYS_105,17.907840984889027,3.0
A,LYS,142,A_LYS_142,15.098433784368352,137.0
A,LYS,148,A_LYS_148,20.82990466490636,185.0
A,MET,143,A_MET_143,21.778382869804474,8.0
A,PHE,90,A_PHE_90,10.493197480636454,8.0
A,PHE,98,A_PHE_98,20.707926625787326,56.0
A,PHE,146,A_PHE_146,25.13339081963437,29.0
A,PHE,152,A_PHE_152,24.14153470000705,15.0
A,PHE,156,A_PHE_156,21.12957292772887,45.0
A,SER,121,A_SER_121,7.635340803591101,6.0
A,TRP,155,A_TRP_155,31.927953127363857,52.0
A,VAL,101,A_VAL_101,17.682881630202843,1.0
A,VAL,120,A_VAL_120,3.428742770835117,4.0
A,VAL,122,A_VAL_122,16.526088547371813,0.0
A,VAL,123,A_VAL_123,16.609331422132225,0.0
A,VAL,153,A_VAL_153,16.327633398687123,52.0
