chain,resname,resnum,res_key,density,ACC
A,ALA,263,A_ALA_263,12.238184806313113,92.0
A,ASP,261,A_ASP_261,21.22067359110677,156.0
A,CYS,262,A_CYS_262,17.89035764716609,124.0
A,GLY,259,A_GLY_259,10.287137309187145,76.0
A,PRO,260,A_PRO_260,16.039463197834603,120.0
A,PRO,264,A_PRO_264,16.33075341090269,126.0
A,PRO,265,A_PRO_265,13.352403760490624,127.0
