chain,resname,resnum,res_key,density,ACC
A,ARG,163,A_ARG_163,20.74470012152414,82.0
A,ASN,166,A_ASN_166,10.44566590511446,22.0
A,ASP,47,A_ASP_47,21.296024252399757,95.0
A,CYS,48,A_CYS_48,17.5962810386013,116.0
A,CYS,51,A_CYS_51,17.52110001809433,0.0
A,GLN,43,A_GLN_43,4.000643157694206,104.0
A,GLN,49,A_GLN_49,22.51829708473507,71.0
A,GLN,50,A_GLN_50,22.57888713943759,123.0
A,GLU,45,A_GLU_45,23.80331805875421,118.0
A,LYS,173,A_LYS_173,12.142835235349684,194.0
A,MET,1,A_MET_1,7.031655058963473,120.0
A,TYR,4,A_TYR_4,7.107196521995682,1.0
A,TYR,159,A_TYR_159,21.431072979101685,52.0
A,VAL,44,A_VAL_44,14.17903217530875,11.0
A,VAL,46,A_VAL_46,16.868631359183148,2.0
A,VAL,162,A_VAL_162,3.5498015789723816,0.0
A,VAL,171,A_VAL_171,11.234832927566323,45.0
