chain,resname,resnum,res_key,density,ACC
A,ALA,920,A_ALA_920,11.873306255598976,15.0
A,ALA,921,A_ALA_921,11.675650452265293,0.0
A,ARG,895,A_ARG_895,26.3752065033186,120.0
A,ARG,897,A_ARG_897,25.59678924739152,109.0
A,ARG,1356,A_ARG_1356,19.99971619048648,43.0
A,ASN,899,A_ASN_899,3.1901720288620155,4.0
A,ASN,917,A_ASN_917,20.73924064517437,27.0
A,ASN,940,A_ASN_940,21.028434104387102,4.0
A,ASP,779,A_ASP_779,9.738196441644495,30.0
A,ASP,861,A_ASP_861,12.79294137608077,98.0
A,ASP,938,A_ASP_938,3.022389800015268,2.0
A,ASP,1334,A_ASP_1334,15.308914774834106,46.0
A,CYS,893,A_CYS_893,17.686109123869148,25.0
A,CYS,922,A_CYS_922,18.456616313744057,3.0
A,CYS,1333,A_CYS_1333,6.203230483175165,46.0
A,GLN,777,A_GLN_777,5.845364841117844,13.0
A,GLN,925,A_GLN_925,9.674249592834482,66.0
A,GLN,1338,A_GLN_1338,12.265814332020405,94.0
A,GLU,776,A_GLU_776,10.518902346044008,61.0
A,GLU,860,A_GLU_860,7.885478535772793,72.0
A,GLU,919,A_GLU_919,23.305067924296047,30.0
A,GLU,1354,A_GLU_1354,12.71387967919061,6.0
A,GLY,863,A_GLY_863,9.91416208151643,11.0
A,GLY,896,A_GLY_896,10.883283876589894,45.0
A,GLY,942,A_GLY_942,2.791166891892589,26.0
A,HIS,890,A_HIS_890,11.549431347857128,6.0
A,ILE,924,A_ILE_924,8.927800906674072,28.0
A,LEU,780,A_LEU_780,12.62315406662646,0.0
A,LEU,783,A_LEU_783,5.542956770821228,2.0
A,LEU,865,A_LEU_865,17.46068416886231,0.0
A,LEU,866,A_LEU_866,2.598047058294885,24.0
A,LEU,891,A_LEU_891,18.20181964096007,0.0
A,LEU,898,A_LEU_898,4.504250297781372,19.0
A,LEU,915,A_LEU_915,15.715897850337443,5.0
A,LEU,1343,A_LEU_1343,2.048106277778938,20.0
A,PRO,923,A_PRO_923,16.463851623299202,13.0
A,PRO,939,A_PRO_939,9.435186469857308,37.0
A,SER,862,A_SER_862,15.669930806514143,93.0
A,SER,864,A_SER_864,15.5999164262589,14.0
A,SER,894,A_SER_894,15.507488208232733,21.0
A,SER,900,A_SER_900,10.023973438060391,9.0
A,SER,941,A_SER_941,12.597584588502244,7.0
A,THR,918,A_THR_918,17.741277129026656,3.0
A,THR,1015,A_THR_1015,4.845077137574117,20.0
A,TRP,916,A_TRP_916,22.68793199189796,0.0
A,TYR,778,A_TYR_778,28.278765949658236,0.0
A,TYR,1332,A_TYR_1332,14.452167186146532,19.0
A,VAL,859,A_VAL_859,1.922460647245711,31.0
A,VAL,892,A_VAL_892,15.952537813551594,12.0
A,VAL,1341,A_VAL_1341,5.699074327831347,61.0
