chain,resname,resnum,res_key,density,ACC
A,ALA,842,A_ALA_842,12.653959913012477,88.0
A,ARG,732,A_ARG_732,14.238522033787657,176.0
A,ASP,837,A_ASP_837,21.10028838619793,141.0
A,CYS,840,A_CYS_840,17.30256733539303,104.0
A,GLU,729,A_GLU_729,4.848079610742113,72.0
A,GLU,740,A_GLU_740,5.969085799675126,46.0
A,GLU,741,A_GLU_741,17.51820593508773,153.0
A,GLY,560,A_GLY_560,10.51228610971382,55.0
A,GLY,844,A_GLY_844,10.596598274719174,59.0
A,LEU,724,A_LEU_724,13.219546152371407,38.0
A,LEU,728,A_LEU_728,18.14879711432222,64.0
A,LEU,738,A_LEU_738,18.11199472910487,55.0
A,LEU,836,A_LEU_836,17.682399492612316,111.0
A,LEU,839,A_LEU_839,18.042768919383903,152.0
A,LYS,725,A_LYS_725,18.630752885120945,50.0
A,PHE,700,A_PHE_700,4.006581036988658,3.0
A,PRO,742,A_PRO_742,6.188101367843879,43.0
A,PRO,843,A_PRO_843,15.971526261791372,136.0
A,SER,835,A_SER_835,10.019696849425472,93.0
A,SER,841,A_SER_841,15.509870495148084,92.0
A,SER,845,A_SER_845,2.613481103603557,74.0
A,THR,838,A_THR_838,17.438382304046048,113.0
A,THR,846,A_THR_846,1.8849733934445727,129.0
A,TYR,737,A_TYR_737,6.314811467644259,51.0
