chain,resname,resnum,res_key,density,ACC
A,ALA,123,A_ALA_123,12.712761236163193,0.0
A,ALA,126,A_ALA_126,12.127169625047197,6.0
A,ALA,260,A_ALA_260,12.937374608434167,9.0
A,ALA,261,A_ALA_261,12.74853285336642,6.0
A,ALA,336,A_ALA_336,12.318888746645657,4.0
A,ALA,338,A_ALA_338,12.834110835996656,1.0
A,ALA,342,A_ALA_342,12.50574833833561,4.0
A,ARG,121,A_ARG_121,7.506366143691039,143.0
A,ARG,122,A_ARG_122,26.11501703733287,58.0
A,ARG,283,A_ARG_283,7.317671075785277,27.0
A,ARG,348,A_ARG_348,24.161403414480823,106.0
A,ASP,128,A_ASP_128,22.373220924759256,115.0
A,CYS,119,A_CYS_119,3.403176514552896,0.0
A,CYS,343,A_CYS_343,17.620571708772644,48.0
A,GLN,341,A_GLN_341,22.366913080982805,43.0
A,GLU,125,A_GLU_125,24.010180446121357,109.0
A,GLU,349,A_GLU_349,8.84227222889885,120.0
A,GLY,257,A_GLY_257,10.20353679230134,0.0
A,LEU,118,A_LEU_118,4.572582329042225,56.0
A,LEU,124,A_LEU_124,12.666936314238386,18.0
A,LEU,129,A_LEU_129,3.0979366019504986,19.0
A,LEU,258,A_LEU_258,10.795402652892385,2.0
A,LEU,282,A_LEU_282,15.464472000001567,2.0
A,LEU,339,A_LEU_339,17.923724703488464,0.0
A,LYS,262,A_LYS_262,17.82994285219357,117.0
A,LYS,340,A_LYS_340,21.822553705904944,103.0
A,MET,346,A_MET_346,21.684148647078807,105.0
A,PHE,127,A_PHE_127,26.14410590469893,10.0
A,PHE,347,A_PHE_347,26.032859665998767,2.0
A,PRO,345,A_PRO_345,16.470878553001228,108.0
A,SER,256,A_SER_256,5.947534318942537,0.0
A,SER,351,A_SER_351,9.762438514945018,1.0
A,THR,281,A_THR_281,2.9735774587683315,2.0
A,THR,344,A_THR_344,18.419163836127755,47.0
A,TYR,350,A_TYR_350,10.782173399910675,18.0
A,VAL,259,A_VAL_259,11.119808159234417,6.0
A,VAL,263,A_VAL_263,4.848196662913656,27.0
A,VAL,335,A_VAL_335,6.1038423971438345,2.0
A,VAL,337,A_VAL_337,13.89157290714667,38.0
