chain,resname,resnum,res_key,density,ACC
A,ARG,187,A_ARG_187,15.527764514066304,118.0
A,ARG,189,A_ARG_189,26.946345321254643,129.0
A,ASN,200,A_ASN_200,17.51522315135909,127.0
A,ASN,203,A_ASN_203,7.599731835684745,121.0
A,ASN,204,A_ASN_204,17.538642599257685,84.0
A,ASP,209,A_ASP_209,21.121415076168137,42.0
A,ASP,211,A_ASP_211,2.433885730396036,57.0
A,CYS,171,A_CYS_171,14.727257526047564,21.0
A,CYS,186,A_CYS_186,18.37409933993745,3.0
A,CYS,188,A_CYS_188,17.76086295235196,20.0
A,CYS,207,A_CYS_207,17.31721519902625,9.0
A,GLN,193,A_GLN_193,23.294034989945203,88.0
A,GLU,208,A_GLU_208,22.99509685955781,81.0
A,GLY,191,A_GLY_191,10.5375114743401,20.0
A,GLY,197,A_GLY_197,10.49821996397153,81.0
A,GLY,201,A_GLY_201,10.319783744101922,11.0
A,GLY,231,A_GLY_231,10.4311107880188,15.0
A,HIS,172,A_HIS_172,23.7823846395574,86.0
A,HIS,176,A_HIS_176,21.1550540398322,70.0
A,ILE,195,A_ILE_195,18.34351789848956,61.0
A,PRO,190,A_PRO_190,16.06808216497152,116.0
A,PRO,194,A_PRO_194,15.941997260427328,60.0
A,PRO,196,A_PRO_196,16.078876794929986,126.0
A,PRO,199,A_PRO_199,14.572054497599911,71.0
A,SER,173,A_SER_173,15.3160895428578,92.0
A,SER,174,A_SER_174,15.132686082443882,5.0
A,SER,198,A_SER_198,14.824947088666809,17.0
A,THR,175,A_THR_175,17.545829659495986,4.0
A,THR,205,A_THR_205,16.37187054906869,2.0
A,TRP,192,A_TRP_192,31.846678971988013,68.0
A,VAL,206,A_VAL_206,15.659180291464924,55.0
A,VAL,210,A_VAL_210,15.706721990613667,18.0
A,VAL,230,A_VAL_230,13.861095320050836,124.0
