chain,resname,resnum,res_key,density,ACC
A,ALA,644,A_ALA_644,12.227100961128905,76.0
A,ALA,694,A_ALA_694,3.136121875876749,26.0
A,ARG,687,A_ARG_687,18.689666329859204,113.0
A,ASN,665,A_ASN_665,18.24006388179075,103.0
A,CYS,642,A_CYS_642,17.325378318209783,26.0
A,CYS,655,A_CYS_655,7.180854754463528,20.0
A,CYS,668,A_CYS_668,10.064686699273183,0.0
A,CYS,686,A_CYS_686,17.629036662280015,5.0
A,GLN,641,A_GLN_641,23.05405495067316,135.0
A,GLN,691,A_GLN_691,22.440940254214247,116.0
A,GLY,639,A_GLY_639,7.648884988897141,75.0
A,GLY,660,A_GLY_660,10.191192564635164,57.0
A,GLY,663,A_GLY_663,11.570228025774547,17.0
A,GLY,690,A_GLY_690,10.38252376629974,24.0
A,HIS,657,A_HIS_657,23.686339931970583,82.0
A,HIS,658,A_HIS_658,10.719305941647654,157.0
A,LEU,645,A_LEU_645,17.865796447444836,36.0
A,LEU,684,A_LEU_684,11.17615738943234,0.0
A,PHE,662,A_PHE_662,25.49256936754781,14.0
A,PHE,664,A_PHE_664,25.738720179790548,107.0
A,PRO,643,A_PRO_643,15.37635412183327,68.0
A,PRO,659,A_PRO_659,12.612702254696934,117.0
A,PRO,688,A_PRO_688,16.072932777633582,111.0
A,SER,685,A_SER_685,14.93676523564234,33.0
A,SER,689,A_SER_689,15.822266854124727,79.0
A,THR,661,A_THR_661,17.587695574239298,80.0
A,THR,666,A_THR_666,18.371480946675025,0.0
A,THR,667,A_THR_667,16.129384934354288,18.0
A,THR,693,A_THR_693,9.31903842707846,61.0
A,TRP,692,A_TRP_692,30.45830216103807,32.0
A,VAL,640,A_VAL_640,15.983673855049371,124.0
