chain,resname,resnum,res_key,density,ACC
A,ARG,19,A_ARG_19,26.09065029288835,254.0
A,ASN,18,A_ASN_18,20.861225206874497,149.0
A,ASN,21,A_ASN_21,21.14823322218768,167.0
A,ASN,23,A_ASN_23,21.06226016025898,161.0
A,CYS,20,A_CYS_20,18.30054817292756,111.0
A,GLN,24,A_GLN_24,19.66157950794305,158.0
A,GLU,16,A_GLU_16,5.902929776741853,192.0
A,GLU,17,A_GLU_17,23.01659938613518,200.0
A,PHE,22,A_PHE_22,24.974251248028047,175.0
