chain,resname,resnum,res_key,density,ACC
A,ALA,48,A_ALA_48,12.390338550734544,2.0
A,ALA,50,A_ALA_50,4.941479018165838,16.0
A,ALA,112,A_ALA_112,12.755439743106969,20.0
A,ALA,128,A_ALA_128,8.365678361684667,85.0
A,ALA,136,A_ALA_136,12.16858983723728,5.0
A,ALA,139,A_ALA_139,12.357378530986797,30.0
A,ALA,142,A_ALA_142,9.879569082523451,59.0
A,ARG,117,A_ARG_117,5.39811473835093,45.0
A,ARG,134,A_ARG_134,26.714406586697844,152.0
A,ARG,137,A_ARG_137,27.12921017022488,145.0
A,ASP,131,A_ASP_131,22.512460900755837,82.0
A,CYS,135,A_CYS_135,18.848168923861817,65.0
A,GLN,129,A_GLN_129,10.451668370827122,159.0
A,GLU,116,A_GLU_116,22.80441002068548,14.0
A,GLY,132,A_GLY_132,10.22158169734009,7.0
A,ILE,109,A_ILE_109,3.5102272244295785,0.0
A,ILE,143,A_ILE_143,10.947947043686112,19.0
A,LEU,52,A_LEU_52,17.807428052422193,4.0
A,LEU,108,A_LEU_108,3.231190320953801,24.0
A,LEU,119,A_LEU_119,9.83530570334647,70.0
A,LEU,126,A_LEU_126,6.380539186216176,99.0
A,LEU,130,A_LEU_130,17.936716338961716,87.0
A,LEU,138,A_LEU_138,18.04136595484685,108.0
A,LEU,140,A_LEU_140,18.142537194189472,23.0
A,MET,113,A_MET_113,12.126822096224736,0.0
A,PHE,49,A_PHE_49,12.544189576012704,2.0
A,PRO,46,A_PRO_46,13.881085564442207,50.0
A,PRO,133,A_PRO_133,15.980197807955037,33.0
A,PRO,141,A_PRO_141,13.085663071923763,72.0
A,SER,47,A_SER_47,16.00584944515512,53.0
A,TYR,127,A_TYR_127,28.401175394812785,50.0
A,VAL,51,A_VAL_51,16.329377435726055,20.0
A,VAL,115,A_VAL_115,16.17466305141502,45.0
