chain,resname,resnum,res_key,density,ACC
A,ALA,1737,A_ALA_1737,11.882996811025132,23.0
A,ALA,1763,A_ALA_1763,11.478749160932567,8.0
A,ARG,1768,A_ARG_1768,26.01171330902439,124.0
A,ASN,1656,A_ASN_1656,6.949516007117442,35.0
A,ASN,1734,A_ASN_1734,3.6956965294692457,12.0
A,ASN,1738,A_ASN_1738,20.626500286245715,67.0
A,ASP,1797,A_ASP_1797,10.868803353520672,77.0
A,ASP,2249,A_ASP_2249,12.67856736512893,46.0
A,CYS,1766,A_CYS_1766,17.636420736260902,37.0
A,CYS,1795,A_CYS_1795,18.11409246296454,4.0
A,CYS,2248,A_CYS_2248,3.2936540478067795,47.0
A,GLN,1810,A_GLN_1810,23.401905815386943,10.0
A,GLU,1739,A_GLU_1739,22.306301995345475,10.0
A,GLU,1788,A_GLU_1788,20.515323261988694,3.0
A,GLU,1790,A_GLU_1790,23.36392558118066,36.0
A,GLU,1809,A_GLU_1809,5.479837397348926,45.0
A,GLU,2258,A_GLU_2258,12.42556564186514,76.0
A,GLY,1769,A_GLY_1769,9.53737787896993,18.0
A,GLY,1773,A_GLY_1773,7.069334960303264,18.0
A,HIS,1765,A_HIS_1765,22.42484500953521,40.0
A,HIS,2247,A_HIS_2247,5.920542921404476,9.0
A,ILE,1740,A_ILE_1740,17.95937002304828,0.0
A,LEU,1663,A_LEU_1663,5.727037663161366,0.0
A,LEU,1666,A_LEU_1666,5.283497507912545,0.0
A,LEU,1733,A_LEU_1733,2.032197983397608,33.0
A,LEU,1811,A_LEU_1811,6.884263357347776,22.0
A,LEU,1812,A_LEU_1812,6.589798969821642,113.0
A,LEU,2251,A_LEU_2251,5.8941966146878135,147.0
A,LYS,1767,A_LYS_1767,20.667345606303822,100.0
A,LYS,1776,A_LYS_1776,4.244778106462338,19.0
A,MET,1772,A_MET_1772,17.75372900586175,81.0
A,PHE,1764,A_PHE_1764,25.004481318896666,0.0
A,PRO,1792,A_PRO_1792,15.716189607430456,4.0
A,PRO,1796,A_PRO_1796,15.986543826240284,86.0
A,SER,1771,A_SER_1771,12.45915498256739,45.0
A,SER,2271,A_SER_2271,4.852689844233858,7.0
A,THR,1791,A_THR_1791,16.949020009279373,0.0
A,TRP,1789,A_TRP_1789,23.654121266742614,0.0
A,TYR,1741,A_TYR_1741,4.684801663486406,40.0
A,TYR,2273,A_TYR_2273,22.94285069189728,36.0
A,VAL,1661,A_VAL_1661,7.917275965683698,16.0
A,VAL,1770,A_VAL_1770,2.8786694216715203,42.0
A,VAL,1793,A_VAL_1793,17.14550350645667,23.0
A,VAL,1794,A_VAL_1794,15.583901490578702,4.0
A,VAL,2252,A_VAL_2252,5.692442939197823,51.0
