chain,resname,resnum,res_key,density,ACC
A,ALA,85,A_ALA_85,9.264415446602458,18.0
A,ALA,181,A_ALA_181,3.7161649710663136,0.0
A,ALA,186,A_ALA_186,10.293715435741902,80.0
A,ARG,175,A_ARG_175,14.126768583336505,79.0
A,ASN,103,A_ASN_103,20.555679806449263,51.0
A,ASN,187,A_ASN_187,19.331995985658043,74.0
A,ASP,113,A_ASP_113,18.66894884708892,18.0
A,ASP,192,A_ASP_192,20.734995228080223,41.0
A,CYS,106,A_CYS_106,18.3536584217009,11.0
A,CYS,184,A_CYS_184,15.69431722357738,8.0
A,CYS,190,A_CYS_190,17.35649480832918,25.0
A,CYS,191,A_CYS_191,17.756682662229125,6.0
A,GLN,170,A_GLN_170,22.965734499886608,71.0
A,GLU,107,A_GLU_107,22.63844668999195,28.0
A,GLU,188,A_GLU_188,23.4634925020852,133.0
A,GLY,90,A_GLY_90,10.538121038065476,5.0
A,GLY,102,A_GLY_102,10.207711404026496,19.0
A,HIS,93,A_HIS_93,21.00569324905688,34.0
A,HIS,172,A_HIS_172,18.368960338031776,77.0
A,ILE,112,A_ILE_112,19.211689450245824,16.0
A,ILE,169,A_ILE_169,18.84347755532888,0.0
A,MET,98,A_MET_98,7.406014405108408,85.0
A,PHE,89,A_PHE_89,25.869812423197025,46.0
A,PHE,101,A_PHE_101,25.1510036872978,78.0
A,PHE,104,A_PHE_104,26.01327017749988,157.0
A,PHE,108,A_PHE_108,25.80207802433221,70.0
A,PHE,166,A_PHE_166,15.459180881408628,54.0
A,PHE,193,A_PHE_193,25.336517605979743,70.0
A,PHE,194,A_PHE_194,16.645961835047345,43.0
A,SER,111,A_SER_111,15.48863498225372,0.0
A,SER,165,A_SER_165,3.400748228549608,0.0
A,THR,100,A_THR_100,16.78690756533895,73.0
A,THR,110,A_THR_110,17.736217372639615,7.0
A,THR,189,A_THR_189,18.308799063149504,56.0
A,TRP,99,A_TRP_99,31.60779123320113,0.0
A,TRP,105,A_TRP_105,31.81434018781342,70.0
A,TRP,109,A_TRP_109,32.17526947064852,21.0
A,TYR,174,A_TYR_174,18.190807632542903,8.0
A,TYR,185,A_TYR_185,28.913753051593392,30.0
A,TYR,316,A_TYR_316,2.3234378586969515,3.0
A,VAL,86,A_VAL_86,16.333881274960724,0.0
A,VAL,114,A_VAL_114,6.310007517189724,24.0
