chain,resname,resnum,res_key,density,ACC
A,ALA,153,A_ALA_153,7.24351116014024,1.0
A,ALA,159,A_ALA_159,5.854639810110614,2.0
A,ALA,172,A_ALA_172,11.379298990324664,0.0
A,ALA,181,A_ALA_181,11.017157201816254,12.0
A,ALA,183,A_ALA_183,12.122662996950652,56.0
A,ALA,186,A_ALA_186,12.67891300343718,2.0
A,ALA,519,A_ALA_519,4.575201092066201,5.0
A,ARG,161,A_ARG_161,24.298967397431277,84.0
A,ARG,518,A_ARG_518,23.90543521891249,107.0
A,ASN,154,A_ASN_154,17.572988792714828,67.0
A,ASN,158,A_ASN_158,20.067421078046014,66.0
A,ASN,185,A_ASN_185,20.27828167223064,61.0
A,ASN,188,A_ASN_188,21.43192674810351,38.0
A,ASP,162,A_ASP_162,15.161817759017277,26.0
A,ASP,170,A_ASP_170,9.13706623683599,58.0
A,ASP,180,A_ASP_180,22.23500893617462,42.0
A,ASP,182,A_ASP_182,21.02612593472804,129.0
A,CYS,160,A_CYS_160,17.422314620598506,0.0
A,CYS,177,A_CYS_177,17.204314737590312,2.0
A,CYS,184,A_CYS_184,18.155897453761856,6.0
A,GLU,191,A_GLU_191,20.52108776507534,89.0
A,GLY,174,A_GLY_174,10.154724917554969,3.0
A,GLY,178,A_GLY_178,9.724513026183615,10.0
A,ILE,190,A_ILE_190,16.663079072917235,0.0
A,LEU,94,A_LEU_94,1.986744397576228,0.0
A,LEU,173,A_LEU_173,18.455047853223643,1.0
A,LEU,175,A_LEU_175,12.75552173467171,40.0
A,LEU,176,A_LEU_176,16.233092568948706,21.0
A,LYS,171,A_LYS_171,20.643689657131773,52.0
A,LYS,179,A_LYS_179,20.02144079240428,77.0
A,MET,156,A_MET_156,7.256237861785879,0.0
A,MET,193,A_MET_193,12.816945434573766,25.0
A,PHE,209,A_PHE_209,1.9773730108225016,41.0
A,THR,187,A_THR_187,17.92571086918555,45.0
A,TRP,189,A_TRP_189,32.42607596810881,0.0
A,TYR,157,A_TYR_157,27.303508482555262,33.0
A,TYR,192,A_TYR_192,21.57074337814377,46.0
A,VAL,163,A_VAL_163,5.920462976060437,0.0
