chain,resname,resnum,res_key,density,ACC
A,ASN,175,A_ASN_175,6.730690410044264,8.0
A,ASP,108,A_ASP_108,21.56282091550632,21.0
A,ASP,114,A_ASP_114,5.189668334434401,30.0
A,CYS,107,A_CYS_107,3.0940666496161144,1.0
A,CYS,168,A_CYS_168,17.870715554730946,19.0
A,GLY,173,A_GLY_173,10.67477407695728,32.0
A,ILE,105,A_ILE_105,3.5583408445769398,115.0
A,ILE,109,A_ILE_109,18.115795188445503,75.0
A,ILE,166,A_ILE_166,18.179621702105813,30.0
A,ILE,184,A_ILE_184,1.982931579049084,29.0
A,LEU,113,A_LEU_113,18.792769027622292,34.0
A,LEU,162,A_LEU_162,12.17183923522025,79.0
A,LEU,170,A_LEU_170,18.071217862370577,3.0
A,LEU,171,A_LEU_171,18.50208847940093,67.0
A,LEU,174,A_LEU_174,18.314649548465987,92.0
A,MET,116,A_MET_116,22.37027634927493,28.0
A,MET,117,A_MET_117,2.789540168846287,3.0
A,PHE,110,A_PHE_110,8.126334557788498,16.0
A,PHE,164,A_PHE_164,26.372584688686494,106.0
A,PHE,172,A_PHE_172,25.46085163504869,167.0
A,PHE,189,A_PHE_189,18.1744205836027,18.0
A,PRO,169,A_PRO_169,15.932331365759469,36.0
A,SER,163,A_SER_163,15.757032379374104,0.0
A,SER,167,A_SER_167,15.536031524829662,0.0
A,SER,193,A_SER_193,16.32475214480073,6.0
A,SER,197,A_SER_197,7.111808047076445,3.0
A,THR,112,A_THR_112,16.908117656500806,5.0
A,THR,119,A_THR_119,7.009143469808869,0.0
A,THR,165,A_THR_165,17.58333003428144,85.0
A,TRP,160,A_TRP_160,5.702873372118717,59.0
A,TYR,192,A_TYR_192,13.611983252692829,127.0
A,VAL,111,A_VAL_111,14.361832068904675,18.0
A,VAL,115,A_VAL_115,16.312816419799148,25.0
A,VAL,161,A_VAL_161,14.794317627874277,89.0
A,VAL,196,A_VAL_196,3.9226788544430886,36.0
