chain,resname,resnum,res_key,density,ACC
A,ALA,159,A_ALA_159,12.80093613247092,0.0
A,ARG,161,A_ARG_161,12.714523643302805,44.0
A,ARG,170,A_ARG_170,10.264907375190734,123.0
A,ARG,176,A_ARG_176,12.970721563360794,0.0
A,ARG,190,A_ARG_190,27.26882249969333,24.0
A,ASN,168,A_ASN_168,20.939431861875825,23.0
A,ASP,158,A_ASP_158,9.806060723717568,42.0
A,ASP,191,A_ASP_191,2.5232799498914744,4.0
A,CYS,246,A_CYS_246,16.770411908223394,4.0
A,GLN,162,A_GLN_162,22.02654823061507,59.0
A,GLU,147,A_GLU_147,10.15360678940144,52.0
A,GLU,148,A_GLU_148,23.25486937421852,103.0
A,GLU,160,A_GLU_160,13.12039210552394,34.0
A,GLY,152,A_GLY_152,2.7957770404464046,13.0
A,GLY,167,A_GLY_167,10.01242940999591,64.0
A,GLY,171,A_GLY_171,10.6286164987207,0.0
A,GLY,249,A_GLY_249,10.013843805629971,50.0
A,HIS,247,A_HIS_247,23.10885075861188,151.0
A,ILE,175,A_ILE_175,18.30862471100457,0.0
A,ILE,189,A_ILE_189,17.61000538071358,0.0
A,LEU,154,A_LEU_154,9.90101388197026,22.0
A,LEU,163,A_LEU_163,18.73068863144737,0.0
A,LEU,164,A_LEU_164,17.5782974945573,70.0
A,LEU,174,A_LEU_174,17.808615966831486,0.0
A,LEU,187,A_LEU_187,8.485045739977094,0.0
A,LEU,242,A_LEU_242,15.44124151628194,3.0
A,LYS,105,A_LYS_105,4.794530477940087,110.0
A,LYS,248,A_LYS_248,20.650216607280484,34.0
A,MET,250,A_MET_250,4.387913458531891,120.0
A,PHE,151,A_PHE_151,24.52482737407369,33.0
A,PHE,166,A_PHE_166,11.147846129185131,214.0
A,PHE,173,A_PHE_173,25.08248293988512,4.0
A,PRO,169,A_PRO_169,16.150789660762122,67.0
A,PRO,245,A_PRO_245,15.565853932080264,46.0
A,SER,165,A_SER_165,16.4310002445247,46.0
A,SER,186,A_SER_186,3.11843762962911,0.0
A,SER,188,A_SER_188,15.10415185243967,0.0
A,THR,172,A_THR_172,18.220249442355577,0.0
A,TRP,149,A_TRP_149,30.006025976529507,15.0
A,TYR,91,A_TYR_91,9.323609147063465,41.0
A,TYR,150,A_TYR_150,19.38872789688736,12.0
A,VAL,200,A_VAL_200,5.8438472644215125,20.0
A,VAL,228,A_VAL_228,4.046254488230227,10.0
A,VAL,243,A_VAL_243,15.64448679816954,61.0
A,VAL,244,A_VAL_244,16.393600906768143,59.0
