chain,resname,resnum,res_key,density,ACC
A,ALA,622,A_ALA_622,3.221761675626849,0.0
A,ARG,411,A_ARG_411,10.311521560627735,50.0
A,ASP,629,A_ASP_629,14.418106307685395,84.0
A,ASP,632,A_ASP_632,16.26905968410348,5.0
A,ASP,672,A_ASP_672,21.51095196791633,17.0
A,ASP,721,A_ASP_721,21.512757842004387,15.0
A,CYS,634,A_CYS_634,17.754475568898947,33.0
A,CYS,666,A_CYS_666,18.010081316375334,11.0
A,CYS,668,A_CYS_668,17.602992342336226,13.0
A,CYS,723,A_CYS_723,18.93987035316234,6.0
A,GLN,641,A_GLN_641,5.349845808111327,77.0
A,GLN,662,A_GLN_662,5.479662548584839,133.0
A,GLN,724,A_GLN_724,21.91614284101067,131.0
A,GLU,631,A_GLU_631,22.636016004625034,87.0
A,GLU,640,A_GLU_640,13.916149570275136,5.0
A,GLU,671,A_GLU_671,11.923579805059555,120.0
A,GLY,633,A_GLY_633,9.86682077735332,5.0
A,GLY,637,A_GLY_637,10.434404735583268,1.0
A,GLY,720,A_GLY_720,6.017015088051917,12.0
A,GLY,725,A_GLY_725,10.217032743648438,58.0
A,GLY,726,A_GLY_726,10.383243795794376,53.0
A,ILE,635,A_ILE_635,17.789768241049536,26.0
A,ILE,665,A_ILE_665,17.672255453946658,77.0
A,LEU,621,A_LEU_621,5.426980081637288,39.0
A,LEU,636,A_LEU_636,17.387251057744848,14.0
A,LEU,667,A_LEU_667,18.087330019210025,86.0
A,LEU,670,A_LEU_670,2.7331117150658435,41.0
A,LYS,639,A_LYS_639,20.19794591400221,30.0
A,LYS,717,A_LYS_717,8.26774335967622,60.0
A,LYS,722,A_LYS_722,20.32791093624795,95.0
A,PHE,673,A_PHE_673,9.32762422776768,19.0
A,PRO,663,A_PRO_663,16.05393991172817,83.0
A,SER,664,A_SER_664,15.185046921027864,52.0
A,SER,669,A_SER_669,15.007083820323288,32.0
A,TYR,630,A_TYR_630,28.604581631034613,181.0
A,TYR,638,A_TYR_638,28.687040179980585,17.0
A,VAL,727,A_VAL_727,14.596415837295176,66.0
