chain,resname,resnum,res_key,density,ACC
A,ARG,115,A_ARG_115,16.803880710409004,222.0
A,ARG,118,A_ARG_118,25.680399347557263,213.0
A,ARG,133,A_ARG_133,27.752484437804373,125.0
A,ASN,134,A_ASN_134,20.391754382282528,33.0
A,ASP,102,A_ASP_102,22.31896124734723,39.0
A,CYS,97,A_CYS_97,17.7413859998422,8.0
A,CYS,113,A_CYS_113,15.938620995572764,14.0
A,CYS,116,A_CYS_116,18.55167698837052,22.0
A,CYS,119,A_CYS_119,12.096925210892364,35.0
A,CYS,129,A_CYS_129,17.965170123057476,6.0
A,CYS,137,A_CYS_137,11.79502294026536,34.0
A,GLN,101,A_GLN_101,23.421753870275104,99.0
A,GLU,125,A_GLU_125,22.6010391233328,116.0
A,GLY,84,A_GLY_84,10.61020903686202,0.0
A,GLY,100,A_GLY_100,10.86817921619996,44.0
A,LEU,114,A_LEU_114,15.89315438851344,82.0
A,LEU,126,A_LEU_126,12.81869009364589,97.0
A,LYS,98,A_LYS_98,16.75882752287515,116.0
A,PRO,128,A_PRO_128,16.13545826749956,59.0
A,SER,104,A_SER_104,15.375180103882975,2.0
A,SER,127,A_SER_127,16.7206193433596,18.0
A,THR,105,A_THR_105,11.632043599710832,64.0
A,THR,117,A_THR_117,16.91478071265649,68.0
A,THR,130,A_THR_130,18.102359826549016,31.0
A,THR,131,A_THR_131,17.080156319994025,35.0
A,THR,132,A_THR_132,17.301316093642434,65.0
A,THR,135,A_THR_135,17.08482654413925,16.0
A,TYR,99,A_TYR_99,28.81191759209496,151.0
A,TYR,103,A_TYR_103,28.58026597463889,33.0
A,VAL,136,A_VAL_136,15.9104646523624,60.0
