chain,resname,resnum,res_key,density,ACC
A,ALA,438,A_ALA_438,12.445342548936736,13.0
A,ALA,465,A_ALA_465,12.17450579057762,5.0
A,ARG,156,A_ARG_156,14.77554725341528,49.0
A,ASN,431,A_ASN_431,12.301240326356943,9.0
A,ASN,435,A_ASN_435,20.442152375180097,39.0
A,ASP,407,A_ASP_407,5.870801347418081,36.0
A,ASP,409,A_ASP_409,21.97441070311059,17.0
A,ASP,461,A_ASP_461,22.175746931777308,54.0
A,CYS,134,A_CYS_134,3.1862171495213443,89.0
A,CYS,434,A_CYS_434,17.538419021260655,77.0
A,CYS,466,A_CYS_466,17.419045726185033,24.0
A,GLU,433,A_GLU_433,23.218925869175774,86.0
A,GLU,463,A_GLU_463,23.88560269270418,96.0
A,GLU,469,A_GLU_469,23.475623630044332,65.0
A,GLU,471,A_GLU_471,10.998391441092634,132.0
A,GLY,408,A_GLY_408,9.404975168342917,29.0
A,GLY,439,A_GLY_439,5.687973699618387,48.0
A,GLY,442,A_GLY_442,10.190873075532398,3.0
A,GLY,444,A_GLY_444,6.954001828888564,4.0
A,ILE,339,A_ILE_339,9.310445138511392,9.0
A,LEU,341,A_LEU_341,5.533633483290875,0.0
A,LEU,344,A_LEU_344,5.568257423358544,0.0
A,LEU,410,A_LEU_410,18.010244490323434,3.0
A,LYS,136,A_LYS_136,10.038799809154156,132.0
A,LYS,436,A_LYS_436,20.47345711313937,135.0
A,LYS,443,A_LYS_443,9.9797407749679,57.0
A,LYS,468,A_LYS_468,14.286602789182204,119.0
A,PHE,432,A_PHE_432,24.634942150726022,3.0
A,SER,338,A_SER_338,3.176649635409285,57.0
A,THR,411,A_THR_411,2.7298958340446915,0.0
A,THR,437,A_THR_437,17.245980703354224,126.0
A,THR,445,A_THR_445,5.572278754685447,67.0
A,THR,459,A_THR_459,11.642540145182268,25.0
A,THR,462,A_THR_462,16.93410049698638,0.0
A,TRP,460,A_TRP_460,23.186371869936604,0.0
A,TYR,405,A_TYR_405,13.307469534137615,9.0
A,TYR,464,A_TYR_464,21.43417561246777,81.0
A,VAL,467,A_VAL_467,16.015246968626258,23.0
