chain,resname,resnum,res_key,density,ACC
A,ALA,59,A_ALA_59,11.628810196579828,5.0
A,ALA,121,A_ALA_121,12.453190638387632,68.0
A,ASN,84,A_ASN_84,21.76655436882441,83.0
A,ASP,38,A_ASP_38,21.306850549193257,82.0
A,ASP,60,A_ASP_60,2.692754056977948,81.0
A,ASP,78,A_ASP_78,2.8373666623811094,79.0
A,ASP,79,A_ASP_79,18.385236073715404,109.0
A,CYS,57,A_CYS_57,17.582488685713102,0.0
A,CYS,109,A_CYS_109,18.29476182017617,0.0
A,GLN,56,A_GLN_56,14.490151533553735,40.0
A,GLN,72,A_GLN_72,14.349436530859505,87.0
A,GLU,92,A_GLU_92,16.940052046865848,22.0
A,GLU,117,A_GLU_117,23.52539548669719,140.0
A,GLU,122,A_GLU_122,22.716441714913643,123.0
A,HIS,71,A_HIS_71,14.599968244609556,7.0
A,ILE,34,A_ILE_34,7.730988848059533,15.0
A,ILE,85,A_ILE_85,14.02532382437148,44.0
A,ILE,112,A_ILE_112,18.59827737002364,42.0
A,LEU,55,A_LEU_55,18.432796656686115,0.0
A,LEU,74,A_LEU_74,18.58797259462953,13.0
A,LEU,81,A_LEU_81,18.61410478858746,79.0
A,LYS,40,A_LYS_40,11.317232646183426,108.0
A,LYS,77,A_LYS_77,14.254181544947585,39.0
A,LYS,108,A_LYS_108,20.78663617384956,42.0
A,LYS,116,A_LYS_116,3.198239481740784,92.0
A,LYS,118,A_LYS_118,21.11613109624413,84.0
A,MET,39,A_MET_39,21.51830121082489,11.0
A,MET,73,A_MET_73,20.507915353019225,0.0
A,PHE,58,A_PHE_58,26.100736072877098,66.0
A,PHE,75,A_PHE_75,25.19288635621001,1.0
A,PHE,82,A_PHE_82,24.847196294279097,63.0
A,SER,36,A_SER_36,15.663342172067384,42.0
A,SER,41,A_SER_41,2.459569474582074,5.0
A,SER,90,A_SER_90,5.360275235882145,64.0
A,SER,93,A_SER_93,10.657160897882358,52.0
A,THR,91,A_THR_91,14.510140013058765,40.0
A,THR,106,A_THR_106,11.121583121327614,37.0
A,THR,110,A_THR_110,17.068387244145953,7.0
A,THR,119,A_THR_119,17.60409114158627,63.0
A,THR,120,A_THR_120,18.176349009280997,13.0
A,TRP,45,A_TRP_45,10.628277855390513,62.0
A,TYR,76,A_TYR_76,27.935666919088717,52.0
A,TYR,83,A_TYR_83,22.863916295463294,68.0
A,TYR,94,A_TYR_94,15.885395647608016,71.0
A,TYR,107,A_TYR_107,25.96668230796489,5.0
A,TYR,123,A_TYR_123,28.22949816728853,55.0
A,VAL,37,A_VAL_37,16.595917774613305,10.0
A,VAL,61,A_VAL_61,1.8891994263601657,29.0
A,VAL,80,A_VAL_80,10.825381458068588,99.0
A,VAL,111,A_VAL_111,16.19742940933375,0.0
A,VAL,113,A_VAL_113,4.513585411286138,1.0
