chain,resname,resnum,res_key,density,ACC
A,ALA,177,A_ALA_177,12.495075136844097,32.0
A,ALA,185,A_ALA_185,12.88486551372134,49.0
A,ARG,104,A_ARG_104,25.984127471562665,56.0
A,ASN,5,A_ASN_5,15.311936703116196,80.0
A,ASN,175,A_ASN_175,20.551074668708463,8.0
A,ASN,176,A_ASN_176,10.421307120795117,147.0
A,ASN,180,A_ASN_180,21.71951323015719,132.0
A,ASN,186,A_ASN_186,2.712349775369451,66.0
A,ASP,2,A_ASP_2,18.553698096380156,76.0
A,ASP,108,A_ASP_108,21.56282091550632,21.0
A,ASP,114,A_ASP_114,12.412497604150612,30.0
A,ASP,178,A_ASP_178,18.64487484124949,143.0
A,CYS,107,A_CYS_107,17.45314902032697,1.0
A,CYS,182,A_CYS_182,17.980577214934385,21.0
A,GLN,179,A_GLN_179,14.017285843199147,175.0
A,GLU,95,A_GLU_95,2.5468498274768634,42.0
A,GLU,99,A_GLU_99,20.196198334347315,103.0
A,GLU,181,A_GLU_181,23.54983294842289,63.0
A,GLY,98,A_GLY_98,10.72990632605604,23.0
A,HIS,106,A_HIS_106,19.41781554549514,79.0
A,HIS,393,A_HIS_393,7.667811921465029,34.0
A,ILE,105,A_ILE_105,13.489243101280708,115.0
A,ILE,109,A_ILE_109,16.312321769134755,75.0
A,ILE,183,A_ILE_183,18.729424738267795,44.0
A,ILE,184,A_ILE_184,17.559940672773383,29.0
A,LEU,4,A_LEU_4,18.10685141033874,90.0
A,LEU,6,A_LEU_6,2.817662801458488,122.0
A,LEU,94,A_LEU_94,17.831595679364042,50.0
A,LEU,113,A_LEU_113,2.8623136736857018,34.0
A,LEU,170,A_LEU_170,15.300037768284664,3.0
A,LYS,101,A_LYS_101,14.77289306226222,135.0
A,PHE,102,A_PHE_102,21.046151312827096,87.0
A,PHE,110,A_PHE_110,25.19889818215669,16.0
A,PRO,3,A_PRO_3,14.05872613203023,33.0
A,SER,103,A_SER_103,15.57078120898921,58.0
A,THR,112,A_THR_112,11.612167994141998,5.0
A,TRP,90,A_TRP_90,31.44293410847312,67.0
A,TRP,100,A_TRP_100,31.588383611436708,18.0
A,TYR,93,A_TYR_93,24.465620193849112,45.0
A,TYR,408,A_TYR_408,11.330417723910328,37.0
A,TYR,416,A_TYR_416,3.0650701028705085,5.0
A,VAL,87,A_VAL_87,5.029427249278384,0.0
A,VAL,91,A_VAL_91,16.210678556991283,12.0
A,VAL,97,A_VAL_97,1.8359124460871368,53.0
A,VAL,111,A_VAL_111,16.325282323049496,18.0
A,VAL,115,A_VAL_115,2.1194020585629127,25.0
A,VAL,190,A_VAL_190,1.9302691929903228,4.0
