chain,resname,resnum,res_key,density,ACC
A,ALA,58,A_ALA_58,5.308288917544436,60.0
A,ALA,59,A_ALA_59,13.027897160489818,2.0
A,ALA,71,A_ALA_71,12.396405542191664,3.0
A,ALA,72,A_ALA_72,12.158184649297336,0.0
A,ALA,107,A_ALA_107,12.346737428794672,53.0
A,ARG,63,A_ARG_63,18.732612382062158,68.0
A,ARG,68,A_ARG_68,14.279171690821022,44.0
A,ARG,82,A_ARG_82,25.60558160057977,129.0
A,ARG,90,A_ARG_90,26.51258019144258,30.0
A,ARG,109,A_ARG_109,2.553152325454753,132.0
A,ARG,110,A_ARG_110,3.535162411056749,74.0
A,ASN,77,A_ASN_77,5.977461483088726,90.0
A,ASP,73,A_ASP_73,21.961340936634528,50.0
A,ASP,88,A_ASP_88,21.50701946051171,50.0
A,CYS,61,A_CYS_61,16.948240457276782,3.0
A,CYS,80,A_CYS_80,18.078015791330195,1.0
A,CYS,89,A_CYS_89,17.763717384959364,2.0
A,CYS,121,A_CYS_121,9.53277224012299,1.0
A,GLN,50,A_GLN_50,13.809375064839037,66.0
A,GLN,104,A_GLN_104,13.207663944248068,32.0
A,GLU,49,A_GLU_49,23.413641975940703,48.0
A,GLU,54,A_GLU_54,6.104177635216654,125.0
A,GLU,81,A_GLU_81,20.023301467840696,97.0
A,GLU,83,A_GLU_83,11.889208979097669,128.0
A,GLU,106,A_GLU_106,23.15736047423012,41.0
A,GLY,67,A_GLY_67,5.594140269326925,28.0
A,GLY,86,A_GLY_86,10.233020514318143,30.0
A,HIS,108,A_HIS_108,17.548800616950654,47.0
A,ILE,93,A_ILE_93,4.885942804710568,29.0
A,LEU,48,A_LEU_48,11.798461770170578,20.0
A,LEU,62,A_LEU_62,17.47508239523962,0.0
A,LEU,70,A_LEU_70,18.153774267845407,0.0
A,LEU,92,A_LEU_92,16.592434086399653,33.0
A,LEU,103,A_LEU_103,14.9335289413696,1.0
A,LYS,74,A_LYS_74,2.580435242477848,150.0
A,PHE,91,A_PHE_91,25.45156479192444,0.0
A,PHE,112,A_PHE_112,14.532027087240296,0.0
A,PRO,51,A_PRO_51,15.961243986959063,34.0
A,PRO,52,A_PRO_52,1.72914083212074,126.0
A,PRO,85,A_PRO_85,16.076319835421785,55.0
A,PRO,87,A_PRO_87,15.967944622926996,93.0
A,SER,57,A_SER_57,2.990769937034738,38.0
A,SER,64,A_SER_64,9.332986451952912,2.0
A,SER,105,A_SER_105,15.385084976078996,0.0
A,THR,47,A_THR_47,5.893719856662011,9.0
A,THR,79,A_THR_79,17.81990333798258,44.0
A,TRP,46,A_TRP_46,12.681599103264256,0.0
A,TYR,69,A_TYR_69,26.66180664247068,23.0
A,VAL,33,A_VAL_33,1.9013204213048056,13.0
A,VAL,60,A_VAL_60,16.062250377981847,1.0
A,VAL,78,A_VAL_78,16.12481000301637,21.0
A,VAL,84,A_VAL_84,16.443918810255784,113.0
