chain,resname,resnum,res_key,density,ACC
A,ALA,145,A_ALA_145,12.33416266751406,76.0
A,ARG,141,A_ARG_141,26.10565478176596,238.0
A,ASP,144,A_ASP_144,21.52339243430905,88.0
A,CYS,35,A_CYS_35,17.06094217522441,13.0
A,CYS,142,A_CYS_142,18.0918315324789,45.0
A,GLN,137,A_GLN_137,7.720567300650308,176.0
A,GLY,110,A_GLY_110,3.14880412776529,15.0
A,GLY,126,A_GLY_126,5.37938107931889,8.0
A,GLY,138,A_GLY_138,8.66215859421672,63.0
A,HIS,34,A_HIS_34,24.31602195589851,72.0
A,HIS,140,A_HIS_140,23.24837253925213,134.0
A,LEU,128,A_LEU_128,18.25053738569158,72.0
A,LEU,130,A_LEU_130,17.885945052185832,55.0
A,PRO,33,A_PRO_33,16.426554631557174,28.0
A,PRO,146,A_PRO_146,9.02476005685622,90.0
A,SER,32,A_SER_32,3.074759585821751,59.0
A,SER,136,A_SER_136,3.283823966704716,91.0
A,SER,143,A_SER_143,15.499469946054177,103.0
A,THR,36,A_THR_36,17.095144736336334,28.0
A,THR,37,A_THR_37,17.555916931313355,51.0
A,THR,127,A_THR_127,17.696461043052466,0.0
A,THR,132,A_THR_132,10.017116097242909,35.0
A,TRP,139,A_TRP_139,19.0773601945792,223.0
A,VAL,38,A_VAL_38,16.481085933781305,17.0
A,VAL,44,A_VAL_44,1.8534018594867776,8.0
A,VAL,129,A_VAL_129,15.629960183356667,0.0
A,VAL,131,A_VAL_131,7.00945381733341,5.0
