chain,resname,resnum,res_key,density,ACC
A,ARG,134,A_ARG_134,26.755734493056504,172.0
A,ARG,143,A_ARG_143,21.47991747074764,137.0
A,ASN,205,A_ASN_205,18.06005761269414,85.0
A,ASN,230,A_ASN_230,8.206809211897312,10.0
A,CYS,110,A_CYS_110,7.3642841210750625,1.0
A,CYS,127,A_CYS_127,8.577552940319432,60.0
A,CYS,131,A_CYS_131,18.649673541496867,0.0
A,CYS,133,A_CYS_133,18.44168977242045,0.0
A,CYS,140,A_CYS_140,17.50701778921205,17.0
A,CYS,144,A_CYS_144,5.719705045010965,25.0
A,CYS,206,A_CYS_206,17.451441997083624,32.0
A,CYS,235,A_CYS_235,5.725802483873715,48.0
A,GLN,124,A_GLN_124,23.547501612237944,92.0
A,GLN,130,A_GLN_130,22.04067256516017,76.0
A,GLN,137,A_GLN_137,20.001182829829077,151.0
A,GLN,209,A_GLN_209,16.746855389234522,62.0
A,GLU,121,A_GLU_121,5.709032240669417,79.0
A,GLU,208,A_GLU_208,11.70182787340647,110.0
A,GLY,139,A_GLY_139,10.68528011346103,46.0
A,ILE,138,A_ILE_138,18.853625145787607,54.0
A,ILE,207,A_ILE_207,18.241117904340147,61.0
A,LEU,146,A_LEU_146,5.563059326041442,96.0
A,LYS,122,A_LYS_122,20.978781437291047,139.0
A,LYS,128,A_LYS_128,13.694185221933816,57.0
A,PHE,112,A_PHE_112,16.607442014838263,36.0
A,PHE,123,A_PHE_123,25.97176674633644,18.0
A,PHE,129,A_PHE_129,24.437891283785167,75.0
A,PRO,125,A_PRO_125,15.840793803621883,56.0
A,PRO,142,A_PRO_142,15.474019898091216,48.0
A,SER,126,A_SER_126,16.573037823097213,48.0
A,THR,132,A_THR_132,17.44736440153224,28.0
A,TYR,117,A_TYR_117,17.651402970224787,34.0
A,VAL,111,A_VAL_111,3.4418191231178965,98.0
A,VAL,141,A_VAL_141,16.410181812962637,90.0
A,VAL,204,A_VAL_204,5.826230531858224,104.0
