chain,resname,resnum,res_key,density,ACC
A,ALA,276,A_ALA_276,12.512835425550152,0.0
A,ALA,453,A_ALA_453,8.834982169006931,0.0
A,ALA,454,A_ALA_454,5.741698841525183,0.0
A,ALA,458,A_ALA_458,12.368078328939337,0.0
A,ARG,250,A_ARG_250,25.947492966715213,117.0
A,ASN,253,A_ASN_253,20.75273988522249,1.0
A,ASN,372,A_ASN_372,20.701120233193222,99.0
A,ASP,242,A_ASP_242,12.545997348243244,17.0
A,ASP,367,A_ASP_367,2.7854225492403293,26.0
A,CYS,247,A_CYS_247,17.394461407039252,23.0
A,CYS,368,A_CYS_368,18.37387491293689,0.0
A,CYS,441,A_CYS_441,15.526412234506662,11.0
A,GLU,241,A_GLU_241,23.51303844093953,103.0
A,GLU,251,A_GLU_251,23.367535901722405,116.0
A,GLU,459,A_GLU_459,23.264657800619645,0.0
A,GLY,281,A_GLY_281,10.590224428407144,13.0
A,GLY,442,A_GLY_442,4.622456657699946,11.0
A,ILE,246,A_ILE_246,17.892427576245836,19.0
A,LEU,243,A_LEU_243,18.42693994350461,8.0
A,LEU,252,A_LEU_252,16.441243652984834,48.0
A,LEU,275,A_LEU_275,3.385016440996768,62.0
A,LYS,244,A_LYS_244,20.454508536124436,97.0
A,LYS,245,A_LYS_245,20.56067748938531,139.0
A,LYS,278,A_LYS_278,10.51546638581944,144.0
A,LYS,371,A_LYS_371,1.8227688134547024,100.0
A,MET,240,A_MET_240,17.921659912004912,11.0
A,MET,365,A_MET_365,23.063110301363118,7.0
A,MET,460,A_MET_460,9.809619310482631,1.0
A,PHE,248,A_PHE_248,24.945709091615583,53.0
A,PHE,277,A_PHE_277,16.571220826358648,0.0
A,PHE,280,A_PHE_280,25.22509676074949,0.0
A,PHE,282,A_PHE_282,19.55339332627282,11.0
A,SER,254,A_SER_254,10.079240403347503,56.0
A,SER,444,A_SER_444,3.047281254263235,33.0
A,SER,452,A_SER_452,16.358274533675004,3.0
A,SER,462,A_SER_462,4.493042978045542,2.0
A,TRP,364,A_TRP_364,28.66700352118191,0.0
A,TRP,369,A_TRP_369,4.901645085487867,19.0
A,TYR,239,A_TYR_239,6.065855174205361,2.0
A,TYR,249,A_TYR_249,29.30609909046772,51.0
A,TYR,463,A_TYR_463,12.650516223638554,40.0
A,VAL,279,A_VAL_279,16.727015933983463,19.0
A,VAL,451,A_VAL_451,2.7882550308714253,0.0
A,VAL,455,A_VAL_455,15.438029346147156,0.0
A,VAL,456,A_VAL_456,16.93185083556526,0.0
A,VAL,457,A_VAL_457,10.885071465489444,2.0
