chain,resname,resnum,res_key,density,ACC
A,ALA,146,A_ALA_146,12.31396510664035,0.0
A,ALA,153,A_ALA_153,6.06484174287034,0.0
A,ALA,169,A_ALA_169,13.105808385388748,25.0
A,ALA,173,A_ALA_173,12.124414154987306,10.0
A,ALA,176,A_ALA_176,11.382144830544004,76.0
A,ARG,97,A_ARG_97,15.94928253598362,27.0
A,ARG,105,A_ARG_105,8.673108317620752,76.0
A,ARG,144,A_ARG_144,7.870554891974294,99.0
A,ARG,147,A_ARG_147,11.538437100920689,7.0
A,ARG,177,A_ARG_177,26.048176005384374,60.0
A,ARG,225,A_ARG_225,27.12708049268012,76.0
A,ASN,178,A_ASN_178,20.2796845088439,78.0
A,ASN,226,A_ASN_226,2.805729767651491,100.0
A,ASP,151,A_ASP_151,5.686934429235764,38.0
A,ASP,167,A_ASP_167,20.98975097336717,0.0
A,ASP,220,A_ASP_220,5.688663591553233,13.0
A,CYS,143,A_CYS_143,8.044839347002284,0.0
A,CYS,174,A_CYS_174,18.089169957402067,1.0
A,CYS,179,A_CYS_179,18.035529104074108,0.0
A,CYS,193,A_CYS_193,14.435566497810663,0.0
A,GLN,104,A_GLN_104,12.686304455319505,96.0
A,GLU,148,A_GLU_148,23.69654675624257,61.0
A,GLY,230,A_GLY_230,10.13359626834004,0.0
A,HIS,168,A_HIS_168,19.055257245761634,35.0
A,HIS,171,A_HIS_171,24.607725446358018,5.0
A,HIS,229,A_HIS_229,2.7000485395502727,3.0
A,ILE,103,A_ILE_103,18.885478542953447,6.0
A,ILE,166,A_ILE_166,5.890721901586918,0.0
A,ILE,175,A_ILE_175,19.359146165326848,22.0
A,ILE,221,A_ILE_221,18.81869476296256,1.0
A,LEU,141,A_LEU_141,6.36714988053096,59.0
A,LEU,145,A_LEU_145,18.1958148688554,13.0
A,LEU,150,A_LEU_150,12.374228841115883,0.0
A,LEU,172,A_LEU_172,18.5500417061494,92.0
A,LEU,184,A_LEU_184,12.597525614214806,6.0
A,LEU,223,A_LEU_223,17.87210756720029,0.0
A,LEU,232,A_LEU_232,1.9584941907657676,0.0
A,LYS,191,A_LYS_191,5.30088232061736,4.0
A,PRO,98,A_PRO_98,10.16801306194714,114.0
A,PRO,100,A_PRO_100,16.36149209299804,48.0
A,PRO,106,A_PRO_106,2.0550271100951494,4.0
A,PRO,181,A_PRO_181,16.247711815307788,0.0
A,PRO,183,A_PRO_183,13.001953306889009,7.0
A,SER,182,A_SER_182,15.57929157101203,0.0
A,SER,192,A_SER_192,15.1080667503001,2.0
A,THR,222,A_THR_222,17.55909729445215,4.0
A,TYR,102,A_TYR_102,22.422247825283318,146.0
A,TYR,180,A_TYR_180,27.79925613957368,1.0
A,TYR,224,A_TYR_224,20.841241517395837,23.0
A,TYR,228,A_TYR_228,3.1549782739349084,5.0
A,VAL,99,A_VAL_99,15.991314839252894,14.0
A,VAL,142,A_VAL_142,16.49818147574904,0.0
A,VAL,149,A_VAL_149,16.696657611830645,0.0
A,VAL,152,A_VAL_152,17.100831398743743,55.0
A,VAL,170,A_VAL_170,15.907386461667317,1.0
