chain,resname,resnum,res_key,density,ACC
A,ALA,1267,A_ALA_1267,4.918111449631663,81.0
A,ALA,1296,A_ALA_1296,12.649242917705749,87.0
A,ALA,1304,A_ALA_1304,7.737199139997319,79.0
A,ALA,1311,A_ALA_1311,2.340462999335095,67.0
A,ARG,1269,A_ARG_1269,6.341137187763225,81.0
A,ARG,1306,A_ARG_1306,13.262751318396074,108.0
A,ASN,1312,A_ASN_1312,20.51466806288561,52.0
A,ASP,1271,A_ASP_1271,12.204725594054562,67.0
A,ASP,1302,A_ASP_1302,21.009652941487225,86.0
A,ASP,1315,A_ASP_1315,11.003583536356857,47.0
A,ASP,1318,A_ASP_1318,18.004090189057397,0.0
A,CYS,1270,A_CYS_1270,17.10685999924017,45.0
A,CYS,1285,A_CYS_1285,15.53211042971114,49.0
A,CYS,1288,A_CYS_1288,18.004868207715262,18.0
A,CYS,1295,A_CYS_1295,17.35238840316392,3.0
A,CYS,1300,A_CYS_1300,17.853025605728014,53.0
A,CYS,1313,A_CYS_1313,17.703353324603476,4.0
A,GLN,1292,A_GLN_1292,22.633359774337418,88.0
A,GLN,1294,A_GLN_1294,22.52318447213688,98.0
A,GLN,1299,A_GLN_1299,22.94487179244546,76.0
A,GLN,1314,A_GLN_1314,19.382374658829324,174.0
A,GLU,1290,A_GLU_1290,10.060896370807686,213.0
A,GLY,1272,A_GLY_1272,2.6092417111517454,56.0
A,GLY,1298,A_GLY_1298,9.991265372616944,46.0
A,GLY,1303,A_GLY_1303,9.987325225154178,36.0
A,ILE,1301,A_ILE_1301,17.823923198084437,10.0
A,LEU,1305,A_LEU_1305,17.411416395920117,62.0
A,PHE,1293,A_PHE_1293,24.494852036327643,47.0
A,PRO,1286,A_PRO_1286,15.859641684507716,86.0
A,SER,1289,A_SER_1289,15.81351281429614,54.0
A,SER,1291,A_SER_1291,14.966347808192584,77.0
A,SER,1297,A_SER_1297,15.74424444098309,52.0
A,SER,1317,A_SER_1317,11.567974871450062,17.0
A,VAL,1266,A_VAL_1266,3.054876357322061,75.0
A,VAL,1287,A_VAL_1287,17.017466210177552,114.0
