chain,resname,resnum,res_key,density,ACC
A,ALA,70,A_ALA_70,7.682676145487189,42.0
A,ALA,95,A_ALA_95,9.535544822168388,60.0
A,ARG,68,A_ARG_68,7.688919770927925,68.0
A,ARG,71,A_ARG_71,24.15727834404824,138.0
A,ASN,76,A_ASN_76,6.940611977425569,160.0
A,ASP,55,A_ASP_55,22.34140582007165,77.0
A,ASP,72,A_ASP_72,21.42698776983258,85.0
A,ASP,78,A_ASP_78,12.782840447749487,142.0
A,ASP,81,A_ASP_81,10.48600515892887,132.0
A,CYS,59,A_CYS_59,17.685120896632583,15.0
A,CYS,63,A_CYS_63,17.618078884870553,0.0
A,CYS,73,A_CYS_73,17.250210904897344,14.0
A,CYS,82,A_CYS_82,12.162301795749809,41.0
A,GLN,57,A_GLN_57,23.501105766914858,139.0
A,GLU,79,A_GLU_79,22.93792153582109,59.0
A,GLY,56,A_GLY_56,10.147974295605648,15.0
A,GLY,77,A_GLY_77,10.798705149699057,35.0
A,HIS,53,A_HIS_53,10.28424876126072,155.0
A,HIS,54,A_HIS_54,14.55353051707754,131.0
A,HIS,60,A_HIS_60,24.382235536750965,159.0
A,HIS,96,A_HIS_96,23.29032204518939,36.0
A,LYS,61,A_LYS_61,20.097091750108746,144.0
A,LYS,69,A_LYS_69,20.74970201166397,5.0
A,LYS,100,A_LYS_100,2.835200713594881,140.0
A,PHE,58,A_PHE_58,25.993043276796893,77.0
A,PHE,97,A_PHE_97,25.240127146404696,83.0
A,PRO,62,A_PRO_62,16.260209759988346,64.0
A,PRO,64,A_PRO_64,2.7020152144505984,60.0
A,PRO,80,A_PRO_80,15.8061971311893,5.0
A,SER,98,A_SER_98,15.808087342446504,23.0
A,SER,99,A_SER_99,12.561717435896544,14.0
A,THR,74,A_THR_74,17.856494978353258,81.0
A,VAL,75,A_VAL_75,16.3345985600577,100.0
