chain,resname,resnum,res_key,density,ACC
A,ALA,41,A_ALA_41,12.40260191903748,3.0
A,ALA,65,A_ALA_65,12.502004318228472,57.0
A,ARG,66,A_ARG_66,25.90466657941071,140.0
A,ARG,91,A_ARG_91,4.9380994397180045,177.0
A,ASP,71,A_ASP_71,12.484064819264402,94.0
A,ASP,113,A_ASP_113,12.844795151877882,97.0
A,CYS,62,A_CYS_62,17.020833134820144,9.0
A,CYS,104,A_CYS_104,18.52571009436465,0.0
A,GLN,63,A_GLN_63,22.93308703219447,82.0
A,GLN,74,A_GLN_74,19.584328237581715,84.0
A,GLN,87,A_GLN_87,22.702376951852315,125.0
A,GLN,105,A_GLN_105,22.432862081819483,59.0
A,GLN,108,A_GLN_108,13.328078944869556,105.0
A,GLU,46,A_GLU_46,17.533617096331767,103.0
A,GLY,64,A_GLY_64,10.781553001531217,38.0
A,GLY,107,A_GLY_107,7.344222273322329,45.0
A,HIS,85,A_HIS_85,9.456320756576492,70.0
A,ILE,73,A_ILE_73,17.728262281092906,2.0
A,LEU,43,A_LEU_43,18.08488939428629,17.0
A,LEU,45,A_LEU_45,16.491432134183,22.0
A,LEU,60,A_LEU_60,17.330838297327574,1.0
A,LEU,111,A_LEU_111,16.473518550528443,76.0
A,LYS,40,A_LYS_40,12.964792010365109,118.0
A,LYS,44,A_LYS_44,19.68305193476672,87.0
A,PHE,76,A_PHE_76,21.157849375756,33.0
A,PRO,39,A_PRO_39,6.329360865792287,91.0
A,PRO,88,A_PRO_88,16.193674163718438,45.0
A,PRO,114,A_PRO_114,7.406427560377157,69.0
A,SER,67,A_SER_67,2.6019344229605643,22.0
A,SER,70,A_SER_70,3.452757898681954,45.0
A,SER,72,A_SER_72,16.712633280942,57.0
A,SER,89,A_SER_89,15.582478652583356,53.0
A,SER,110,A_SER_110,10.640549264738636,34.0
A,SER,112,A_SER_112,16.28050474414274,5.0
A,THR,59,A_THR_59,14.859980230861009,11.0
A,THR,61,A_THR_61,17.27236243452699,28.0
A,THR,86,A_THR_86,15.431870204939427,66.0
A,THR,103,A_THR_103,17.595995365447113,18.0
A,THR,106,A_THR_106,18.473220516999085,4.0
A,THR,109,A_THR_109,17.628189331610486,4.0
A,TRP,75,A_TRP_75,33.01655894372587,0.0
A,TYR,90,A_TYR_90,21.055791639197118,24.0
A,TYR,102,A_TYR_102,14.132568723940398,2.0
A,VAL,42,A_VAL_42,16.034093354602174,79.0
A,VAL,115,A_VAL_115,10.579646667006951,27.0
