chain,resname,resnum,res_key,density,ACC
A,ASN,273,A_ASN_273,21.4850992815766,134.0
A,CYS,274,A_CYS_274,17.838702483948666,133.0
A,GLN,276,A_GLN_276,23.482083921223097,183.0
A,GLU,272,A_GLU_272,23.006248125085087,189.0
A,GLU,278,A_GLU_278,5.053492662926606,163.0
A,GLY,277,A_GLY_277,10.210723936603722,75.0
A,THR,271,A_THR_271,17.023369639184395,116.0
A,VAL,270,A_VAL_270,5.294676118119584,134.0
A,VAL,275,A_VAL_275,16.401468016211776,125.0
