chain,resname,resnum,res_key,density,ACC
A,ALA,105,A_ALA_105,6.487916076968051,1.0
A,ARG,106,A_ARG_106,12.494982877487333,39.0
A,ASP,86,A_ASP_86,21.37666341652676,85.0
A,ASP,90,A_ASP_90,21.050379158693467,59.0
A,ASP,93,A_ASP_93,7.48674762310717,89.0
A,CYS,81,A_CYS_81,18.02148417547852,38.0
A,CYS,89,A_CYS_89,17.290990679206768,2.0
A,GLN,69,A_GLN_69,22.373380290736986,32.0
A,GLU,56,A_GLU_56,6.981288628421682,75.0
A,GLU,88,A_GLU_88,24.15237122354266,102.0
A,GLU,94,A_GLU_94,15.819253358117685,13.0
A,ILE,54,A_ILE_54,15.19821562934607,38.0
A,ILE,70,A_ILE_70,18.21380072981844,5.0
A,LEU,55,A_LEU_55,17.74677251415601,0.0
A,LEU,91,A_LEU_91,18.387820325709704,0.0
A,LYS,78,A_LYS_78,21.37180142316823,97.0
A,LYS,80,A_LYS_80,20.4196185324689,34.0
A,PHE,82,A_PHE_82,26.113084922690263,134.0
A,PHE,108,A_PHE_108,20.127138839913613,13.0
A,SER,79,A_SER_79,15.488376716632496,37.0
A,SER,109,A_SER_109,4.747269081586335,1.0
A,THR,53,A_THR_53,5.916343448556484,0.0
A,THR,67,A_THR_67,17.482794980219463,4.0
A,THR,84,A_THR_84,17.763277258740672,19.0
A,THR,85,A_THR_85,16.691520433378045,90.0
A,THR,87,A_THR_87,17.34977488937233,11.0
A,THR,92,A_THR_92,2.7871501597780344,3.0
A,TRP,46,A_TRP_46,2.167555638182772,33.0
A,TRP,57,A_TRP_57,23.67150485963456,11.0
A,TYR,66,A_TYR_66,24.965159635585447,0.0
A,TYR,83,A_TYR_83,28.40142936936019,113.0
A,TYR,110,A_TYR_110,19.187259367309444,24.0
A,VAL,65,A_VAL_65,16.451310887363114,16.0
A,VAL,68,A_VAL_68,15.698883047211712,0.0
A,VAL,107,A_VAL_107,16.1510135694773,0.0
A,VAL,115,A_VAL_115,2.022708280686208,39.0
