chain,resname,resnum,res_key,density,ACC
A,ALA,562,A_ALA_562,12.579902541493874,29.0
A,ALA,578,A_ALA_578,8.076328961115976,29.0
A,ALA,584,A_ALA_584,12.603332196507,1.0
A,ARG,554,A_ARG_554,20.29123332140612,116.0
A,ASN,522,A_ASN_522,2.506249329993428,95.0
A,ASN,565,A_ASN_565,21.19227480976227,88.0
A,CYS,557,A_CYS_557,17.6409190583256,22.0
A,GLN,581,A_GLN_581,23.037377446449376,20.0
A,GLU,566,A_GLU_566,23.931468141520423,99.0
A,GLU,585,A_GLU_585,23.11541769054691,15.0
A,GLU,588,A_GLU_588,2.2843137312246964,139.0
A,GLY,586,A_GLY_586,10.45140106812563,61.0
A,ILE,580,A_ILE_580,3.316415440100428,0.0
A,LEU,564,A_LEU_564,17.78028273502516,45.0
A,LEU,567,A_LEU_567,9.291390168250633,0.0
A,LEU,568,A_LEU_568,2.7933837799907746,12.0
A,LYS,555,A_LYS_555,19.96256176800697,145.0
A,LYS,563,A_LYS_563,20.526400283210315,47.0
A,SER,553,A_SER_553,13.670975677578625,1.0
A,SER,558,A_SER_558,15.340898351167668,123.0
A,SER,560,A_SER_560,15.395157033502397,95.0
A,SER,561,A_SER_561,16.077185756579155,80.0
A,THR,556,A_THR_556,16.87885582708871,79.0
A,THR,559,A_THR_559,18.303919690336183,75.0
A,TYR,583,A_TYR_583,10.754071104569292,34.0
A,VAL,582,A_VAL_582,16.695200827200473,5.0
A,VAL,587,A_VAL_587,13.262875889824674,13.0
