chain,resname,resnum,res_key,density,ACC
A,ARG,124,A_ARG_124,6.121001087682518,152.0
A,ARG,133,A_ARG_133,27.439437905171896,92.0
A,ARG,392,A_ARG_392,27.34111740934625,108.0
A,ASN,129,A_ASN_129,21.87377115549746,60.0
A,ASN,134,A_ASN_134,21.31127406093972,34.0
A,ASN,137,A_ASN_137,21.57982128436001,13.0
A,ASN,395,A_ASN_395,4.515881847559721,86.0
A,CYS,131,A_CYS_131,18.17839025485785,64.0
A,CYS,396,A_CYS_396,17.786137500946325,21.0
A,GLN,317,A_GLN_317,2.504952660609114,134.0
A,GLY,135,A_GLY_135,7.663151850872575,5.0
A,GLY,211,A_GLY_211,10.696176292261566,70.0
A,GLY,213,A_GLY_213,10.277891098374385,38.0
A,ILE,125,A_ILE_125,18.238957691073367,4.0
A,ILE,126,A_ILE_126,18.988614766131235,4.0
A,ILE,138,A_ILE_138,10.444395639811862,43.0
A,ILE,212,A_ILE_212,18.36191364900217,151.0
A,LEU,122,A_LEU_122,3.2973726426398,2.0
A,LEU,123,A_LEU_123,3.340925518522926,35.0
A,LYS,128,A_LYS_128,16.66755701181758,143.0
A,LYS,130,A_LYS_130,20.62369429627534,163.0
A,MET,132,A_MET_132,21.867186583929403,0.0
A,PHE,393,A_PHE_393,25.86432152985826,9.0
A,PRO,136,A_PRO_136,9.147379662427491,17.0
A,SER,390,A_SER_390,3.110257115998585,27.0
A,TYR,127,A_TYR_127,15.517767886520629,157.0
A,VAL,214,A_VAL_214,8.221647033071553,65.0
