chain,resname,resnum,res_key,density,ACC
A,ALA,224,A_ALA_224,12.411592586634402,72.0
A,ARG,218,A_ARG_218,5.938963121559219,202.0
A,ARG,222,A_ARG_222,26.820244089722483,190.0
A,ASP,228,A_ASP_228,21.136232764885648,164.0
A,ASP,230,A_ASP_230,22.115963232137183,145.0
A,CYS,220,A_CYS_220,17.609204857408738,92.0
A,CYS,223,A_CYS_223,17.966243709207923,74.0
A,CYS,226,A_CYS_226,18.115339732478645,85.0
A,GLU,225,A_GLU_225,23.602270055243867,146.0
A,LEU,219,A_LEU_219,16.539035883064532,98.0
A,LEU,227,A_LEU_227,17.305311161166756,150.0
A,SER,229,A_SER_229,15.722818718529094,67.0
A,TYR,231,A_TYR_231,9.356057569214146,247.0
A,VAL,221,A_VAL_221,16.597322678299165,94.0
