chain,resname,resnum,res_key,density,ACC
A,ALA,366,A_ALA_366,12.585542157381884,40.0
A,CYS,363,A_CYS_363,18.307279100357093,76.0
A,ILE,355,A_ILE_355,5.9908341571125865,93.0
A,LEU,357,A_LEU_357,14.870086340861196,102.0
A,LEU,359,A_LEU_359,18.99330649738561,96.0
A,LEU,360,A_LEU_360,18.87471369220102,116.0
A,PHE,354,A_PHE_354,3.416639931549642,138.0
A,PHE,358,A_PHE_358,25.29921382127563,133.0
A,PHE,370,A_PHE_370,22.77843668779841,159.0
A,PHE,371,A_PHE_371,13.545034322720085,147.0
A,SER,361,A_SER_361,15.965167889065714,64.0
A,SER,365,A_SER_365,16.668486376730954,61.0
A,THR,356,A_THR_356,12.563870465530853,69.0
A,THR,367,A_THR_367,18.20278198373594,65.0
A,THR,369,A_THR_369,17.496831957276605,83.0
A,TYR,364,A_TYR_364,28.79322034321969,164.0
A,VAL,362,A_VAL_362,16.966180174214273,66.0
A,VAL,368,A_VAL_368,16.58900865240675,63.0
