chain,resname,resnum,res_key,density,ACC
A,ALA,488,A_ALA_488,12.126040690586231,10.0
A,ARG,63,A_ARG_63,11.13719180144474,4.0
A,ARG,490,A_ARG_490,18.176505371251466,103.0
A,ASN,50,A_ASN_50,10.877692812768805,37.0
A,ASN,82,A_ASN_82,12.736942878616642,37.0
A,ASP,78,A_ASP_78,6.106052426687365,161.0
A,ASP,79,A_ASP_79,18.31339230613813,46.0
A,CYS,35,A_CYS_35,16.87105420146853,1.0
A,CYS,38,A_CYS_38,1.8723266827281495,0.0
A,CYS,48,A_CYS_48,12.051119874269713,0.0
A,CYS,462,A_CYS_462,11.04513446372015,31.0
A,CYS,464,A_CYS_464,17.850596542252447,6.0
A,CYS,466,A_CYS_466,17.17018937098316,20.0
A,CYS,486,A_CYS_486,17.89234096627497,10.0
A,CYS,489,A_CYS_489,7.056183646747271,11.0
A,GLN,467,A_GLN_467,22.9100790187064,16.0
A,GLU,37,A_GLU_37,2.7603174209551797,94.0
A,GLU,81,A_GLU_81,22.986604570753773,41.0
A,GLU,463,A_GLU_463,22.63180256982884,128.0
A,GLU,465,A_GLU_465,22.874435556603885,158.0
A,GLU,469,A_GLU_469,23.53984239815649,164.0
A,GLU,485,A_GLU_485,24.44230071939438,14.0
A,GLY,36,A_GLY_36,10.569486927403233,4.0
A,GLY,46,A_GLY_46,2.4376473956625517,0.0
A,GLY,470,A_GLY_470,9.858007335406954,18.0
A,GLY,487,A_GLY_487,10.016764972866769,13.0
A,ILE,39,A_ILE_39,9.830613444920507,1.0
A,ILE,80,A_ILE_80,14.763284182335193,23.0
A,ILE,461,A_ILE_461,2.0044189779943107,26.0
A,ILE,471,A_ILE_471,16.07197614089127,87.0
A,LYS,33,A_LYS_33,3.273212607455328,158.0
A,PHE,484,A_PHE_484,25.38207653417036,37.0
A,PRO,83,A_PRO_83,12.758348467121827,31.0
A,PRO,472,A_PRO_472,4.466863150794365,94.0
A,SER,34,A_SER_34,15.390905976712984,14.0
A,SER,51,A_SER_51,2.6117375680424746,71.0
A,SER,468,A_SER_468,15.688597784423628,100.0
A,THR,49,A_THR_49,17.45021815718171,28.0
A,THR,483,A_THR_483,11.229786972850258,21.0
A,TRP,47,A_TRP_47,31.98396153775877,2.0
