chain,resname,resnum,res_key,density,ACC
A,ALA,33,A_ALA_33,2.624646762556578,51.0
A,ALA,52,A_ALA_52,9.557202785788554,34.0
A,ARG,45,A_ARG_45,9.67087669178064,135.0
A,ARG,61,A_ARG_61,26.242556958097666,54.0
A,ASP,30,A_ASP_30,21.859683749407765,34.0
A,ASP,53,A_ASP_53,21.67862724196071,35.0
A,ASP,55,A_ASP_55,21.43370565878364,146.0
A,CYS,57,A_CYS_57,17.62714796318123,84.0
A,CYS,299,A_CYS_299,14.988563815057429,72.0
A,GLN,41,A_GLN_41,23.12549625725585,25.0
A,GLN,65,A_GLN_65,2.2043503170808703,88.0
A,GLU,309,A_GLU_309,3.1284772919640584,161.0
A,GLY,59,A_GLY_59,10.732122100653749,13.0
A,ILE,29,A_ILE_29,9.73631710763554,12.0
A,LEU,51,A_LEU_51,2.943260334186268,43.0
A,LEU,300,A_LEU_300,18.32962399685447,112.0
A,LEU,303,A_LEU_303,18.44117691667073,77.0
A,LYS,32,A_LYS_32,20.8568829266756,154.0
A,LYS,42,A_LYS_42,2.778130409203699,49.0
A,PHE,60,A_PHE_60,25.080665166179205,12.0
A,PHE,62,A_PHE_62,25.825355814153355,34.0
A,PRO,54,A_PRO_54,15.519955551993707,121.0
A,SER,31,A_SER_31,15.132204413392229,21.0
A,SER,304,A_SER_304,7.07251455123396,71.0
A,THR,39,A_THR_39,2.917149741959116,0.0
A,THR,56,A_THR_56,17.805518015320125,26.0
A,THR,307,A_THR_307,8.783220916969086,55.0
A,TYR,58,A_TYR_58,27.880335964215757,53.0
