chain,resname,resnum,res_key,density,ACC
A,ALA,41,A_ALA_41,5.64048563184514,0.0
A,ALA,119,A_ALA_119,12.30160082374858,0.0
A,ALA,157,A_ALA_157,2.2655142926072798,21.0
A,ALA,165,A_ALA_165,12.12046447932061,18.0
A,ALA,167,A_ALA_167,10.93172374365428,0.0
A,ARG,43,A_ARG_43,13.798234677123142,56.0
A,ARG,117,A_ARG_117,2.787696107021354,93.0
A,ASP,112,A_ASP_112,21.998080549640243,43.0
A,ASP,120,A_ASP_120,2.951072507935853,70.0
A,ASP,155,A_ASP_155,21.762193212246785,30.0
A,CYS,115,A_CYS_115,17.573848869891656,0.0
A,CYS,137,A_CYS_137,9.96135532304111,4.0
A,CYS,154,A_CYS_154,18.244365907942967,2.0
A,CYS,161,A_CYS_161,17.908427689670773,66.0
A,GLN,147,A_GLN_147,3.4823921653839256,129.0
A,GLN,150,A_GLN_150,22.69675838543526,4.0
A,GLN,172,A_GLN_172,8.43188036209507,69.0
A,GLY,158,A_GLY_158,10.147529693846394,17.0
A,GLY,162,A_GLY_162,9.982988316822194,30.0
A,ILE,118,A_ILE_118,6.853732479360023,2.0
A,ILE,139,A_ILE_139,18.03882624617618,0.0
A,ILE,141,A_ILE_141,2.822018669325969,0.0
A,LEU,114,A_LEU_114,10.66893677775658,0.0
A,LEU,140,A_LEU_140,16.14686262744163,0.0
A,LYS,116,A_LYS_116,18.665951008005777,81.0
A,LYS,153,A_LYS_153,20.88826924526102,25.0
A,LYS,164,A_LYS_164,15.978724782525026,103.0
A,MET,113,A_MET_113,12.956156784054476,60.0
A,MET,138,A_MET_138,12.98862026178196,0.0
A,PHE,29,A_PHE_29,4.574861448161853,80.0
A,PHE,163,A_PHE_163,25.33946443773974,60.0
A,PRO,156,A_PRO_156,2.560317415597821,2.0
A,THR,166,A_THR_166,16.84491261487856,6.0
A,TYR,152,A_TYR_152,27.57628790605311,35.0
A,TYR,159,A_TYR_159,28.42588543422792,173.0
A,TYR,160,A_TYR_160,28.134876583180027,91.0
A,VAL,111,A_VAL_111,11.891912416867536,6.0
A,VAL,151,A_VAL_151,16.311308044728012,0.0
