chain,resname,resnum,res_key,density,ACC
A,ALA,114,A_ALA_114,5.704964761413772,52.0
A,ALA,120,A_ALA_120,12.44258107009879,32.0
A,ALA,197,A_ALA_197,12.466354300905614,50.0
A,ASN,132,A_ASN_132,17.559897038328984,31.0
A,ASP,116,A_ASP_116,10.53167546145193,0.0
A,CYS,124,A_CYS_124,18.10797549198937,0.0
A,CYS,125,A_CYS_125,17.613812475527723,0.0
A,CYS,151,A_CYS_151,18.22800114593488,0.0
A,CYS,191,A_CYS_191,18.271818243717757,0.0
A,GLN,119,A_GLN_119,22.923394924969188,0.0
A,GLN,121,A_GLN_121,15.30600756838115,115.0
A,GLN,188,A_GLN_188,12.593507603770076,108.0
A,GLN,196,A_GLN_196,22.22878380245068,47.0
A,GLU,189,A_GLU_189,24.078454624521957,121.0
A,GLU,193,A_GLU_193,23.117411011670505,140.0
A,GLY,93,A_GLY_93,11.229007149854455,9.0
A,GLY,126,A_GLY_126,10.707969207674724,0.0
A,GLY,190,A_GLY_190,10.686201700820542,13.0
A,ILE,100,A_ILE_100,7.611269928503124,2.0
A,LEU,88,A_LEU_88,12.006774352662426,46.0
A,LEU,99,A_LEU_99,1.807633473933051,27.0
A,LEU,199,A_LEU_199,6.831435232735237,31.0
A,LYS,89,A_LYS_89,20.902129496586745,77.0
A,LYS,123,A_LYS_123,15.447573107762668,122.0
A,LYS,194,A_LYS_194,20.41378367263804,47.0
A,MET,92,A_MET_92,22.08899360620459,79.0
A,MET,192,A_MET_192,22.009363255649617,35.0
A,PHE,130,A_PHE_130,17.8758202691705,8.0
A,PRO,148,A_PRO_148,1.790914544523515,0.0
A,SER,129,A_SER_129,15.315387108341136,29.0
A,SER,150,A_SER_150,13.698787005026098,5.0
A,THR,97,A_THR_97,10.326754737029658,53.0
A,TRP,115,A_TRP_115,30.80856749721289,17.0
A,TRP,127,A_TRP_127,31.839037895835503,11.0
A,TRP,133,A_TRP_133,17.992408785859418,0.0
A,TRP,198,A_TRP_198,24.72141491975405,131.0
A,TYR,117,A_TYR_117,11.03248623844148,126.0
A,TYR,131,A_TYR_131,6.736930795209867,101.0
A,TYR,187,A_TYR_187,24.411576467258055,37.0
A,VAL,96,A_VAL_96,15.6116952021016,6.0
A,VAL,118,A_VAL_118,17.455362452268957,41.0
A,VAL,122,A_VAL_122,16.718372840064934,32.0
A,VAL,128,A_VAL_128,16.564114557614314,92.0
A,VAL,186,A_VAL_186,6.677940613669207,5.0
A,VAL,195,A_VAL_195,17.22700255352498,30.0
