chain,resname,resnum,res_key,density,ACC
A,ALA,100,A_ALA_100,2.044915041474338,31.0
A,ARG,102,A_ARG_102,11.677763205615612,32.0
A,ARG,770,A_ARG_770,3.4285323802975145,9.0
A,ARG,834,A_ARG_834,7.752845177364375,83.0
A,ARG,839,A_ARG_839,27.73372157074471,8.0
A,ARG,842,A_ARG_842,18.04920997525486,96.0
A,ASN,59,A_ASN_59,21.751488375221207,9.0
A,ASP,833,A_ASP_833,3.2694544981111333,17.0
A,CYS,91,A_CYS_91,17.066877813784977,12.0
A,CYS,92,A_CYS_92,17.41975779382978,2.0
A,GLN,15,A_GLN_15,2.787667629140961,111.0
A,GLN,117,A_GLN_117,19.27066379732136,37.0
A,GLN,638,A_GLN_638,18.807292653463836,2.0
A,GLU,90,A_GLU_90,23.447170642358262,11.0
A,GLU,106,A_GLU_106,20.02082077617913,95.0
A,GLU,773,A_GLU_773,10.607887073012792,0.0
A,GLY,18,A_GLY_18,2.425824898029298,9.0
A,GLY,58,A_GLY_58,9.836501158369629,0.0
A,GLY,61,A_GLY_61,10.493757230814351,0.0
A,GLY,89,A_GLY_89,10.531975758134466,5.0
A,GLY,118,A_GLY_118,2.513680864162549,38.0
A,HIS,97,A_HIS_97,6.640900913325692,23.0
A,HIS,105,A_HIS_105,22.91906026288969,75.0
A,HIS,838,A_HIS_838,24.23532049285421,61.0
A,ILE,57,A_ILE_57,17.953104137760576,3.0
A,ILE,62,A_ILE_62,10.449700314076257,0.0
A,LEU,52,A_LEU_52,1.7027061623388384,2.0
A,LEU,56,A_LEU_56,17.603258150334483,3.0
A,LEU,86,A_LEU_86,3.652383210452691,0.0
A,LEU,104,A_LEU_104,17.6577434917865,1.0
A,LEU,108,A_LEU_108,3.838671321293818,0.0
A,LEU,116,A_LEU_116,5.387712707613633,0.0
A,MET,33,A_MET_33,3.1465308529082856,23.0
A,PHE,17,A_PHE_17,22.14991677644136,8.0
A,PHE,772,A_PHE_772,10.270717037199445,0.0
A,PHE,836,A_PHE_836,10.779625760411705,0.0
A,PRO,16,A_PRO_16,3.423063852244728,50.0
A,PRO,37,A_PRO_37,1.7409345736096231,1.0
A,PRO,55,A_PRO_55,13.860783862553816,5.0
A,PRO,93,A_PRO_93,15.633583514892877,89.0
A,PRO,95,A_PRO_95,16.365665739874224,35.0
A,SER,96,A_SER_96,15.651289428080496,15.0
A,SER,771,A_SER_771,7.187043088323566,0.0
A,THR,94,A_THR_94,17.826714153168602,47.0
A,THR,103,A_THR_103,17.98119495979766,26.0
A,THR,639,A_THR_639,13.889838046592343,0.0
A,TRP,107,A_TRP_107,4.972534289914184,2.0
A,TRP,835,A_TRP_835,31.679336749469403,0.0
A,TRP,922,A_TRP_922,6.284448946408756,59.0
A,TYR,36,A_TYR_36,16.89611765997603,7.0
A,TYR,54,A_TYR_54,16.895854826834814,3.0
A,TYR,60,A_TYR_60,28.576045070134565,10.0
A,VAL,88,A_VAL_88,15.533342273726802,0.0
