chain,resname,resnum,res_key,density,ACC
A,ALA,102,A_ALA_102,9.347696045996468,74.0
A,ARG,68,A_ARG_68,26.95597573115054,236.0
A,ARG,81,A_ARG_81,26.281860079781712,158.0
A,ARG,83,A_ARG_83,26.706783952995472,104.0
A,ARG,103,A_ARG_103,24.344175908254872,90.0
A,ASP,96,A_ASP_96,14.950047395705091,79.0
A,CYS,69,A_CYS_69,18.34277834189561,23.0
A,CYS,77,A_CYS_77,17.420009305766026,14.0
A,CYS,82,A_CYS_82,16.710890634082382,36.0
A,CYS,93,A_CYS_93,17.734949380686455,19.0
A,CYS,95,A_CYS_95,17.53648722096781,40.0
A,CYS,104,A_CYS_104,15.384224623184885,0.0
A,GLN,72,A_GLN_72,14.166128376643634,147.0
A,GLN,89,A_GLN_89,5.492923669038103,149.0
A,GLY,80,A_GLY_80,9.85240398236543,24.0
A,GLY,101,A_GLY_101,3.050108942981337,28.0
A,HIS,65,A_HIS_65,5.388565408747915,143.0
A,HIS,75,A_HIS_75,24.36808961671045,151.0
A,ILE,78,A_ILE_78,13.966881727140592,99.0
A,LYS,71,A_LYS_71,14.203478965016425,200.0
A,LYS,74,A_LYS_74,17.886161834838077,157.0
A,LYS,79,A_LYS_79,12.374483186525504,91.0
A,PHE,66,A_PHE_66,25.29320915576365,117.0
A,PHE,84,A_PHE_84,25.63241411482837,31.0
A,PRO,70,A_PRO_70,15.960769518903325,49.0
A,PRO,91,A_PRO_91,16.29068852348444,25.0
A,SER,67,A_SER_67,16.05194142137444,42.0
A,SER,92,A_SER_92,14.948795766092324,51.0
A,THR,90,A_THR_90,15.915178566250338,56.0
A,TYR,73,A_TYR_73,28.60843417877171,69.0
A,TYR,76,A_TYR_76,28.549283449306984,65.0
A,VAL,85,A_VAL_85,16.580296788967118,26.0
A,VAL,86,A_VAL_86,4.644139094141986,81.0
A,VAL,94,A_VAL_94,15.94094460281262,56.0
