chain,resname,resnum,res_key,density,ACC
A,ALA,1870,A_ALA_1870,12.098756287504916,14.0
A,ALA,1884,A_ALA_1884,3.18838281834712,6.0
A,ALA,1893,A_ALA_1893,1.7066191475263222,22.0
A,ASN,1889,A_ASN_1889,19.77920113024534,27.0
A,ASN,1915,A_ASN_1915,21.005056450658227,62.0
A,ASP,1892,A_ASP_1892,2.990362951301091,134.0
A,ASP,1914,A_ASP_1914,21.696079862690585,99.0
A,ASP,1917,A_ASP_1917,21.71792196972729,87.0
A,CYS,1912,A_CYS_1912,16.821846853570428,57.0
A,CYS,1920,A_CYS_1920,16.489659985168107,11.0
A,GLN,1916,A_GLN_1916,22.88753417945652,177.0
A,GLY,1872,A_GLY_1872,4.21448975055182,30.0
A,GLY,1896,A_GLY_1896,3.323500493340714,36.0
A,GLY,1897,A_GLY_1897,5.070747905449408,44.0
A,GLY,1918,A_GLY_1918,10.32365931390838,23.0
A,ILE,1902,A_ILE_1902,1.6712558897162375,15.0
A,ILE,1910,A_ILE_1910,11.604386661875225,64.0
A,ILE,1934,A_ILE_1934,1.948751963161696,1.0
A,LEU,1875,A_LEU_1875,5.44083623147557,7.0
A,LEU,1898,A_LEU_1898,17.729159857915256,54.0
A,LEU,1900,A_LEU_1900,18.270052478162345,38.0
A,LYS,1891,A_LYS_1891,17.79179850112009,105.0
A,LYS,1937,A_LYS_1937,9.090096523656586,49.0
A,PHE,1886,A_PHE_1886,24.292712174147788,2.0
A,SER,1899,A_SER_1899,10.126325738599103,36.0
A,SER,1911,A_SER_1911,15.24167166752017,64.0
A,SER,1921,A_SER_1921,14.9112124984952,34.0
A,SER,1923,A_SER_1923,15.077383272005696,29.0
A,THR,1869,A_THR_1869,16.456255579662862,56.0
A,THR,1885,A_THR_1885,16.73080382740775,59.0
A,THR,1887,A_THR_1887,17.781577045298842,28.0
A,THR,1890,A_THR_1890,17.530690447516157,40.0
A,THR,1913,A_THR_1913,17.501273318510542,79.0
A,THR,1919,A_THR_1919,18.098767657972424,6.0
A,TYR,1871,A_TYR_1871,28.359244942718608,126.0
A,TYR,1924,A_TYR_1924,2.783036385548833,2.0
A,TYR,1938,A_TYR_1938,10.40858570545329,12.0
A,VAL,1868,A_VAL_1868,13.524169755444508,1.0
A,VAL,1888,A_VAL_1888,15.80735586687251,0.0
A,VAL,1922,A_VAL_1922,16.228152989436413,0.0
A,VAL,1936,A_VAL_1936,9.873865729665688,0.0
A,VAL,1943,A_VAL_1943,3.631144330770763,7.0
