chain,resname,resnum,res_key,density,ACC
A,ARG,854,A_ARG_854,12.656706668501007,116.0
A,CYS,860,A_CYS_860,17.788403671514335,117.0
A,LYS,862,A_LYS_862,17.017432829104298,169.0
A,PHE,858,A_PHE_858,25.788073816376677,4.0
A,PHE,866,A_PHE_866,14.735765046128586,175.0
A,PRO,855,A_PRO_855,15.639092744626078,57.0
A,PRO,859,A_PRO_859,15.933828808375615,34.0
A,SER,863,A_SER_863,16.030908506659657,62.0
A,THR,861,A_THR_861,17.72123161627697,32.0
A,TRP,840,A_TRP_840,15.371972138070442,91.0
A,TRP,856,A_TRP_856,30.79048384127832,179.0
A,TRP,865,A_TRP_865,30.709049618554012,159.0
A,TYR,841,A_TYR_841,14.92192616518166,80.0
A,TYR,857,A_TYR_857,27.98987578635136,117.0
A,TYR,864,A_TYR_864,28.142314245922947,91.0
A,VAL,845,A_VAL_845,2.103446346219604,14.0
