chain,resname,resnum,res_key,density,ACC
A,ASP,283,A_ASP_283,21.33206249196436,143.0
A,CYS,282,A_CYS_282,17.52516312459457,107.0
A,HIS,280,A_HIS_280,22.920449671127,180.0
A,PRO,281,A_PRO_281,15.592771574822718,100.0
A,SER,284,A_SER_284,15.867505263490962,101.0
A,SER,285,A_SER_285,11.97907339015125,100.0
A,THR,279,A_THR_279,10.405253122812528,136.0
