chain,resname,resnum,res_key,density,ACC
A,ALA,244,A_ALA_244,10.05662649565758,98.0
A,ALA,253,A_ALA_253,9.288569265536252,93.0
A,ARG,251,A_ARG_251,26.150164794303866,233.0
A,ASP,246,A_ASP_246,21.65307671318027,141.0
A,ASP,247,A_ASP_247,21.38286430185613,141.0
A,CYS,245,A_CYS_245,17.45963456886064,126.0
A,CYS,248,A_CYS_248,18.122061720049626,102.0
A,LEU,250,A_LEU_250,18.18871518697189,145.0
A,LYS,254,A_LYS_254,2.429357574873092,177.0
A,SER,249,A_SER_249,14.65540479157568,105.0
A,SER,252,A_SER_252,15.726059035989357,92.0
