chain,resname,resnum,res_key,density,ACC
A,ALA,177,A_ALA_177,7.057776087109312,12.0
A,ALA,203,A_ALA_203,2.481752905494588,11.0
A,ALA,210,A_ALA_210,11.697534520354756,10.0
A,ALA,226,A_ALA_226,2.685122255492061,7.0
A,ALA,228,A_ALA_228,1.7942087223976475,0.0
A,ARG,213,A_ARG_213,15.682309550521014,116.0
A,ARG,222,A_ARG_222,14.429677972779158,93.0
A,ARG,224,A_ARG_224,27.0218142425498,31.0
A,ASN,211,A_ASN_211,20.727604759921675,140.0
A,CYS,209,A_CYS_209,18.10150369277608,13.0
A,GLN,175,A_GLN_175,22.239920291332474,52.0
A,GLN,221,A_GLN_221,23.356540665785914,51.0
A,GLU,176,A_GLU_176,14.934835775575843,49.0
A,GLY,205,A_GLY_205,10.41479786076738,33.0
A,GLY,215,A_GLY_215,10.767880259750116,55.0
A,GLY,219,A_GLY_219,2.5847509953078043,28.0
A,GLY,220,A_GLY_220,10.43255543373612,2.0
A,ILE,200,A_ILE_200,5.421733100635494,2.0
A,LEU,168,A_LEU_168,1.7198557067650309,25.0
A,LEU,172,A_LEU_172,7.998902020629856,6.0
A,LEU,201,A_LEU_201,18.37878682303071,0.0
A,LEU,204,A_LEU_204,16.3660245402096,6.0
A,LEU,206,A_LEU_206,17.694250596393513,0.0
A,LEU,207,A_LEU_207,18.87948374459365,78.0
A,LEU,217,A_LEU_217,17.976778407236765,15.0
A,LEU,225,A_LEU_225,19.12561157107334,0.0
A,LYS,198,A_LYS_198,7.714982910198351,133.0
A,LYS,223,A_LYS_223,3.068955227448418,6.0
A,MET,178,A_MET_178,15.321731366286327,0.0
A,SER,208,A_SER_208,15.808749431335578,109.0
A,SER,216,A_SER_216,14.426436031110772,91.0
A,SER,218,A_SER_218,16.578747118921765,59.0
A,THR,173,A_THR_173,17.650514138051072,18.0
A,THR,202,A_THR_202,18.201228363107933,67.0
A,THR,212,A_THR_212,17.236000711825064,50.0
A,THR,214,A_THR_214,17.3144338595261,5.0
A,VAL,56,A_VAL_56,4.22570505252131,100.0
A,VAL,174,A_VAL_174,15.90218460263013,0.0
A,VAL,197,A_VAL_197,7.816355722512075,1.0
