chain,resname,resnum,res_key,density,ACC
A,ALA,121,A_ALA_121,12.184489120476474,11.0
A,ALA,211,A_ALA_211,10.027779566526087,7.0
A,ALA,219,A_ALA_219,4.387852299779804,14.0
A,ARG,118,A_ARG_118,26.714017856078776,6.0
A,ARG,130,A_ARG_130,14.77963295839103,208.0
A,ARG,137,A_ARG_137,2.62930855057543,127.0
A,ARG,214,A_ARG_214,16.87194604850462,131.0
A,ARG,250,A_ARG_250,10.326102344932323,108.0
A,ASN,131,A_ASN_131,16.819273251274875,135.0
A,ASP,117,A_ASP_117,21.604433211008526,0.0
A,CYS,123,A_CYS_123,17.63171625692968,34.0
A,CYS,124,A_CYS_124,17.338316733986353,27.0
A,GLN,125,A_GLN_125,23.509168956469917,139.0
A,GLU,254,A_GLU_254,12.797486562629237,43.0
A,HIS,222,A_HIS_222,13.468795581191308,56.0
A,ILE,122,A_ILE_122,18.662307865988403,6.0
A,ILE,215,A_ILE_215,18.899960601716515,8.0
A,LEU,116,A_LEU_116,16.67594547015093,70.0
A,LEU,127,A_LEU_127,18.80853510624961,142.0
A,LYS,132,A_LYS_132,20.967220166361585,92.0
A,MET,133,A_MET_133,15.996360945718038,10.0
A,MET,251,A_MET_251,10.880691962391724,39.0
A,PRO,126,A_PRO_126,15.88063964963702,66.0
A,SER,115,A_SER_115,5.89758552149252,1.0
A,THR,218,A_THR_218,17.59132542963008,34.0
A,TYR,119,A_TYR_119,27.941582669669984,71.0
A,TYR,120,A_TYR_120,28.84961068645619,74.0
A,TYR,129,A_TYR_129,29.35976979537849,20.0
A,VAL,128,A_VAL_128,16.80857668028829,52.0
