chain,resname,resnum,res_key,density,ACC
A,ASN,162,A_ASN_162,18.207808127186325,37.0
A,CYS,146,A_CYS_146,17.616910297579675,26.0
A,CYS,149,A_CYS_149,17.90994290362258,31.0
A,CYS,157,A_CYS_157,14.236149497642698,33.0
A,CYS,165,A_CYS_165,17.961422344481043,46.0
A,GLU,150,A_GLU_150,22.85577463061013,175.0
A,GLU,156,A_GLU_156,23.29935333251284,125.0
A,GLU,167,A_GLU_167,14.648360591983597,168.0
A,GLU,168,A_GLU_168,16.558740147556392,139.0
A,GLY,152,A_GLY_152,10.06784139900886,34.0
A,HIS,151,A_HIS_151,24.5663163268392,88.0
A,ILE,153,A_ILE_153,17.9023965933844,80.0
A,ILE,154,A_ILE_154,18.2225918317674,118.0
A,LYS,148,A_LYS_148,20.428741870617483,202.0
A,LYS,155,A_LYS_155,14.33657376032784,101.0
A,LYS,164,A_LYS_164,16.163436651216607,127.0
A,LYS,166,A_LYS_166,19.795912804087248,133.0
A,PRO,145,A_PRO_145,5.86858244546802,82.0
A,THR,147,A_THR_147,17.972953632795505,66.0
A,THR,163,A_THR_163,16.784526975616004,12.0
