chain,resname,resnum,res_key,density,ACC
A,ALA,40,A_ALA_40,12.336888240714234,39.0
A,ALA,41,A_ALA_41,12.200191200565346,19.0
A,ALA,161,A_ALA_161,11.965276523438998,38.0
A,ASN,180,A_ASN_180,20.365767376088854,67.0
A,ASN,823,A_ASN_823,14.494044193844871,65.0
A,ASP,165,A_ASP_165,20.0860875410166,123.0
A,CYS,163,A_CYS_163,18.28426583497685,32.0
A,CYS,168,A_CYS_168,18.67264692237821,0.0
A,CYS,174,A_CYS_174,16.88785967912567,25.0
A,CYS,183,A_CYS_183,14.251661320315437,27.0
A,GLN,71,A_GLN_71,7.701838470712618,67.0
A,GLN,164,A_GLN_164,23.05533934220199,127.0
A,GLU,38,A_GLU_38,3.0827705253700475,195.0
A,GLU,173,A_GLU_173,20.68479361334098,40.0
A,GLU,176,A_GLU_176,22.852742530336727,26.0
A,GLU,193,A_GLU_193,14.979933060655087,55.0
A,GLY,172,A_GLY_172,9.773780653036876,8.0
A,GLY,179,A_GLY_179,10.836295967577216,39.0
A,ILE,178,A_ILE_178,2.5291105971967984,69.0
A,LEU,175,A_LEU_175,18.31219993257991,30.0
A,LYS,108,A_LYS_108,2.1836342029240168,82.0
A,LYS,170,A_LYS_170,10.825288040788466,134.0
A,MET,166,A_MET_166,19.91711942108144,124.0
A,PHE,821,A_PHE_821,25.35118989084684,144.0
A,PRO,192,A_PRO_192,2.716239851250005,101.0
A,SER,162,A_SER_162,15.55670981033353,2.0
A,SER,167,A_SER_167,15.254705033607792,15.0
A,SER,169,A_SER_169,7.838268258479159,42.0
A,SER,184,A_SER_184,2.953506751661152,60.0
A,THR,43,A_THR_43,7.881435351810864,54.0
A,THR,65,A_THR_65,11.86154664345644,60.0
A,THR,106,A_THR_106,1.8977553667320195,55.0
A,THR,160,A_THR_160,16.480170567734362,43.0
A,THR,177,A_THR_177,18.131732702342077,52.0
A,THR,182,A_THR_182,16.899149899213278,66.0
A,THR,822,A_THR_822,10.20468763570116,97.0
A,TRP,42,A_TRP_42,31.79025900302506,13.0
A,TYR,159,A_TYR_159,23.180241218317192,13.0
A,TYR,181,A_TYR_181,28.797173878852725,42.0
A,VAL,39,A_VAL_39,12.242651095225732,96.0
A,VAL,820,A_VAL_820,6.169284761568083,121.0
