chain,resname,resnum,res_key,density,ACC
A,ALA,66,A_ALA_66,11.99166809309689,0.0
A,ALA,101,A_ALA_101,2.5857234255921404,0.0
A,ARG,88,A_ARG_88,27.018865297645966,58.0
A,ARG,89,A_ARG_89,26.815719339951062,61.0
A,ASN,65,A_ASN_65,20.562629880523986,31.0
A,ASN,93,A_ASN_93,20.990996614119453,79.0
A,ASN,100,A_ASN_100,18.037660615960707,13.0
A,ASN,125,A_ASN_125,20.84943028496678,121.0
A,ASP,64,A_ASP_64,21.822791892141492,44.0
A,ASP,91,A_ASP_91,21.640057486875925,111.0
A,ASP,95,A_ASP_95,22.13707581301845,1.0
A,CYS,67,A_CYS_67,17.97406382085088,37.0
A,CYS,92,A_CYS_92,18.15411966304652,31.0
A,HIS,112,A_HIS_112,8.288839595925342,8.0
A,ILE,70,A_ILE_70,1.926913775505762,15.0
A,ILE,129,A_ILE_129,7.523010254580074,38.0
A,ILE,133,A_ILE_133,1.7407755705920112,12.0
A,LEU,87,A_LEU_87,17.637045004635493,0.0
A,LEU,96,A_LEU_96,18.30604958382267,55.0
A,LEU,99,A_LEU_99,12.86849557248116,5.0
A,LYS,97,A_LYS_97,20.170955762637263,0.0
A,MET,122,A_MET_122,11.218727960817644,0.0
A,PHE,45,A_PHE_45,6.346772718628157,12.0
A,PHE,90,A_PHE_90,25.656540807234745,93.0
A,PHE,94,A_PHE_94,24.67833109308693,32.0
A,PHE,139,A_PHE_139,6.408630910657056,0.0
A,PRO,63,A_PRO_63,13.906494501054343,46.0
A,PRO,69,A_PRO_69,4.546900900349838,111.0
A,SER,68,A_SER_68,15.04680547834074,57.0
A,SER,126,A_SER_126,7.12274758291231,24.0
A,TRP,124,A_TRP_124,11.990233704591535,104.0
A,VAL,98,A_VAL_98,14.995458919983346,0.0
A,VAL,111,A_VAL_111,10.263956651516152,0.0
A,VAL,114,A_VAL_114,1.8865023247420216,27.0
A,VAL,123,A_VAL_123,12.433382094344438,77.0
