chain,resname,resnum,res_key,density,ACC
A,ALA,62,A_ALA_62,12.63372341607807,11.0
A,ARG,539,A_ARG_539,26.58303475567898,132.0
A,ARG,541,A_ARG_541,22.98574684248142,90.0
A,ARG,577,A_ARG_577,2.15070322635112,122.0
A,ASN,31,A_ASN_31,10.501477344105368,91.0
A,ASN,527,A_ASN_527,12.941098058697731,98.0
A,ASN,528,A_ASN_528,20.21138472220311,18.0
A,ASN,543,A_ASN_543,3.0778341823880537,67.0
A,ASN,557,A_ASN_557,5.824144846286208,50.0
A,ASP,542,A_ASP_542,2.62696225407806,124.0
A,ASP,556,A_ASP_556,15.037449541092611,0.0
A,CYS,516,A_CYS_516,13.959723797712416,0.0
A,CYS,525,A_CYS_525,18.19149741803224,0.0
A,CYS,531,A_CYS_531,17.196610991773767,30.0
A,CYS,536,A_CYS_536,17.61791650383877,3.0
A,CYS,538,A_CYS_538,17.996078669541113,13.0
A,CYS,553,A_CYS_553,17.424273434513207,0.0
A,CYS,555,A_CYS_555,17.60025006520913,19.0
A,GLN,55,A_GLN_55,19.1797263355253,131.0
A,GLN,535,A_GLN_535,20.63548075732824,100.0
A,GLU,56,A_GLU_56,14.025870814692064,145.0
A,GLU,530,A_GLU_530,23.695725715607715,145.0
A,GLU,546,A_GLU_546,12.14097112673572,48.0
A,GLU,554,A_GLU_554,24.19868025348243,44.0
A,GLY,57,A_GLY_57,10.160741943224377,15.0
A,GLY,529,A_GLY_529,10.003116116498314,19.0
A,GLY,534,A_GLY_534,2.481943076474103,14.0
A,GLY,550,A_GLY_550,10.287788059728658,23.0
A,ILE,524,A_ILE_524,12.482627120017256,44.0
A,ILE,547,A_ILE_547,17.291792856117524,73.0
A,LEU,28,A_LEU_28,8.319308362631997,20.0
A,LEU,54,A_LEU_54,11.57760024745714,10.0
A,LYS,73,A_LYS_73,2.4197048327167696,99.0
A,LYS,540,A_LYS_540,19.814935523545188,65.0
A,LYS,551,A_LYS_551,12.87362923055608,119.0
A,MET,58,A_MET_58,20.655711601224,65.0
A,PHE,552,A_PHE_552,18.440672958057096,34.0
A,PHE,558,A_PHE_558,7.9470603035697085,10.0
A,PRO,59,A_PRO_59,16.194015216276227,25.0
A,SER,61,A_SER_61,15.030755036270657,15.0
A,SER,526,A_SER_526,15.960544959898964,20.0
A,SER,549,A_SER_549,15.211488635845434,44.0
A,THR,60,A_THR_60,7.342005252207547,29.0
A,THR,544,A_THR_544,2.7085667204850625,63.0
A,TYR,548,A_TYR_548,27.8738419897049,22.0
A,VAL,532,A_VAL_532,16.686221156340604,51.0
A,VAL,537,A_VAL_537,15.519169079904971,40.0
