chain,resname,resnum,res_key,density,ACC
A,ALA,211,A_ALA_211,12.931807996513678,7.0
A,ALA,219,A_ALA_219,1.932470016339048,14.0
A,ALA,257,A_ALA_257,12.976434901374926,26.0
A,ALA,258,A_ALA_258,12.562149343413338,3.0
A,ARG,118,A_ARG_118,24.515121071973784,6.0
A,ARG,214,A_ARG_214,5.348405721674975,131.0
A,ASN,304,A_ASN_304,3.3478208781531453,0.0
A,ASN,308,A_ASN_308,9.412491386066485,1.0
A,ASN,316,A_ASN_316,7.134097564644852,27.0
A,CYS,112,A_CYS_112,11.044198559216415,17.0
A,CYS,262,A_CYS_262,18.240421857893978,46.0
A,CYS,267,A_CYS_267,18.019396620665773,30.0
A,CYS,269,A_CYS_269,14.229070239741596,9.0
A,GLU,254,A_GLU_254,5.186715170982155,43.0
A,GLY,266,A_GLY_266,10.696079120371252,22.0
A,HIS,110,A_HIS_110,5.931127198606704,0.0
A,ILE,59,A_ILE_59,3.7223455252661184,3.0
A,ILE,114,A_ILE_114,18.402910023173337,1.0
A,ILE,122,A_ILE_122,3.6810892356120783,6.0
A,ILE,215,A_ILE_215,18.899960601716515,8.0
A,ILE,263,A_ILE_263,18.461209709374764,70.0
A,ILE,264,A_ILE_264,19.350176305376504,1.0
A,LEU,62,A_LEU_62,1.968155388982458,2.0
A,LEU,111,A_LEU_111,18.430407646449307,4.0
A,LEU,116,A_LEU_116,4.829303074859822,70.0
A,LEU,207,A_LEU_207,6.140882152445214,98.0
A,LEU,210,A_LEU_210,10.611398166946426,84.0
A,LEU,261,A_LEU_261,18.38314259979694,9.0
A,LEU,270,A_LEU_270,12.620114684595366,133.0
A,LEU,311,A_LEU_311,15.968143745821276,33.0
A,LEU,315,A_LEU_315,18.27160650860064,67.0
A,LYS,256,A_LYS_256,12.523350681749568,145.0
A,LYS,259,A_LYS_259,20.333400585463053,149.0
A,MET,208,A_MET_208,21.500343674168427,3.0
A,MET,265,A_MET_265,22.34153774749371,12.0
A,PHE,205,A_PHE_205,19.291096662712636,73.0
A,PHE,268,A_PHE_268,19.47727988927571,2.0
A,PRO,204,A_PRO_204,3.0525131567208708,8.0
A,SER,115,A_SER_115,16.005327932173646,1.0
A,THR,55,A_THR_55,1.8838958902430143,3.0
A,THR,255,A_THR_255,14.94751353841725,42.0
A,THR,260,A_THR_260,18.740049115977836,13.0
A,TYR,119,A_TYR_119,6.688618624661913,71.0
A,TYR,212,A_TYR_212,28.960544134062577,19.0
A,TYR,213,A_TYR_213,15.298834316193282,128.0
A,TYR,216,A_TYR_216,20.64048563052545,151.0
A,TYR,312,A_TYR_312,19.13803859617939,4.0
A,VAL,209,A_VAL_209,16.740747257000937,58.0
