chain,resname,resnum,res_key,density,ACC
A,ALA,459,A_ALA_459,12.071939106253147,52.0
A,ALA,463,A_ALA_463,12.092247963818156,59.0
A,ALA,464,A_ALA_464,12.06119185280629,60.0
A,ALA,467,A_ALA_467,12.551507893694628,44.0
A,CYS,466,A_CYS_466,18.66093883674387,71.0
A,CYS,474,A_CYS_474,12.30500380759796,68.0
A,ILE,458,A_ILE_458,5.819621987423551,108.0
A,ILE,465,A_ILE_465,18.82717746349732,77.0
A,LEU,468,A_LEU_468,18.28528197108959,123.0
A,LEU,471,A_LEU_471,18.89750434858449,107.0
A,LEU,473,A_LEU_473,15.1293654171299,101.0
A,MET,462,A_MET_462,21.7414927480414,107.0
A,MET,470,A_MET_470,21.33009017528889,110.0
A,PHE,469,A_PHE_469,25.62215027389376,139.0
A,PRO,472,A_PRO_472,13.234664557124535,67.0
A,THR,457,A_THR_457,3.171151778879268,82.0
A,TYR,460,A_TYR_460,16.98006036054096,160.0
A,VAL,461,A_VAL_461,17.506179133855742,78.0
