chain,resname,resnum,res_key,density,ACC
A,ALA,366,A_ALA_366,3.404441323417461,13.0
A,ALA,367,A_ALA_367,3.805836759045822,38.0
A,ARG,345,A_ARG_345,26.81548185244085,64.0
A,ARG,346,A_ARG_346,16.15011451618561,84.0
A,ARG,351,A_ARG_351,20.85818153930221,73.0
A,ASN,307,A_ASN_307,18.517817075644004,5.0
A,ASP,344,A_ASP_344,21.297016047559,93.0
A,CYS,342,A_CYS_342,18.557997595625004,4.0
A,GLN,309,A_GLN_309,20.288591879952225,64.0
A,GLN,311,A_GLN_311,23.218557866765625,66.0
A,GLN,339,A_GLN_339,17.673322539048762,0.0
A,GLU,313,A_GLU_313,16.75473637925305,162.0
A,GLU,340,A_GLU_340,24.58902000872236,35.0
A,GLU,347,A_GLU_347,22.8522199172758,36.0
A,GLU,349,A_GLU_349,21.77709299212594,4.0
A,GLY,310,A_GLY_310,10.824127240120465,38.0
A,GLY,337,A_GLY_337,5.936349884407526,0.0
A,GLY,341,A_GLY_341,11.279195018118484,2.0
A,GLY,369,A_GLY_369,10.292800575150975,56.0
A,HIS,368,A_HIS_368,8.652890377049314,39.0
A,ILE,336,A_ILE_336,5.130405293371915,1.0
A,LEU,314,A_LEU_314,18.36784045255346,18.0
A,LEU,318,A_LEU_318,5.881180328625664,3.0
A,LEU,352,A_LEU_352,8.708697207827337,0.0
A,LEU,371,A_LEU_371,16.124401427735997,12.0
A,LYS,312,A_LYS_312,20.23991750112612,185.0
A,MET,308,A_MET_308,21.233096446702824,2.0
A,MET,373,A_MET_373,2.992230973541526,0.0
A,PRO,315,A_PRO_315,13.160193058380818,4.0
A,SER,343,A_SER_343,15.454528017885572,105.0
A,SER,374,A_SER_374,3.0278731215497228,0.0
A,SER,582,A_SER_582,9.749861378786122,0.0
A,THR,350,A_THR_350,6.345494786994985,2.0
A,THR,581,A_THR_581,15.670981730465405,38.0
A,TRP,306,A_TRP_306,33.22076107680568,2.0
A,TRP,348,A_TRP_348,32.05460093105875,0.0
A,TYR,372,A_TYR_372,28.77885720205765,14.0
A,VAL,338,A_VAL_338,16.205022647679463,1.0
A,VAL,370,A_VAL_370,16.728962872354966,78.0
