chain,resname,resnum,res_key,density,ACC
A,ALA,462,A_ALA_462,12.234516130767435,21.0
A,ARG,442,A_ARG_442,11.184875382233765,165.0
A,ASN,445,A_ASN_445,21.213632840984893,102.0
A,ASN,456,A_ASN_456,20.90151143664811,104.0
A,ASP,439,A_ASP_439,11.794826591952509,71.0
A,ASP,458,A_ASP_458,21.52639464039449,100.0
A,ASP,459,A_ASP_459,21.76237788034232,65.0
A,CYS,427,A_CYS_427,18.167447265474728,1.0
A,CYS,429,A_CYS_429,2.8561154440374805,43.0
A,CYS,450,A_CYS_450,18.238998739432105,7.0
A,GLU,449,A_GLU_449,24.22621271588393,101.0
A,GLY,430,A_GLY_430,10.657142922168536,0.0
A,GLY,435,A_GLY_435,4.779454471474618,10.0
A,GLY,457,A_GLY_457,10.000289085947715,40.0
A,HIS,438,A_HIS_438,21.100462618798645,3.0
A,ILE,455,A_ILE_455,19.255014738059643,29.0
A,ILE,486,A_ILE_486,12.714802476947458,12.0
A,ILE,490,A_ILE_490,1.7552584216080565,37.0
A,LEU,434,A_LEU_434,15.37332837989874,0.0
A,LEU,444,A_LEU_444,15.871358743385704,70.0
A,LEU,451,A_LEU_451,18.594799146693205,0.0
A,LEU,454,A_LEU_454,18.577662070344665,1.0
A,LEU,482,A_LEU_482,18.558084899843436,0.0
A,LYS,440,A_LYS_440,21.280721957451807,37.0
A,LYS,466,A_LYS_466,10.646929215644976,114.0
A,MET,446,A_MET_446,20.51240819554153,73.0
A,MET,460,A_MET_460,22.08113560990904,61.0
A,MET,467,A_MET_467,1.5105933157196911,8.0
A,PHE,428,A_PHE_428,2.883279185475144,107.0
A,PHE,441,A_PHE_441,23.967700911717507,0.0
A,PHE,452,A_PHE_452,25.1030945869732,129.0
A,PHE,461,A_PHE_461,10.727183912862596,170.0
A,PHE,464,A_PHE_464,13.221155894615691,24.0
A,PHE,485,A_PHE_485,22.677579234268908,0.0
A,PHE,489,A_PHE_489,14.582764466486752,9.0
A,SER,443,A_SER_443,16.472090985654283,47.0
A,SER,448,A_SER_448,16.466319411449454,38.0
A,SER,453,A_SER_453,15.84245612630192,39.0
A,THR,463,A_THR_463,18.16097483587436,1.0
A,TRP,431,A_TRP_431,13.412147703905408,115.0
A,TYR,423,A_TYR_423,26.787130424829314,32.0
A,TYR,426,A_TYR_426,20.64318260818331,46.0
A,TYR,481,A_TYR_481,20.839124188858484,7.0
A,VAL,447,A_VAL_447,16.71966913954186,0.0
