chain,resname,resnum,res_key,density,ACC
A,ALA,599,A_ALA_599,11.35089385264969,72.0
A,ALA,616,A_ALA_616,11.333856833674991,0.0
A,ARG,490,A_ARG_490,2.331039673411391,84.0
A,ARG,611,A_ARG_611,27.33455537903799,153.0
A,ARG,613,A_ARG_613,26.87128505972602,96.0
A,ARG,680,A_ARG_680,25.51703726808469,33.0
A,ARG,682,A_ARG_682,18.17599220798911,63.0
A,ASN,603,A_ASN_603,19.89883731414806,29.0
A,ASP,687,A_ASP_687,21.62052960136616,17.0
A,CYS,612,A_CYS_612,17.38857493841222,1.0
A,CYS,684,A_CYS_684,17.863412743226192,3.0
A,GLN,607,A_GLN_607,10.204237922594194,167.0
A,GLU,431,A_GLU_431,2.799244841319612,101.0
A,GLU,602,A_GLU_602,22.9626357093862,87.0
A,GLU,604,A_GLU_604,17.27212999918221,141.0
A,GLY,593,A_GLY_593,5.754251126202048,0.0
A,GLY,600,A_GLY_600,10.169282816369249,5.0
A,GLY,605,A_GLY_605,7.382657137671988,57.0
A,GLY,606,A_GLY_606,9.51392353489226,43.0
A,GLY,609,A_GLY_609,10.857149929449507,34.0
A,GLY,617,A_GLY_617,11.03730767449703,16.0
A,GLY,677,A_GLY_677,10.190517972407966,0.0
A,GLY,679,A_GLY_679,10.230196999548946,5.0
A,HIS,620,A_HIS_620,13.748833868297291,0.0
A,ILE,596,A_ILE_596,18.90911758911928,32.0
A,ILE,601,A_ILE_601,19.07487547447215,39.0
A,LEU,598,A_LEU_598,10.323525037631368,69.0
A,LEU,610,A_LEU_610,12.886994690795085,123.0
A,LEU,614,A_LEU_614,17.879012785437435,102.0
A,LEU,618,A_LEU_618,18.886472070035083,86.0
A,LEU,619,A_LEU_619,18.216349710193747,0.0
A,LEU,686,A_LEU_686,18.427347852297352,0.0
A,LEU,693,A_LEU_693,1.8714717312336056,16.0
A,LYS,676,A_LYS_676,6.008526508614212,151.0
A,PHE,597,A_PHE_597,26.34263108570221,66.0
A,PHE,623,A_PHE_623,8.80423820005571,19.0
A,PHE,688,A_PHE_688,9.594890180459918,64.0
A,PHE,692,A_PHE_692,4.381177594293323,20.0
A,PHE,760,A_PHE_760,4.163116641594419,97.0
A,PRO,681,A_PRO_681,14.677629895493189,72.0
A,SER,594,A_SER_594,3.531965865903941,11.0
A,SER,675,A_SER_675,2.9372040238157817,75.0
A,THR,595,A_THR_595,6.081239036115079,53.0
A,TRP,685,A_TRP_685,32.35614517760212,32.0
A,TYR,621,A_TYR_621,2.693174602902217,57.0
A,TYR,678,A_TYR_678,28.370800513872048,10.0
A,TYR,683,A_TYR_683,29.296958487353148,57.0
A,VAL,608,A_VAL_608,15.619150058645856,25.0
A,VAL,615,A_VAL_615,15.97054677885661,16.0
