chain,resname,resnum,res_key,density,ACC
A,ALA,342,A_ALA_342,5.837262658182391,0.0
A,ALA,346,A_ALA_346,12.072621147062788,0.0
A,ALA,367,A_ALA_367,11.804607905920529,46.0
A,ALA,376,A_ALA_376,12.007330369260233,27.0
A,ALA,387,A_ALA_387,6.638975407377781,33.0
A,ARG,361,A_ARG_361,26.89648647870437,76.0
A,ARG,380,A_ARG_380,26.129761937370432,17.0
A,ASN,356,A_ASN_356,10.13091998270471,37.0
A,ASN,373,A_ASN_373,22.069006249902028,36.0
A,ASN,381,A_ASN_381,20.29474821223527,28.0
A,ASP,166,A_ASP_166,2.9453028383172475,89.0
A,ASP,358,A_ASP_358,21.042749349419267,15.0
A,ASP,359,A_ASP_359,22.35537617906923,37.0
A,ASP,362,A_ASP_362,5.214741573579227,164.0
A,ASP,389,A_ASP_389,2.692442331704459,26.0
A,CYS,175,A_CYS_175,7.28650994475034,2.0
A,CYS,363,A_CYS_363,17.534076904939596,29.0
A,CYS,365,A_CYS_365,18.34096616864805,46.0
A,CYS,370,A_CYS_370,18.212350364446102,3.0
A,CYS,385,A_CYS_385,17.741544282797772,9.0
A,GLU,348,A_GLU_348,2.768504470019616,0.0
A,GLY,350,A_GLY_350,2.124386622276776,0.0
A,GLY,360,A_GLY_360,2.358102766073326,73.0
A,GLY,366,A_GLY_366,10.077249311405836,76.0
A,GLY,375,A_GLY_375,10.415727718308116,24.0
A,GLY,378,A_GLY_378,10.905492687144251,15.0
A,HIS,141,A_HIS_141,11.8632564027996,29.0
A,HIS,347,A_HIS_347,23.741201048772577,4.0
A,HIS,351,A_HIS_351,5.082812015254014,1.0
A,HIS,357,A_HIS_357,24.48285557095042,26.0
A,ILE,344,A_ILE_344,7.978048242299514,6.0
A,ILE,371,A_ILE_371,18.84528869149465,2.0
A,LEU,253,A_LEU_253,5.387861466270193,8.0
A,LYS,170,A_LYS_170,4.399896809688199,107.0
A,LYS,368,A_LYS_368,18.814519580473466,185.0
A,MET,249,A_MET_249,18.154793482856068,7.0
A,MET,252,A_MET_252,10.95765836014515,80.0
A,MET,355,A_MET_355,18.239525180366385,0.0
A,MET,372,A_MET_372,21.32027137134891,0.0
A,PHE,382,A_PHE_382,24.03062547493512,9.0
A,SER,146,A_SER_146,4.90704482230481,24.0
A,SER,343,A_SER_343,16.228128856930077,7.0
A,SER,364,A_SER_364,16.450016715810804,83.0
A,SER,369,A_SER_369,16.077738437754412,35.0
A,SER,374,A_SER_374,13.980456483419315,3.0
A,SER,377,A_SER_377,15.5486783221884,16.0
A,SER,379,A_SER_379,15.82237921095479,14.0
A,SER,383,A_SER_383,15.794204034877117,4.0
A,SER,384,A_SER_384,16.390297589915292,37.0
A,SER,386,A_SER_386,15.025758122058493,0.0
A,TYR,250,A_TYR_250,7.5059748757030915,0.0
