chain,resname,resnum,res_key,density,ACC
A,ARG,125,A_ARG_125,25.757346968084523,123.0
A,ASN,112,A_ASN_112,12.862769803196237,41.0
A,ASN,123,A_ASN_123,20.758616374203694,170.0
A,ASP,118,A_ASP_118,21.20741247460929,162.0
A,CYS,117,A_CYS_117,17.459138076259215,16.0
A,CYS,149,A_CYS_149,18.314117742517105,4.0
A,GLN,119,A_GLN_119,23.62862323108022,90.0
A,GLN,120,A_GLN_120,21.624877077811558,206.0
A,GLN,127,A_GLN_127,22.95675344368041,52.0
A,GLU,148,A_GLU_148,23.606666333014765,146.0
A,GLY,121,A_GLY_121,10.166554825574206,79.0
A,HIS,94,A_HIS_94,9.029853727183374,91.0
A,HIS,124,A_HIS_124,22.151890391098213,63.0
A,HIS,151,A_HIS_151,14.587247647049542,18.0
A,MET,85,A_MET_85,1.578976455599515,35.0
A,PHE,424,A_PHE_424,8.559902417193488,41.0
A,SER,95,A_SER_95,5.4304162536305896,17.0
A,SER,116,A_SER_116,15.971585502468018,84.0
A,SER,128,A_SER_128,2.757670956445777,0.0
A,SER,422,A_SER_422,2.9928975122827874,42.0
A,THR,113,A_THR_113,16.365040141532294,1.0
A,THR,114,A_THR_114,12.302214849258776,105.0
A,THR,122,A_THR_122,17.79679035322277,65.0
A,THR,147,A_THR_147,17.41196781180477,51.0
A,VAL,96,A_VAL_96,14.07373291642906,5.0
A,VAL,115,A_VAL_115,16.117049529965843,70.0
A,VAL,126,A_VAL_126,16.24122135801485,18.0
A,VAL,150,A_VAL_150,15.23433499747076,4.0
