chain,resname,resnum,res_key,density,ACC
A,ALA,2276,A_ALA_2276,12.813741107032492,15.0
A,ARG,2006,A_ARG_2006,5.321097831797989,114.0
A,ASN,2141,A_ASN_2141,4.421489186148614,14.0
A,ASN,2144,A_ASN_2144,2.50149126521354,88.0
A,ASP,2152,A_ASP_2152,3.0693562828297294,113.0
A,ASP,2219,A_ASP_2219,10.413824053332432,55.0
A,ASP,2221,A_ASP_2221,20.776540289973862,38.0
A,ASP,2249,A_ASP_2249,21.03482119421904,46.0
A,ASP,2254,A_ASP_2254,11.008568017494346,57.0
A,CYS,2248,A_CYS_2248,17.755174910885536,47.0
A,CYS,2278,A_CYS_2278,17.273262229216897,22.0
A,GLN,2218,A_GLN_2218,5.750182242036891,41.0
A,GLU,2253,A_GLU_2253,12.753778692554572,168.0
A,GLY,2220,A_GLY_2220,9.666646456385056,16.0
A,GLY,2255,A_GLY_2255,2.513359651792974,12.0
A,GLY,2281,A_GLY_2281,10.149318271789332,48.0
A,GLY,2283,A_GLY_2283,10.418301805914377,41.0
A,HIS,2247,A_HIS_2247,18.75969974845785,9.0
A,ILE,2139,A_ILE_2139,3.154398360760986,1.0
A,ILE,2153,A_ILE_2153,5.595487716547263,0.0
A,LEU,2011,A_LEU_2011,1.855034845835592,89.0
A,LEU,2150,A_LEU_2150,13.996166137012509,1.0
A,LEU,2217,A_LEU_2217,5.764145796846211,12.0
A,LEU,2222,A_LEU_2222,17.642782380373514,0.0
A,LEU,2251,A_LEU_2251,17.31761239562768,147.0
A,LEU,2280,A_LEU_2280,17.03379933809822,34.0
A,LYS,1767,A_LYS_1767,4.476261991186611,100.0
A,LYS,2146,A_LYS_2146,16.055606027961307,89.0
A,PHE,2148,A_PHE_2148,24.92629179412825,9.0
A,PHE,2246,A_PHE_2246,20.061795826150384,0.0
A,PHE,2284,A_PHE_2284,2.45565085990872,213.0
A,PRO,2250,A_PRO_2250,15.37108251266574,101.0
A,PRO,2279,A_PRO_2279,16.00439818571575,80.0
A,SER,2147,A_SER_2147,9.76642025116645,78.0
A,SER,2149,A_SER_2149,12.99835550505022,54.0
A,SER,2275,A_SER_2275,16.601803403774024,47.0
A,THR,2274,A_THR_2274,17.786426781334914,0.0
A,TRP,2272,A_TRP_2272,6.03158863992841,1.0
A,TYR,2273,A_TYR_2273,18.57116519894536,36.0
A,VAL,2252,A_VAL_2252,16.38207401741823,51.0
A,VAL,2277,A_VAL_2277,16.233700457790995,0.0
A,VAL,2282,A_VAL_2282,16.31218917381999,123.0
