chain,resname,resnum,res_key,density,ACC
A,ALA,217,A_ALA_217,1.8929306889849071,18.0
A,ALA,243,A_ALA_243,12.894017550423284,0.0
A,ALA,246,A_ALA_246,12.681672128899788,0.0
A,ALA,320,A_ALA_320,4.356330502508858,0.0
A,ARG,379,A_ARG_379,7.962827074579641,78.0
A,ARG,390,A_ARG_390,2.5951706018084697,35.0
A,ASN,211,A_ASN_211,2.782086779278595,75.0
A,ASN,239,A_ASN_239,20.66199207244833,33.0
A,ASN,245,A_ASN_245,21.71479167551197,23.0
A,ASP,242,A_ASP_242,21.713115455414847,9.0
A,ASP,317,A_ASP_317,8.444576585132161,0.0
A,ASP,339,A_ASP_339,1.8122593243334493,48.0
A,CYS,241,A_CYS_241,18.09427559337869,32.0
A,CYS,363,A_CYS_363,5.5561535185964654,4.0
A,GLN,218,A_GLN_218,5.655985757630555,49.0
A,GLN,248,A_GLN_248,17.516823494744138,40.0
A,GLN,429,A_GLN_429,16.785670018626924,40.0
A,GLU,377,A_GLU_377,3.3877575745661543,67.0
A,GLY,209,A_GLY_209,10.86891334936638,8.0
A,GLY,236,A_GLY_236,9.87744573831635,20.0
A,GLY,316,A_GLY_316,3.5418918500549923,6.0
A,GLY,340,A_GLY_340,10.21508835223056,0.0
A,HIS,267,A_HIS_267,24.218798879640996,136.0
A,HIS,591,A_HIS_591,13.980328018030791,37.0
A,HIS,592,A_HIS_592,13.389524015197969,140.0
A,ILE,228,A_ILE_228,7.812406882154971,10.0
A,ILE,238,A_ILE_238,18.404386408922047,56.0
A,ILE,342,A_ILE_342,12.497555156108753,0.0
A,LEU,206,A_LEU_206,7.568016348894261,17.0
A,LEU,219,A_LEU_219,15.739285250791434,34.0
A,LEU,240,A_LEU_240,17.578436090758096,8.0
A,LEU,244,A_LEU_244,18.675639163630173,61.0
A,LEU,249,A_LEU_249,2.5210472415062344,0.0
A,LEU,365,A_LEU_365,7.248763397077399,0.0
A,LYS,266,A_LYS_266,18.66339794154763,58.0
A,MET,204,A_MET_204,5.644307502900911,23.0
A,MET,210,A_MET_210,21.82861334223003,90.0
A,MET,367,A_MET_367,1.3430862734833795,6.0
A,PHE,237,A_PHE_237,25.30708696027676,69.0
A,PHE,265,A_PHE_265,23.98440362555687,0.0
A,PHE,318,A_PHE_318,24.541565478328224,1.0
A,PRO,235,A_PRO_235,15.709879776033317,12.0
A,PRO,270,A_PRO_270,6.214812192907686,4.0
A,SER,264,A_SER_264,2.326935204257408,0.0
A,SER,269,A_SER_269,15.897876936700277,13.0
A,THR,428,A_THR_428,7.1002559258154445,0.0
A,TRP,247,A_TRP_247,13.806822039505857,12.0
A,TYR,208,A_TYR_208,6.121480083008066,86.0
A,TYR,427,A_TYR_427,15.304660324946738,7.0
A,VAL,268,A_VAL_268,16.860735017293994,31.0
A,VAL,319,A_VAL_319,8.411445674311889,0.0
