chain,resname,resnum,res_key,density,ACC
A,ALA,888,A_ALA_888,12.719060369768384,3.0
A,ALA,987,A_ALA_987,10.150224475367049,5.0
A,ALA,1016,A_ALA_1016,12.454504512684906,1.0
A,ARG,874,A_ARG_874,6.908967656071959,124.0
A,ARG,977,A_ARG_977,25.389096418267133,150.0
A,ARG,981,A_ARG_981,26.63970982964475,170.0
A,ARG,1015,A_ARG_1015,5.92824101092548,107.0
A,ASN,891,A_ASN_891,20.284748244940875,10.0
A,ASN,975,A_ASN_975,19.47842021540213,73.0
A,ASP,1019,A_ASP_1019,18.466836409117203,82.0
A,CYS,920,A_CYS_920,17.80215256081511,4.0
A,CYS,978,A_CYS_978,17.18646641951358,0.0
A,GLN,893,A_GLN_893,7.084082013234241,42.0
A,GLN,923,A_GLN_923,13.378639019724034,127.0
A,GLU,911,A_GLU_911,12.597436199834783,84.0
A,GLU,916,A_GLU_916,10.913819527983163,155.0
A,GLU,921,A_GLU_921,23.09814559351268,132.0
A,GLY,982,A_GLY_982,2.452424045865409,46.0
A,ILE,892,A_ILE_892,17.579921774307888,0.0
A,ILE,926,A_ILE_926,8.113022381124168,48.0
A,ILE,976,A_ILE_976,18.407792035359734,4.0
A,ILE,990,A_ILE_990,10.088385532984086,15.0
A,ILE,1018,A_ILE_1018,18.78604744426509,8.0
A,LEU,890,A_LEU_890,17.702189442324375,0.0
A,LEU,907,A_LEU_907,5.964669432849569,3.0
A,LEU,915,A_LEU_915,17.991628210122947,23.0
A,LEU,980,A_LEU_980,17.958201647771,4.0
A,LEU,983,A_LEU_983,11.834224594199917,5.0
A,LEU,989,A_LEU_989,17.08684890887775,2.0
A,LEU,991,A_LEU_991,12.34243124701972,0.0
A,LYS,909,A_LYS_909,5.75866373147141,46.0
A,LYS,913,A_LYS_913,5.799777121326826,130.0
A,LYS,917,A_LYS_917,14.359097669602882,199.0
A,MET,1014,A_MET_1014,5.5006967020174375,0.0
A,PHE,873,A_PHE_873,24.6305939541419,1.0
A,PHE,1017,A_PHE_1017,24.98656990189944,79.0
A,PRO,922,A_PRO_922,17.11052984171951,41.0
A,PRO,979,A_PRO_979,16.141467074931462,38.0
A,SER,912,A_SER_912,15.188068029272491,34.0
A,SER,988,A_SER_988,12.63987123762169,12.0
A,THR,887,A_THR_887,16.289849859407926,48.0
A,THR,889,A_THR_889,17.17183044700503,21.0
A,THR,919,A_THR_919,17.342296181432573,80.0
A,THR,1021,A_THR_1021,9.638942098484884,101.0
A,TRP,894,A_TRP_894,11.800519327342386,4.0
A,TYR,871,A_TYR_871,2.9167888561845947,1.0
A,VAL,838,A_VAL_838,6.064908959063827,16.0
A,VAL,875,A_VAL_875,10.526575874633927,1.0
A,VAL,910,A_VAL_910,16.5286699506838,30.0
A,VAL,918,A_VAL_918,15.918766241909124,23.0
A,VAL,974,A_VAL_974,8.21605622939054,33.0
A,VAL,1020,A_VAL_1020,4.789528176671016,5.0
