chain,resname,resnum,res_key,density,ACC
A,ARG,889,A_ARG_889,3.0618626350643776,52.0
A,ASP,917,A_ASP_917,21.774297956336625,36.0
A,CYS,810,A_CYS_810,15.271802300184245,30.0
A,CYS,871,A_CYS_871,5.414685089979997,0.0
A,CYS,914,A_CYS_914,17.766086294500802,76.0
A,GLN,841,A_GLN_841,11.610087055930842,54.0
A,GLU,822,A_GLU_822,3.032106315734884,176.0
A,GLU,863,A_GLU_863,11.187501103440248,67.0
A,GLU,864,A_GLU_864,23.53925956572517,46.0
A,GLU,910,A_GLU_910,12.77747084363057,132.0
A,GLY,916,A_GLY_916,10.176619929502936,30.0
A,ILE,860,A_ILE_860,7.80802824937708,11.0
A,ILE,866,A_ILE_866,5.388149418340044,23.0
A,ILE,913,A_ILE_913,17.948173671077853,5.0
A,LEU,842,A_LEU_842,18.10649891535848,17.0
A,LEU,844,A_LEU_844,17.225754914825544,0.0
A,LEU,901,A_LEU_901,6.008376249292441,19.0
A,LEU,908,A_LEU_908,18.177371171129494,0.0
A,LEU,911,A_LEU_911,17.69027185282715,41.0
A,LEU,912,A_LEU_912,18.08877994978336,135.0
A,LEU,919,A_LEU_919,12.904995641615017,0.0
A,LYS,890,A_LYS_890,17.66422272214801,63.0
A,LYS,909,A_LYS_909,20.45049849578924,110.0
A,MET,875,A_MET_875,1.4866852733956426,0.0
A,MET,891,A_MET_891,12.249105838102446,26.0
A,PHE,843,A_PHE_843,21.057574450021267,8.0
A,PHE,845,A_PHE_845,23.31095033719975,19.0
A,PRO,811,A_PRO_811,3.3668951664191984,6.0
A,PRO,813,A_PRO_813,1.7774931428130076,13.0
A,PRO,837,A_PRO_837,3.625048934919596,4.0
A,SER,838,A_SER_838,3.42665701795732,35.0
A,SER,839,A_SER_839,5.6279191099330905,71.0
A,SER,840,A_SER_840,7.679221481782704,43.0
A,SER,915,A_SER_915,15.362134817710302,58.0
A,THR,865,A_THR_865,3.045149206628749,89.0
A,THR,907,A_THR_907,12.516164335440264,29.0
A,THR,918,A_THR_918,17.31820556710496,15.0
A,TYR,816,A_TYR_816,7.220955501298297,70.0
A,VAL,861,A_VAL_861,1.9949554798950888,53.0
A,VAL,862,A_VAL_862,17.265211073493916,5.0
