chain,resname,resnum,res_key,density,ACC
A,ALA,231,A_ALA_231,12.01700779108412,50.0
A,ALA,251,A_ALA_251,12.177390176285092,7.0
A,ARG,244,A_ARG_244,26.9366322129061,17.0
A,ARG,255,A_ARG_255,26.71536837047982,169.0
A,ARG,265,A_ARG_265,3.316476458158542,144.0
A,ASP,235,A_ASP_235,21.188122879842368,85.0
A,ASP,241,A_ASP_241,19.92276532616698,28.0
A,ASP,258,A_ASP_258,23.681504663967573,38.0
A,CYS,230,A_CYS_230,17.428353609808937,0.0
A,CYS,233,A_CYS_233,17.892132190742977,43.0
A,CYS,256,A_CYS_256,17.979671698545115,23.0
A,CYS,268,A_CYS_268,4.965149106306525,1.0
A,GLN,263,A_GLN_263,16.994175731836346,124.0
A,GLU,236,A_GLU_236,3.246186408840567,157.0
A,HIS,250,A_HIS_250,5.626395819105733,52.0
A,HIS,253,A_HIS_253,24.31740792269237,3.0
A,ILE,232,A_ILE_232,18.05366473194245,61.0
A,ILE,270,A_ILE_270,6.75975610692274,89.0
A,LEU,213,A_LEU_213,5.219825914698463,15.0
A,LEU,234,A_LEU_234,16.909801604244734,135.0
A,LEU,243,A_LEU_243,18.31236139527288,2.0
A,LEU,246,A_LEU_246,10.5638441667996,3.0
A,LEU,261,A_LEU_261,18.25077724347439,0.0
A,LYS,242,A_LYS_242,15.222072180930216,120.0
A,PRO,259,A_PRO_259,16.89150758820702,53.0
A,PRO,269,A_PRO_269,12.901456471628538,41.0
A,SER,254,A_SER_254,15.637268653270784,15.0
A,THR,218,A_THR_218,1.7412216361251331,82.0
A,THR,262,A_THR_262,14.704057071108805,33.0
A,THR,264,A_THR_264,11.067299703797865,71.0
A,THR,267,A_THR_267,3.140159440901945,32.0
A,TRP,260,A_TRP_260,31.310496894064126,82.0
A,TYR,237,A_TYR_237,15.463893359095756,13.0
A,TYR,252,A_TYR_252,28.76276779841292,0.0
A,VAL,229,A_VAL_229,9.554585606991246,72.0
A,VAL,245,A_VAL_245,4.410640556693871,31.0
A,VAL,257,A_VAL_257,16.811585802292377,0.0
