chain,resname,resnum,res_key,density,ACC
A,ARG,292,A_ARG_292,2.5322305283603312,126.0
A,ARG,340,A_ARG_340,12.542121036868911,173.0
A,ARG,344,A_ARG_344,20.48772485560108,57.0
A,ARG,345,A_ARG_345,26.759044624311457,147.0
A,ARG,346,A_ARG_346,25.960609144877427,33.0
A,ASP,316,A_ASP_316,21.27025985661962,131.0
A,CYS,317,A_CYS_317,17.84690430330303,32.0
A,GLN,339,A_GLN_339,22.613806951053004,94.0
A,GLN,348,A_GLN_348,11.134447411970012,96.0
A,GLU,291,A_GLU_291,17.163019169758066,24.0
A,GLU,312,A_GLU_312,14.941790882669135,70.0
A,GLU,341,A_GLU_341,23.386233418850804,34.0
A,GLY,313,A_GLY_313,10.615670031271808,15.0
A,HIS,309,A_HIS_309,6.175508568129104,141.0
A,LEU,102,A_LEU_102,1.4886188863544925,42.0
A,LEU,107,A_LEU_107,7.958983954574344,21.0
A,LEU,288,A_LEU_288,5.773322242004324,0.0
A,LEU,311,A_LEU_311,16.71970297712624,0.0
A,LEU,315,A_LEU_315,18.323036647836503,44.0
A,LEU,319,A_LEU_319,18.55402929555693,81.0
A,LEU,335,A_LEU_335,3.5473673546943774,49.0
A,LEU,342,A_LEU_342,18.972384870594684,31.0
A,LEU,343,A_LEU_343,18.443549908226604,67.0
A,PHE,294,A_PHE_294,10.645882326429584,0.0
A,PHE,314,A_PHE_314,24.341944012604102,28.0
A,PRO,337,A_PRO_337,6.198122253917111,56.0
A,SER,310,A_SER_310,15.425002164332684,1.0
A,SER,318,A_SER_318,15.38223467087667,39.0
A,THR,287,A_THR_287,1.857752922211728,15.0
A,TYR,347,A_TYR_347,29.06060831414237,109.0
A,VAL,293,A_VAL_293,12.822563221609668,27.0
A,VAL,320,A_VAL_320,16.824671433405054,95.0
A,VAL,336,A_VAL_336,3.376868930862148,49.0
A,VAL,338,A_VAL_338,16.4560342037858,67.0
