chain,resname,resnum,res_key,density,ACC
A,ALA,641,A_ALA_641,3.2289045934891867,72.0
A,ALA,651,A_ALA_651,8.633871502166526,4.0
A,ARG,650,A_ARG_650,27.18624005161072,92.0
A,ASN,653,A_ASN_653,8.395530006303552,100.0
A,ASN,669,A_ASN_669,19.079946672946956,84.0
A,ASP,659,A_ASP_659,12.710423416904536,156.0
A,CYS,646,A_CYS_646,17.193441988064116,4.0
A,CYS,649,A_CYS_649,16.121759021185547,3.0
A,CYS,661,A_CYS_661,17.132364008679634,10.0
A,CYS,665,A_CYS_665,17.524873129464318,0.0
A,GLN,648,A_GLN_648,15.13161312576597,11.0
A,GLN,663,A_GLN_663,22.834886146853982,176.0
A,GLU,642,A_GLU_642,16.725414957071926,135.0
A,GLU,645,A_GLU_645,23.29776178831422,74.0
A,GLU,656,A_GLU_656,9.875049710230815,174.0
A,GLU,664,A_GLU_664,22.89810153062451,91.0
A,GLY,655,A_GLY_655,7.458381030231775,19.0
A,HIS,643,A_HIS_643,23.637699549816297,7.0
A,ILE,670,A_ILE_670,18.667452855074472,40.0
A,LYS,644,A_LYS_644,12.425823747433707,57.0
A,LYS,654,A_LYS_654,8.635926122871906,69.0
A,LYS,657,A_LYS_657,21.09785869867332,50.0
A,LYS,658,A_LYS_658,14.945796079460424,98.0
A,PHE,652,A_PHE_652,2.870230941937433,37.0
A,PHE,668,A_PHE_668,24.96303151722431,3.0
A,PHE,703,A_PHE_703,2.3775224633209877,0.0
A,SER,666,A_SER_666,15.80008455297182,76.0
A,THR,660,A_THR_660,17.829277779898366,58.0
A,THR,662,A_THR_662,17.60676504453732,125.0
A,TYR,667,A_TYR_667,29.24420028000681,110.0
A,TYR,705,A_TYR_705,9.18829553964245,31.0
A,VAL,647,A_VAL_647,17.413893293478516,0.0
A,VAL,713,A_VAL_713,13.664125520338876,22.0
A,VAL,715,A_VAL_715,13.53876212766019,0.0
