chain,resname,resnum,res_key,density,ACC
A,ALA,592,A_ALA_592,4.097317613183693,80.0
A,ARG,584,A_ARG_584,23.80082605668652,89.0
A,ARG,605,A_ARG_605,24.7858898163199,97.0
A,ARG,610,A_ARG_610,5.791781872710802,158.0
A,ASP,569,A_ASP_569,19.014395892006814,38.0
A,ASP,606,A_ASP_606,12.296866893792153,34.0
A,ASP,616,A_ASP_616,2.869074274420032,44.0
A,CYS,567,A_CYS_567,5.105810418767474,13.0
A,CYS,578,A_CYS_578,12.89508494011626,43.0
A,CYS,582,A_CYS_582,17.944900659089548,1.0
A,CYS,591,A_CYS_591,17.55507798296416,31.0
A,CYS,593,A_CYS_593,4.9605623501590665,9.0
A,CYS,603,A_CYS_603,17.468053508145942,4.0
A,CYS,604,A_CYS_604,18.827863009811804,4.0
A,CYS,611,A_CYS_611,14.328180097604196,46.0
A,GLN,586,A_GLN_586,23.224715824012627,77.0
A,GLN,587,A_GLN_587,23.080648024746026,181.0
A,GLU,583,A_GLU_583,23.573942132451084,85.0
A,GLU,585,A_GLU_585,23.33699104902753,78.0
A,GLU,589,A_GLU_589,23.050390308874523,101.0
A,GLY,571,A_GLY_571,10.577462698074331,0.0
A,ILE,579,A_ILE_579,18.14716397719401,43.0
A,LEU,568,A_LEU_568,5.799925718372096,62.0
A,LEU,570,A_LEU_570,17.95072505536648,72.0
A,LEU,588,A_LEU_588,18.21011878734149,43.0
A,LEU,607,A_LEU_607,6.6985731345670185,177.0
A,LEU,622,A_LEU_622,17.307754834608026,41.0
A,LEU,624,A_LEU_624,5.053150490893614,20.0
A,LYS,572,A_LYS_572,21.398953102405688,48.0
A,LYS,601,A_LYS_601,7.338210212431447,35.0
A,LYS,628,A_LYS_628,2.324695563051709,65.0
A,PHE,581,A_PHE_581,25.781283839735583,22.0
A,PRO,580,A_PRO_580,16.289907238542032,49.0
A,PRO,613,A_PRO_613,12.1391816248844,38.0
A,SER,590,A_SER_590,15.3158771660979,41.0
A,TYR,614,A_TYR_614,27.891935035622325,46.0
A,VAL,602,A_VAL_602,16.83989830158299,9.0
A,VAL,612,A_VAL_612,14.247187954612972,59.0
A,VAL,615,A_VAL_615,10.35807638872116,69.0
