chain,resname,resnum,res_key,density,ACC
A,ALA,256,A_ALA_256,6.193173715920658,45.0
A,ALA,337,A_ALA_337,4.451445178233137,80.0
A,ARG,326,A_ARG_326,26.731502505967715,164.0
A,CYS,329,A_CYS_329,18.565179419352678,62.0
A,ILE,323,A_ILE_323,17.285806887085933,16.0
A,ILE,328,A_ILE_328,19.201846248808163,29.0
A,ILE,330,A_ILE_330,19.549626569442147,42.0
A,ILE,345,A_ILE_345,2.0789641772372915,36.0
A,LEU,251,A_LEU_251,7.076862509397343,40.0
A,LEU,255,A_LEU_255,15.679856917083104,51.0
A,LEU,322,A_LEU_322,15.146158150873148,112.0
A,LEU,335,A_LEU_335,18.57484001921453,16.0
A,LEU,349,A_LEU_349,18.84207098518869,46.0
A,LEU,356,A_LEU_356,7.640681640654406,11.0
A,LEU,360,A_LEU_360,1.6333587320282017,2.0
A,LYS,334,A_LYS_334,20.69249020166741,111.0
A,LYS,336,A_LYS_336,16.971293348861273,145.0
A,PHE,321,A_PHE_321,5.551561426469757,82.0
A,PHE,324,A_PHE_324,26.260600980546776,23.0
A,SER,333,A_SER_333,16.149151325342405,78.0
A,SER,352,A_SER_352,14.105019970751142,43.0
A,THR,353,A_THR_353,11.726441351168152,35.0
A,TYR,252,A_TYR_252,28.25019104144678,75.0
A,VAL,325,A_VAL_325,16.368924713574025,59.0
A,VAL,327,A_VAL_327,17.022980253240412,3.0
A,VAL,331,A_VAL_331,17.42372906888966,30.0
A,VAL,332,A_VAL_332,17.16471167655582,33.0
