chain,resname,resnum,res_key,density,ACC
A,ALA,237,A_ALA_237,12.710791522137058,0.0
A,ALA,238,A_ALA_238,11.751763222363817,0.0
A,ALA,258,A_ALA_258,3.0864502934901648,57.0
A,ARG,222,A_ARG_222,26.97868282519027,9.0
A,ARG,224,A_ARG_224,26.035243733800357,116.0
A,ARG,244,A_ARG_244,18.999514028957577,173.0
A,ARG,252,A_ARG_252,6.89124362424559,82.0
A,ASN,139,A_ASN_139,5.916125333027347,25.0
A,ASN,234,A_ASN_234,12.468725201901792,70.0
A,ASP,166,A_ASP_166,2.9348848593865235,0.0
A,ASP,230,A_ASP_230,22.513130566943783,34.0
A,ASP,247,A_ASP_247,21.298676704602983,32.0
A,CYS,215,A_CYS_215,9.45051423409727,29.0
A,CYS,219,A_CYS_219,9.700796373060673,20.0
A,CYS,223,A_CYS_223,18.15949756459841,0.0
A,CYS,231,A_CYS_231,17.845787503027275,24.0
A,CYS,232,A_CYS_232,17.63447300169701,11.0
A,CYS,236,A_CYS_236,18.396019199649714,7.0
A,CYS,240,A_CYS_240,17.903102405838393,13.0
A,CYS,248,A_CYS_248,18.31140904245653,21.0
A,CYS,251,A_CYS_251,17.27153813191434,8.0
A,CYS,260,A_CYS_260,11.466439516334171,6.0
A,GLN,105,A_GLN_105,14.725759470853674,34.0
A,GLN,141,A_GLN_141,19.40791236381298,10.0
A,GLN,235,A_GLN_235,12.860828039761182,19.0
A,GLU,142,A_GLU_142,5.002622286367374,17.0
A,GLU,245,A_GLU_245,14.15882536550808,69.0
A,GLY,221,A_GLY_221,10.212624685514267,38.0
A,GLY,225,A_GLY_225,10.306330864015358,13.0
A,GLY,239,A_GLY_239,10.359740368457969,0.0
A,GLY,242,A_GLY_242,10.621866227816753,6.0
A,HIS,233,A_HIS_233,24.170490430890982,66.0
A,ILE,214,A_ILE_214,4.1298494640201096,47.0
A,LEU,210,A_LEU_210,9.834634383225827,19.0
A,LEU,249,A_LEU_249,18.201236183197217,67.0
A,LYS,209,A_LYS_209,15.507041011179954,93.0
A,LYS,212,A_LYS_212,6.338360150996182,64.0
A,LYS,226,A_LYS_226,2.462507744003676,159.0
A,PRO,228,A_PRO_228,5.460457783847975,69.0
A,PRO,243,A_PRO_243,15.710938402451898,77.0
A,SER,220,A_SER_220,3.2849455719669978,83.0
A,SER,227,A_SER_227,3.47928133038446,49.0
A,SER,229,A_SER_229,7.451229196442333,76.0
A,SER,246,A_SER_246,15.818994846140114,60.0
A,THR,211,A_THR_211,16.902168981184033,12.0
A,THR,241,A_THR_241,17.716254568957087,97.0
A,VAL,250,A_VAL_250,16.211231905998538,5.0
