chain,resname,resnum,res_key,density,ACC
A,ARG,258,A_ARG_258,25.97045863162042,155.0
A,ASN,250,A_ASN_250,12.3231611715405,42.0
A,ASP,252,A_ASP_252,20.744186902161275,36.0
A,CYS,256,A_CYS_256,18.28712586691745,95.0
A,CYS,301,A_CYS_301,6.135020153037663,20.0
A,GLN,1137,A_GLN_1137,22.589016439857403,176.0
A,GLN,1138,A_GLN_1138,22.78223116454309,67.0
A,GLU,257,A_GLU_257,23.50065154159936,34.0
A,ILE,1139,A_ILE_1139,2.586116807630739,158.0
A,LYS,255,A_LYS_255,19.91042356370446,71.0
A,PHE,251,A_PHE_251,24.59847983102845,85.0
A,PHE,253,A_PHE_253,25.4057338673442,175.0
A,TYR,259,A_TYR_259,28.053504003753016,43.0
A,TYR,302,A_TYR_302,15.904219913818418,151.0
A,VAL,254,A_VAL_254,15.83009141595264,138.0
