chain,resname,resnum,res_key,density,ACC
A,ALA,200,A_ALA_200,12.56278433517858,7.0
A,ARG,197,A_ARG_197,26.65527836681228,69.0
A,ARG,199,A_ARG_199,26.08741367143816,22.0
A,ASP,233,A_ASP_233,21.66527082271004,96.0
A,ASP,280,A_ASP_280,15.228660756375367,66.0
A,ASP,301,A_ASP_301,2.7632736648630885,61.0
A,CYS,196,A_CYS_196,17.65449282665827,0.0
A,CYS,228,A_CYS_228,18.12992416342025,0.0
A,GLN,121,A_GLN_121,8.665216868649082,8.0
A,GLN,220,A_GLN_220,5.778092308092953,1.0
A,GLU,231,A_GLU_231,23.361240446756373,79.0
A,GLU,279,A_GLU_279,10.66124299061138,9.0
A,GLU,366,A_GLU_366,5.444410019444916,99.0
A,GLU,367,A_GLU_367,19.997856440377152,39.0
A,GLY,198,A_GLY_198,9.759954841238086,6.0
A,GLY,234,A_GLY_234,10.452749931822382,18.0
A,GLY,236,A_GLY_236,2.7167088669414032,0.0
A,HIS,225,A_HIS_225,24.2981524906948,42.0
A,HIS,229,A_HIS_229,24.72294737152241,83.0
A,ILE,224,A_ILE_224,18.593521844446407,0.0
A,LEU,122,A_LEU_122,5.864809785101823,32.0
A,LEU,195,A_LEU_195,16.0738122396761,2.0
A,LEU,221,A_LEU_221,15.018150975976328,0.0
A,LEU,368,A_LEU_368,2.674792616937302,5.0
A,LYS,226,A_LYS_226,19.22208832529584,144.0
A,LYS,227,A_LYS_227,21.251044626477693,51.0
A,MET,278,A_MET_278,21.472971551226134,2.0
A,PHE,201,A_PHE_201,22.04795959668044,0.0
A,PRO,232,A_PRO_232,16.56853158324663,113.0
A,PRO,235,A_PRO_235,6.190643888943283,47.0
A,PRO,365,A_PRO_365,6.592790122135002,6.0
A,SER,230,A_SER_230,15.025394712857208,91.0
A,SER,277,A_SER_277,2.1426167018273627,0.0
A,THR,222,A_THR_222,14.763809748661332,35.0
A,THR,303,A_THR_303,11.622136068178095,13.0
A,TYR,223,A_TYR_223,28.26668313870115,79.0
A,VAL,194,A_VAL_194,12.938165786975384,0.0
A,VAL,304,A_VAL_304,9.879780947140077,4.0
