chain,resname,resnum,res_key,density,ACC
A,ARG,12,A_ARG_12,16.507464924277386,181.0
A,CYS,10,A_CYS_10,12.051909396827382,81.0
A,CYS,15,A_CYS_15,18.34400047863687,77.0
A,CYS,17,A_CYS_17,17.78793191590735,79.0
A,GLN,14,A_GLN_14,22.718236322207492,133.0
A,HIS,24,A_HIS_24,20.66376284319156,129.0
A,LEU,11,A_LEU_11,12.479425929653972,120.0
A,LEU,16,A_LEU_16,18.70502555575639,100.0
A,LEU,18,A_LEU_18,18.43926770972799,116.0
A,LEU,21,A_LEU_21,18.366832517398247,107.0
A,LEU,22,A_LEU_22,18.498998395357063,111.0
A,LEU,23,A_LEU_23,18.36006396850249,117.0
A,LEU,25,A_LEU_25,8.480720580382105,108.0
A,LYS,13,A_LYS_13,20.720579931390212,144.0
A,PHE,9,A_PHE_9,5.570619874882495,140.0
A,PHE,20,A_PHE_20,25.696281831680896,139.0
A,THR,19,A_THR_19,18.160625622932443,66.0
