chain,resname,resnum,res_key,density,ACC
A,ALA,77,A_ALA_77,12.252362194017916,7.0
A,ALA,78,A_ALA_78,6.338827129653919,11.0
A,ASP,165,A_ASP_165,10.175902371732434,48.0
A,CYS,98,A_CYS_98,18.244342122504065,0.0
A,CYS,100,A_CYS_100,17.971440446242426,50.0
A,CYS,157,A_CYS_157,15.02832580294077,0.0
A,CYS,179,A_CYS_179,11.490192694315263,33.0
A,GLN,105,A_GLN_105,22.31841073624948,43.0
A,GLY,94,A_GLY_94,10.564295731512743,34.0
A,GLY,97,A_GLY_97,10.280928969535315,12.0
A,GLY,108,A_GLY_108,2.848952465645205,0.0
A,GLY,180,A_GLY_180,3.5599846446391163,15.0
A,ILE,101,A_ILE_101,18.801259567628016,26.0
A,LEU,99,A_LEU_99,19.26733615862957,20.0
A,LEU,104,A_LEU_104,18.382197634856503,70.0
A,LEU,107,A_LEU_107,15.857558322478964,9.0
A,LEU,159,A_LEU_159,8.791960170880039,41.0
A,LEU,163,A_LEU_163,5.51913964917893,20.0
A,LEU,164,A_LEU_164,19.033153789816215,6.0
A,LEU,166,A_LEU_166,3.576437828694155,48.0
A,MET,73,A_MET_73,18.335863458357046,35.0
A,MET,158,A_MET_158,21.48481753302704,71.0
A,PHE,161,A_PHE_161,25.03958992235058,66.0
A,PHE,162,A_PHE_162,4.827167556159135,166.0
A,PRO,81,A_PRO_81,10.30063364010854,15.0
A,SER,154,A_SER_154,3.243737540691837,32.0
A,THR,102,A_THR_102,18.24929897222312,11.0
A,TRP,91,A_TRP_91,19.143869635557245,38.0
A,TRP,160,A_TRP_160,25.914805540753598,1.0
A,TYR,93,A_TYR_93,28.20644743106912,89.0
A,TYR,95,A_TYR_95,27.10589588124728,111.0
A,TYR,103,A_TYR_103,27.7333573938583,27.0
A,TYR,106,A_TYR_106,23.82311244502965,4.0
A,VAL,76,A_VAL_76,11.889145335708871,78.0
A,VAL,92,A_VAL_92,2.8195443677192658,71.0
A,VAL,96,A_VAL_96,17.005804860880506,105.0
