chain,resname,resnum,res_key,density,ACC
A,ASN,333,A_ASN_333,21.15073220051049,30.0
A,ASN,336,A_ASN_336,2.87096579227625,103.0
A,ASN,358,A_ASN_358,19.269808679698045,81.0
A,ASN,374,A_ASN_374,21.09088955273851,48.0
A,ASN,393,A_ASN_393,21.622640863625385,78.0
A,ASN,411,A_ASN_411,10.574150829135958,37.0
A,ASP,373,A_ASP_373,20.848260370080155,31.0
A,ASP,396,A_ASP_396,22.15360078454625,67.0
A,ASP,414,A_ASP_414,22.301975689886877,56.0
A,CYS,356,A_CYS_356,17.89795223699472,0.0
A,CYS,375,A_CYS_375,17.0987146654518,0.0
A,CYS,416,A_CYS_416,12.505245487823156,0.0
A,GLN,334,A_GLN_334,16.75654850176653,17.0
A,GLU,332,A_GLU_332,17.20306647374298,20.0
A,GLU,335,A_GLU_335,16.58351115826609,86.0
A,GLU,390,A_GLU_390,8.248790989052875,56.0
A,GLY,379,A_GLY_379,9.357331297793824,16.0
A,GLY,415,A_GLY_415,10.779561646560229,7.0
A,ILE,353,A_ILE_353,17.90040811386827,1.0
A,ILE,370,A_ILE_370,4.880842063506528,0.0
A,ILE,391,A_ILE_391,18.28491500414414,0.0
A,ILE,392,A_ILE_392,18.182800291422744,42.0
A,ILE,410,A_ILE_410,1.681911083230201,3.0
A,LEU,340,A_LEU_340,1.7247292880508949,21.0
A,LEU,361,A_LEU_361,10.20540362400287,0.0
A,LEU,378,A_LEU_378,18.44738529244072,3.0
A,LEU,380,A_LEU_380,14.817142557449452,1.0
A,LYS,355,A_LYS_355,19.719594879184164,62.0
A,LYS,376,A_LYS_376,21.9384082433998,101.0
A,LYS,377,A_LYS_377,17.996579302614947,124.0
A,LYS,395,A_LYS_395,22.420106978678263,102.0
A,LYS,398,A_LYS_398,13.91567547128839,97.0
A,LYS,412,A_LYS_412,12.607605086842351,127.0
A,SER,394,A_SER_394,15.841604433448763,1.0
A,THR,359,A_THR_359,17.1730588580728,2.0
A,THR,360,A_THR_360,9.746981208196551,58.0
A,THR,371,A_THR_371,14.79398389631072,28.0
A,THR,413,A_THR_413,17.096454437688216,0.0
A,TYR,352,A_TYR_352,28.24306696968013,47.0
A,TYR,354,A_TYR_354,27.810066065310885,56.0
A,VAL,331,A_VAL_331,15.849368202615748,0.0
A,VAL,337,A_VAL_337,3.278835491432629,35.0
A,VAL,357,A_VAL_357,15.926901809421649,53.0
A,VAL,372,A_VAL_372,16.583044086135658,0.0
A,VAL,389,A_VAL_389,1.7878167928664763,0.0
A,VAL,397,A_VAL_397,15.270459708091783,0.0
A,VAL,399,A_VAL_399,8.191935874771929,1.0
