chain,resname,resnum,res_key,density,ACC
A,ALA,60,A_ALA_60,13.03433620024336,9.0
A,ARG,57,A_ARG_57,22.001088441166317,197.0
A,ARG,68,A_ARG_68,12.770151133887618,178.0
A,CYS,59,A_CYS_59,18.15810589249494,19.0
A,CYS,63,A_CYS_63,17.730680268450598,43.0
A,CYS,69,A_CYS_69,18.591369259982432,10.0
A,GLU,45,A_GLU_45,10.562145786413575,40.0
A,GLU,52,A_GLU_52,12.647576982936288,88.0
A,GLU,55,A_GLU_55,22.986629557392035,87.0
A,GLY,36,A_GLY_36,5.597837540481626,58.0
A,GLY,37,A_GLY_37,7.475864507504621,32.0
A,HIS,65,A_HIS_65,21.976504683417136,61.0
A,HIS,71,A_HIS_71,18.27392581941877,60.0
A,LEU,39,A_LEU_39,1.7085344077821667,78.0
A,LEU,44,A_LEU_44,19.178550867127072,2.0
A,LEU,51,A_LEU_51,18.512188075355485,35.0
A,LEU,53,A_LEU_53,16.581130575974115,50.0
A,LEU,56,A_LEU_56,17.940689334223517,4.0
A,LEU,61,A_LEU_61,18.478590147410355,143.0
A,LEU,70,A_LEU_70,17.853139938302803,1.0
A,LEU,82,A_LEU_82,1.9458384703360456,0.0
A,LYS,64,A_LYS_64,12.708299501059493,170.0
A,PHE,48,A_PHE_48,24.932996066411977,3.0
A,SER,49,A_SER_49,7.486962999974817,7.0
A,SER,54,A_SER_54,15.755160129629491,82.0
A,SER,58,A_SER_58,16.37289742372575,74.0
A,TRP,66,A_TRP_66,32.699822737167366,52.0
A,TRP,79,A_TRP_79,14.540150922615393,13.0
A,TYR,50,A_TYR_50,8.845402743485744,168.0
A,TYR,67,A_TYR_67,28.60588713900271,125.0
A,VAL,43,A_VAL_43,3.211428685310728,64.0
A,VAL,47,A_VAL_47,16.709963095942108,75.0
A,VAL,62,A_VAL_62,16.52535590465168,92.0
A,VAL,78,A_VAL_78,7.969833371791179,0.0
