chain,resname,resnum,res_key,density,ACC
A,ALA,537,A_ALA_537,12.074118225338298,43.0
A,ALA,540,A_ALA_540,12.272275897978176,41.0
A,ALA,561,A_ALA_561,12.073165271736444,11.0
A,ARG,584,A_ARG_584,1.98255858730233,89.0
A,ASN,539,A_ASN_539,20.262484756896324,81.0
A,ASN,560,A_ASN_560,21.61534265890132,90.0
A,ASP,563,A_ASP_563,21.42282168375408,91.0
A,ASP,564,A_ASP_564,17.848485467216797,71.0
A,ASP,569,A_ASP_569,2.287884925110894,38.0
A,ASP,575,A_ASP_575,21.779588829302146,97.0
A,CYS,542,A_CYS_542,16.93926122540028,0.0
A,CYS,567,A_CYS_567,17.07564149371955,13.0
A,CYS,573,A_CYS_573,17.66409554486685,0.0
A,CYS,578,A_CYS_578,17.310528631349317,43.0
A,GLN,535,A_GLN_535,10.11873247495821,67.0
A,GLU,536,A_GLU_536,7.744656445709031,131.0
A,GLU,562,A_GLU_562,23.78790746102686,164.0
A,GLY,544,A_GLY_544,10.06403250626444,11.0
A,GLY,559,A_GLY_559,10.847720822184352,44.0
A,GLY,571,A_GLY_571,10.577462698074331,0.0
A,GLY,576,A_GLY_576,10.18118524837842,9.0
A,ILE,538,A_ILE_538,18.86831040969227,75.0
A,ILE,579,A_ILE_579,18.14716397719401,43.0
A,LEU,568,A_LEU_568,18.76508259370244,62.0
A,LEU,570,A_LEU_570,2.521008832308691,72.0
A,LYS,543,A_LYS_543,21.005374239888077,74.0
A,LYS,572,A_LYS_572,17.002794204947584,48.0
A,LYS,574,A_LYS_574,15.883933343168858,87.0
A,LYS,577,A_LYS_577,19.775582667507024,156.0
A,PRO,557,A_PRO_557,5.426875498796405,120.0
A,PRO,558,A_PRO_558,17.140398761067814,20.0
A,PRO,580,A_PRO_580,6.252955370028896,49.0
A,SER,546,A_SER_546,2.515403163690342,6.0
A,THR,541,A_THR_541,17.565744208479188,74.0
A,THR,565,A_THR_565,17.4248233856069,29.0
A,VAL,545,A_VAL_545,13.94223328693494,44.0
A,VAL,566,A_VAL_566,16.18992168595578,88.0
