chain,resname,resnum,res_key,density,ACC
A,ALA,129,A_ALA_129,9.584474114638455,1.0
A,ARG,50,A_ARG_50,9.887077633774112,62.0
A,ARG,60,A_ARG_60,5.555309111045768,153.0
A,ARG,83,A_ARG_83,27.395379999135848,16.0
A,ARG,117,A_ARG_117,14.265031422200588,79.0
A,ARG,137,A_ARG_137,24.27185123726864,90.0
A,ARG,236,A_ARG_236,17.429644105759664,51.0
A,ASN,84,A_ASN_84,20.48534724915917,1.0
A,ASN,109,A_ASN_109,5.739922090990182,142.0
A,ASN,112,A_ASN_112,21.181238189307884,81.0
A,ASN,244,A_ASN_244,21.137028802891376,1.0
A,ASP,132,A_ASP_132,21.511711539048378,34.0
A,CYS,114,A_CYS_114,17.841818645313694,23.0
A,CYS,133,A_CYS_133,17.9730121431862,30.0
A,GLN,65,A_GLN_65,10.06700734008433,137.0
A,GLN,111,A_GLN_111,12.664128251843945,99.0
A,GLU,82,A_GLU_82,12.869204672455515,67.0
A,GLU,237,A_GLU_237,23.75747777732657,43.0
A,GLU,238,A_GLU_238,10.327307094614598,47.0
A,GLY,135,A_GLY_135,9.928550359975524,16.0
A,GLY,138,A_GLY_138,4.882591593461961,0.0
A,HIS,113,A_HIS_113,23.76233424878004,14.0
A,HIS,115,A_HIS_115,22.649119175560624,3.0
A,ILE,110,A_ILE_110,18.00381976461062,25.0
A,ILE,240,A_ILE_240,18.570464669937085,2.0
A,LEU,81,A_LEU_81,15.210506536454124,5.0
A,LEU,87,A_LEU_87,14.525650983061604,0.0
A,LEU,88,A_LEU_88,15.896946359744309,7.0
A,LEU,130,A_LEU_130,17.98671146371897,0.0
A,LEU,136,A_LEU_136,18.34821537094767,0.0
A,LEU,241,A_LEU_241,18.85700051956851,6.0
A,LEU,242,A_LEU_242,2.5529402398774,1.0
A,LYS,64,A_LYS_64,14.703007908518622,138.0
A,LYS,85,A_LYS_85,14.533643781159562,60.0
A,MET,239,A_MET_239,2.876774788093336,0.0
A,PHE,134,A_PHE_134,25.001737109671616,152.0
A,PHE,158,A_PHE_158,4.270406282243554,93.0
A,PRO,61,A_PRO_61,16.452631133901818,98.0
A,PRO,151,A_PRO_151,1.5765573174636291,23.0
A,SER,63,A_SER_63,15.58238633882771,23.0
A,SER,131,A_SER_131,16.003753715924603,9.0
A,THR,233,A_THR_233,5.171892205840127,69.0
A,TYR,62,A_TYR_62,29.39252158206084,131.0
A,TYR,68,A_TYR_68,11.630445092784097,10.0
A,TYR,116,A_TYR_116,28.032788929998212,1.0
A,TYR,245,A_TYR_245,10.280034309618864,1.0
A,VAL,66,A_VAL_66,11.132268868778947,6.0
