chain,resname,resnum,res_key,density,ACC
A,ASN,29,A_ASN_29,20.44745755190286,81.0
A,ASN,33,A_ASN_33,8.151588476859018,78.0
A,ASN,58,A_ASN_58,21.14273142337945,61.0
A,ASP,24,A_ASP_24,21.497420336270174,121.0
A,ASP,27,A_ASP_27,21.30713401467816,130.0
A,ASP,56,A_ASP_56,3.3519466582026824,49.0
A,CYS,26,A_CYS_26,17.584508162733922,29.0
A,CYS,31,A_CYS_31,18.173744980686227,10.0
A,CYS,37,A_CYS_37,17.63104923004167,19.0
A,CYS,48,A_CYS_48,17.066859882211038,18.0
A,CYS,50,A_CYS_50,17.808097784490673,41.0
A,CYS,59,A_CYS_59,15.494444456828292,0.0
A,GLU,32,A_GLU_32,14.998008845624833,116.0
A,GLU,49,A_GLU_49,23.493379443903628,123.0
A,GLY,34,A_GLY_34,10.437481473214165,64.0
A,GLY,35,A_GLY_35,10.2674113673492,2.0
A,GLY,40,A_GLY_40,10.709421361366129,32.0
A,GLY,44,A_GLY_44,5.65664116481501,56.0
A,ILE,25,A_ILE_25,18.08104518811289,61.0
A,ILE,36,A_ILE_36,17.35262294992794,103.0
A,LEU,38,A_LEU_38,17.712033133157426,82.0
A,LEU,41,A_LEU_41,2.5375507345613286,196.0
A,PHE,46,A_PHE_46,25.197128653269747,72.0
A,PRO,28,A_PRO_28,15.830153660014654,112.0
A,PRO,30,A_PRO_30,16.686307013334954,35.0
A,PRO,39,A_PRO_39,16.61122595934629,96.0
A,PRO,51,A_PRO_51,6.112451871274306,53.0
A,PRO,57,A_PRO_57,12.389382977022718,106.0
A,SER,45,A_SER_45,15.882134603604223,43.0
A,SER,47,A_SER_47,16.33057767529411,71.0
