chain,resname,resnum,res_key,density,ACC
A,ARG,73,A_ARG_73,14.579886830595443,166.0
A,ARG,92,A_ARG_92,12.348369593900353,164.0
A,ASN,108,A_ASN_108,20.83701813216813,14.0
A,ASP,90,A_ASP_90,5.868399341556361,73.0
A,ASP,93,A_ASP_93,20.798697512234927,35.0
A,ASP,109,A_ASP_109,19.644515692993984,107.0
A,CYS,81,A_CYS_81,17.39674844489409,0.0
A,CYS,94,A_CYS_94,18.48709002333085,1.0
A,CYS,97,A_CYS_97,11.4862779469512,8.0
A,CYS,113,A_CYS_113,15.159179506455022,14.0
A,GLU,78,A_GLU_78,20.78834387075343,196.0
A,GLU,89,A_GLU_89,2.2821192814938027,179.0
A,GLY,79,A_GLY_79,10.036658882273208,42.0
A,GLY,84,A_GLY_84,10.61020903686202,0.0
A,GLY,91,A_GLY_91,10.272642798720335,35.0
A,HIS,85,A_HIS_85,23.694087054942077,36.0
A,HIS,86,A_HIS_86,23.19219865816054,28.0
A,HIS,106,A_HIS_106,19.069054972782325,62.0
A,HIS,378,A_HIS_378,12.946509062204573,47.0
A,ILE,87,A_ILE_87,18.161221353925527,17.0
A,ILE,95,A_ILE_95,17.984248444582438,46.0
A,LEU,80,A_LEU_80,17.94724830788064,65.0
A,LEU,110,A_LEU_110,18.2109005579388,60.0
A,LEU,111,A_LEU_111,16.419166922841434,92.0
A,LEU,114,A_LEU_114,2.528628186888616,82.0
A,LYS,72,A_LYS_72,6.227959553772534,185.0
A,PHE,112,A_PHE_112,10.159018270467453,146.0
A,PHE,351,A_PHE_351,3.837961295586593,60.0
A,PRO,76,A_PRO_76,15.168117588462207,28.0
A,PRO,82,A_PRO_82,16.407922750510096,32.0
A,PRO,83,A_PRO_83,15.98001642458326,42.0
A,SER,74,A_SER_74,15.093159260152182,44.0
A,SER,75,A_SER_75,15.06148484745249,92.0
A,SER,77,A_SER_77,15.437238194578503,66.0
A,SER,88,A_SER_88,16.81280262122637,10.0
A,SER,96,A_SER_96,15.275721071508304,42.0
A,SER,104,A_SER_104,15.375180103882975,2.0
A,THR,105,A_THR_105,12.515767609093649,64.0
A,THR,131,A_THR_131,7.562943540764578,35.0
A,THR,132,A_THR_132,5.997130462380669,65.0
A,TRP,107,A_TRP_107,32.27065092106875,94.0
A,TYR,103,A_TYR_103,7.970410705898589,33.0
