chain,resname,resnum,res_key,density,ACC
A,ALA,259,A_ALA_259,12.162386236042831,21.0
A,ALA,260,A_ALA_260,12.152925674834837,1.0
A,ALA,308,A_ALA_308,12.572689706878466,39.0
A,ASN,212,A_ASN_212,6.712109517453904,110.0
A,ASN,237,A_ASN_237,14.937969475467671,84.0
A,ASP,232,A_ASP_232,20.28330566718356,143.0
A,CYS,230,A_CYS_230,17.25653812585317,22.0
A,CYS,257,A_CYS_257,17.909418794780144,15.0
A,GLN,207,A_GLN_207,15.06394053722776,167.0
A,GLN,235,A_GLN_235,22.128753543001626,110.0
A,GLN,256,A_GLN_256,14.093154321081665,116.0
A,GLY,233,A_GLY_233,10.009543545342837,2.0
A,GLY,238,A_GLY_238,10.38219712348958,51.0
A,GLY,310,A_GLY_310,2.4197132198508253,11.0
A,HIS,208,A_HIS_208,23.633173789831723,73.0
A,HIS,229,A_HIS_229,23.18019895204407,88.0
A,HIS,284,A_HIS_284,12.647319182510088,55.0
A,LEU,205,A_LEU_205,14.806190340948218,72.0
A,LEU,210,A_LEU_210,17.930213995437644,77.0
A,LEU,258,A_LEU_258,18.303248029748605,82.0
A,LYS,241,A_LYS_241,2.681524605753146,138.0
A,MET,211,A_MET_211,14.987935125005803,57.0
A,PHE,228,A_PHE_228,24.80079123369667,13.0
A,PRO,206,A_PRO_206,15.491951499098176,49.0
A,PRO,239,A_PRO_239,8.065398840318254,35.0
A,PRO,254,A_PRO_254,10.337381520141978,28.0
A,PRO,255,A_PRO_255,16.005683104661507,3.0
A,SER,227,A_SER_227,16.280557814521508,42.0
A,SER,240,A_SER_240,15.910073057640698,75.0
A,SER,309,A_SER_309,12.268338656280823,76.0
A,THR,231,A_THR_231,18.167156780984712,49.0
A,TYR,234,A_TYR_234,27.628249534771317,77.0
A,VAL,209,A_VAL_209,15.73860801189714,10.0
A,VAL,236,A_VAL_236,16.88106830887563,55.0
