chain,resname,resnum,res_key,density,ACC
A,ALA,508,A_ALA_508,11.836784976677674,79.0
A,ARG,451,A_ARG_451,5.160452910032124,58.0
A,ARG,521,A_ARG_521,14.49803224722518,81.0
A,ARG,527,A_ARG_527,26.21534323848692,178.0
A,ARG,533,A_ARG_533,5.319221479404872,164.0
A,ASN,476,A_ASN_476,4.204002248192257,63.0
A,ASN,528,A_ASN_528,21.266512808706143,87.0
A,ASP,522,A_ASP_522,21.338441528986078,9.0
A,ASP,537,A_ASP_537,12.337963449660409,97.0
A,CYS,506,A_CYS_506,17.67168207298127,35.0
A,CYS,510,A_CYS_510,17.950078364472347,13.0
A,CYS,515,A_CYS_515,16.912894687949837,0.0
A,CYS,523,A_CYS_523,18.40888152728425,14.0
A,CYS,526,A_CYS_526,18.002608330682797,38.0
A,CYS,535,A_CYS_535,17.11604047512686,5.0
A,GLU,513,A_GLU_513,22.722475999002484,41.0
A,GLU,519,A_GLU_519,14.238918522845823,81.0
A,GLU,534,A_GLU_534,20.67507971477255,68.0
A,GLY,514,A_GLY_514,10.253040417211851,4.0
A,GLY,517,A_GLY_517,10.392332211877712,0.0
A,HIS,507,A_HIS_507,23.055008189204973,71.0
A,ILE,475,A_ILE_475,13.620650818734164,11.0
A,LEU,509,A_LEU_509,18.043178090813036,36.0
A,PRO,512,A_PRO_512,15.19026717770683,132.0
A,PRO,518,A_PRO_518,15.595020303917998,53.0
A,PRO,520,A_PRO_520,15.124706976983532,19.0
A,SER,511,A_SER_511,16.548828097680566,18.0
A,SER,525,A_SER_525,14.825603002914857,51.0
A,SER,530,A_SER_530,9.621130384894382,18.0
A,THR,474,A_THR_474,17.125339319814017,50.0
A,TRP,516,A_TRP_516,22.84241323404022,2.0
A,TYR,471,A_TYR_471,13.472106036278468,10.0
A,VAL,505,A_VAL_505,16.305755445939536,68.0
A,VAL,524,A_VAL_524,16.55379530712196,56.0
A,VAL,529,A_VAL_529,13.9566797097335,20.0
A,VAL,536,A_VAL_536,16.10080507343175,16.0
