chain,resname,resnum,res_key,density,ACC
A,ALA,235,A_ALA_235,12.241679313361884,25.0
A,ALA,251,A_ALA_251,10.928940446133485,49.0
A,ARG,250,A_ARG_250,24.75668260467989,90.0
A,ARG,255,A_ARG_255,25.78340114476848,98.0
A,ASP,241,A_ASP_241,21.304072241878508,6.0
A,CYS,217,A_CYS_217,6.908877537525696,2.0
A,CYS,229,A_CYS_229,17.551198941113253,1.0
A,CYS,232,A_CYS_232,18.08332835682485,27.0
A,CYS,237,A_CYS_237,11.194556744112608,9.0
A,CYS,240,A_CYS_240,9.747903639781171,17.0
A,GLN,234,A_GLN_234,22.03086059730793,56.0
A,GLN,256,A_GLN_256,22.621403485828207,98.0
A,GLY,225,A_GLY_225,7.425245003524651,0.0
A,GLY,246,A_GLY_246,2.644620078599361,57.0
A,HIS,228,A_HIS_228,24.20552573601002,57.0
A,HIS,242,A_HIS_242,4.497122635208873,144.0
A,HIS,245,A_HIS_245,23.389260379824275,5.0
A,HIS,252,A_HIS_252,23.92406189289189,139.0
A,HIS,253,A_HIS_253,24.31689836547448,30.0
A,LEU,219,A_LEU_219,8.576184246646736,81.0
A,LEU,227,A_LEU_227,17.413779181289012,29.0
A,LEU,236,A_LEU_236,17.12035271086573,2.0
A,LEU,254,A_LEU_254,17.87853224244656,119.0
A,LEU,258,A_LEU_258,12.358721650358614,71.0
A,LYS,233,A_LYS_233,20.814006312401787,168.0
A,PHE,218,A_PHE_218,22.37683501407905,121.0
A,PHE,244,A_PHE_244,25.598524473092272,52.0
A,PRO,230,A_PRO_230,15.738947519674726,51.0
A,PRO,238,A_PRO_238,2.4325810129797287,70.0
A,SER,231,A_SER_231,14.583614355525205,77.0
A,SER,249,A_SER_249,5.758002813245506,61.0
A,THR,226,A_THR_226,15.530482959143688,38.0
A,THR,257,A_THR_257,16.965433273237515,107.0
