chain,resname,resnum,res_key,density,ACC
A,ALA,18,A_ALA_18,12.551275584557054,80.0
A,CYS,16,A_CYS_16,17.441949762384677,94.0
A,GLN,19,A_GLN_19,22.389171016695187,152.0
A,GLY,9,A_GLY_9,7.39695065432914,40.0
A,LEU,8,A_LEU_8,2.851406713101834,134.0
A,LEU,10,A_LEU_10,10.25161971378532,122.0
A,LEU,11,A_LEU_11,16.147333404598708,117.0
A,LEU,12,A_LEU_12,17.378748997847957,120.0
A,LEU,13,A_LEU_13,17.16948408134619,138.0
A,LEU,14,A_LEU_14,17.841901944211955,142.0
A,LEU,15,A_LEU_15,17.427593269395615,128.0
A,PHE,21,A_PHE_21,4.548264550123097,86.0
A,PRO,17,A_PRO_17,16.049462092927953,106.0
A,VAL,20,A_VAL_20,15.019134232329655,127.0
