chain,resname,resnum,res_key,density,ACC
A,ALA,191,A_ALA_191,6.038894028592582,47.0
A,ALA,201,A_ALA_201,2.0379877053539714,4.0
A,ALA,474,A_ALA_474,12.494361976803669,0.0
A,ARG,248,A_ARG_248,23.68066099247272,0.0
A,ASN,194,A_ASN_194,18.353290109990887,155.0
A,ASP,200,A_ASP_200,11.120099134619617,70.0
A,CYS,264,A_CYS_264,17.6289111878679,57.0
A,GLN,466,A_GLN_466,12.64366241382759,130.0
A,GLN,467,A_GLN_467,20.24554316138653,7.0
A,GLN,469,A_GLN_469,22.825081944098653,121.0
A,GLU,199,A_GLU_199,2.847765370727672,101.0
A,GLU,261,A_GLU_261,22.98875118951332,33.0
A,GLU,465,A_GLU_465,20.3597824891745,125.0
A,GLU,472,A_GLU_472,9.8132914283932,58.0
A,GLY,197,A_GLY_197,9.8221830961793,1.0
A,GLY,470,A_GLY_470,9.930203130374949,25.0
A,ILE,464,A_ILE_464,6.161654142132271,2.0
A,LEU,198,A_LEU_198,9.919139502588376,2.0
A,LEU,246,A_LEU_246,7.909193066679261,0.0
A,LEU,247,A_LEU_247,5.493911587245287,64.0
A,LYS,193,A_LYS_193,14.685476623986691,89.0
A,LYS,260,A_LYS_260,13.83646961941905,18.0
A,LYS,471,A_LYS_471,7.1422303123394855,159.0
A,PHE,267,A_PHE_267,25.507432033029428,6.0
A,PHE,468,A_PHE_468,24.491379048413307,34.0
A,PRO,268,A_PRO_268,2.168271495624905,32.0
A,SER,196,A_SER_196,16.516921118127904,71.0
A,SER,263,A_SER_263,14.957173026745815,42.0
A,SER,473,A_SER_473,16.00882320552423,0.0
A,THR,262,A_THR_262,17.1894782039476,62.0
A,THR,266,A_THR_266,17.764257688895878,62.0
A,TYR,265,A_TYR_265,28.50990746867359,0.0
A,TYR,475,A_TYR_475,2.437769010611676,2.0
A,VAL,192,A_VAL_192,16.52359675735259,0.0
A,VAL,195,A_VAL_195,15.39892635324694,24.0
