chain,resname,resnum,res_key,density,ACC
A,ARG,358,A_ARG_358,5.907894874750484,141.0
A,ARG,363,A_ARG_363,2.38205371973141,66.0
A,ARG,387,A_ARG_387,7.416828858217485,74.0
A,ASN,22,A_ASN_22,19.80417501945909,163.0
A,ASN,359,A_ASN_359,21.11251576856301,114.0
A,ASP,18,A_ASP_18,9.535042422394532,126.0
A,CYS,20,A_CYS_20,17.027730314529116,39.0
A,CYS,23,A_CYS_23,18.57277695038045,74.0
A,GLU,21,A_GLU_21,23.16428189687084,187.0
A,GLU,356,A_GLU_356,3.2144999812469903,39.0
A,HIS,24,A_HIS_24,24.287096581321155,153.0
A,ILE,17,A_ILE_17,1.9451714520067465,120.0
A,ILE,27,A_ILE_27,18.81115009566909,97.0
A,ILE,361,A_ILE_361,8.80954869535943,31.0
A,ILE,419,A_ILE_419,8.765183111102441,33.0
A,PHE,417,A_PHE_417,10.751166441233297,34.0
A,PRO,26,A_PRO_26,15.940089198755558,74.0
A,THR,416,A_THR_416,1.8899337357761332,68.0
A,THR,418,A_THR_418,15.072979113355474,48.0
A,TYR,25,A_TYR_25,28.139954152652663,140.0
A,TYR,360,A_TYR_360,10.457253421723616,16.0
A,VAL,19,A_VAL_19,16.462459817145195,76.0
A,VAL,28,A_VAL_28,2.6967693451315684,119.0
