chain,resname,resnum,res_key,density,ACC
A,ASN,212,A_ASN_212,20.75365769203177,110.0
A,ASN,219,A_ASN_219,16.21672325981677,123.0
A,ASN,223,A_ASN_223,13.012711174552376,68.0
A,ASN,252,A_ASN_252,14.873503298130936,95.0
A,CYS,200,A_CYS_200,17.68517842857044,21.0
A,CYS,213,A_CYS_213,17.597647358432866,34.0
A,CYS,226,A_CYS_226,17.119837521100198,1.0
A,CYS,244,A_CYS_244,18.233486562328277,0.0
A,GLN,225,A_GLN_225,22.2362624051755,95.0
A,GLU,202,A_GLU_202,17.223312086754238,156.0
A,GLU,204,A_GLU_204,8.694584771728978,184.0
A,GLU,243,A_GLU_243,22.806707105145,65.0
A,GLY,201,A_GLY_201,11.232337976985129,39.0
A,GLY,218,A_GLY_218,5.352115268121736,28.0
A,GLY,238,A_GLY_238,5.91024017296296,51.0
A,HIS,215,A_HIS_215,23.90582389236992,54.0
A,HIS,229,A_HIS_229,23.18019895204407,88.0
A,ILE,249,A_ILE_249,5.54614539754963,106.0
A,LEU,203,A_LEU_203,17.492047376648333,20.0
A,LEU,205,A_LEU_205,12.08461118410649,72.0
A,LEU,210,A_LEU_210,12.253212751592237,77.0
A,LEU,242,A_LEU_242,17.33587527379799,3.0
A,LEU,245,A_LEU_245,8.643985788395915,73.0
A,LYS,241,A_LYS_241,20.370854958546907,138.0
A,LYS,253,A_LYS_253,12.11499547091211,165.0
A,MET,211,A_MET_211,21.80513481623415,57.0
A,PHE,220,A_PHE_220,25.769475873189077,31.0
A,PHE,222,A_PHE_222,11.031881584274917,29.0
A,PHE,228,A_PHE_228,24.80079123369667,13.0
A,PRO,216,A_PRO_216,10.410691342559849,79.0
A,PRO,239,A_PRO_239,15.777646060925488,35.0
A,PRO,254,A_PRO_254,16.435619889453232,28.0
A,PRO,255,A_PRO_255,16.005683104661507,3.0
A,SER,214,A_SER_214,14.841385396041913,77.0
A,SER,221,A_SER_221,11.47358360043828,3.0
A,SER,224,A_SER_224,16.2631960826953,0.0
A,SER,227,A_SER_227,16.280557814521508,42.0
A,SER,240,A_SER_240,15.910073057640698,75.0
A,THR,251,A_THR_251,18.15641578165049,70.0
A,TRP,250,A_TRP_250,31.430491176912795,28.0
A,VAL,209,A_VAL_209,13.098934617271423,10.0
A,VAL,236,A_VAL_236,3.897701430580709,55.0
