chain,resname,resnum,res_key,density,ACC
A,ARG,236,A_ARG_236,26.163789834537106,86.0
A,ARG,238,A_ARG_238,26.56615277009048,114.0
A,ARG,244,A_ARG_244,2.63211536262264,154.0
A,ASN,228,A_ASN_228,17.909890369852018,58.0
A,ASN,249,A_ASN_249,20.27181826895099,45.0
A,ASN,250,A_ASN_250,21.77236977073747,83.0
A,ASP,211,A_ASP_211,2.9556734060002707,57.0
A,ASP,221,A_ASP_221,22.096685218376138,61.0
A,ASP,253,A_ASP_253,20.75240818365772,125.0
A,CYS,213,A_CYS_213,17.78722358114106,33.0
A,CYS,220,A_CYS_220,17.85510626868719,18.0
A,CYS,226,A_CYS_226,17.131672240122544,22.0
A,CYS,235,A_CYS_235,17.659596156965712,0.0
A,CYS,237,A_CYS_237,17.880118972553337,12.0
A,CYS,256,A_CYS_256,17.75435316274356,9.0
A,GLN,217,A_GLN_217,5.865948658599098,137.0
A,GLN,219,A_GLN_219,20.0458665586699,165.0
A,GLN,251,A_GLN_251,22.302487852636524,97.0
A,GLU,212,A_GLU_212,23.978582973272307,13.0
A,HIS,218,A_HIS_218,23.834000937670115,68.0
A,ILE,247,A_ILE_247,14.966318744157086,50.0
A,LYS,242,A_LYS_242,6.062754103261679,82.0
A,LYS,252,A_LYS_252,20.437421122802093,86.0
A,PHE,227,A_PHE_227,24.956494338697983,98.0
A,PRO,239,A_PRO_239,4.542471215770134,94.0
A,PRO,243,A_PRO_243,12.856265405825384,45.0
A,PRO,248,A_PRO_248,16.204922767482923,65.0
A,SER,222,A_SER_222,16.023208534612777,98.0
A,SER,223,A_SER_223,15.633928702358194,3.0
A,SER,232,A_SER_232,15.599414029437378,36.0
A,SER,234,A_SER_234,15.338896139318418,23.0
A,THR,224,A_THR_224,17.36503528199685,5.0
A,THR,229,A_THR_229,17.920841635867014,62.0
A,THR,254,A_THR_254,17.766929927359826,0.0
A,TRP,241,A_TRP_241,7.301855286162331,82.0
A,TYR,233,A_TYR_233,27.80429615626253,20.0
A,VAL,225,A_VAL_225,15.948120597840278,51.0
A,VAL,255,A_VAL_255,16.19197137017105,51.0
