chain,resname,resnum,res_key,density,ACC
A,ALA,592,A_ALA_592,11.8671103756919,80.0
A,ARG,605,A_ARG_605,27.28333015492476,97.0
A,ARG,610,A_ARG_610,26.26739800344432,158.0
A,ASN,594,A_ASN_594,21.529246318083278,149.0
A,ASN,598,A_ASN_598,19.895054305500665,24.0
A,ASP,597,A_ASP_597,2.5312722303519326,130.0
A,ASP,606,A_ASP_606,21.47122443675346,34.0
A,CYS,582,A_CYS_582,9.39726530339791,1.0
A,CYS,591,A_CYS_591,17.55507798296416,31.0
A,CYS,593,A_CYS_593,17.155223975974145,9.0
A,CYS,600,A_CYS_600,2.4722452948595057,0.0
A,CYS,603,A_CYS_603,17.468053508145942,4.0
A,CYS,604,A_CYS_604,18.827863009811804,4.0
A,CYS,611,A_CYS_611,17.4024727420923,46.0
A,GLU,589,A_GLU_589,23.050390308874523,101.0
A,GLU,595,A_GLU_595,24.03438850928361,130.0
A,GLY,609,A_GLY_609,10.48478312606125,46.0
A,LEU,588,A_LEU_588,18.21011878734149,43.0
A,LEU,607,A_LEU_607,12.365423168892548,177.0
A,LEU,624,A_LEU_624,1.8249959591131488,20.0
A,LYS,601,A_LYS_601,19.65221606519105,35.0
A,PRO,613,A_PRO_613,15.900193784559242,38.0
A,SER,590,A_SER_590,15.3158771660979,41.0
A,SER,599,A_SER_599,11.579356427212192,11.0
A,SER,608,A_SER_608,16.40839974155183,75.0
A,THR,596,A_THR_596,2.7201603394489275,63.0
A,THR,631,A_THR_631,1.839696019794313,70.0
A,TYR,614,A_TYR_614,16.724786864006596,46.0
A,VAL,602,A_VAL_602,14.83580116760978,9.0
A,VAL,612,A_VAL_612,16.23040828737338,59.0
A,VAL,615,A_VAL_615,4.57197628338124,69.0
