chain,resname,resnum,res_key,density,ACC
A,ALA,857,A_ALA_857,5.2701812842326845,16.0
A,ALA,861,A_ALA_861,12.825276481549006,3.0
A,ALA,881,A_ALA_881,6.155345999294701,12.0
A,ALA,961,A_ALA_961,6.264962089629605,37.0
A,ALA,963,A_ALA_963,12.104763342348033,87.0
A,ALA,985,A_ALA_985,12.304125135070636,29.0
A,ALA,992,A_ALA_992,2.3140867400224345,105.0
A,ALA,995,A_ALA_995,12.147540904204536,4.0
A,ALA,1000,A_ALA_1000,12.96761206143126,42.0
A,ARG,962,A_ARG_962,10.197715992041054,189.0
A,ARG,970,A_ARG_970,26.444015256694083,58.0
A,CYS,969,A_CYS_969,17.320531114910768,0.0
A,CYS,986,A_CYS_986,17.746864816905852,9.0
A,CYS,998,A_CYS_998,18.5519787977718,3.0
A,GLN,858,A_GLN_858,19.74879684863061,84.0
A,GLN,865,A_GLN_865,13.796804956303774,28.0
A,GLN,974,A_GLN_974,2.567296436553791,76.0
A,GLN,999,A_GLN_999,14.584206250731706,102.0
A,GLU,973,A_GLU_973,22.61291902492689,37.0
A,GLU,984,A_GLU_984,22.772543273353318,103.0
A,GLU,989,A_GLU_989,23.40700321291706,172.0
A,GLU,1004,A_GLU_1004,7.832123507303255,4.0
A,GLY,859,A_GLY_859,10.828795085418232,10.0
A,GLY,883,A_GLY_883,7.070401165495777,13.0
A,GLY,884,A_GLY_884,2.580378503209278,46.0
A,GLY,966,A_GLY_966,11.09504204879529,87.0
A,GLY,967,A_GLY_967,10.343051802313386,39.0
A,GLY,968,A_GLY_968,10.906919787058577,18.0
A,GLY,987,A_GLY_987,10.778518916629926,45.0
A,GLY,996,A_GLY_996,10.23640481674146,27.0
A,HIS,1001,A_HIS_1001,23.172407222416357,0.0
A,ILE,972,A_ILE_972,17.880288335886547,52.0
A,LEU,860,A_LEU_860,16.131017267937146,15.0
A,LEU,864,A_LEU_864,12.357236546088712,0.0
A,LEU,997,A_LEU_997,18.007774231913494,3.0
A,LYS,975,A_LYS_975,8.458672825030291,71.0
A,LYS,988,A_LYS_988,20.46351561152612,103.0
A,LYS,1003,A_LYS_1003,2.907874456247669,22.0
A,MET,862,A_MET_862,4.664232945691072,36.0
A,PRO,957,A_PRO_957,10.186331616459588,73.0
A,PRO,958,A_PRO_958,1.8777046862530395,41.0
A,PRO,965,A_PRO_965,15.741183132471406,127.0
A,PRO,991,A_PRO_991,16.059283310078527,57.0
A,THR,990,A_THR_990,17.62267910434867,59.0
A,TYR,994,A_TYR_994,18.926328839806764,49.0
A,TYR,1002,A_TYR_1002,21.415939320258445,0.0
A,TYR,1005,A_TYR_1005,2.050149321686644,12.0
A,VAL,964,A_VAL_964,17.121835173789606,29.0
A,VAL,971,A_VAL_971,16.384690551061937,0.0
