chain,resname,resnum,res_key,density,ACC
A,ALA,473,A_ALA_473,12.974546142781042,54.0
A,ARG,466,A_ARG_466,19.40862170235445,196.0
A,ARG,472,A_ARG_472,32.24559472217301,149.0
A,ARG,478,A_ARG_478,25.804715438174007,147.0
A,ASN,479,A_ASN_479,15.41022462769226,71.0
A,CYS,471,A_CYS_471,18.041146327224887,62.0
A,GLN,465,A_GLN_465,15.702589770901016,100.0
A,GLN,475,A_GLN_475,23.58633929168419,109.0
A,GLU,468,A_GLU_468,29.20940791803323,81.0
A,GLU,477,A_GLU_477,23.307210453114894,125.0
A,ILE,464,A_ILE_464,17.240218693400514,96.0
A,LEU,467,A_LEU_467,19.80449914253978,102.0
A,LEU,470,A_LEU_470,18.16118132423517,99.0
A,LEU,474,A_LEU_474,18.813234060741014,92.0
A,LYS,463,A_LYS_463,5.460028933887596,137.0
A,LYS,469,A_LYS_469,18.403139229149325,147.0
A,THR,476,A_THR_476,17.84949677602603,78.0
A,VAL,462,A_VAL_462,3.3266635639523576,88.0
