chain,resname,resnum,res_key,density,ACC
A,ARG,152,A_ARG_152,27.109495220328245,138.0
A,ASN,121,A_ASN_121,11.640252660218836,75.0
A,ASN,130,A_ASN_130,21.01823406063197,81.0
A,ASN,140,A_ASN_140,9.87332103183147,64.0
A,ASN,153,A_ASN_153,21.623126576954952,19.0
A,ASP,136,A_ASP_136,12.596739103594054,54.0
A,CYS,123,A_CYS_123,18.174032835846315,22.0
A,CYS,128,A_CYS_128,18.125278629344045,16.0
A,CYS,134,A_CYS_134,17.78001126605717,37.0
A,CYS,143,A_CYS_143,18.21273934183928,19.0
A,CYS,145,A_CYS_145,18.050993222550183,33.0
A,CYS,154,A_CYS_154,18.85030650961984,0.0
A,GLN,155,A_GLN_155,22.160870983253982,47.0
A,GLU,122,A_GLU_122,13.82177061217757,38.0
A,GLU,124,A_GLU_124,13.362832958333575,160.0
A,GLU,126,A_GLU_126,23.530260303041555,150.0
A,GLU,144,A_GLU_144,20.72488274581011,140.0
A,GLU,479,A_GLU_479,8.626461406384998,126.0
A,GLY,131,A_GLY_131,10.618878351612508,64.0
A,GLY,132,A_GLY_132,10.174176562638028,15.0
A,GLY,151,A_GLY_151,10.552571888479186,31.0
A,ILE,133,A_ILE_133,18.215872067059077,109.0
A,LYS,129,A_LYS_129,20.4803644307958,103.0
A,MET,150,A_MET_150,12.757460559027294,17.0
A,PHE,149,A_PHE_149,25.205273585692854,45.0
A,PRO,127,A_PRO_127,16.571409023028345,14.0
A,PRO,146,A_PRO_146,16.34477693510594,56.0
A,SER,142,A_SER_142,15.69915439053992,63.0
A,THR,135,A_THR_135,17.095675990076433,76.0
A,TYR,141,A_TYR_141,29.205136565738982,41.0
A,TYR,156,A_TYR_156,12.109632808364484,31.0
A,VAL,125,A_VAL_125,16.78607842972108,120.0
