chain,resname,resnum,res_key,density,ACC
A,ALA,260,A_ALA_260,12.435563412560626,62.0
A,ASP,267,A_ASP_267,21.44988309357686,93.0
A,ASP,377,A_ASP_377,10.55757682032847,128.0
A,CYS,266,A_CYS_266,18.65600672763294,52.0
A,GLN,258,A_GLN_258,10.01359865315052,110.0
A,GLN,274,A_GLN_274,15.689790274910704,98.0
A,GLU,259,A_GLU_259,12.577668913410871,124.0
A,GLU,264,A_GLU_264,23.89266710120873,123.0
A,GLU,265,A_GLU_265,23.99197075892419,99.0
A,GLU,271,A_GLU_271,20.66022163205472,99.0
A,GLU,374,A_GLU_374,2.688012777238717,130.0
A,ILE,270,A_ILE_270,19.162284566062016,83.0
A,ILE,272,A_ILE_272,18.95790050403528,101.0
A,ILE,273,A_ILE_273,14.77045966997258,91.0
A,LEU,262,A_LEU_262,18.05078861382436,103.0
A,LEU,268,A_LEU_268,18.847440138674664,78.0
A,LEU,269,A_LEU_269,18.335749018000342,63.0
A,LEU,372,A_LEU_372,3.176597721103802,105.0
A,LEU,373,A_LEU_373,18.179750614106197,77.0
A,LEU,376,A_LEU_376,18.53806251695004,107.0
A,LYS,261,A_LYS_261,20.764791072001987,79.0
A,THR,263,A_THR_263,17.684906894621957,80.0
A,TYR,378,A_TYR_378,2.87318340089306,172.0
