chain,resname,resnum,res_key,density,ACC
A,ALA,228,A_ALA_228,10.831705285749395,0.0
A,ARG,205,A_ARG_205,24.02367868095664,30.0
A,ARG,216,A_ARG_216,11.832143958281677,49.0
A,ASN,193,A_ASN_193,17.064191695717398,58.0
A,ASN,225,A_ASN_225,21.21158330632324,121.0
A,ASP,39,A_ASP_39,9.319699058457896,50.0
A,ASP,208,A_ASP_208,17.945915539725863,1.0
A,CYS,222,A_CYS_222,17.8330000381939,1.0
A,GLU,194,A_GLU_194,18.77650116393304,101.0
A,GLU,215,A_GLU_215,5.543208071975579,24.0
A,GLU,224,A_GLU_224,23.675309022193588,120.0
A,GLY,49,A_GLY_49,2.935918014580735,0.0
A,GLY,191,A_GLY_191,9.912503067305174,22.0
A,GLY,210,A_GLY_210,10.812229707678547,0.0
A,HIS,221,A_HIS_221,23.53362839666432,146.0
A,ILE,192,A_ILE_192,17.871549503231225,60.0
A,ILE,206,A_ILE_206,14.775308426504235,0.0
A,ILE,220,A_ILE_220,18.77335389874703,93.0
A,ILE,227,A_ILE_227,7.005355473112489,21.0
A,ILE,230,A_ILE_230,6.09205308149026,0.0
A,ILE,261,A_ILE_261,7.717783081928384,2.0
A,LEU,43,A_LEU_43,5.295322654544316,6.0
A,LEU,45,A_LEU_45,14.118304589839802,0.0
A,LEU,46,A_LEU_46,17.76385084849207,0.0
A,LEU,47,A_LEU_47,17.585616691796375,0.0
A,LEU,48,A_LEU_48,14.860631389002624,0.0
A,LEU,229,A_LEU_229,14.98470519568766,0.0
A,LEU,264,A_LEU_264,7.379720404088052,49.0
A,LYS,44,A_LYS_44,20.52906300459631,15.0
A,LYS,55,A_LYS_55,1.5420220280785273,8.0
A,LYS,217,A_LYS_217,10.220951551957215,183.0
A,LYS,218,A_LYS_218,16.06417191133137,78.0
A,PHE,223,A_PHE_223,24.371479799048345,14.0
A,PHE,267,A_PHE_267,19.36445790486585,0.0
A,THR,270,A_THR_270,6.774235938359254,13.0
A,TRP,219,A_TRP_219,32.21370044264644,12.0
A,TRP,266,A_TRP_266,31.675659502336867,120.0
A,TYR,195,A_TYR_195,3.061615268324068,84.0
A,VAL,207,A_VAL_207,15.926795051565856,0.0
A,VAL,209,A_VAL_209,16.667125034717042,1.0
A,VAL,226,A_VAL_226,15.3090340745956,16.0
