chain,resname,resnum,res_key,density,ACC
A,ALA,155,A_ALA_155,3.3972684626233534,32.0
A,ALA,159,A_ALA_159,12.563791362520544,2.0
A,ALA,236,A_ALA_236,7.348129643766737,38.0
A,ARG,96,A_ARG_96,23.072292984095387,6.0
A,ARG,161,A_ARG_161,26.65950338486848,84.0
A,ASN,103,A_ASN_103,2.375518022675175,0.0
A,ASN,158,A_ASN_158,20.067421078046014,66.0
A,ASN,916,A_ASN_916,9.959909180509666,125.0
A,ASN,925,A_ASN_925,6.867378341310415,45.0
A,ASP,162,A_ASP_162,21.376666847009385,26.0
A,ASP,228,A_ASP_228,21.169772309427263,83.0
A,ASP,242,A_ASP_242,21.091982767172592,1.0
A,CYS,97,A_CYS_97,17.49741357539836,0.0
A,CYS,100,A_CYS_100,14.799930712631472,0.0
A,CYS,160,A_CYS_160,17.422314620598506,0.0
A,CYS,227,A_CYS_227,16.5939324887529,3.0
A,CYS,238,A_CYS_238,17.176446087095265,2.0
A,CYS,240,A_CYS_240,17.92133028597129,14.0
A,CYS,243,A_CYS_243,17.3054837127561,0.0
A,CYS,247,A_CYS_247,17.92303646047003,26.0
A,GLN,241,A_GLN_241,23.67017923054606,9.0
A,GLN,921,A_GLN_921,12.181786258670488,5.0
A,GLN,928,A_GLN_928,10.078241626949708,63.0
A,GLU,164,A_GLU_164,23.68446854189597,22.0
A,GLU,229,A_GLU_229,13.85589874779192,84.0
A,GLY,226,A_GLY_226,10.338445990356178,26.0
A,GLY,248,A_GLY_248,10.54933188199706,56.0
A,GLY,910,A_GLY_910,7.389781047857526,0.0
A,GLY,911,A_GLY_911,10.432884181311888,3.0
A,GLY,913,A_GLY_913,2.652376986786168,45.0
A,ILE,245,A_ILE_245,18.41022221868461,100.0
A,LEU,94,A_LEU_94,7.445470086731304,0.0
A,LEU,173,A_LEU_173,1.974646792476123,1.0
A,LYS,171,A_LYS_171,11.929416616371086,52.0
A,LYS,225,A_LYS_225,5.774547871444996,73.0
A,LYS,250,A_LYS_250,3.78169796652917,148.0
A,MET,156,A_MET_156,5.725360236771108,0.0
A,MET,912,A_MET_912,12.531355294808218,43.0
A,PHE,101,A_PHE_101,2.863991139016873,28.0
A,PHE,924,A_PHE_924,14.623673237162626,17.0
A,PRO,98,A_PRO_98,12.721535552481049,27.0
A,PRO,237,A_PRO_237,16.364599199994363,52.0
A,PRO,249,A_PRO_249,2.5394189540650216,128.0
A,SER,99,A_SER_99,15.616985219511532,0.0
A,SER,230,A_SER_230,2.553010437913059,55.0
A,SER,239,A_SER_239,15.29320474465435,15.0
A,SER,244,A_SER_244,14.71995789547725,53.0
A,TYR,157,A_TYR_157,7.335113590423735,33.0
A,VAL,163,A_VAL_163,15.728466265299996,0.0
A,VAL,246,A_VAL_246,15.859788660164346,52.0
