chain,resname,resnum,res_key,density,ACC
A,ALA,148,A_ALA_148,12.2300218214752,23.0
A,ALA,153,A_ALA_153,12.758861041691812,19.0
A,ASN,135,A_ASN_135,18.4569645462864,8.0
A,ASP,111,A_ASP_111,3.0638002248155263,18.0
A,ASP,139,A_ASP_139,20.73107554204632,52.0
A,ASP,141,A_ASP_141,22.401585471264987,34.0
A,CYS,138,A_CYS_138,17.70477655438178,58.0
A,GLN,165,A_GLN_165,22.86652702636654,38.0
A,GLY,105,A_GLY_105,2.9243491256533605,15.0
A,GLY,137,A_GLY_137,10.718356925131957,13.0
A,GLY,151,A_GLY_151,10.263886999245424,17.0
A,HIS,150,A_HIS_150,24.280823702072176,42.0
A,ILE,125,A_ILE_125,17.149866061115706,76.0
A,ILE,149,A_ILE_149,18.00638385295315,71.0
A,LEU,106,A_LEU_106,12.707638001023431,31.0
A,LEU,108,A_LEU_108,17.62092689034645,58.0
A,LEU,136,A_LEU_136,17.77519036697028,65.0
A,LYS,107,A_LYS_107,15.093849240867083,54.0
A,LYS,124,A_LYS_124,19.26397981155585,72.0
A,LYS,126,A_LYS_126,20.878234627398424,70.0
A,LYS,130,A_LYS_130,5.834956257809075,77.0
A,MET,166,A_MET_166,21.311851091056777,72.0
A,PHE,110,A_PHE_110,4.924093390476743,97.0
A,PHE,142,A_PHE_142,11.30459859109292,99.0
A,PHE,168,A_PHE_168,16.616678741040833,76.0
A,PRO,147,A_PRO_147,4.554555397597343,47.0
A,SER,17,A_SER_17,6.933804038217401,31.0
A,SER,127,A_SER_127,15.17160707586561,37.0
A,SER,128,A_SER_128,15.757193211976304,27.0
A,SER,152,A_SER_152,15.701689472983087,30.0
A,THR,109,A_THR_109,17.25292660721773,12.0
A,THR,167,A_THR_167,14.411286993625762,6.0
A,TYR,18,A_TYR_18,8.940683056279227,23.0
A,TYR,129,A_TYR_129,19.03506383495633,70.0
A,TYR,164,A_TYR_164,8.031713073496084,68.0
A,VAL,140,A_VAL_140,16.211321810785115,35.0
A,VAL,154,A_VAL_154,2.6143553583056507,0.0
