chain,resname,resnum,res_key,density,ACC
A,ALA,377,A_ALA_377,2.006449057658428,22.0
A,ARG,250,A_ARG_250,2.51720355706251,117.0
A,ASN,253,A_ASN_253,2.2448129226283906,1.0
A,ASN,372,A_ASN_372,20.701120233193222,99.0
A,ASP,367,A_ASP_367,21.87337961298166,26.0
A,CYS,247,A_CYS_247,17.394461407039252,23.0
A,CYS,368,A_CYS_368,18.37387491293689,0.0
A,CYS,441,A_CYS_441,12.217246955582276,11.0
A,GLN,474,A_GLN_474,2.6728104502325984,14.0
A,GLU,401,A_GLU_401,13.337781031977132,39.0
A,GLU,428,A_GLU_428,9.615048375268708,82.0
A,GLU,459,A_GLU_459,20.472730629477827,0.0
A,GLY,362,A_GLY_362,10.248404739304377,0.0
A,GLY,442,A_GLY_442,4.622456657699946,11.0
A,ILE,246,A_ILE_246,17.892427576245836,19.0
A,ILE,397,A_ILE_397,2.0081712683287654,0.0
A,LEU,252,A_LEU_252,1.889743817555498,48.0
A,LEU,360,A_LEU_360,5.638987183171171,2.0
A,LEU,430,A_LEU_430,17.647459020830688,11.0
A,LEU,464,A_LEU_464,1.6862511436689414,0.0
A,LYS,244,A_LYS_244,5.338765317914394,97.0
A,LYS,245,A_LYS_245,12.490453895330033,139.0
A,LYS,370,A_LYS_370,19.744470939405264,76.0
A,LYS,371,A_LYS_371,20.53876520969175,100.0
A,LYS,373,A_LYS_373,21.07705118227661,88.0
A,MET,365,A_MET_365,23.063110301363118,7.0
A,MET,384,A_MET_384,8.795392275547238,0.0
A,MET,460,A_MET_460,21.822532373207157,1.0
A,MET,467,A_MET_467,1.5585232142354517,79.0
A,PHE,248,A_PHE_248,24.945709091615583,53.0
A,PHE,280,A_PHE_280,5.9670119345844,0.0
A,PHE,361,A_PHE_361,17.343970275743526,1.0
A,PHE,366,A_PHE_366,25.26180657477252,6.0
A,PHE,403,A_PHE_403,4.009733131347691,9.0
A,PHE,431,A_PHE_431,11.344835292276905,0.0
A,SER,374,A_SER_374,2.5982078501111467,78.0
A,TRP,363,A_TRP_363,32.271842763310865,27.0
A,TRP,364,A_TRP_364,31.459672216243835,0.0
A,TRP,369,A_TRP_369,33.2654891726245,19.0
A,TYR,249,A_TYR_249,29.30609909046772,51.0
A,TYR,463,A_TYR_463,24.122939738878912,40.0
A,TYR,482,A_TYR_482,3.1423125369271663,15.0
A,VAL,382,A_VAL_382,6.040601741607305,0.0
A,VAL,429,A_VAL_429,5.578198277664427,5.0
A,VAL,456,A_VAL_456,14.240104791826385,0.0
