chain,resname,resnum,res_key,density,ACC
A,ALA,2066,A_ALA_2066,12.163278944195625,10.0
A,ARG,2139,A_ARG_2139,6.22234445703373,79.0
A,ASN,2093,A_ASN_2093,21.16097810390844,72.0
A,ASP,2091,A_ASP_2091,20.712387763853197,147.0
A,CYS,2107,A_CYS_2107,16.97725180677992,49.0
A,GLU,2059,A_GLU_2059,5.57399228073905,97.0
A,GLU,2064,A_GLU_2064,22.396482926491213,111.0
A,GLU,2067,A_GLU_2067,14.62717682540907,97.0
A,GLU,2085,A_GLU_2085,2.825069875493653,100.0
A,GLU,2110,A_GLU_2110,20.158313757352115,45.0
A,GLU,2137,A_GLU_2137,8.331825250674555,172.0
A,GLY,2056,A_GLY_2056,10.404609897668935,1.0
A,GLY,2060,A_GLY_2060,10.479701643762542,6.0
A,GLY,2086,A_GLY_2086,6.540762485832312,35.0
A,GLY,2112,A_GLY_2112,5.535324695889969,23.0
A,GLY,2136,A_GLY_2136,7.250335698979244,43.0
A,GLY,2138,A_GLY_2138,10.374377695526608,29.0
A,HIS,2061,A_HIS_2061,19.462864419419684,83.0
A,ILE,2084,A_ILE_2084,17.62431478704034,18.0
A,ILE,2092,A_ILE_2092,17.78941271439961,55.0
A,ILE,2116,A_ILE_2116,3.72494046374877,0.0
A,LYS,2089,A_LYS_2089,13.610553203463269,204.0
A,LYS,2133,A_LYS_2133,5.381644824625813,134.0
A,PHE,2063,A_PHE_2063,24.69696756162246,117.0
A,PHE,2068,A_PHE_2068,8.825817629779852,2.0
A,PRO,2065,A_PRO_2065,16.385600997202722,94.0
A,PRO,2087,A_PRO_2087,6.648408235803017,66.0
A,PRO,2108,A_PRO_2108,16.233604927578117,0.0
A,PRO,2111,A_PRO_2111,11.145121225620048,67.0
A,SER,2088,A_SER_2088,14.550815496048855,8.0
A,THR,2062,A_THR_2062,17.751529284230877,11.0
A,THR,2094,A_THR_2094,2.986953408188568,51.0
A,THR,2105,A_THR_2105,16.92640468391155,23.0
A,THR,2109,A_THR_2109,17.83734461167581,43.0
A,THR,2135,A_THR_2135,10.48764739106934,60.0
A,TYR,2106,A_TYR_2106,28.639813014983773,1.0
A,TYR,2114,A_TYR_2114,19.05163494283946,0.0
A,VAL,2090,A_VAL_2090,15.476252152705989,17.0
A,VAL,2104,A_VAL_2104,11.696267403547424,0.0
A,VAL,2132,A_VAL_2132,3.746772027010218,1.0
A,VAL,2134,A_VAL_2134,15.903385148634696,2.0
