chain,resname,resnum,res_key,density,ACC
A,ALA,421,A_ALA_421,5.838020826200614,15.0
A,ALA,459,A_ALA_459,12.461587071564995,0.0
A,ARG,458,A_ARG_458,27.521015835504915,99.0
A,ARG,460,A_ARG_460,6.735856914372167,133.0
A,ARG,468,A_ARG_468,18.6231008516293,53.0
A,ASP,402,A_ASP_402,6.139884485035839,60.0
A,ASP,434,A_ASP_434,22.132120243926245,123.0
A,ASP,450,A_ASP_450,2.9065383309620727,107.0
A,CYS,403,A_CYS_403,17.898135730249713,1.0
A,CYS,419,A_CYS_419,16.89056802313025,6.0
A,CYS,431,A_CYS_431,17.36964825727166,5.0
A,CYS,457,A_CYS_457,18.26954251767942,0.0
A,GLN,420,A_GLN_420,12.916898256094605,121.0
A,GLU,428,A_GLU_428,22.7308690641304,97.0
A,GLU,443,A_GLU_443,5.829300697848195,129.0
A,GLU,465,A_GLU_465,4.821495965412624,86.0
A,GLY,405,A_GLY_405,9.708423920777566,16.0
A,GLY,435,A_GLY_435,10.686620223073424,59.0
A,GLY,442,A_GLY_442,4.15574993363543,51.0
A,GLY,453,A_GLY_453,10.410186902995626,23.0
A,ILE,441,A_ILE_441,18.6475631791482,49.0
A,LEU,398,A_LEU_398,9.450645565657943,10.0
A,LEU,429,A_LEU_429,16.91038896433336,47.0
A,LEU,432,A_LEU_432,18.68672447522565,59.0
A,LEU,439,A_LEU_439,17.901422966958336,11.0
A,LEU,451,A_LEU_451,14.216552327575332,15.0
A,LEU,456,A_LEU_456,18.07151473609428,79.0
A,LYS,430,A_LYS_430,20.75433140897409,107.0
A,LYS,433,A_LYS_433,20.278082190104875,24.0
A,LYS,469,A_LYS_469,16.04020894652411,151.0
A,MET,418,A_MET_418,13.257345831096952,82.0
A,PHE,437,A_PHE_437,19.86585235151873,118.0
A,PRO,404,A_PRO_404,12.959817340263069,31.0
A,PRO,417,A_PRO_417,15.624644531249777,0.0
A,PRO,427,A_PRO_427,6.256100481489495,10.0
A,PRO,438,A_PRO_438,15.661303242191352,91.0
A,PRO,440,A_PRO_440,16.518589379688574,29.0
A,THR,436,A_THR_436,16.563649962514347,95.0
A,THR,454,A_THR_454,17.35651443511658,75.0
A,THR,467,A_THR_467,17.92556597694678,81.0
A,THR,471,A_THR_471,10.396750857314007,48.0
A,TRP,407,A_TRP_407,12.619241962078592,46.0
A,TRP,409,A_TRP_409,4.0974978145933365,12.0
A,TYR,455,A_TYR_455,28.5748178820164,3.0
A,VAL,466,A_VAL_466,7.409433028573588,55.0
A,VAL,470,A_VAL_470,16.517795405767668,2.0
A,VAL,472,A_VAL_472,10.972564680194274,0.0
