chain,resname,resnum,res_key,density,ACC
A,ALA,2276,A_ALA_2276,11.440941932917658,64.0
A,ALA,2277,A_ALA_2277,8.229867539977592,10.0
A,ALA,2286,A_ALA_2286,12.14698331403846,0.0
A,ALA,2287,A_ALA_2287,12.12544514200277,39.0
A,ARG,2233,A_ARG_2233,2.585813834757636,119.0
A,ARG,2294,A_ARG_2294,25.006098937627492,81.0
A,ARG,2303,A_ARG_2303,3.0474031827213497,35.0
A,ASP,2291,A_ASP_2291,20.54248918475687,92.0
A,CYS,2273,A_CYS_2273,7.291563788360915,0.0
A,CYS,2292,A_CYS_2292,18.078156789029897,8.0
A,GLN,2272,A_GLN_2272,18.707025905520325,10.0
A,GLN,2295,A_GLN_2295,22.81824677043525,160.0
A,GLN,2297,A_GLN_2297,19.961926364536357,21.0
A,GLN,2320,A_GLN_2320,3.167250826336148,31.0
A,GLN,2324,A_GLN_2324,2.9075875061440293,102.0
A,GLU,2299,A_GLU_2299,2.779091890493453,161.0
A,GLY,2228,A_GLY_2228,5.606055790806696,16.0
A,GLY,2270,A_GLY_2270,10.242701958703432,0.0
A,HIS,2248,A_HIS_2248,4.466339135522338,0.0
A,ILE,2290,A_ILE_2290,17.88163142065196,2.0
A,ILE,2293,A_ILE_2293,18.7285959233558,0.0
A,LEU,2231,A_LEU_2231,17.376339763011096,35.0
A,LEU,2244,A_LEU_2244,5.194970518062446,1.0
A,LEU,2246,A_LEU_2246,10.440711794277208,0.0
A,LEU,2271,A_LEU_2271,17.358103907703043,0.0
A,LEU,2285,A_LEU_2285,16.511943124536256,0.0
A,LEU,2321,A_LEU_2321,5.911124426626631,4.0
A,MET,2232,A_MET_2232,14.19949111311126,57.0
A,MET,2317,A_MET_2317,18.66900780933005,0.0
A,PHE,2245,A_PHE_2245,24.75166986323612,0.0
A,PRO,2229,A_PRO_2229,16.277407521141495,84.0
A,PRO,2243,A_PRO_2243,3.858469201669208,16.0
A,PRO,2278,A_PRO_2278,6.599074872300459,43.0
A,PRO,2298,A_PRO_2298,15.290798559186015,98.0
A,SER,2284,A_SER_2284,6.059571230599561,34.0
A,THR,2230,A_THR_2230,17.13477719743484,13.0
A,THR,2254,A_THR_2254,1.7577446971733852,0.0
A,THR,2274,A_THR_2274,11.628975253188065,2.0
A,TYR,2269,A_TYR_2269,28.48011136717991,35.0
A,TYR,2288,A_TYR_2288,27.17186360397437,62.0
A,TYR,2289,A_TYR_2289,28.337235047904173,0.0
A,TYR,2302,A_TYR_2302,17.57724660985386,7.0
A,VAL,2247,A_VAL_2247,10.116226869768006,0.0
A,VAL,2296,A_VAL_2296,16.540347768268372,57.0
A,VAL,2304,A_VAL_2304,5.052735640357916,0.0
A,VAL,2313,A_VAL_2313,1.5713308293631782,0.0
