chain,resname,resnum,res_key,density,ACC
A,ALA,586,A_ALA_586,12.175636724637506,0.0
A,ALA,590,A_ALA_590,12.494215839265314,18.0
A,ALA,599,A_ALA_599,12.505466679616871,0.0
A,ALA,602,A_ALA_602,2.0343335181650195,0.0
A,ALA,710,A_ALA_710,7.109517796692244,101.0
A,ALA,727,A_ALA_727,7.92657236464769,1.0
A,ALA,732,A_ALA_732,4.682664655899677,1.0
A,ARG,703,A_ARG_703,5.486874424379751,203.0
A,ARG,708,A_ARG_708,25.42077499399865,33.0
A,ARG,711,A_ARG_711,24.568176154586684,98.0
A,ARG,728,A_ARG_728,12.380436699142424,176.0
A,ASN,735,A_ASN_735,13.84454604915357,4.0
A,ASP,591,A_ASP_591,20.053107473635784,17.0
A,CYS,587,A_CYS_587,18.22541924984361,0.0
A,CYS,593,A_CYS_593,17.696016425618705,3.0
A,GLN,596,A_GLN_596,12.39340196570041,21.0
A,GLU,584,A_GLU_584,19.899005726396787,3.0
A,GLU,597,A_GLU_597,10.751629786592243,122.0
A,GLU,598,A_GLU_598,22.429197511902345,28.0
A,GLU,704,A_GLU_704,17.470834050472618,160.0
A,GLY,583,A_GLY_583,3.52585714834043,0.0
A,GLY,588,A_GLY_588,9.953163795435543,0.0
A,GLY,592,A_GLY_592,10.4344877904193,50.0
A,ILE,561,A_ILE_561,4.151758786984101,0.0
A,ILE,564,A_ILE_564,3.823692960984325,4.0
A,ILE,577,A_ILE_577,7.593065684857815,0.0
A,ILE,702,A_ILE_702,18.71495713617455,6.0
A,LEU,594,A_LEU_594,18.08949699662457,4.0
A,LEU,713,A_LEU_713,2.5941483551864697,16.0
A,LEU,726,A_LEU_726,2.89222924284884,52.0
A,LYS,706,A_LYS_706,21.733869137040227,76.0
A,PRO,574,A_PRO_574,1.6206368239714712,11.0
A,PRO,705,A_PRO_705,15.944872815510164,55.0
A,PRO,707,A_PRO_707,15.761301755299954,102.0
A,SER,595,A_SER_595,16.160851755392198,46.0
A,SER,709,A_SER_709,15.511727981452951,40.0
A,SER,730,A_SER_730,15.89373899755811,1.0
A,SER,731,A_SER_731,15.9056505694988,5.0
A,THR,729,A_THR_729,16.970336307780062,36.0
A,TRP,712,A_TRP_712,31.11430128827833,6.0
A,TYR,589,A_TYR_589,28.26641190710244,49.0
A,TYR,734,A_TYR_734,24.01987671191608,2.0
A,VAL,585,A_VAL_585,16.53790044171888,0.0
A,VAL,600,A_VAL_600,2.9650091108819656,0.0
A,VAL,701,A_VAL_701,7.433657480912767,21.0
