chain,resname,resnum,res_key,density,ACC
A,ALA,197,A_ALA_197,13.09965496036283,0.0
A,ALA,236,A_ALA_236,9.235247994727224,22.0
A,ALA,245,A_ALA_245,4.895231674207498,0.0
A,ALA,286,A_ALA_286,2.6985519091093875,15.0
A,ARG,242,A_ARG_242,26.56627722730521,99.0
A,ARG,292,A_ARG_292,23.990391084290938,130.0
A,ARG,293,A_ARG_293,10.888475427756775,64.0
A,ASN,198,A_ASN_198,20.097262443734717,89.0
A,ASN,289,A_ASN_289,20.259619065901006,78.0
A,ASP,290,A_ASP_290,21.62539288648409,90.0
A,ASP,309,A_ASP_309,10.371591219320075,94.0
A,CYS,240,A_CYS_240,18.020235471459795,55.0
A,CYS,259,A_CYS_259,2.891428603253676,20.0
A,GLU,257,A_GLU_257,23.427214004443996,15.0
A,GLY,195,A_GLY_195,2.2397116423768964,6.0
A,GLY,200,A_GLY_200,7.106335020247724,27.0
A,GLY,241,A_GLY_241,10.267096028785728,3.0
A,ILE,196,A_ILE_196,14.774801687476632,28.0
A,LYS,201,A_LYS_201,17.852365864341742,88.0
A,MET,294,A_MET_294,8.653649428847855,0.0
A,PHE,202,A_PHE_202,23.89541032669193,0.0
A,PHE,243,A_PHE_243,24.940528263418624,17.0
A,PHE,260,A_PHE_260,8.69526799310707,42.0
A,PHE,273,A_PHE_273,5.955129002653042,12.0
A,PHE,287,A_PHE_287,24.638648643703775,19.0
A,PRO,146,A_PRO_146,7.642483436498156,36.0
A,PRO,239,A_PRO_239,16.03456711461427,42.0
A,PRO,341,A_PRO_341,3.2620685558702838,24.0
A,SER,100,A_SER_100,1.6008175108459222,50.0
A,SER,238,A_SER_238,16.583831405076374,3.0
A,SER,288,A_SER_288,15.744982668300183,1.0
A,SER,291,A_SER_291,15.767702934533409,12.0
A,THR,199,A_THR_199,18.26884535456446,71.0
A,THR,308,A_THR_308,11.342543398781949,11.0
A,TRP,256,A_TRP_256,6.008484928556351,19.0
A,TYR,312,A_TYR_312,9.2648162505895,20.0
A,VAL,237,A_VAL_237,16.58449483039634,24.0
A,VAL,244,A_VAL_244,16.38447692018551,0.0
A,VAL,255,A_VAL_255,4.268658138344806,0.0
A,VAL,258,A_VAL_258,16.13080569576803,7.0
