chain,resname,resnum,res_key,density,ACC
A,ALA,452,A_ALA_452,12.702862492782227,0.0
A,ALA,465,A_ALA_465,12.631093827713707,49.0
A,ALA,481,A_ALA_481,12.263219638937462,4.0
A,ALA,495,A_ALA_495,6.948120476439265,0.0
A,ARG,473,A_ARG_473,12.694543058029469,71.0
A,ARG,486,A_ARG_486,2.877037998230516,126.0
A,ASP,453,A_ASP_453,16.042639967931112,48.0
A,ASP,457,A_ASP_457,21.790036427714803,95.0
A,ASP,477,A_ASP_477,3.349563881778154,68.0
A,CYS,466,A_CYS_466,17.875245474184318,12.0
A,GLN,484,A_GLN_484,23.20998991900187,50.0
A,GLU,456,A_GLU_456,24.324017127073237,27.0
A,GLU,462,A_GLU_462,14.332386375536604,108.0
A,GLU,480,A_GLU_480,11.474334454297663,94.0
A,GLY,451,A_GLY_451,3.396324118675165,23.0
A,GLY,463,A_GLY_463,10.000977009878754,66.0
A,GLY,488,A_GLY_488,10.393053267753366,41.0
A,HIS,461,A_HIS_461,19.84755423491483,151.0
A,HIS,470,A_HIS_470,4.942399910349294,4.0
A,HIS,483,A_HIS_483,6.15034813057867,110.0
A,ILE,469,A_ILE_469,14.749844065243083,0.0
A,ILE,492,A_ILE_492,18.23043324877378,9.0
A,LEU,429,A_LEU_429,5.628720856995571,0.0
A,LEU,430,A_LEU_430,1.7596377937567698,34.0
A,LEU,433,A_LEU_433,13.034090535626902,11.0
A,LEU,441,A_LEU_441,11.11596039415664,20.0
A,LEU,443,A_LEU_443,13.582979907363638,0.0
A,LEU,455,A_LEU_455,18.25796367474673,3.0
A,LEU,459,A_LEU_459,18.178020704336184,0.0
A,LEU,482,A_LEU_482,10.45485684133196,15.0
A,LEU,493,A_LEU_493,18.47695621749057,0.0
A,LYS,489,A_LYS_489,16.432771242089434,139.0
A,PHE,458,A_PHE_458,21.142753849726795,40.0
A,PHE,485,A_PHE_485,25.619738669681308,0.0
A,PRO,491,A_PRO_491,16.027066594237027,31.0
A,SER,440,A_SER_440,5.8069477180586295,9.0
A,SER,454,A_SER_454,11.221692587613514,46.0
A,SER,468,A_SER_468,16.718930584213986,2.0
A,SER,487,A_SER_487,2.964762785816708,56.0
A,SER,490,A_SER_490,15.86376141255934,12.0
A,THR,442,A_THR_442,17.56702940575941,1.0
A,THR,467,A_THR_467,17.687748807917803,11.0
A,TYR,460,A_TYR_460,28.727959759078917,170.0
A,TYR,464,A_TYR_464,28.04666285826317,67.0
A,VAL,444,A_VAL_444,16.14036253812745,0.0
A,VAL,494,A_VAL_494,15.30893908410863,0.0
