chain,resname,resnum,res_key,density,ACC
A,ARG,68,A_ARG_68,6.583689355107095,6.0
A,ARG,102,A_ARG_102,27.20280285637172,55.0
A,ASP,76,A_ASP_76,18.65199658250371,60.0
A,ASP,150,A_ASP_150,3.1541894751518544,122.0
A,CYS,6,A_CYS_6,2.6885245900319275,0.0
A,CYS,105,A_CYS_105,18.013630281746924,13.0
A,GLN,74,A_GLN_74,14.72014617132306,178.0
A,GLU,100,A_GLU_100,23.56133519065351,30.0
A,HIS,103,A_HIS_103,22.824970262664596,150.0
A,HIS,104,A_HIS_104,23.718462076928688,87.0
A,ILE,80,A_ILE_80,5.537690066311942,0.0
A,ILE,110,A_ILE_110,17.78259079942067,1.0
A,ILE,111,A_ILE_111,2.9550479542160764,0.0
A,ILE,149,A_ILE_149,3.205142567501999,2.0
A,LEU,70,A_LEU_70,10.849991272702797,132.0
A,LEU,79,A_LEU_79,8.421471088076826,0.0
A,LYS,5,A_LYS_5,14.473070268335324,27.0
A,LYS,96,A_LYS_96,3.047811208606392,36.0
A,PHE,78,A_PHE_78,25.176703896233924,0.0
A,PHE,98,A_PHE_98,25.46126229652601,50.0
A,PRO,69,A_PRO_69,16.93294596798624,22.0
A,PRO,73,A_PRO_73,16.53252809798907,79.0
A,PRO,99,A_PRO_99,16.126568873090633,60.0
A,PRO,106,A_PRO_106,16.370954714806878,98.0
A,PRO,109,A_PRO_109,15.86093884271253,33.0
A,SER,71,A_SER_71,12.968877072974555,11.0
A,SER,107,A_SER_107,15.882591104975509,110.0
A,THR,75,A_THR_75,18.128411160023006,10.0
A,THR,108,A_THR_108,17.58152917737464,16.0
A,TRP,97,A_TRP_97,7.140706136041004,0.0
A,TYR,72,A_TYR_72,29.411622508815668,2.0
A,VAL,7,A_VAL_7,16.127479742038812,0.0
A,VAL,9,A_VAL_9,6.068174727297519,0.0
A,VAL,77,A_VAL_77,16.686303713615356,0.0
A,VAL,101,A_VAL_101,17.40201497852899,0.0
