chain,resname,resnum,res_key,density,ACC
A,ALA,361,A_ALA_361,12.890104336612303,59.0
A,ALA,380,A_ALA_380,11.275940131472677,1.0
A,ASN,389,A_ASN_389,9.1709629823197,4.0
A,CYS,355,A_CYS_355,17.755863997494455,2.0
A,CYS,382,A_CYS_382,18.846453507728057,20.0
A,CYS,386,A_CYS_386,18.142930309340223,5.0
A,GLY,357,A_GLY_357,11.053477338110088,33.0
A,HIS,178,A_HIS_178,11.221917197862272,19.0
A,ILE,119,A_ILE_119,18.72646866439732,0.0
A,ILE,267,A_ILE_267,12.777375696884471,15.0
A,ILE,353,A_ILE_353,6.208034934391832,104.0
A,ILE,354,A_ILE_354,17.245290587461486,94.0
A,ILE,362,A_ILE_362,18.57288439957888,23.0
A,ILE,375,A_ILE_375,16.78710947658106,39.0
A,LEU,111,A_LEU_111,6.0447103179178345,1.0
A,LEU,122,A_LEU_122,10.721028415660976,75.0
A,LEU,126,A_LEU_126,4.020899089481926,38.0
A,LEU,352,A_LEU_352,3.114148657033202,6.0
A,LEU,359,A_LEU_359,19.376499797992,5.0
A,LEU,360,A_LEU_360,18.45050482659482,20.0
A,LEU,374,A_LEU_374,5.943110356089381,122.0
A,LEU,385,A_LEU_385,18.018774318651325,41.0
A,LEU,387,A_LEU_387,16.969002467372558,0.0
A,LEU,388,A_LEU_388,15.4868923797958,62.0
A,LYS,376,A_LYS_376,14.623670655939872,28.0
A,MET,363,A_MET_363,18.588086652530777,7.0
A,MET,371,A_MET_371,1.5235503492488354,15.0
A,MET,384,A_MET_384,21.668085424544284,11.0
A,PHE,170,A_PHE_170,13.188525170069706,13.0
A,PHE,174,A_PHE_174,14.387392860481132,18.0
A,PHE,200,A_PHE_200,10.858604279504048,14.0
A,PHE,268,A_PHE_268,10.469512487175038,35.0
A,PHE,379,A_PHE_379,25.206164185715267,15.0
A,PHE,381,A_PHE_381,25.538348074286997,71.0
A,PRO,358,A_PRO_358,16.541051572373988,52.0
A,SER,123,A_SER_123,6.9199740911757575,0.0
A,SER,383,A_SER_383,15.57347757809597,10.0
A,THR,377,A_THR_377,17.383453771480596,15.0
A,TRP,279,A_TRP_279,4.140884247764195,18.0
A,TRP,356,A_TRP_356,31.176802853672765,6.0
A,VAL,351,A_VAL_351,3.570767523372227,18.0
A,VAL,364,A_VAL_364,2.810804457243385,58.0
A,VAL,378,A_VAL_378,15.870540994304127,66.0
