chain,resname,resnum,res_key,density,ACC
A,ALA,212,A_ALA_212,13.179432112408794,30.0
A,ARG,168,A_ARG_168,16.703168364248093,16.0
A,ARG,219,A_ARG_219,24.20913516093104,154.0
A,ASP,169,A_ASP_169,21.450858810277044,14.0
A,ASP,171,A_ASP_171,21.582437005945216,49.0
A,ASP,214,A_ASP_214,19.564533480657115,75.0
A,CYS,217,A_CYS_217,17.42139285681409,40.0
A,GLN,172,A_GLN_172,2.645167685171931,181.0
A,GLN,506,A_GLN_506,23.007847375769323,77.0
A,GLN,508,A_GLN_508,10.04934904045815,79.0
A,GLU,176,A_GLU_176,2.3188720621141816,106.0
A,GLY,149,A_GLY_149,9.94738133998448,0.0
A,GLY,175,A_GLY_175,3.0269909436777604,20.0
A,GLY,215,A_GLY_215,10.857311211248868,45.0
A,HIS,148,A_HIS_148,23.90783109646829,93.0
A,HIS,180,A_HIS_180,18.4222845457472,3.0
A,ILE,193,A_ILE_193,7.376533146969681,4.0
A,LEU,141,A_LEU_141,1.945852771342833,0.0
A,LEU,165,A_LEU_165,15.396836596716811,0.0
A,LEU,216,A_LEU_216,17.808314511259283,9.0
A,LEU,220,A_LEU_220,17.62690185733931,4.0
A,LYS,179,A_LYS_179,20.15036813195628,48.0
A,PHE,151,A_PHE_151,11.422797504064084,4.0
A,PHE,170,A_PHE_170,18.652979489713086,124.0
A,PRO,507,A_PRO_507,15.554990146572552,106.0
A,PRO,509,A_PRO_509,16.65250104356234,64.0
A,SER,150,A_SER_150,11.621366204373969,2.0
A,SER,166,A_SER_166,12.733825898314567,0.0
A,SER,213,A_SER_213,15.628605540816128,48.0
A,SER,221,A_SER_221,9.630624964172643,51.0
A,THR,147,A_THR_147,6.194889769246031,78.0
A,THR,210,A_THR_210,7.602186125051753,53.0
A,THR,218,A_THR_218,16.678514465250267,24.0
A,TYR,181,A_TYR_181,28.47773087555951,8.0
A,TYR,209,A_TYR_209,28.385897104729604,0.0
A,TYR,505,A_TYR_505,5.5884750750286525,34.0
A,VAL,167,A_VAL_167,15.55479398942503,0.0
A,VAL,177,A_VAL_177,16.015961466165717,22.0
A,VAL,178,A_VAL_178,17.075923511426254,20.0
