chain,resname,resnum,res_key,density,ACC
A,ALA,90,A_ALA_90,7.323502808640028,16.0
A,ALA,148,A_ALA_148,13.082298456791776,53.0
A,ALA,279,A_ALA_279,12.177508665293114,31.0
A,ARG,146,A_ARG_146,9.637794112239876,230.0
A,ASN,97,A_ASN_97,8.420796879423282,10.0
A,ASN,241,A_ASN_241,20.20361164658459,2.0
A,ASP,252,A_ASP_252,19.891517516880363,27.0
A,CYS,253,A_CYS_253,18.307005758112155,27.0
A,CYS,284,A_CYS_284,17.37889395926062,23.0
A,GLN,243,A_GLN_243,2.815672464460816,73.0
A,GLN,278,A_GLN_278,3.1909024758933757,137.0
A,GLN,282,A_GLN_282,22.872278935401702,67.0
A,GLU,249,A_GLU_249,5.639943607254044,39.0
A,GLU,283,A_GLU_283,23.30549499385147,118.0
A,GLU,376,A_GLU_376,2.802123164213373,53.0
A,HIS,280,A_HIS_280,23.28965201695122,107.0
A,HIS,286,A_HIS_286,12.50117696165002,172.0
A,ILE,240,A_ILE_240,18.67511858520256,86.0
A,ILE,250,A_ILE_250,18.54844202944862,45.0
A,ILE,281,A_ILE_281,18.17219336037916,24.0
A,ILE,375,A_ILE_375,3.374977384736443,4.0
A,LEU,237,A_LEU_237,12.464901415348814,0.0
A,LEU,242,A_LEU_242,18.810735033167163,114.0
A,LYS,238,A_LYS_238,21.066981999803996,85.0
A,LYS,285,A_LYS_285,20.96998475593456,189.0
A,LYS,378,A_LYS_378,20.717614796657497,56.0
A,PHE,93,A_PHE_93,20.3856387787938,26.0
A,PHE,256,A_PHE_256,25.641294617398195,0.0
A,PRO,251,A_PRO_251,16.04417633268831,13.0
A,PRO,287,A_PRO_287,16.937321461404807,55.0
A,SER,244,A_SER_244,10.067638361984423,7.0
A,SER,257,A_SER_257,2.753790451384368,24.0
A,SER,288,A_SER_288,2.6875112153452534,114.0
A,THR,239,A_THR_239,17.133155343743248,15.0
A,THR,255,A_THR_255,16.96727823965129,15.0
A,TYR,147,A_TYR_147,11.573175071223478,36.0
A,TYR,254,A_TYR_254,27.758425203573463,5.0
A,TYR,383,A_TYR_383,7.761697352740692,43.0
A,VAL,150,A_VAL_150,6.2535487023191365,18.0
A,VAL,289,A_VAL_289,1.991589565317601,50.0
