chain,resname,resnum,res_key,density,ACC
A,ALA,140,A_ALA_140,9.539816051252576,0.0
A,ALA,432,A_ALA_432,5.23381877992497,13.0
A,ALA,437,A_ALA_437,12.552436022546669,0.0
A,ALA,447,A_ALA_447,12.674239451466605,3.0
A,ALA,450,A_ALA_450,2.669020592709872,4.0
A,ARG,132,A_ARG_132,2.8878593851292664,127.0
A,ARG,449,A_ARG_449,23.395411115474054,96.0
A,ASP,135,A_ASP_135,5.835282746079038,74.0
A,ASP,438,A_ASP_438,21.181592995702456,102.0
A,CYS,440,A_CYS_440,17.50921171966394,17.0
A,GLN,139,A_GLN_139,22.410602215497928,80.0
A,GLN,435,A_GLN_435,14.906867485712796,117.0
A,GLN,445,A_GLN_445,23.105380633755367,38.0
A,GLU,436,A_GLU_436,23.52565586496461,68.0
A,GLU,444,A_GLU_444,23.2810238220498,44.0
A,GLY,136,A_GLY_136,10.449032987818958,0.0
A,LEU,443,A_LEU_443,18.67310771029783,81.0
A,LYS,439,A_LYS_439,20.140278828816516,139.0
A,MET,448,A_MET_448,21.78135913923254,0.0
A,PRO,441,A_PRO_441,16.104194657896706,125.0
A,SER,434,A_SER_434,15.43481344055512,23.0
A,THR,442,A_THR_442,17.585343080278975,72.0
A,TYR,137,A_TYR_137,2.56067547946212,2.0
A,TYR,446,A_TYR_446,27.897192816297935,100.0
A,VAL,143,A_VAL_143,5.855363028270716,28.0
A,VAL,433,A_VAL_433,16.387258179212637,0.0
