chain,resname,resnum,res_key,density,ACC
A,ALA,503,A_ALA_503,11.754661740705938,0.0
A,ARG,480,A_ARG_480,25.666773403571987,63.0
A,ARG,559,A_ARG_559,2.5824058583804588,120.0
A,CYS,472,A_CYS_472,17.948251888625705,7.0
A,CYS,486,A_CYS_486,17.659202884021756,44.0
A,GLN,473,A_GLN_473,21.54692732926999,138.0
A,GLN,475,A_GLN_475,22.274157495427637,7.0
A,GLN,479,A_GLN_479,22.08084473714329,86.0
A,GLN,484,A_GLN_484,12.67875615529642,152.0
A,GLN,488,A_GLN_488,8.797426511396074,113.0
A,GLN,504,A_GLN_504,22.850382818572037,21.0
A,GLN,506,A_GLN_506,13.079165739722884,61.0
A,GLU,477,A_GLU_477,22.99384778691765,108.0
A,GLU,482,A_GLU_482,13.72156057820334,24.0
A,GLY,502,A_GLY_502,7.579474187068316,1.0
A,GLY,556,A_GLY_556,6.108161958106566,5.0
A,GLY,614,A_GLY_614,4.508482563747036,2.0
A,LEU,470,A_LEU_470,19.41611735447077,31.0
A,LEU,481,A_LEU_481,17.589792063600584,31.0
A,LYS,474,A_LYS_474,21.017609115952865,82.0
A,LYS,476,A_LYS_476,16.61424461359188,150.0
A,LYS,483,A_LYS_483,20.721701383211684,126.0
A,PHE,558,A_PHE_558,9.863859234297916,0.0
A,PRO,501,A_PRO_501,3.381366603715301,8.0
A,SER,469,A_SER_469,15.019634046370314,5.0
A,SER,478,A_SER_478,13.758876748245196,104.0
A,THR,471,A_THR_471,17.410771320655407,0.0
A,THR,487,A_THR_487,18.24807039636789,91.0
A,THR,612,A_THR_612,2.831730603502591,1.0
A,TRP,613,A_TRP_613,32.6922334034719,58.0
A,TYR,485,A_TYR_485,29.513085723618406,14.0
A,TYR,505,A_TYR_505,27.28395835688455,11.0
A,VAL,467,A_VAL_467,6.880095471192228,11.0
A,VAL,468,A_VAL_468,15.498758203566217,31.0
A,VAL,500,A_VAL_500,15.687759686621034,16.0
A,VAL,557,A_VAL_557,16.045849852653948,1.0
