chain,resname,resnum,res_key,density,ACC
A,ALA,404,A_ALA_404,12.399313219486396,0.0
A,ALA,483,A_ALA_483,7.250921679793445,0.0
A,ALA,624,A_ALA_624,8.523248513572918,2.0
A,ARG,395,A_ARG_395,26.537941463284767,24.0
A,ASN,377,A_ASN_377,20.76721140212481,0.0
A,ASN,400,A_ASN_400,20.6840767304878,14.0
A,ASN,619,A_ASN_619,14.809057642440992,2.0
A,ASP,405,A_ASP_405,21.26864250855736,1.0
A,CYS,399,A_CYS_399,18.211562153651805,12.0
A,CYS,407,A_CYS_407,8.346858818749975,3.0
A,GLY,376,A_GLY_376,5.418743124852083,15.0
A,ILE,460,A_ILE_460,12.94565775820258,10.0
A,ILE,484,A_ILE_484,10.843615874796424,69.0
A,ILE,625,A_ILE_625,2.838412799877312,42.0
A,LEU,381,A_LEU_381,18.464081386853728,31.0
A,LEU,384,A_LEU_384,18.88622130380263,10.0
A,LEU,385,A_LEU_385,18.489619276547195,113.0
A,LEU,391,A_LEU_391,17.211095256456222,68.0
A,LEU,397,A_LEU_397,17.559143023210552,0.0
A,LEU,401,A_LEU_401,18.05408726495231,4.0
A,LEU,452,A_LEU_452,14.956277895499444,0.0
A,LEU,457,A_LEU_457,4.884975830610406,3.0
A,LEU,480,A_LEU_480,5.558354506895816,56.0
A,LYS,390,A_LYS_390,6.376879179700434,193.0
A,MET,378,A_MET_378,22.082561232563087,83.0
A,MET,398,A_MET_398,21.3676063913069,30.0
A,MET,487,A_MET_487,20.95002145161343,2.0
A,PHE,382,A_PHE_382,17.045318715552213,101.0
A,PHE,396,A_PHE_396,24.832926699562176,33.0
A,PHE,403,A_PHE_403,25.91190943619918,60.0
A,PHE,406,A_PHE_406,17.404962662758898,42.0
A,PHE,630,A_PHE_630,12.75893410090011,12.0
A,PRO,394,A_PRO_394,16.554323446177264,22.0
A,PRO,620,A_PRO_620,16.42849798720334,2.0
A,SER,387,A_SER_387,4.589489400848277,24.0
A,SER,402,A_SER_402,16.185575642862904,6.0
A,SER,453,A_SER_453,16.476464864562868,7.0
A,THR,379,A_THR_379,13.148744160468649,58.0
A,THR,386,A_THR_386,7.511390025447847,55.0
A,THR,392,A_THR_392,16.140735921167867,70.0
A,THR,456,A_THR_456,17.167525708995107,0.0
A,TRP,491,A_TRP_491,20.13814036602804,85.0
A,TYR,623,A_TYR_623,25.17546431790879,33.0
A,VAL,380,A_VAL_380,16.177064687517838,1.0
A,VAL,383,A_VAL_383,16.163046630886285,4.0
A,VAL,393,A_VAL_393,13.08628793357015,14.0
A,VAL,459,A_VAL_459,3.785465721683285,13.0
