chain,resname,resnum,res_key,density,ACC
A,ALA,510,A_ALA_510,12.451631278114482,0.0
A,ALA,534,A_ALA_534,2.121037185547383,21.0
A,ALA,535,A_ALA_535,3.1626836996953287,7.0
A,ALA,564,A_ALA_564,6.122583634434886,59.0
A,ALA,568,A_ALA_568,11.992458989994804,1.0
A,ALA,625,A_ALA_625,13.016074601291354,96.0
A,ALA,637,A_ALA_637,13.148115655046308,19.0
A,ARG,630,A_ARG_630,14.267624718218256,60.0
A,ASN,508,A_ASN_508,5.675433624779563,114.0
A,ASN,544,A_ASN_544,2.4969742376624127,0.0
A,ASN,567,A_ASN_567,20.062072907275528,36.0
A,ASN,618,A_ASN_618,12.16178216770423,68.0
A,ASN,631,A_ASN_631,5.567735796325549,57.0
A,ASP,636,A_ASP_636,20.92035279831132,87.0
A,CYS,553,A_CYS_553,5.082907102459076,6.0
A,CYS,563,A_CYS_563,6.892094596042399,10.0
A,CYS,570,A_CYS_570,17.30411035694589,0.0
A,CYS,623,A_CYS_623,17.65235731716164,12.0
A,CYS,629,A_CYS_629,16.97673644931848,3.0
A,CYS,634,A_CYS_634,18.45653692091619,20.0
A,GLN,518,A_GLN_518,14.607289702089838,21.0
A,GLN,523,A_GLN_523,7.827030033871672,13.0
A,GLN,633,A_GLN_633,14.447104953868854,82.0
A,GLU,619,A_GLU_619,12.537327241849654,48.0
A,GLY,566,A_GLY_566,10.441796985496602,58.0
A,GLY,571,A_GLY_571,10.280671553958042,0.0
A,GLY,620,A_GLY_620,9.962519882366545,0.0
A,GLY,624,A_GLY_624,10.417198014861196,25.0
A,GLY,626,A_GLY_626,9.887098756995588,31.0
A,ILE,541,A_ILE_541,11.157088801616244,42.0
A,ILE,628,A_ILE_628,18.72506266607465,1.0
A,LEU,569,A_LEU_569,18.670538935051567,23.0
A,LEU,573,A_LEU_573,1.6343708117474935,3.0
A,LEU,640,A_LEU_640,3.8060225817853865,22.0
A,LYS,509,A_LYS_509,12.473322762132383,152.0
A,LYS,537,A_LYS_537,21.51937658952026,128.0
A,LYS,572,A_LYS_572,2.9471011487309315,1.0
A,LYS,622,A_LYS_622,20.358689023202263,57.0
A,LYS,627,A_LYS_627,21.2857230555125,93.0
A,PHE,540,A_PHE_540,25.175592403137586,3.0
A,PHE,632,A_PHE_632,12.947259800718935,60.0
A,PRO,536,A_PRO_536,2.534423426162945,60.0
A,SER,638,A_SER_638,2.883897057065477,76.0
A,THR,565,A_THR_565,12.975418264759794,104.0
A,THR,621,A_THR_621,17.773925109335465,0.0
A,TYR,511,A_TYR_511,28.65513096139725,36.0
A,TYR,519,A_TYR_519,15.192530882923652,64.0
A,TYR,520,A_TYR_520,25.717218342537155,37.0
A,VAL,617,A_VAL_617,17.09156809826308,8.0
A,VAL,635,A_VAL_635,16.087794476210394,38.0
