chain,resname,resnum,res_key,density,ACC
A,ALA,87,A_ALA_87,2.677598799303259,6.0
A,ALA,90,A_ALA_90,9.149122064145674,21.0
A,ALA,92,A_ALA_92,5.585905601483861,45.0
A,ARG,168,A_ARG_168,19.409477169588776,144.0
A,ASN,98,A_ASN_98,20.9533408962637,60.0
A,ASP,95,A_ASP_95,21.38106543060332,86.0
A,CYS,101,A_CYS_101,17.242043387318112,0.0
A,CYS,178,A_CYS_178,17.714582068703905,11.0
A,GLN,93,A_GLN_93,22.881155663180213,49.0
A,GLN,102,A_GLN_102,22.05228417548144,56.0
A,GLN,170,A_GLN_170,22.39038781306345,80.0
A,GLN,280,A_GLN_280,3.166988674670417,54.0
A,GLU,172,A_GLU_172,22.83106751480824,87.0
A,GLU,283,A_GLU_283,9.231922652599902,48.0
A,GLY,97,A_GLY_97,10.635649392071716,35.0
A,GLY,106,A_GLY_106,4.543850829694268,4.0
A,GLY,163,A_GLY_163,7.895636976443629,1.0
A,HIS,88,A_HIS_88,19.340489545142557,72.0
A,HIS,175,A_HIS_175,14.675036319901835,77.0
A,HIS,181,A_HIS_181,23.105727267758155,60.0
A,ILE,164,A_ILE_164,16.83845813459671,40.0
A,ILE,165,A_ILE_165,8.315349653623665,101.0
A,LEU,103,A_LEU_103,12.710159045975034,100.0
A,LEU,104,A_LEU_104,19.521244657683717,5.0
A,LYS,26,A_LYS_26,4.481260565417838,113.0
A,LYS,171,A_LYS_171,14.391104426227765,131.0
A,MET,100,A_MET_100,19.595581432880977,65.0
A,MET,287,A_MET_287,1.3483394934905213,5.0
A,PHE,85,A_PHE_85,21.32032306285827,53.0
A,PHE,96,A_PHE_96,25.409358549053565,74.0
A,PHE,109,A_PHE_109,6.247202556460056,23.0
A,PHE,166,A_PHE_166,12.1337867311797,21.0
A,PHE,182,A_PHE_182,2.667539847784624,36.0
A,SER,169,A_SER_169,15.066635213855267,24.0
A,SER,179,A_SER_179,16.289153123036254,33.0
A,SER,180,A_SER_180,15.334432035651202,52.0
A,THR,82,A_THR_82,12.968775305435065,0.0
A,THR,99,A_THR_99,12.719681931931536,117.0
A,THR,105,A_THR_105,17.390410631042034,6.0
A,THR,167,A_THR_167,17.977190361478012,4.0
A,THR,177,A_THR_177,17.798910403582386,16.0
A,TRP,86,A_TRP_86,31.788609892231616,35.0
A,TRP,94,A_TRP_94,32.059818238459506,3.0
A,TYR,89,A_TYR_89,27.859562004327447,68.0
A,TYR,108,A_TYR_108,14.4410368201619,17.0
A,TYR,176,A_TYR_176,25.549196223170437,108.0
