chain,resname,resnum,res_key,density,ACC
A,ALA,1108,A_ALA_1108,12.01021202663907,11.0
A,ARG,1086,A_ARG_1086,26.20093176961916,114.0
A,ARG,1114,A_ARG_1114,18.54202217406956,182.0
A,ARG,1148,A_ARG_1148,2.5103858674964763,92.0
A,ARG,1227,A_ARG_1227,4.469249160117927,49.0
A,ASN,1049,A_ASN_1049,11.738700224541567,66.0
A,ASN,1081,A_ASN_1081,10.128459655154398,163.0
A,ASN,1113,A_ASN_1113,20.984276264159533,59.0
A,CYS,1091,A_CYS_1091,18.02590239537344,4.0
A,CYS,1107,A_CYS_1107,5.503200443404748,0.0
A,GLN,1048,A_GLN_1048,7.842834196662229,53.0
A,GLU,1082,A_GLU_1082,12.403891777404873,92.0
A,GLU,1127,A_GLU_1127,5.636829127625175,17.0
A,GLY,1085,A_GLY_1085,10.432955980406522,26.0
A,GLY,1087,A_GLY_1087,10.903858034826552,33.0
A,GLY,1090,A_GLY_1090,10.922057487884196,13.0
A,GLY,1095,A_GLY_1095,2.908784762341932,0.0
A,HIS,1079,A_HIS_1079,12.557225370036631,53.0
A,HIS,1088,A_HIS_1088,19.157832218259724,110.0
A,HIS,1094,A_HIS_1094,12.94560631791762,19.0
A,ILE,1084,A_ILE_1084,17.771775562227297,73.0
A,ILE,1115,A_ILE_1115,6.702092483719206,29.0
A,LEU,1046,A_LEU_1046,12.205192355845751,140.0
A,LEU,1047,A_LEU_1047,18.93795330911525,94.0
A,LEU,1112,A_LEU_1112,17.008825677659733,15.0
A,LEU,1154,A_LEU_1154,17.240929201693234,4.0
A,LEU,1157,A_LEU_1157,3.720880232344914,16.0
A,LYS,1110,A_LYS_1110,19.797197619462818,47.0
A,MET,1229,A_MET_1229,7.145914880022096,69.0
A,PHE,1080,A_PHE_1080,25.420255580949664,85.0
A,PHE,1089,A_PHE_1089,20.533135397020057,32.0
A,PHE,1124,A_PHE_1124,14.73733100900976,3.0
A,PRO,1045,A_PRO_1045,16.39898926956345,63.0
A,PRO,1153,A_PRO_1153,9.59710549066403,9.0
A,SER,1043,A_SER_1043,5.339409842919393,105.0
A,SER,1044,A_SER_1044,12.22777833970212,96.0
A,SER,1111,A_SER_1111,15.266791124719976,14.0
A,SER,1152,A_SER_1152,15.965081990005244,15.0
A,TYR,1093,A_TYR_1093,28.084462074642506,13.0
A,VAL,1078,A_VAL_1078,13.660522919075088,22.0
A,VAL,1083,A_VAL_1083,16.53135985360165,43.0
A,VAL,1092,A_VAL_1092,16.10152978929664,39.0
A,VAL,1109,A_VAL_1109,15.972401921905451,0.0
A,VAL,1155,A_VAL_1155,15.333048452746032,0.0
A,VAL,1156,A_VAL_1156,2.70086029628236,0.0
