chain,resname,resnum,res_key,density,ACC
A,ALA,433,A_ALA_433,12.268181026650671,48.0
A,ALA,434,A_ALA_434,12.69103912018126,51.0
A,ALA,447,A_ALA_447,6.3304177923643,88.0
A,ASP,442,A_ASP_442,20.58249654878537,110.0
A,CYS,440,A_CYS_440,17.709971802564542,74.0
A,LEU,437,A_LEU_437,18.17447307177339,124.0
A,LYS,441,A_LYS_441,20.923347876598918,159.0
A,LYS,444,A_LYS_444,20.58711124148106,173.0
A,LYS,445,A_LYS_445,20.403362272923435,161.0
A,LYS,446,A_LYS_446,20.28445446657902,191.0
A,SER,438,A_SER_438,15.525813288699004,68.0
A,SER,443,A_SER_443,14.767599931650256,85.0
A,THR,439,A_THR_439,17.752334341139374,73.0
A,TRP,432,A_TRP_432,6.309521660805068,193.0
A,TYR,436,A_TYR_436,27.88074151712943,170.0
A,VAL,435,A_VAL_435,16.50362453714151,93.0
