chain,resname,resnum,res_key,density,ACC
A,ALA,487,A_ALA_487,12.129904765676027,12.0
A,ALA,513,A_ALA_513,3.0595291961836786,70.0
A,ARG,74,A_ARG_74,10.42697306855781,37.0
A,ARG,493,A_ARG_493,5.534395744720431,140.0
A,ASN,462,A_ASN_462,21.19785293761636,18.0
A,ASN,488,A_ASN_488,18.047464088755525,90.0
A,ASP,57,A_ASP_57,3.005477373893851,98.0
A,ASP,472,A_ASP_472,20.85015922318181,2.0
A,ASP,477,A_ASP_477,20.68238680721713,115.0
A,ASP,481,A_ASP_481,22.031862970139212,24.0
A,ASP,486,A_ASP_486,20.89324929935428,19.0
A,CYS,460,A_CYS_460,18.10581746805275,14.0
A,CYS,471,A_CYS_471,18.449623157240627,0.0
A,CYS,473,A_CYS_473,17.537766092705116,14.0
A,CYS,479,A_CYS_479,18.165893725074383,25.0
A,CYS,483,A_CYS_483,17.847014273701273,0.0
A,CYS,484,A_CYS_484,16.949510640266386,0.0
A,CYS,495,A_CYS_495,18.35731483120184,1.0
A,CYS,503,A_CYS_503,5.941432399457506,0.0
A,CYS,511,A_CYS_511,5.5023899739801285,7.0
A,CYS,515,A_CYS_515,5.3752504507768135,4.0
A,GLN,58,A_GLN_58,14.49110370606,53.0
A,GLN,478,A_GLN_478,22.709737538062768,29.0
A,GLN,489,A_GLN_489,17.241414774328618,60.0
A,GLN,507,A_GLN_507,19.75676581732193,52.0
A,GLU,56,A_GLU_56,24.160970354789928,107.0
A,GLU,466,A_GLU_466,2.803049101111182,52.0
A,GLU,469,A_GLU_469,19.99561813283714,27.0
A,GLU,470,A_GLU_470,12.655877204575257,90.0
A,GLU,482,A_GLU_482,13.738881845272669,137.0
A,GLY,461,A_GLY_461,10.399861419865536,5.0
A,GLY,463,A_GLY_463,10.30168172829577,5.0
A,GLY,474,A_GLY_474,11.22007195328934,0.0
A,GLY,508,A_GLY_508,2.4827174881023013,9.0
A,HIS,55,A_HIS_55,24.076388262567438,10.0
A,ILE,459,A_ILE_459,10.178587205411477,76.0
A,LEU,497,A_LEU_497,17.6547184658202,33.0
A,LYS,76,A_LYS_76,4.275723600265704,24.0
A,LYS,480,A_LYS_480,20.32733920031824,151.0
A,LYS,494,A_LYS_494,16.1013479919676,78.0
A,LYS,496,A_LYS_496,14.738681575230506,73.0
A,LYS,498,A_LYS_498,14.5567142766563,58.0
A,MET,464,A_MET_464,14.766564157891706,42.0
A,PHE,59,A_PHE_59,12.59066384133747,19.0
A,PHE,485,A_PHE_485,25.63336717509768,29.0
A,PRO,505,A_PRO_505,15.116825503033244,47.0
A,SER,54,A_SER_54,15.48632801783508,35.0
A,SER,476,A_SER_476,15.182980304226469,75.0
A,SER,504,A_SER_504,15.381032470343431,0.0
A,SER,506,A_SER_506,16.597648744508582,22.0
A,TYR,475,A_TYR_475,27.84589636367584,89.0
A,VAL,53,A_VAL_53,3.241410084800339,113.0
A,VAL,465,A_VAL_465,13.133483131862995,64.0
