chain,resname,resnum,res_key,density,ACC
A,ALA,111,A_ALA_111,8.277505169229217,0.0
A,ALA,151,A_ALA_151,12.648821051294656,59.0
A,ARG,283,A_ARG_283,7.841327407274337,10.0
A,ASN,110,A_ASN_110,20.704833770163827,0.0
A,ASP,195,A_ASP_195,21.36504009568624,1.0
A,CYS,98,A_CYS_98,3.5556463088714514,0.0
A,CYS,100,A_CYS_100,17.971440446242426,50.0
A,CYS,114,A_CYS_114,5.43782502707037,20.0
A,CYS,157,A_CYS_157,18.046402001792003,0.0
A,GLN,105,A_GLN_105,22.31841073624948,43.0
A,GLY,108,A_GLY_108,10.533997626474504,0.0
A,ILE,101,A_ILE_101,11.1601849459536,26.0
A,ILE,109,A_ILE_109,18.22460909792434,8.0
A,ILE,191,A_ILE_191,16.15617570644432,36.0
A,LEU,99,A_LEU_99,17.490474767135325,20.0
A,LEU,104,A_LEU_104,18.382197634856503,70.0
A,LEU,107,A_LEU_107,19.30087222897642,9.0
A,LEU,155,A_LEU_155,18.201771366647044,132.0
A,LEU,159,A_LEU_159,18.669638633270097,41.0
A,LEU,163,A_LEU_163,15.304738895295229,20.0
A,LEU,164,A_LEU_164,13.059807281462462,6.0
A,MET,73,A_MET_73,8.756697782085451,35.0
A,MET,158,A_MET_158,21.48481753302704,71.0
A,MET,194,A_MET_194,17.227719892859845,107.0
A,PHE,148,A_PHE_148,3.486302479545045,136.0
A,PHE,152,A_PHE_152,25.66939910064732,79.0
A,PHE,161,A_PHE_161,25.03958992235058,66.0
A,PHE,162,A_PHE_162,25.556410570480168,166.0
A,PHE,199,A_PHE_199,18.68857740212887,1.0
A,SER,112,A_SER_112,2.6995799333923847,1.0
A,SER,154,A_SER_154,16.554369916818295,32.0
A,THR,102,A_THR_102,18.24929897222312,11.0
A,THR,153,A_THR_153,17.67091223551278,0.0
A,TRP,150,A_TRP_150,23.002588754041323,55.0
A,TRP,160,A_TRP_160,31.599725504061,1.0
A,TYR,103,A_TYR_103,27.7333573938583,27.0
A,TYR,106,A_TYR_106,28.823568986755745,4.0
A,TYR,156,A_TYR_156,29.578990961915608,25.0
A,TYR,181,A_TYR_181,7.351986419451621,66.0
A,TYR,188,A_TYR_188,2.083393342652005,4.0
A,TYR,192,A_TYR_192,7.085564454807081,36.0
A,VAL,149,A_VAL_149,5.549519660873924,10.0
A,VAL,198,A_VAL_198,3.8797590408620577,53.0
