chain,resname,resnum,res_key,density,ACC
A,ALA,116,A_ALA_116,10.160339451900716,10.0
A,ALA,206,A_ALA_206,13.061766280041772,1.0
A,ARG,123,A_ARG_123,16.33646074224564,105.0
A,ARG,200,A_ARG_200,11.695734121459244,83.0
A,ARG,207,A_ARG_207,8.801413456113721,144.0
A,ARG,208,A_ARG_208,10.837736886248791,162.0
A,ASN,211,A_ASN_211,12.42847217294148,131.0
A,ASN,363,A_ASN_363,7.971396832166429,25.0
A,ASP,138,A_ASP_138,10.956451722701708,18.0
A,ASP,212,A_ASP_212,21.723917360837667,70.0
A,ASP,217,A_ASP_217,21.248312331647043,94.0
A,CYS,131,A_CYS_131,17.942878984378936,12.0
A,CYS,209,A_CYS_209,17.572766256381957,13.0
A,CYS,215,A_CYS_215,18.019611191754244,30.0
A,CYS,216,A_CYS_216,17.119894233050776,9.0
A,GLU,125,A_GLU_125,20.396286247013705,76.0
A,GLU,132,A_GLU_132,22.762277387817107,24.0
A,GLU,205,A_GLU_205,6.368045672468202,108.0
A,GLY,115,A_GLY_115,10.774757959048374,4.0
A,GLY,122,A_GLY_122,10.719293905662346,56.0
A,GLY,127,A_GLY_127,10.3173547713933,22.0
A,ILE,118,A_ILE_118,19.094647043319,44.0
A,ILE,194,A_ILE_194,7.837698690582523,1.0
A,LEU,110,A_LEU_110,3.2655608224547112,84.0
A,LEU,133,A_LEU_133,12.55556414128714,59.0
A,LYS,214,A_LYS_214,16.103520056468373,109.0
A,PHE,114,A_PHE_114,16.160027602502574,47.0
A,PHE,129,A_PHE_129,12.702699548878488,155.0
A,PHE,130,A_PHE_130,25.227010146973424,58.0
A,PHE,218,A_PHE_218,25.8497825598832,68.0
A,PHE,359,A_PHE_359,6.483845385328157,39.0
A,PRO,213,A_PRO_213,15.765626153528387,71.0
A,SER,128,A_SER_128,15.63406989627822,49.0
A,SER,136,A_SER_136,7.993136255134503,0.0
A,THR,117,A_THR_117,16.905628338977287,15.0
A,THR,135,A_THR_135,17.45479185260792,7.0
A,THR,220,A_THR_220,6.89748068457687,19.0
A,TRP,121,A_TRP_121,2.639297663426452,130.0
A,TRP,124,A_TRP_124,31.78659556074988,2.0
A,TRP,134,A_TRP_134,31.398807798536723,22.0
A,TRP,199,A_TRP_199,19.23693975932991,12.0
A,TRP,364,A_TRP_364,4.4784565874051125,34.0
A,TYR,126,A_TYR_126,27.74350284052933,89.0
A,TYR,210,A_TYR_210,28.44232789553476,31.0
A,TYR,367,A_TYR_367,7.066260695740583,2.0
A,VAL,111,A_VAL_111,7.778561005570497,0.0
A,VAL,119,A_VAL_119,8.591357980775157,37.0
A,VAL,219,A_VAL_219,16.35378998738223,37.0
A,VAL,360,A_VAL_360,5.756851047131678,66.0
