chain,resname,resnum,res_key,density,ACC
A,ALA,608,A_ALA_608,12.301326564877323,37.0
A,ALA,609,A_ALA_609,12.061360310032974,69.0
A,ALA,617,A_ALA_617,8.99934543054029,0.0
A,ALA,741,A_ALA_741,12.000703580518088,29.0
A,ALA,745,A_ALA_745,12.719103027949092,26.0
A,ALA,746,A_ALA_746,7.038224868175794,1.0
A,ARG,604,A_ARG_604,18.50552980991795,43.0
A,ARG,613,A_ARG_613,26.67993893546961,123.0
A,ARG,620,A_ARG_620,10.354515098748037,43.0
A,ARG,638,A_ARG_638,5.25332769260963,90.0
A,ASN,739,A_ASN_739,20.72764770035228,24.0
A,ASP,738,A_ASP_738,3.0018209749103675,28.0
A,CYS,610,A_CYS_610,17.97587978695734,17.0
A,CYS,614,A_CYS_614,17.594937486103866,1.0
A,GLN,616,A_GLN_616,22.566318960687664,125.0
A,GLU,606,A_GLU_606,24.16165233994368,59.0
A,GLU,748,A_GLU_748,17.28626023144059,53.0
A,GLY,618,A_GLY_618,2.8725095059645924,30.0
A,GLY,640,A_GLY_640,10.026456040523367,41.0
A,ILE,348,A_ILE_348,17.605163815172567,0.0
A,ILE,611,A_ILE_611,18.43612306926052,1.0
A,ILE,619,A_ILE_619,18.15884517981773,3.0
A,ILE,641,A_ILE_641,13.035454957982784,0.0
A,ILE,743,A_ILE_743,19.074688834494037,1.0
A,LEU,356,A_LEU_356,16.917818626524216,0.0
A,LEU,639,A_LEU_639,18.089905375936397,2.0
A,LEU,735,A_LEU_735,1.7946272935926688,0.0
A,MET,817,A_MET_817,18.11215304578701,19.0
A,PHE,740,A_PHE_740,24.750846297456096,0.0
A,PRO,603,A_PRO_603,4.403266875463517,27.0
A,PRO,605,A_PRO_605,16.3206089309085,108.0
A,SER,350,A_SER_350,4.702604738281976,0.0
A,SER,742,A_SER_742,16.31908773045478,8.0
A,THR,355,A_THR_355,7.638685324619297,0.0
A,THR,612,A_THR_612,17.585990689154553,77.0
A,TYR,615,A_TYR_615,28.46035185368247,76.0
A,VAL,607,A_VAL_607,15.63567133417505,0.0
A,VAL,621,A_VAL_621,15.995471887473292,0.0
A,VAL,622,A_VAL_622,2.6511639659324056,1.0
A,VAL,744,A_VAL_744,17.162243356746714,4.0
A,VAL,747,A_VAL_747,13.08363728712588,1.0
