chain,resname,resnum,res_key,density,ACC
A,ARG,368,A_ARG_368,17.36405973738562,184.0
A,ASP,377,A_ASP_377,21.026329004314444,128.0
A,ASP,407,A_ASP_407,2.974801781630134,69.0
A,CYS,375,A_CYS_375,18.2829058768864,102.0
A,GLU,369,A_GLU_369,12.604345600680608,92.0
A,GLU,374,A_GLU_374,23.41217059405301,130.0
A,LEU,269,A_LEU_269,5.7814376675066335,63.0
A,LEU,372,A_LEU_372,18.25972437607368,105.0
A,LEU,373,A_LEU_373,18.179750614106197,77.0
A,LEU,376,A_LEU_376,18.53806251695004,107.0
A,LEU,379,A_LEU_379,12.844625165091989,114.0
A,LYS,370,A_LYS_370,18.79521629161902,127.0
A,LYS,371,A_LYS_371,20.65372491544157,142.0
A,PHE,366,A_PHE_366,3.5582681748776555,110.0
A,SER,367,A_SER_367,5.9589359592186,69.0
A,TYR,378,A_TYR_378,21.654689857524808,172.0
