chain,resname,resnum,res_key,density,ACC
A,ALA,117,A_ALA_117,12.531604066232692,12.0
A,ALA,124,A_ALA_124,2.8870901889116607,3.0
A,ALA,164,A_ALA_164,12.300164671122882,0.0
A,ALA,166,A_ALA_166,12.47694564261863,34.0
A,ALA,168,A_ALA_168,11.88542491836724,0.0
A,ALA,169,A_ALA_169,12.230729617352662,37.0
A,ALA,173,A_ALA_173,9.056857824021025,90.0
A,ARG,177,A_ARG_177,9.633000834367156,26.0
A,ASN,111,A_ASN_111,3.637532959517255,54.0
A,ASN,200,A_ASN_200,3.787389202101278,1.0
A,ASP,190,A_ASP_190,2.802284243935224,0.0
A,CYS,167,A_CYS_167,17.508138003012704,0.0
A,GLU,122,A_GLU_122,24.01814268585048,13.0
A,GLY,114,A_GLY_114,10.821336914719812,0.0
A,GLY,120,A_GLY_120,10.331002168947194,1.0
A,GLY,121,A_GLY_121,10.315529685846398,4.0
A,GLY,174,A_GLY_174,5.185545129329471,42.0
A,GLY,188,A_GLY_188,7.208031285019009,1.0
A,HIS,211,A_HIS_211,24.056371913965503,3.0
A,ILE,123,A_ILE_123,17.27701745238762,0.0
A,ILE,189,A_ILE_189,18.21299863478198,8.0
A,ILE,205,A_ILE_205,10.07907328972188,83.0
A,LEU,119,A_LEU_119,17.60476817283719,7.0
A,LEU,125,A_LEU_125,14.759592029506225,3.0
A,LEU,165,A_LEU_165,18.868465928855407,72.0
A,LEU,172,A_LEU_172,17.39392118114082,84.0
A,MET,163,A_MET_163,21.786583390652908,32.0
A,MET,207,A_MET_207,21.664778343117163,41.0
A,PHE,115,A_PHE_115,25.48752043537533,32.0
A,PHE,116,A_PHE_116,10.272395011936196,36.0
A,PHE,159,A_PHE_159,5.492500009235046,85.0
A,PHE,203,A_PHE_203,24.769882377495584,0.0
A,PHE,208,A_PHE_208,18.97860945722737,25.0
A,PHE,212,A_PHE_212,11.637550876995132,52.0
A,PRO,170,A_PRO_170,15.991788754674992,19.0
A,PRO,171,A_PRO_171,15.716187497743563,7.0
A,PRO,215,A_PRO_215,5.3274122320047,0.0
A,SER,176,A_SER_176,15.665479482320997,1.0
A,SER,202,A_SER_202,6.064844183128901,51.0
A,THR,118,A_THR_118,18.340364367148595,18.0
A,THR,160,A_THR_160,7.610426116060999,0.0
A,TRP,126,A_TRP_126,26.51253960741224,9.0
A,TRP,161,A_TRP_161,14.590458603837208,73.0
A,TRP,175,A_TRP_175,31.15707246544279,90.0
A,TRP,265,A_TRP_265,8.165856782331026,40.0
A,TYR,178,A_TYR_178,21.59737547773175,9.0
A,TYR,206,A_TYR_206,28.813294125907547,48.0
A,TYR,268,A_TYR_268,5.036389682438729,30.0
A,VAL,162,A_VAL_162,15.97888628813204,95.0
A,VAL,204,A_VAL_204,16.195216324961926,2.0
A,VAL,209,A_VAL_209,10.062852740117084,71.0
A,VAL,210,A_VAL_210,16.40731374614894,38.0
