chain,resname,resnum,res_key,density,ACC
A,ARG,87,A_ARG_87,5.539044354368979,80.0
A,ASN,44,A_ASN_44,20.654572733865947,109.0
A,ASN,51,A_ASN_51,19.80772092019848,58.0
A,ASN,58,A_ASN_58,12.32327555551915,47.0
A,ASN,64,A_ASN_64,20.69228345769025,1.0
A,ASP,50,A_ASP_50,7.549614662910667,105.0
A,ASP,60,A_ASP_60,20.87874054597888,30.0
A,ASP,84,A_ASP_84,21.49744681637286,35.0
A,CYS,29,A_CYS_29,17.836399739421893,10.0
A,CYS,40,A_CYS_40,17.915802054087283,0.0
A,CYS,88,A_CYS_88,12.459194310695215,0.0
A,GLN,39,A_GLN_39,23.65876512119696,73.0
A,GLU,27,A_GLU_27,19.80199117013649,83.0
A,GLU,31,A_GLU_31,14.287358163330737,98.0
A,GLU,42,A_GLU_42,23.763348067966596,138.0
A,ILE,36,A_ILE_36,5.698414280668742,58.0
A,ILE,48,A_ILE_48,18.49039184141565,25.0
A,LEU,43,A_LEU_43,17.843953373334028,67.0
A,LEU,52,A_LEU_52,18.02397863247061,7.0
A,LEU,59,A_LEU_59,17.610463354037428,3.0
A,LEU,61,A_LEU_61,17.836286169911183,0.0
A,LEU,66,A_LEU_66,12.219940906297031,10.0
A,LEU,80,A_LEU_80,5.574037195694883,0.0
A,LEU,83,A_LEU_83,18.14172801594697,0.0
A,LEU,85,A_LEU_85,17.326398977073467,0.0
A,LYS,47,A_LYS_47,11.750424975359245,127.0
A,MET,41,A_MET_41,21.72995282662289,75.0
A,PHE,45,A_PHE_45,25.00177000346723,33.0
A,PHE,63,A_PHE_63,22.69204515999136,107.0
A,PHE,74,A_PHE_74,6.3992995444851815,0.0
A,PHE,77,A_PHE_77,12.97919234123453,0.0
A,PRO,28,A_PRO_28,16.346550665551415,63.0
A,PRO,49,A_PRO_49,16.233086364134188,3.0
A,PRO,53,A_PRO_53,4.393527655064847,36.0
A,PRO,65,A_PRO_65,10.543856911405028,10.0
A,SER,62,A_SER_62,16.213731254496018,5.0
A,SER,86,A_SER_86,13.030417769800057,16.0
A,THR,37,A_THR_37,17.137752602333514,30.0
A,THR,56,A_THR_56,7.008095328578374,0.0
A,TRP,26,A_TRP_26,5.707349889441689,243.0
A,TYR,38,A_TYR_38,28.776607676708498,8.0
A,TYR,46,A_TYR_46,7.062105075370733,156.0
A,VAL,30,A_VAL_30,15.969010614502752,88.0
A,VAL,32,A_VAL_32,12.9504594297638,81.0
A,VAL,33,A_VAL_33,2.7837234159162696,67.0
A,VAL,82,A_VAL_82,5.845512088725518,47.0
