chain,resname,resnum,res_key,density,ACC
A,ARG,864,A_ARG_864,26.77752883243813,146.0
A,ARG,913,A_ARG_913,3.30224652092626,75.0
A,ASN,869,A_ASN_869,4.921439275632105,103.0
A,ASN,918,A_ASN_918,20.0733540242426,110.0
A,ASP,865,A_ASP_865,21.763688050055,111.0
A,ASP,923,A_ASP_923,21.02549314771185,43.0
A,CYS,866,A_CYS_866,18.34053917503335,2.0
A,CYS,921,A_CYS_921,18.0737011929584,51.0
A,GLN,862,A_GLN_862,14.80774140722336,74.0
A,GLN,915,A_GLN_915,22.326233279628678,65.0
A,GLU,925,A_GLU_925,2.760394111447194,64.0
A,GLY,917,A_GLY_917,10.393944807560274,36.0
A,ILE,863,A_ILE_863,14.78781105887121,0.0
A,ILE,914,A_ILE_914,11.79721781475546,12.0
A,LEU,868,A_LEU_868,17.858165034871398,29.0
A,LEU,924,A_LEU_924,17.62854885617978,0.0
A,LYS,948,A_LYS_948,8.745190381543534,93.0
A,PRO,867,A_PRO_867,16.258751308748728,90.0
A,PRO,916,A_PRO_916,16.038574717545217,95.0
A,PRO,919,A_PRO_919,15.393344343572483,115.0
A,SER,920,A_SER_920,15.01183798355843,89.0
A,THR,922,A_THR_922,17.68098269041336,16.0
