chain,resname,resnum,res_key,density,ACC
A,ALA,189,A_ALA_189,12.831111088134175,15.0
A,ARG,103,A_ARG_103,8.519850179230883,142.0
A,ARG,202,A_ARG_202,16.50643333415182,47.0
A,ASP,223,A_ASP_223,12.674747532269851,6.0
A,CYS,188,A_CYS_188,18.44141672337141,51.0
A,CYS,221,A_CYS_221,17.57665375990338,4.0
A,GLN,187,A_GLN_187,22.653014850817883,177.0
A,GLU,102,A_GLU_102,20.130366710913844,33.0
A,GLU,108,A_GLU_108,13.632714198292602,160.0
A,GLU,271,A_GLU_271,9.59836118563148,30.0
A,GLY,183,A_GLY_183,9.945621891670305,9.0
A,GLY,216,A_GLY_216,5.452759569269684,36.0
A,GLY,222,A_GLY_222,10.353228985133295,5.0
A,HIS,101,A_HIS_101,23.62912458146473,6.0
A,HIS,185,A_HIS_185,24.173413358148423,61.0
A,HIS,218,A_HIS_218,17.879452613704515,51.0
A,ILE,97,A_ILE_97,7.999014606662143,12.0
A,ILE,219,A_ILE_219,18.56742154131217,78.0
A,LEU,179,A_LEU_179,3.2230129892258343,32.0
A,LEU,192,A_LEU_192,12.05200411582524,33.0
A,LEU,220,A_LEU_220,18.57941791160158,13.0
A,LYS,107,A_LYS_107,21.00517237529991,27.0
A,LYS,191,A_LYS_191,20.03113670416373,83.0
A,MET,184,A_MET_184,19.54591046223072,122.0
A,PHE,186,A_PHE_186,24.926769622453143,31.0
A,PHE,224,A_PHE_224,13.180163090797748,6.0
A,PRO,105,A_PRO_105,16.059812234254608,40.0
A,PRO,106,A_PRO_106,16.188112146005608,68.0
A,PRO,180,A_PRO_180,9.869920850258364,19.0
A,PRO,182,A_PRO_182,6.13627177947934,5.0
A,PRO,190,A_PRO_190,16.508869425402878,102.0
A,SER,110,A_SER_110,3.137765258880623,38.0
A,SER,217,A_SER_217,7.459128827652956,11.0
A,THR,98,A_THR_98,5.307129394128508,5.0
A,VAL,100,A_VAL_100,6.267380549884079,1.0
A,VAL,104,A_VAL_104,16.906820600412367,10.0
A,VAL,181,A_VAL_181,16.316909605248267,3.0
