chain,resname,resnum,res_key,density,ACC
A,ALA,225,A_ALA_225,12.607615884657804,63.0
A,ALA,231,A_ALA_231,12.719054796073111,25.0
A,CYS,232,A_CYS_232,17.558303109198214,65.0
A,GLN,234,A_GLN_234,23.06628402424009,7.0
A,GLU,104,A_GLU_104,18.248636340924342,61.0
A,GLY,224,A_GLY_224,6.078853958097753,35.0
A,GLY,227,A_GLY_227,10.36268771299696,33.0
A,GLY,229,A_GLY_229,10.756216247911674,35.0
A,GLY,237,A_GLY_237,10.877300183494183,0.0
A,ILE,100,A_ILE_100,8.209729867103647,20.0
A,ILE,105,A_ILE_105,8.69839861396445,77.0
A,ILE,228,A_ILE_228,18.977721779126554,116.0
A,ILE,230,A_ILE_230,18.60613281062319,70.0
A,ILE,239,A_ILE_239,15.348768182182416,82.0
A,LEU,97,A_LEU_97,13.559948478501047,7.0
A,LEU,102,A_LEU_102,2.616115002297136,89.0
A,MET,238,A_MET_238,21.227014838893155,19.0
A,PHE,27,A_PHE_27,12.619311335973,41.0
A,PHE,101,A_PHE_101,24.920646638595723,46.0
A,PHE,236,A_PHE_236,25.480239221209818,116.0
A,PHE,240,A_PHE_240,15.815773208368151,55.0
A,TYR,23,A_TYR_23,15.48347317276724,29.0
A,VAL,226,A_VAL_226,14.196797295036731,83.0
A,VAL,233,A_VAL_233,17.093414704478754,63.0
A,VAL,235,A_VAL_235,17.089803515248494,56.0
