chain,resname,resnum,res_key,density,ACC,hbond_type
A,ALA,465,A_ALA_465,12.131075020873922,2.0,0
A,ALA,473,A_ALA_473,6.665626354695372,0.0,0
A,ARG,462,A_ARG_462,2.223264397912146,109.0,1
A,ARG,537,A_ARG_537,28.03972607201535,81.0,1
A,ARG,538,A_ARG_538,27.06904135465216,118.0,1
A,ASN,484,A_ASN_484,12.40301180994355,5.0,0
A,ASN,486,A_ASN_486,17.73008908932733,34.0,0
A,ASN,497,A_ASN_497,18.413307281065475,55.0,2
A,ASN,501,A_ASN_501,2.733660723646907,21.0,0
A,ASP,469,A_ASP_469,18.85088862124985,37.0,0
A,CYS,536,A_CYS_536,18.46808097285344,0.0,0
A,GLN,498,A_GLN_498,12.311302282842302,78.0,0
A,GLN,541,A_GLN_541,23.07147412140883,131.0,0
A,GLU,454,A_GLU_454,11.031327301315187,93.0,2
A,GLY,499,A_GLY_499,10.475366195847911,6.0,0
A,HIS,472,A_HIS_472,10.120431710979718,23.0,3
A,ILE,457,A_ILE_457,3.702403043347632,42.0,0
A,ILE,491,A_ILE_491,10.480436365966511,92.0,0
A,ILE,519,A_ILE_519,5.372881143295343,15.0,0
A,LEU,452,A_LEU_452,6.002517621570837,114.0,0
A,LEU,464,A_LEU_464,11.582219808484329,12.0,0
A,LEU,481,A_LEU_481,10.564270224700245,0.0,0
A,LEU,483,A_LEU_483,18.30646734757427,0.0,0
A,LEU,500,A_LEU_500,18.026148983437004,28.0,0
A,LEU,539,A_LEU_539,18.592588217325822,35.0,0
A,LYS,453,A_LYS_453,20.51434455333564,107.0,0
A,LYS,470,A_LYS_470,12.19926473771718,4.0,1
A,PHE,463,A_PHE_463,24.77686140018893,0.0,0
A,PHE,475,A_PHE_475,1.958893845391344,10.0,0
A,PHE,487,A_PHE_487,26.003033158152547,48.0,0
A,SER,455,A_SER_455,15.443904778101976,28.0,2
A,SER,488,A_SER_488,7.285611018577906,98.0,0
A,SER,489,A_SER_489,15.863897597666702,28.0,0
A,SER,534,A_SER_534,15.644621738618705,39.0,2
A,SER,543,A_SER_543,9.895248234855352,65.0,0
A,THR,482,A_THR_482,2.085507747181844,5.0,3
A,THR,530,A_THR_530,18.07488370836475,61.0,0
A,THR,531,A_THR_531,18.03456616492982,32.0,0
A,THR,533,A_THR_533,18.314089099010964,9.0,0
A,THR,540,A_THR_540,17.771973363301857,19.0,0
A,THR,542,A_THR_542,13.722231409660475,118.0,0
A,TRP,485,A_TRP_485,31.76473061176786,8.0,0
A,TRP,535,A_TRP_535,31.74310932047068,9.0,1
A,TYR,466,A_TYR_466,10.922216741369173,42.0,0
A,TYR,528,A_TYR_528,6.074056035479628,29.0,1
A,VAL,471,A_VAL_471,16.009762119944263,0.0,0
A,VAL,496,A_VAL_496,9.923672935603502,107.0,0
A,VAL,529,A_VAL_529,14.403202061178291,4.0,0
A,VAL,532,A_VAL_532,16.185262379138475,0.0,0
