chain,resname,resnum,res_key,density,ACC,hbond_type
A,ALA,321,A_ALA_321,12.943352369417406,66.0,0
A,ALA,329,A_ALA_329,11.718621530025606,19.0,0
A,ALA,330,A_ALA_330,12.471505899773618,61.0,0
A,ALA,1258,A_ALA_1258,13.052659572564112,32.0,0
A,ASN,1256,A_ASN_1256,20.59943376615813,11.0,0
A,ASP,325,A_ASP_325,20.57900036384229,33.0,0
A,CYS,323,A_CYS_323,17.41929406107139,116.0,0
A,CYS,324,A_CYS_324,17.56718285878745,48.0,0
A,CYS,1119,A_CYS_1119,17.723472429197685,48.0,0
A,GLU,320,A_GLU_320,10.88735570444557,191.0,0
A,GLU,332,A_GLU_332,10.440289786122763,38.0,2
A,GLU,1120,A_GLU_1120,24.264907180820337,30.0,2
A,GLY,1118,A_GLY_1118,9.371040702368912,2.0,0
A,LEU,1116,A_LEU_1116,8.626067847022167,18.0,0
A,LEU,1117,A_LEU_1117,12.503413291128716,7.0,0
A,LEU,1121,A_LEU_1121,17.811848321838507,96.0,0
A,LYS,1257,A_LYS_1257,8.808954462734516,108.0,0
A,LYS,1259,A_LYS_1259,15.298741986428686,12.0,1
A,MET,1114,A_MET_1114,18.75710251017878,50.0,0
A,PHE,331,A_PHE_331,20.4438603450864,69.0,0
A,PRO,326,A_PRO_326,15.93475694035482,79.0,0
A,PRO,1253,A_PRO_1253,2.026757671406433,12.0,0
A,SER,322,A_SER_322,15.798281666317678,63.0,0
A,SER,328,A_SER_328,16.118847328817374,3.0,2
A,SER,1123,A_SER_1123,7.935487600066676,0.0,1
A,SER,1254,A_SER_1254,6.285684287793822,67.0,0
A,THR,1113,A_THR_1113,3.244100687146086,0.0,0
A,TRP,1122,A_TRP_1122,6.887102610051747,133.0,0
A,VAL,327,A_VAL_327,17.00256688796842,84.0,0
A,VAL,1115,A_VAL_1115,14.235504050665975,77.0,0
A,VAL,1255,A_VAL_1255,6.089119112285288,36.0,0
