chain,resname,resnum,res_key,density,ACC,hbond_type
A,ALA,881,A_ALA_881,11.645199549850416,12.0,0
A,ALA,1000,A_ALA_1000,10.058424785174642,42.0,0
A,ARG,882,A_ARG_882,24.74957884384049,31.0,1
A,ARG,935,A_ARG_935,27.62220813108592,80.0,0
A,ASN,903,A_ASN_903,3.66704560719295,57.0,0
A,ASP,936,A_ASP_936,3.025425309171667,117.0,0
A,CYS,885,A_CYS_885,18.53150961832723,85.0,0
A,CYS,890,A_CYS_890,2.569262949141568,2.0,1
A,CYS,898,A_CYS_898,17.26237646605186,0.0,1
A,CYS,901,A_CYS_901,2.5316317498977208,1.0,1
A,CYS,930,A_CYS_930,8.071916588364711,0.0,0
A,CYS,986,A_CYS_986,5.502858648151404,9.0,1
A,GLN,896,A_GLN_896,9.838680227603632,63.0,2
A,GLN,974,A_GLN_974,16.846032991521106,76.0,0
A,GLU,973,A_GLU_973,19.50121197870581,37.0,2
A,GLU,976,A_GLU_976,7.518642933748786,177.0,0
A,GLU,1004,A_GLU_1004,15.021326350933778,4.0,0
A,GLY,883,A_GLY_883,10.378653480008168,13.0,0
A,GLY,884,A_GLY_884,10.253740214881145,46.0,0
A,GLY,900,A_GLY_900,9.496102954079044,2.0,0
A,GLY,924,A_GLY_924,2.618859867238739,13.0,0
A,HIS,887,A_HIS_887,23.53820158248118,41.0,3
A,HIS,889,A_HIS_889,24.49492829907815,95.0,3
A,HIS,926,A_HIS_926,11.229038383509598,9.0,2
A,HIS,1001,A_HIS_1001,15.548581773628712,0.0,3
A,ILE,869,A_ILE_869,7.796427301793162,1.0,0
A,ILE,972,A_ILE_972,2.7632028154329675,52.0,0
A,LEU,880,A_LEU_880,14.281432058470616,17.0,0
A,LEU,922,A_LEU_922,5.838859482448054,87.0,0
A,LEU,931,A_LEU_931,18.296647474346813,6.0,0
A,LYS,975,A_LYS_975,6.401966141673022,71.0,1
A,LYS,988,A_LYS_988,6.015179042009166,103.0,0
A,MET,886,A_MET_886,20.55504715586166,4.0,0
A,PHE,888,A_PHE_888,25.166464112807745,31.0,0
A,PHE,897,A_PHE_897,25.00420208047137,0.0,0
A,PHE,905,A_PHE_905,14.380476076661992,29.0,0
A,PHE,932,A_PHE_932,25.08056206636913,58.0,0
A,SER,899,A_SER_899,15.103624322366976,0.0,0
A,TYR,933,A_TYR_933,2.8913595631795084,50.0,2
