chain,resname,resnum,res_key,density,ACC,hbond_type
A,ALA,122,A_ALA_122,12.269174510086607,5.0,0
A,ALA,128,A_ALA_128,12.927503611921754,88.0,0
A,ALA,139,A_ALA_139,12.795685592550054,0.0,0
A,ALA,174,A_ALA_174,12.66083737209851,20.0,0
A,ALA,180,A_ALA_180,12.944578065167615,0.0,0
A,ARG,101,A_ARG_101,12.832102632713314,47.0,1
A,ARG,140,A_ARG_140,11.023043548350822,45.0,1
A,ASN,116,A_ASN_116,11.846030217497958,9.0,1
A,ASP,145,A_ASP_145,9.57360275213244,25.0,2
A,ASP,178,A_ASP_178,21.190864040181243,54.0,2
A,ASP,179,A_ASP_179,12.451483631115597,86.0,2
A,CYS,123,A_CYS_123,18.39733957512741,3.0,0
A,GLN,181,A_GLN_181,23.056609306915213,6.0,2
A,GLN,183,A_GLN_183,7.274160116602438,41.0,1
A,GLU,115,A_GLU_115,6.082570818718186,41.0,2
A,GLU,124,A_GLU_124,24.138459958317107,70.0,2
A,GLU,125,A_GLU_125,23.25505889446645,55.0,0
A,GLU,129,A_GLU_129,20.11636974405217,51.0,2
A,GLU,137,A_GLU_137,5.649184084894522,60.0,2
A,HIS,175,A_HIS_175,23.17189272776401,108.0,1
A,ILE,142,A_ILE_142,18.49584609593981,8.0,0
A,ILE,165,A_ILE_165,7.423148500172306,3.0,0
A,ILE,184,A_ILE_184,19.025451984159066,0.0,0
A,LEU,70,A_LEU_70,9.852607774826511,66.0,0
A,LEU,118,A_LEU_118,16.54327105111768,17.0,0
A,LEU,121,A_LEU_121,18.13210338199569,31.0,0
A,LEU,126,A_LEU_126,17.791758013187085,1.0,0
A,LEU,141,A_LEU_141,17.558483154179616,60.0,0
A,LEU,157,A_LEU_157,5.374438436377464,17.0,0
A,LEU,182,A_LEU_182,12.79071014006685,110.0,0
A,LYS,127,A_LYS_127,21.488344578618577,75.0,1
A,LYS,138,A_LYS_138,21.01539047615277,54.0,1
A,LYS,168,A_LYS_168,2.3858826369218846,74.0,1
A,MET,95,A_MET_95,10.131496111302202,1.0,0
A,MET,117,A_MET_117,19.59195702117272,0.0,0
A,MET,169,A_MET_169,5.746288915245327,9.0,0
A,MET,188,A_MET_188,6.9524346948935465,0.0,0
A,PHE,119,A_PHE_119,24.25759789044733,0.0,0
A,PHE,177,A_PHE_177,25.663231789099346,3.0,0
A,PRO,71,A_PRO_71,1.5888443209609264,99.0,0
A,PRO,172,A_PRO_172,1.9382669528171408,8.0,0
A,SER,173,A_SER_173,15.217459873674605,46.0,0
A,THR,176,A_THR_176,17.797252538826115,1.0,0
A,TRP,120,A_TRP_120,31.443790177416748,20.0,1
A,TYR,143,A_TYR_143,8.857864626973843,46.0,1
A,TYR,146,A_TYR_146,27.291520923500435,9.0,0
A,TYR,185,A_TYR_185,13.326139111632012,29.0,1
A,VAL,134,A_VAL_134,6.013444871086115,48.0,0
A,VAL,135,A_VAL_135,16.532523365514578,4.0,0
A,VAL,147,A_VAL_147,11.18802281004741,0.0,0
A,VAL,155,A_VAL_155,5.663734959436137,0.0,0
