chain,resname,resnum,res_key,density,ACC,hbond_type
A,ALA,667,A_ALA_667,6.598117312585412,10.0,0
A,ALA,694,A_ALA_694,11.844276416836458,0.0,0
A,ALA,698,A_ALA_698,12.159598218243987,9.0,0
A,ALA,739,A_ALA_739,12.398955467764328,0.0,0
A,ARG,662,A_ARG_662,2.6772701339675145,117.0,1
A,ARG,693,A_ARG_693,26.78918758733177,85.0,0
A,ARG,700,A_ARG_700,27.259049072072912,150.0,0
A,ARG,732,A_ARG_732,24.21324161025082,69.0,1
A,ARG,733,A_ARG_733,10.742002571362692,110.0,1
A,ASN,660,A_ASN_660,15.375376264580604,52.0,3
A,ASP,726,A_ASP_726,6.337257912624202,84.0,2
A,ASP,734,A_ASP_734,16.482573617914856,73.0,2
A,CYS,691,A_CYS_691,18.35920700161537,7.0,0
A,CYS,695,A_CYS_695,17.892300476398013,37.0,0
A,GLN,692,A_GLN_692,22.852202904554787,99.0,0
A,GLU,689,A_GLU_689,22.51363554672308,89.0,0
A,GLU,701,A_GLU_701,24.96227509708552,65.0,2
A,GLU,730,A_GLU_730,14.516900514938731,92.0,0
A,GLU,737,A_GLU_737,2.9603539400758785,109.0,0
A,GLU,738,A_GLU_738,13.799459346094988,67.0,2
A,HIS,735,A_HIS_735,23.330321447839182,9.0,1
A,ILE,690,A_ILE_690,17.067515673183237,6.0,0
A,ILE,699,A_ILE_699,18.80426867411233,90.0,0
A,ILE,703,A_ILE_703,10.569961406033782,86.0,0
A,ILE,731,A_ILE_731,18.283647123913035,4.0,0
A,LEU,657,A_LEU_657,3.214340285292763,2.0,0
A,LEU,661,A_LEU_661,18.27510073326796,13.0,0
A,LEU,687,A_LEU_687,5.726324319760377,0.0,0
A,LEU,697,A_LEU_697,17.595401299743916,35.0,0
A,LYS,663,A_LYS_663,11.701173189217537,183.0,0
A,LYS,696,A_LYS_696,20.73093312101498,124.0,0
A,MET,740,A_MET_740,2.760666573309937,46.0,0
A,PHE,736,A_PHE_736,26.49412516630668,4.0,0
A,PRO,665,A_PRO_665,16.398834931952138,80.0,0
A,PRO,729,A_PRO_729,10.261324237131037,82.0,0
A,SER,664,A_SER_664,15.478734504928578,39.0,0
A,SER,702,A_SER_702,12.586541848387972,18.0,1
A,THR,688,A_THR_688,15.040748021462669,43.0,3
A,VAL,666,A_VAL_666,16.327146911705242,44.0,0
A,VAL,670,A_VAL_670,5.558437189333727,18.0,0
A,VAL,728,A_VAL_728,16.05014039267607,11.0,0
