chain,resname,resnum,res_key,density,ACC,hbond_type
A,ALA,289,A_ALA_289,12.30340920147172,0.0,0
A,ALA,320,A_ALA_320,5.654753226889047,23.0,0
A,ALA,326,A_ALA_326,12.256279427003134,0.0,0
A,ALA,334,A_ALA_334,12.291650731049003,39.0,0
A,ALA,337,A_ALA_337,12.657021363809456,26.0,0
A,ALA,338,A_ALA_338,13.046578579178354,0.0,0
A,ALA,362,A_ALA_362,6.661699790188496,0.0,0
A,ARG,276,A_ARG_276,3.2863904289566004,110.0,1
A,ARG,358,A_ARG_358,24.91927381916234,27.0,0
A,ASN,324,A_ASN_324,21.54067154703013,39.0,1
A,CYS,328,A_CYS_328,18.562874558689707,0.0,0
A,CYS,342,A_CYS_342,12.138041235087409,0.0,0
A,GLN,288,A_GLN_288,17.938170467665177,6.0,2
A,GLN,292,A_GLN_292,15.075113472954031,0.0,1
A,GLN,333,A_GLN_333,20.059056787981795,146.0,0
A,GLU,283,A_GLU_283,10.947368466417892,106.0,2
A,GLU,340,A_GLU_340,5.324687655171991,125.0,0
A,GLU,361,A_GLU_361,7.919125298418249,60.0,0
A,GLY,277,A_GLY_277,10.07669546588992,0.0,0
A,GLY,284,A_GLY_284,10.19036089767475,34.0,0
A,HIS,322,A_HIS_322,17.274885087204755,21.0,0
A,HIS,329,A_HIS_329,23.88046511478961,20.0,3
A,ILE,339,A_ILE_339,8.097891152612307,26.0,0
A,LEU,290,A_LEU_290,18.21550518099092,18.0,0
A,LEU,291,A_LEU_291,19.007065161881904,61.0,0
A,LEU,323,A_LEU_323,17.120580516133597,13.0,0
A,LEU,325,A_LEU_325,18.793147784162606,9.0,0
A,LEU,330,A_LEU_330,18.30309807592089,27.0,0
A,LEU,332,A_LEU_332,18.342032345980787,65.0,0
A,LYS,274,A_LYS_274,2.916674234585448,69.0,0
A,LYS,282,A_LYS_282,14.15768304681202,167.0,0
A,LYS,285,A_LYS_285,14.40446646698568,82.0,1
A,LYS,287,A_LYS_287,18.173515008583408,103.0,1
A,LYS,294,A_LYS_294,15.118686673884683,114.0,0
A,LYS,331,A_LYS_331,20.852512339726346,112.0,0
A,LYS,354,A_LYS_354,3.4507725187000884,122.0,0
A,MET,327,A_MET_327,22.510942001274383,40.0,0
A,PHE,281,A_PHE_281,25.58783695302897,53.0,0
A,PHE,335,A_PHE_335,26.00184559562216,48.0,0
A,SER,321,A_SER_321,13.345571759613126,0.0,0
A,SER,336,A_SER_336,9.001735262151824,83.0,0
A,SER,341,A_SER_341,15.819797807004814,10.0,3
A,THR,278,A_THR_278,17.73432038984368,43.0,3
A,TYR,280,A_TYR_280,17.04158615522248,39.0,1
A,TYR,286,A_TYR_286,28.199609529250964,60.0,0
A,TYR,293,A_TYR_293,27.44579046105588,4.0,3
A,VAL,279,A_VAL_279,9.092532006228229,74.0,0
