chain,resname,resnum,res_key,density,ACC,hbond_type
A,ALA,425,A_ALA_425,12.634923720586997,23.0,0
A,ALA,434,A_ALA_434,12.387097274905871,80.0,0
A,ASN,426,A_ASN_426,20.84192773160824,132.0,0
A,ASN,432,A_ASN_432,19.278909358294094,135.0,0
A,ASP,435,A_ASP_435,18.425817409515137,162.0,0
A,CYS,431,A_CYS_431,18.33618348105048,70.0,0
A,GLN,417,A_GLN_417,22.05247120589436,17.0,3
A,GLU,415,A_GLU_415,3.077900405948799,35.0,2
A,GLU,475,A_GLU_475,19.726132618911954,164.0,0
A,ILE,420,A_ILE_420,3.415013491116772,76.0,0
A,ILE,439,A_ILE_439,3.854362575088733,86.0,0
A,ILE,460,A_ILE_460,15.029504743129383,1.0,0
A,LEU,430,A_LEU_430,18.099697683827845,20.0,0
A,LYS,464,A_LYS_464,7.943337476233215,45.0,1
A,MET,438,A_MET_438,2.684958456813161,117.0,0
A,MET,462,A_MET_462,21.03578925757496,17.0,0
A,PHE,461,A_PHE_461,10.635374083136414,0.0,0
A,PRO,476,A_PRO_476,12.749275440062254,44.0,0
A,SER,429,A_SER_429,16.13271585281416,81.0,0
A,SER,433,A_SER_433,14.982337045381891,48.0,3
A,SER,436,A_SER_436,16.06599688806453,52.0,3
A,SER,473,A_SER_473,15.827724505921257,53.0,0
A,SER,474,A_SER_474,8.494305499670743,6.0,0
A,THR,419,A_THR_419,11.724861955112129,21.0,0
A,THR,422,A_THR_422,3.296509957430048,75.0,0
A,TRP,437,A_TRP_437,31.7942511196784,23.0,0
A,TYR,418,A_TYR_418,10.609827859238122,37.0,0
A,VAL,427,A_VAL_427,16.214384333441863,37.0,0
A,VAL,428,A_VAL_428,16.37151533504112,104.0,0
A,VAL,463,A_VAL_463,2.5108490456346018,0.0,0
