chain,resname,resnum,res_key,density,ACC,hbond_type
A,ALA,513,A_ALA_513,12.346757132351517,70.0,0
A,ALA,516,A_ALA_516,12.482980156854618,37.0,0
A,ALA,541,A_ALA_541,12.738306730120248,3.0,0
A,ARG,74,A_ARG_74,7.638098347067491,37.0,0
A,ASN,537,A_ASN_537,21.59021897746965,30.0,0
A,ASP,472,A_ASP_472,5.771502430345329,2.0,0
A,ASP,481,A_ASP_481,22.03186297013921,24.0,2
A,CYS,471,A_CYS_471,12.20005529650706,0.0,0
A,CYS,483,A_CYS_483,17.847014273701273,0.0,1
A,CYS,484,A_CYS_484,11.51338464918708,0.0,0
A,CYS,503,A_CYS_503,18.31144480766858,0.0,0
A,CYS,510,A_CYS_510,17.846490790588184,0.0,0
A,CYS,511,A_CYS_511,17.474865833430712,7.0,0
A,CYS,515,A_CYS_515,16.461874794433015,4.0,0
A,CYS,524,A_CYS_524,17.820640960697133,22.0,0
A,CYS,536,A_CYS_536,17.317411131196543,1.0,0
A,CYS,543,A_CYS_543,16.940860495975883,1.0,0
A,GLN,502,A_GLN_502,22.72507926336192,117.0,0
A,GLN,507,A_GLN_507,22.63525001216036,52.0,0
A,GLN,514,A_GLN_514,23.602366379584176,143.0,0
A,GLU,470,A_GLU_470,5.667573153625023,90.0,0
A,GLU,482,A_GLU_482,12.024560356994913,137.0,0
A,GLU,522,A_GLU_522,23.406408183283613,71.0,0
A,GLY,109,A_GLY_109,7.54031738726381,9.0,0
A,GLY,508,A_GLY_508,10.950440721256133,9.0,0
A,GLY,538,A_GLY_538,10.62005014098943,32.0,0
A,ILE,535,A_ILE_535,5.968924789916139,73.0,0
A,LEU,497,A_LEU_497,7.369527582435556,33.0,0
A,LEU,542,A_LEU_542,18.442122797212416,59.0,0
A,LYS,501,A_LYS_501,20.06159725608927,75.0,0
A,LYS,518,A_LYS_518,20.991300397067665,49.0,0
A,LYS,520,A_LYS_520,2.7884930563794783,158.0,0
A,LYS,523,A_LYS_523,11.134303963715304,103.0,1
A,PHE,517,A_PHE_517,25.87137089720867,52.0,0
A,PHE,539,A_PHE_539,11.551688941508054,138.0,0
A,PRO,505,A_PRO_505,15.116825503033244,47.0,0
A,PRO,509,A_PRO_509,15.99808349393371,10.0,0
A,PRO,544,A_PRO_544,6.377704152721849,36.0,0
A,SER,504,A_SER_504,15.381032470343431,0.0,3
A,SER,506,A_SER_506,16.597648744508582,22.0,3
A,SER,519,A_SER_519,16.006853639412576,55.0,3
A,THR,512,A_THR_512,18.019001682147103,25.0,0
A,THR,540,A_THR_540,18.151198616600343,41.0,0
A,TYR,108,A_TYR_108,16.358467009484528,89.0,0
A,VAL,465,A_VAL_465,1.8966164604190696,64.0,0
