chain,resname,resnum,res_key,density,ACC,hbond_type
A,ARG,357,A_ARG_357,26.782348627492865,17.0,0
A,ASN,351,A_ASN_351,10.302818038528674,84.0,0
A,ASN,353,A_ASN_353,15.460601840725737,95.0,0
A,ASN,356,A_ASN_356,21.33511275646401,83.0,0
A,ASP,354,A_ASP_354,21.529675152831672,64.0,0
A,CYS,90,A_CYS_90,17.36326846399527,35.0,0
A,CYS,358,A_CYS_358,18.821239172892884,6.0,0
A,GLN,91,A_GLN_91,22.52461509808224,154.0,0
A,GLN,352,A_GLN_352,14.18343184124763,60.0,0
A,GLU,95,A_GLU_95,8.940130729343476,103.0,0
A,GLU,359,A_GLU_359,20.702402879414848,153.0,0
A,GLY,92,A_GLY_92,10.295587381843523,35.0,0
A,ILE,45,A_ILE_45,9.793498775761872,3.0,0
A,ILE,94,A_ILE_94,18.14007344764037,9.0,0
A,LEU,39,A_LEU_39,3.866941388464688,20.0,0
A,LEU,360,A_LEU_360,9.093343036427823,48.0,0
A,LEU,361,A_LEU_361,14.893540692153964,4.0,0
A,LYS,248,A_LYS_248,8.018680791036083,165.0,0
A,MET,46,A_MET_46,15.617383781776446,97.0,0
A,PRO,87,A_PRO_87,15.638598126935335,59.0,0
A,PRO,88,A_PRO_88,16.322655548983924,48.0,0
A,PRO,89,A_PRO_89,16.1834421338811,112.0,0
A,PRO,93,A_PRO_93,16.824147963625958,79.0,0
A,PRO,355,A_PRO_355,15.623547601384535,48.0,0
A,SER,86,A_SER_86,5.347378798499893,98.0,0
A,SER,362,A_SER_362,10.400699233132697,20.0,0
A,THR,37,A_THR_37,6.831080710275299,32.0,0
A,THR,42,A_THR_42,14.336646805727662,3.0,0
A,TYR,247,A_TYR_247,15.82984895097097,70.0,0
A,TYR,350,A_TYR_350,14.390600582038946,29.0,0
