chain,resname,resnum,res_key,density,ACC,hbond_type
A,ALA,303,A_ALA_303,6.6045176764806,57.0,0
A,ALA,305,A_ALA_305,12.100117508144994,2.0,0
A,ALA,307,A_ALA_307,12.259834810628124,0.0,0
A,ARG,274,A_ARG_274,19.51867467199271,67.0,1
A,ARG,309,A_ARG_309,20.30811151919202,101.0,0
A,ASP,269,A_ASP_269,16.15747233042936,43.0,2
A,ASP,293,A_ASP_293,22.22346129271433,48.0,2
A,ASP,294,A_ASP_294,21.52108188410213,119.0,0
A,CYS,296,A_CYS_296,18.047134486870952,5.0,0
A,GLN,242,A_GLN_242,23.958243014233226,80.0,1
A,GLN,276,A_GLN_276,20.25719707780512,102.0,0
A,GLU,267,A_GLU_267,5.930990551939977,44.0,2
A,GLU,273,A_GLU_273,12.51766884787268,69.0,2
A,GLU,302,A_GLU_302,19.481861698812285,130.0,0
A,GLY,221,A_GLY_221,10.15578136873691,12.0,0
A,GLY,290,A_GLY_290,5.922912768937433,15.0,0
A,GLY,291,A_GLY_291,10.513112478463055,13.0,0
A,ILE,270,A_ILE_270,13.413338219231065,42.0,0
A,ILE,275,A_ILE_275,18.6142547645736,0.0,0
A,ILE,278,A_ILE_278,10.586739913329094,0.0,0
A,ILE,286,A_ILE_286,14.730253700497672,0.0,0
A,ILE,292,A_ILE_292,17.57238333847822,5.0,0
A,LEU,237,A_LEU_237,2.0386373253719867,0.0,0
A,LEU,241,A_LEU_241,18.348979311242868,2.0,0
A,LEU,279,A_LEU_279,12.126498919350109,38.0,0
A,LEU,297,A_LEU_297,17.58181848133941,9.0,0
A,LYS,243,A_LYS_243,18.434164934748853,62.0,1
A,LYS,272,A_LYS_272,21.225760479921966,69.0,0
A,LYS,277,A_LYS_277,2.725070787164929,74.0,0
A,LYS,298,A_LYS_298,21.61137766624455,126.0,0
A,MET,225,A_MET_225,10.985498597600795,6.0,0
A,MET,295,A_MET_295,22.160358355042145,104.0,0
A,MET,306,A_MET_306,6.10310480228368,0.0,0
A,PHE,239,A_PHE_239,12.12850653804933,37.0,0
A,PHE,300,A_PHE_300,25.854321176873007,0.0,0
A,SER,222,A_SER_222,15.918174952018443,42.0,0
A,SER,240,A_SER_240,15.323185633632797,53.0,0
A,SER,268,A_SER_268,15.894526317911724,12.0,0
A,THR,244,A_THR_244,9.836936320247794,43.0,3
A,THR,271,A_THR_271,17.970089669123688,4.0,3
A,THR,288,A_THR_288,6.685339212363626,0.0,0
A,TYR,299,A_TYR_299,28.92401715108354,50.0,0
A,VAL,301,A_VAL_301,16.591667517106284,51.0,0
A,VAL,308,A_VAL_308,10.43029987814046,0.0,0
