chain,resname,resnum,res_key,density,ACC,hbond_type
A,ALA,581,A_ALA_581,12.376162212910264,17.0,0
A,ALA,595,A_ALA_595,3.1322921404357404,0.0,0
A,ALA,601,A_ALA_601,12.022682558878682,18.0,0
A,ARG,580,A_ARG_580,23.685010159366392,35.0,1
A,ARG,634,A_ARG_634,26.10292911624925,65.0,1
A,ARG,760,A_ARG_760,15.288883069535329,43.0,1
A,ASN,714,A_ASN_714,2.66428762091366,56.0,0
A,ASP,596,A_ASP_596,17.19760221201847,11.0,2
A,ASP,624,A_ASP_624,21.350646864809605,67.0,2
A,ASP,625,A_ASP_625,20.688552148893613,120.0,0
A,ASP,628,A_ASP_628,21.880132471701643,53.0,2
A,ASP,632,A_ASP_632,21.507772698903874,11.0,2
A,CYS,623,A_CYS_623,17.962528553024587,78.0,0
A,CYS,631,A_CYS_631,16.893952632702465,14.0,0
A,GLU,600,A_GLU_600,23.565354093618,2.0,2
A,GLU,622,A_GLU_622,14.00909553565371,46.0,2
A,GLY,583,A_GLY_583,4.154540611600046,4.0,0
A,GLY,607,A_GLY_607,5.920121781798231,37.0,0
A,GLY,610,A_GLY_610,9.837248885092732,23.0,0
A,GLY,627,A_GLY_627,10.199267933030468,73.0,0
A,GLY,629,A_GLY_629,10.126000230627682,43.0,0
A,HIS,646,A_HIS_646,2.8444435045273258,0.0,1
A,ILE,602,A_ILE_602,2.395411704806148,88.0,0
A,ILE,621,A_ILE_621,10.934541472452633,52.0,0
A,ILE,654,A_ILE_654,1.724026392871557,6.0,0
A,LEU,586,A_LEU_586,5.081030345611916,12.0,0
A,LEU,609,A_LEU_609,17.34241929883047,45.0,0
A,LEU,648,A_LEU_648,8.392966265820668,37.0,0
A,LYS,578,A_LYS_578,5.424535960161462,64.0,1
A,LYS,626,A_LYS_626,20.639307456247035,80.0,1
A,LYS,742,A_LYS_742,8.033971461866109,21.0,1
A,MET,746,A_MET_746,8.196467259053268,2.0,0
A,PHE,597,A_PHE_597,24.505016680142013,3.0,0
A,PHE,611,A_PHE_611,19.83489641028374,45.0,0
A,PRO,758,A_PRO_758,15.740133732710822,24.0,0
A,SER,630,A_SER_630,15.862520942985988,3.0,3
A,SER,757,A_SER_757,5.629962331222412,15.0,0
A,THR,608,A_THR_608,6.9502270917871725,104.0,0
A,THR,744,A_THR_744,8.665558165735028,0.0,1
A,TRP,582,A_TRP_582,31.404396662224755,16.0,1
A,TYR,635,A_TYR_635,2.4560647757503618,0.0,0
A,VAL,579,A_VAL_579,16.156353675226924,3.0,0
A,VAL,598,A_VAL_598,15.297644652844316,0.0,0
A,VAL,599,A_VAL_599,15.65106516752339,3.0,0
A,VAL,606,A_VAL_606,15.810320991477496,44.0,0
A,VAL,633,A_VAL_633,16.214133580300782,2.0,0
A,VAL,645,A_VAL_645,2.058985664404056,1.0,0
A,VAL,647,A_VAL_647,10.034366147661649,0.0,0
