chain,resname,resnum,res_key,density,ACC,hbond_type
A,ALA,216,A_ALA_216,12.480855155231058,20.0,0
A,ALA,237,A_ALA_237,12.710791522137058,0.0,0
A,ALA,238,A_ALA_238,11.751763222363817,0.0,0
A,ARG,165,A_ARG_165,2.9951930846788906,193.0,0
A,ARG,222,A_ARG_222,26.97868282519027,9.0,1
A,ARG,224,A_ARG_224,26.03524373380036,116.0,0
A,ARG,244,A_ARG_244,6.0693983256467146,173.0,0
A,ASN,234,A_ASN_234,15.822161454019415,70.0,2
A,ASP,166,A_ASP_166,21.30514641712146,0.0,0
A,ASP,230,A_ASP_230,22.513130566943783,34.0,2
A,ASP,247,A_ASP_247,7.732032596002159,32.0,2
A,CYS,215,A_CYS_215,18.523173086967866,29.0,0
A,CYS,219,A_CYS_219,18.152043930057843,20.0,0
A,CYS,223,A_CYS_223,18.15949756459841,0.0,0
A,CYS,231,A_CYS_231,17.845787503027275,24.0,0
A,CYS,232,A_CYS_232,17.63447300169701,11.0,0
A,CYS,236,A_CYS_236,18.396019199649714,7.0,0
A,CYS,240,A_CYS_240,17.903102405838393,13.0,0
A,CYS,248,A_CYS_248,14.922398202584017,21.0,0
A,GLN,141,A_GLN_141,19.40791236381298,10.0,0
A,GLN,208,A_GLN_208,3.3576473084303515,5.0,0
A,GLN,217,A_GLN_217,10.54650395879393,209.0,0
A,GLN,218,A_GLN_218,12.904047117754848,158.0,0
A,GLN,235,A_GLN_235,5.412037981223426,19.0,2
A,GLU,142,A_GLU_142,13.739001077525474,17.0,2
A,GLY,221,A_GLY_221,10.212624685514267,38.0,0
A,GLY,225,A_GLY_225,10.306330864015358,13.0,0
A,GLY,239,A_GLY_239,10.359740368457969,0.0,0
A,GLY,242,A_GLY_242,10.621866227816753,6.0,0
A,HIS,233,A_HIS_233,14.892845052779222,66.0,0
A,ILE,167,A_ILE_167,2.8525252514919672,1.0,0
A,ILE,213,A_ILE_213,18.040247841946435,80.0,0
A,ILE,214,A_ILE_214,18.54643238736723,47.0,0
A,LEU,210,A_LEU_210,17.079572827623377,19.0,0
A,LEU,249,A_LEU_249,12.441768282972795,67.0,0
A,LYS,209,A_LYS_209,15.87132211843805,93.0,1
A,LYS,212,A_LYS_212,20.51289291220965,64.0,0
A,LYS,226,A_LYS_226,20.13216679548241,159.0,0
A,PRO,228,A_PRO_228,15.659917327441743,69.0,0
A,PRO,243,A_PRO_243,15.710938402451898,77.0,0
A,SER,220,A_SER_220,15.336213439306984,83.0,1
A,SER,227,A_SER_227,15.937722424640304,49.0,3
A,SER,229,A_SER_229,15.635462407239528,76.0,3
A,THR,211,A_THR_211,16.902168981184033,12.0,2
A,THR,241,A_THR_241,17.716254568957087,97.0,0
A,VAL,250,A_VAL_250,3.0578276841767167,5.0,0
