chain,resname,resnum,res_key,density,ACC,hbond_type
A,ALA,190,A_ALA_190,11.882956053616908,42.0,0
A,ALA,193,A_ALA_193,12.105231910195592,4.0,0
A,ARG,203,A_ARG_203,7.213443817984592,184.0,0
A,ASN,149,A_ASN_149,18.678965143463085,23.0,0
A,ASP,192,A_ASP_192,21.81627975102408,84.0,0
A,ASP,199,A_ASP_199,21.844499173400948,101.0,2
A,ASP,204,A_ASP_204,4.894611986752379,16.0,2
A,ASP,256,A_ASP_256,1.9046403052367176,39.0,2
A,CYS,182,A_CYS_182,18.13066399923382,4.0,0
A,CYS,194,A_CYS_194,18.04769198214785,2.0,0
A,GLU,202,A_GLU_202,14.50002682027089,95.0,0
A,GLY,181,A_GLY_181,10.75865447314048,1.0,0
A,GLY,188,A_GLY_188,10.140573920726045,37.0,0
A,HIS,189,A_HIS_189,17.223325433128096,116.0,0
A,HIS,201,A_HIS_201,24.23811654917719,137.0,0
A,ILE,180,A_ILE_180,10.679433036509169,2.0,0
A,ILE,184,A_ILE_184,18.012018008858846,3.0,0
A,ILE,196,A_ILE_196,17.939437729257456,88.0,0
A,ILE,208,A_ILE_208,12.874800259923855,1.0,0
A,LEU,147,A_LEU_147,10.380230633929427,83.0,0
A,LYS,191,A_LYS_191,20.84187569119061,121.0,0
A,LYS,238,A_LYS_238,10.557501307793387,69.0,1
A,MET,146,A_MET_146,19.829149426457107,5.0,0
A,MET,255,A_MET_255,7.959966232297987,15.0,0
A,PHE,200,A_PHE_200,25.18468057624112,15.0,0
A,PHE,206,A_PHE_206,20.80967714641958,7.0,0
A,PHE,209,A_PHE_209,20.112558340991228,12.0,0
A,PRO,179,A_PRO_179,16.336161014972973,0.0,0
A,PRO,237,A_PRO_237,13.21056222117902,14.0,0
A,PRO,254,A_PRO_254,10.053421450063096,22.0,0
A,SER,197,A_SER_197,15.801296261308028,31.0,1
A,SER,198,A_SER_198,15.957130477424142,82.0,0
A,SER,239,A_SER_239,15.479221092693304,10.0,0
A,THR,185,A_THR_185,18.067008023425725,32.0,0
A,THR,205,A_THR_205,16.23483095909894,3.0,0
A,TRP,163,A_TRP_163,15.204662628538143,23.0,0
A,TYR,165,A_TYR_165,14.705165710012508,86.0,0
A,TYR,183,A_TYR_183,24.9571083567862,42.0,1
A,TYR,207,A_TYR_207,28.314256494520336,3.0,0
A,VAL,195,A_VAL_195,16.338503835545858,106.0,0
