chain,resname,resnum,res_key,density,ACC,hbond_type
A,ALA,516,A_ALA_516,5.883672051152351,34.0,0
A,ALA,562,A_ALA_562,12.703880857464927,0.0,0
A,ALA,564,A_ALA_564,12.052376903530927,0.0,0
A,ARG,491,A_ARG_491,3.29583006743393,6.0,1
A,ARG,523,A_ARG_523,26.87494708762259,29.0,1
A,ARG,528,A_ARG_528,21.641793330252188,21.0,1
A,ASN,589,A_ASN_589,21.240602116311447,79.0,2
A,ASP,522,A_ASP_522,21.697999669113845,104.0,2
A,ASP,567,A_ASP_567,15.550528562958595,16.0,2
A,CYS,524,A_CYS_524,18.1597650053486,10.0,0
A,GLN,542,A_GLN_542,2.789880036457856,148.0,0
A,GLU,518,A_GLU_518,13.170568416093271,128.0,0
A,GLU,587,A_GLU_587,21.113258194052104,0.0,2
A,GLY,515,A_GLY_515,8.271872919698824,2.0,0
A,GLY,519,A_GLY_519,10.445588053416545,27.0,0
A,GLY,594,A_GLY_594,10.251596523438533,0.0,0
A,HIS,526,A_HIS_526,23.376734689662605,49.0,3
A,HIS,566,A_HIS_566,24.254567297165902,18.0,0
A,ILE,416,A_ILE_416,1.6935921493744837,0.0,0
A,ILE,521,A_ILE_521,18.71067400315703,1.0,0
A,ILE,527,A_ILE_527,19.645543919926624,0.0,0
A,ILE,544,A_ILE_544,15.238334699834342,0.0,0
A,ILE,548,A_ILE_548,1.758054373140455,14.0,0
A,ILE,584,A_ILE_584,7.750570052620056,64.0,0
A,LEU,369,A_LEU_369,6.092181883066638,4.0,0
A,LEU,563,A_LEU_563,12.41535242839496,0.0,0
A,LEU,590,A_LEU_590,17.839257488088002,0.0,0
A,LYS,514,A_LYS_514,7.3317391442276305,12.0,1
A,LYS,533,A_LYS_533,14.14926908573596,79.0,1
A,LYS,541,A_LYS_541,20.636855851813664,68.0,1
A,LYS,585,A_LYS_585,3.190347152141036,130.0,1
A,MET,511,A_MET_511,3.210375527044221,1.0,0
A,MET,536,A_MET_536,21.18546667258984,31.0,0
A,MET,545,A_MET_545,13.762783587528755,32.0,0
A,PHE,592,A_PHE_592,24.76529740535758,0.0,0
A,PRO,517,A_PRO_517,13.40722580540598,19.0,0
A,PRO,535,A_PRO_535,15.455555798540107,85.0,0
A,SER,493,A_SER_493,5.346545581412425,0.0,3
A,SER,538,A_SER_538,10.18163128807742,82.0,0
A,THR,525,A_THR_525,17.609748868523194,61.0,3
A,THR,537,A_THR_537,17.63770033035453,44.0,1
A,THR,565,A_THR_565,18.15146647744686,0.0,1
A,THR,588,A_THR_588,17.523808988032144,63.0,0
A,THR,591,A_THR_591,17.182637102993972,0.0,3
A,TYR,586,A_TYR_586,5.793686039388117,25.0,0
A,VAL,513,A_VAL_513,15.62814876273832,0.0,0
A,VAL,520,A_VAL_520,16.57140764858966,0.0,0
A,VAL,534,A_VAL_534,13.05369331800902,46.0,0
A,VAL,540,A_VAL_540,15.77653419995232,0.0,0
A,VAL,593,A_VAL_593,16.336832400224335,1.0,0
