chain,resname,resnum,res_key,density,ACC,hbond_type
A,ALA,2227,A_ALA_2227,13.053320634790513,34.0,0
A,ALA,2264,A_ALA_2264,11.66359249985302,48.0,0
A,ARG,1779,A_ARG_1779,12.851192028313044,44.0,1
A,ARG,2165,A_ARG_2165,11.71142860035849,73.0,1
A,ARG,2205,A_ARG_2205,23.729897540953136,49.0,1
A,ASP,1784,A_ASP_1784,10.520610146523444,37.0,2
A,ASP,2163,A_ASP_2163,10.97624143636087,9.0,2
A,ASP,2235,A_ASP_2235,21.50321402191326,53.0,2
A,ASP,2265,A_ASP_2265,21.1654069096765,57.0,2
A,CYS,2232,A_CYS_2232,17.834019648665517,3.0,0
A,CYS,2266,A_CYS_2266,18.14151365733569,2.0,0
A,GLN,2195,A_GLN_2195,12.32144680833187,3.0,3
A,GLN,2267,A_GLN_2267,21.69396014786697,19.0,2
A,GLU,1782,A_GLU_1782,2.556507043045896,133.0,0
A,GLU,2262,A_GLU_2262,22.843343813954725,22.0,2
A,GLY,2208,A_GLY_2208,4.4542377331095855,0.0,0
A,GLY,2233,A_GLY_2233,10.836959724739373,60.0,0
A,HIS,2261,A_HIS_2261,22.312468753987243,65.0,0
A,ILE,2193,A_ILE_2193,2.119731281514857,0.0,0
A,LEU,2269,A_LEU_2269,17.808818495672632,0.0,0
A,LYS,2206,A_LYS_2206,10.984017925037223,62.0,0
A,LYS,2231,A_LYS_2231,20.22285270920039,125.0,0
A,LYS,2234,A_LYS_2234,19.656954936662068,118.0,1
A,LYS,2236,A_LYS_2236,14.040404660350465,165.0,0
A,LYS,2238,A_LYS_2238,20.726723379330927,72.0,1
A,PHE,2203,A_PHE_2203,2.2846416287630325,67.0,0
A,PHE,2226,A_PHE_2226,5.902476205555612,0.0,0
A,PHE,2259,A_PHE_2259,10.269787860117187,19.0,0
A,PHE,2270,A_PHE_2270,5.793981283374359,0.0,0
A,SER,1781,A_SER_1781,11.910577412131689,24.0,0
A,SER,2228,A_SER_2228,15.632984705437345,8.0,3
A,SER,2229,A_SER_2229,9.467426981842843,108.0,0
A,SER,2230,A_SER_2230,16.353376035446416,25.0,3
A,SER,2239,A_SER_2239,15.414774702921347,77.0,0
A,SER,2241,A_SER_2241,15.67395718843088,30.0,0
A,SER,2242,A_SER_2242,15.47309329893349,0.0,0
A,THR,1780,A_THR_1780,5.651846127176691,50.0,3
A,THR,2237,A_THR_2237,15.60125070817055,113.0,1
A,THR,2243,A_THR_2243,13.055457537638114,1.0,3
A,THR,2263,A_THR_2263,17.668436423565172,8.0,0
A,TYR,2173,A_TYR_2173,11.623773067316352,0.0,3
A,TYR,2268,A_TYR_2268,28.84316667728117,0.0,3
A,VAL,1786,A_VAL_1786,2.0642556120458315,10.0,0
A,VAL,2207,A_VAL_2207,16.06498388946508,0.0,0
A,VAL,2225,A_VAL_2225,1.7709271527479593,18.0,0
A,VAL,2240,A_VAL_2240,16.764446568762594,1.0,0
