chain,resname,resnum,res_key,density,ACC,hbond_type
A,ALA,304,A_ALA_304,12.562407382856264,38.0,0
A,ALA,328,A_ALA_328,12.115995999698324,56.0,0
A,ARG,324,A_ARG_324,24.985416529982324,39.0,0
A,ARG,336,A_ARG_336,23.750929280625808,198.0,0
A,ASP,302,A_ASP_302,21.576073189677555,89.0,0
A,ASP,337,A_ASP_337,21.34518598455615,116.0,0
A,CYS,326,A_CYS_326,16.89503677360963,29.0,0
A,CYS,338,A_CYS_338,18.150537784015786,19.0,0
A,GLN,332,A_GLN_332,4.57994125097799,99.0,0
A,GLU,307,A_GLU_307,2.564418330068778,185.0,0
A,GLU,325,A_GLU_325,14.732610683106994,101.0,0
A,GLY,303,A_GLY_303,10.17935560241034,16.0,0
A,GLY,334,A_GLY_334,6.198716833214854,80.0,0
A,GLY,335,A_GLY_335,10.962580388673722,17.0,0
A,GLY,340,A_GLY_340,9.743438993684489,56.0,0
A,LEU,342,A_LEU_342,18.41735572169894,102.0,0
A,LEU,343,A_LEU_343,2.5093337058133898,88.0,0
A,MET,327,A_MET_327,19.66557835347036,108.0,0
A,PRO,329,A_PRO_329,15.577810952617344,56.0,0
A,PRO,330,A_PRO_330,15.63467815882634,59.0,0
A,PRO,331,A_PRO_331,16.17004705997229,50.0,0
A,SER,339,A_SER_339,15.728428693684776,113.0,0
A,THR,306,A_THR_306,17.813036246233047,41.0,0
A,THR,341,A_THR_341,17.70456886618023,86.0,0
A,TRP,305,A_TRP_305,30.36926617303408,61.0,0
A,TRP,308,A_TRP_308,13.090244207944224,73.0,0
A,VAL,301,A_VAL_301,11.491317088098643,50.0,0
