chain,resname,resnum,res_key,density,ACC,hbond_type
A,ALA,32,A_ALA_32,11.897493378593405,0.0,0
A,ALA,362,A_ALA_362,13.021423548920325,2.0,0
A,ALA,720,A_ALA_720,12.788001096485768,29.0,0
A,ALA,734,A_ALA_734,2.4135761714398685,8.0,0
A,ARG,29,A_ARG_29,27.598267553291013,113.0,1
A,ARG,365,A_ARG_365,10.019796343119996,33.0,1
A,ARG,403,A_ARG_403,8.364184251803438,22.0,1
A,ARG,716,A_ARG_716,14.569498448088396,2.0,1
A,ARG,725,A_ARG_725,26.71819812315677,74.0,0
A,ASN,33,A_ASN_33,4.695479055646022,0.0,2
A,ASN,731,A_ASN_731,20.64062217959521,2.0,3
A,ASP,364,A_ASP_364,4.574201164835247,85.0,2
A,ASP,721,A_ASP_721,21.190738840595927,59.0,0
A,CYS,719,A_CYS_719,17.130617819823044,1.0,0
A,CYS,753,A_CYS_753,7.111633018211989,0.0,0
A,GLN,366,A_GLN_366,22.934954762602693,31.0,0
A,GLU,367,A_GLU_367,2.730653804229062,101.0,2
A,GLU,399,A_GLU_399,23.14795761330845,101.0,2
A,GLU,724,A_GLU_724,22.16043971041708,49.0,2
A,GLY,402,A_GLY_402,10.538174299975498,1.0,0
A,GLY,727,A_GLY_727,10.43583863499958,62.0,0
A,GLY,730,A_GLY_730,10.46690155055164,8.0,0
A,GLY,760,A_GLY_760,2.662763220064212,15.0,0
A,ILE,28,A_ILE_28,18.268550163605013,4.0,0
A,LEU,30,A_LEU_30,18.23611407505098,0.0,0
A,LEU,31,A_LEU_31,19.231724687870777,31.0,0
A,LEU,400,A_LEU_400,17.646208056102612,6.0,0
A,LEU,717,A_LEU_717,17.893233195883152,4.0,0
A,LYS,26,A_LYS_26,7.787151945410354,118.0,1
A,LYS,722,A_LYS_722,20.72016041672618,164.0,0
A,MET,397,A_MET_397,18.23866361391015,13.0,0
A,PHE,718,A_PHE_718,25.07527651331646,2.0,0
A,PRO,27,A_PRO_27,7.621102841172113,89.0,0
A,PRO,363,A_PRO_363,15.86627216816088,30.0,0
A,PRO,733,A_PRO_733,15.393387762045498,14.0,0
A,PRO,764,A_PRO_764,3.9723349872729377,2.0,0
A,SER,361,A_SER_361,13.095899367939944,25.0,1
A,SER,370,A_SER_370,3.2701239907629907,17.0,0
A,SER,729,A_SER_729,15.124427420442448,8.0,2
A,SER,762,A_SER_762,15.264529852885952,8.0,1
A,THR,398,A_THR_398,5.537763859098934,21.0,0
A,THR,401,A_THR_401,16.95585842276096,86.0,0
A,THR,723,A_THR_723,17.716913120859807,134.0,0
A,THR,736,A_THR_736,18.32719415858428,0.0,0
A,THR,737,A_THR_737,6.199652257606412,0.0,0
A,THR,761,A_THR_761,11.623918601044071,21.0,0
A,VAL,404,A_VAL_404,8.279048724489975,29.0,0
A,VAL,726,A_VAL_726,16.221126280623974,24.0,0
A,VAL,732,A_VAL_732,16.143166977255603,4.0,0
A,VAL,738,A_VAL_738,2.110780586972258,0.0,0
