chain,resname,resnum,res_key,density,ACC,hbond_type
A,ALA,40,A_ALA_40,9.812175076909105,39.0,0
A,ALA,41,A_ALA_41,6.910452478043153,19.0,0
A,ALA,161,A_ALA_161,11.965276523438998,38.0,0
A,ALA,824,A_ALA_824,11.82125181531521,65.0,0
A,ALA,825,A_ALA_825,6.640771162333249,52.0,0
A,ASN,180,A_ASN_180,20.36576737608885,67.0,0
A,ASN,823,A_ASN_823,20.321243997263,65.0,2
A,ASP,165,A_ASP_165,20.0860875410166,123.0,0
A,CYS,163,A_CYS_163,18.28426583497685,32.0,0
A,CYS,168,A_CYS_168,18.67264692237821,0.0,0
A,CYS,174,A_CYS_174,16.88785967912567,25.0,0
A,CYS,183,A_CYS_183,17.473912099834898,27.0,0
A,CYS,185,A_CYS_185,18.110792364072186,41.0,0
A,CYS,194,A_CYS_194,14.639213091297645,0.0,0
A,GLN,71,A_GLN_71,9.570603974174272,67.0,0
A,GLN,164,A_GLN_164,23.05533934220199,127.0,0
A,GLN,171,A_GLN_171,11.687509312205176,60.0,0
A,GLU,173,A_GLU_173,24.06797527832978,40.0,0
A,GLU,176,A_GLU_176,22.852742530336727,26.0,2
A,GLU,193,A_GLU_193,23.76464261777324,55.0,2
A,GLY,172,A_GLY_172,9.773780653036876,8.0,0
A,GLY,191,A_GLY_191,3.1655473807818284,26.0,0
A,ILE,178,A_ILE_178,2.5291105971967984,69.0,0
A,LEU,175,A_LEU_175,18.31219993257991,30.0,0
A,LYS,108,A_LYS_108,4.215854170204224,82.0,1
A,LYS,170,A_LYS_170,18.62535248434475,134.0,0
A,MET,166,A_MET_166,14.37109086763466,124.0,0
A,PHE,821,A_PHE_821,25.35118989084684,144.0,0
A,PRO,192,A_PRO_192,6.701302125709377,101.0,0
A,SER,162,A_SER_162,15.55670981033353,2.0,1
A,SER,167,A_SER_167,15.254705033607792,15.0,0
A,SER,169,A_SER_169,16.206697393490302,42.0,0
A,SER,184,A_SER_184,15.875023682424075,60.0,0
A,THR,177,A_THR_177,18.13173270234208,52.0,0
A,THR,182,A_THR_182,16.899149899213278,66.0,0
A,THR,822,A_THR_822,17.35487296711101,97.0,0
A,TRP,42,A_TRP_42,20.56965731608283,13.0,1
A,TYR,181,A_TYR_181,28.797173878852725,42.0,1
A,TYR,186,A_TYR_186,22.10202385373624,119.0,0
A,VAL,820,A_VAL_820,10.96441261217718,121.0,0
