chain,resname,resnum,res_key,density,ACC,hbond_type
A,ALA,488,A_ALA_488,12.708055977886952,0.0,0
A,ARG,450,A_ARG_450,26.059778074351424,2.0,1
A,ARG,537,A_ARG_537,18.985268447768227,99.0,0
A,ARG,544,A_ARG_544,25.786113124488395,124.0,0
A,ASN,449,A_ASN_449,7.998885535559332,63.0,0
A,ASN,486,A_ASN_486,6.265624510828257,0.0,0
A,ASN,540,A_ASN_540,20.964989643332807,0.0,3
A,ASP,569,A_ASP_569,3.2096020151299096,63.0,0
A,CYS,494,A_CYS_494,18.592118188392284,16.0,0
A,GLN,454,A_GLN_454,7.854289036114006,1.0,3
A,GLN,463,A_GLN_463,22.72788657386097,18.0,2
A,GLN,469,A_GLN_469,23.5014005666995,23.0,0
A,GLU,120,A_GLU_120,9.231435398346768,67.0,2
A,GLU,464,A_GLU_464,23.374712400987327,112.0,2
A,GLU,496,A_GLU_496,23.7446396696925,168.0,0
A,GLU,499,A_GLU_499,22.471615709829507,57.0,2
A,GLY,467,A_GLY_467,10.757486601248711,8.0,0
A,GLY,491,A_GLY_491,10.637155511804508,1.0,0
A,GLY,493,A_GLY_493,10.539597280311964,0.0,0
A,GLY,495,A_GLY_495,11.109179090379882,21.0,0
A,GLY,497,A_GLY_497,10.564830673613429,40.0,0
A,GLY,498,A_GLY_498,10.19673017821626,6.0,0
A,HIS,542,A_HIS_542,23.151398311489245,91.0,1
A,ILE,490,A_ILE_490,17.391829000976163,0.0,0
A,ILE,500,A_ILE_500,18.180197133952667,0.0,0
A,ILE,501,A_ILE_501,2.313385013941557,12.0,0
A,ILE,543,A_ILE_543,18.28006473469665,8.0,0
A,LEU,462,A_LEU_462,5.602385392231067,12.0,0
A,LEU,466,A_LEU_466,17.93653522344987,1.0,0
A,LEU,484,A_LEU_484,7.831213235838173,0.0,0
A,LEU,492,A_LEU_492,18.022820599875555,0.0,0
A,LYS,465,A_LYS_465,12.806143574570518,108.0,0
A,LYS,468,A_LYS_468,20.71321876202592,103.0,1
A,LYS,470,A_LYS_470,17.376123557258417,58.0,0
A,LYS,485,A_LYS_485,3.4872110673663244,3.0,1
A,MET,489,A_MET_489,13.874744432857613,1.0,0
A,MET,539,A_MET_539,12.345043774644065,8.0,0
A,PHE,487,A_PHE_487,21.45858443544057,1.0,0
A,PRO,541,A_PRO_541,15.86935465630633,92.0,0
A,SER,460,A_SER_460,3.192132245697449,11.0,3
A,THR,546,A_THR_546,2.857433594547075,52.0,1
A,TYR,451,A_TYR_451,21.769755429109384,18.0,2
A,TYR,471,A_TYR_471,13.946379474564342,1.0,0
A,VAL,536,A_VAL_536,11.92443930775984,0.0,0
A,VAL,545,A_VAL_545,16.039119454594083,8.0,0
A,VAL,913,A_VAL_913,1.8388642687528023,10.0,0
