chain,resname,resnum,res_key,density,ACC,hbond_type
A,ALA,279,A_ALA_279,12.7596037024031,1.0,0
A,ALA,350,A_ALA_350,12.48147890963488,76.0,0
A,ARG,260,A_ARG_260,18.959051126875742,30.0,0
A,ARG,349,A_ARG_349,26.9582602069622,166.0,0
A,ARG,352,A_ARG_352,26.890967374751177,162.0,0
A,ASN,265,A_ASN_265,21.449746845191896,28.0,1
A,ASP,263,A_ASP_263,20.682312731505537,64.0,2
A,ASP,344,A_ASP_344,22.27380760295927,89.0,2
A,ASP,351,A_ASP_351,21.49030369937929,32.0,2
A,CYS,348,A_CYS_348,18.052544284276543,0.0,0
A,GLN,356,A_GLN_356,22.9814440175759,25.0,0
A,GLY,276,A_GLY_276,10.7431762490933,25.0,0
A,GLY,277,A_GLY_277,10.772005027413943,0.0,0
A,GLY,280,A_GLY_280,10.741130895424266,9.0,0
A,GLY,281,A_GLY_281,2.7942808499637826,1.0,0
A,GLY,299,A_GLY_299,7.940057521417633,11.0,0
A,GLY,338,A_GLY_338,4.397574709146872,17.0,0
A,GLY,340,A_GLY_340,10.0721668419021,5.0,0
A,GLY,355,A_GLY_355,2.5004117403963897,4.0,0
A,ILE,259,A_ILE_259,10.530644091735605,10.0,0
A,ILE,294,A_ILE_294,1.9877701886368524,0.0,0
A,ILE,300,A_ILE_300,3.6068005484119112,88.0,0
A,ILE,314,A_ILE_314,7.935066288273799,20.0,0
A,ILE,343,A_ILE_343,17.889128197010375,8.0,0
A,LEU,256,A_LEU_256,1.7578577534517574,0.0,0
A,LEU,347,A_LEU_347,17.32471057355235,55.0,0
A,LEU,358,A_LEU_358,5.858815181118867,0.0,0
A,LYS,80,A_LYS_80,4.218350431752961,63.0,1
A,LYS,275,A_LYS_275,12.342871140414244,146.0,0
A,LYS,342,A_LYS_342,12.940824476422367,147.0,0
A,MET,353,A_MET_353,21.283122054648683,10.0,0
A,PHE,69,A_PHE_69,2.240523084558501,79.0,0
A,PHE,262,A_PHE_262,25.04669552107555,62.0,0
A,PRO,345,A_PRO_345,16.34108343420253,25.0,0
A,SER,261,A_SER_261,16.487026146449814,3.0,0
A,SER,316,A_SER_316,5.313355755781005,15.0,0
A,THR,341,A_THR_341,18.117372319172183,3.0,0
A,THR,346,A_THR_346,18.552980874664627,78.0,1
A,VAL,258,A_VAL_258,16.641213460048483,0.0,0
A,VAL,264,A_VAL_264,16.504694437069464,73.0,0
A,VAL,278,A_VAL_278,16.182498460097616,24.0,0
A,VAL,296,A_VAL_296,5.453779349138168,0.0,0
A,VAL,339,A_VAL_339,14.427676635958507,0.0,0
A,VAL,354,A_VAL_354,16.483796128639344,42.0,0
