chain,resname,resnum,res_key,density,ACC,hbond_type
A,ALA,99,A_ALA_99,2.8245296294604185,59.0,0
A,ALA,302,A_ALA_302,12.590888195697511,13.0,0
A,ARG,56,A_ARG_56,21.63517609681095,147.0,0
A,ARG,57,A_ARG_57,26.613918320581377,82.0,1
A,ARG,63,A_ARG_63,25.179188098472967,108.0,1
A,ARG,66,A_ARG_66,19.362298421972184,107.0,1
A,ARG,298,A_ARG_298,24.807443847781204,26.0,0
A,ASN,53,A_ASN_53,20.509798194556343,110.0,0
A,ASN,308,A_ASN_308,5.227118338607882,10.0,0
A,ASP,62,A_ASP_62,20.92980160514965,6.0,2
A,ASP,93,A_ASP_93,5.796295903247119,62.0,0
A,CYS,58,A_CYS_58,17.567132592849838,0.0,0
A,GLU,54,A_GLU_54,23.996822136939205,52.0,0
A,GLU,59,A_GLU_59,22.64209531276668,100.0,0
A,GLU,60,A_GLU_60,23.43112173493922,79.0,2
A,GLU,98,A_GLU_98,24.12083978770364,36.0,2
A,GLU,102,A_GLU_102,2.456956849082629,93.0,0
A,HIS,305,A_HIS_305,18.499296350812028,108.0,0
A,ILE,95,A_ILE_95,12.697358449863907,106.0,0
A,ILE,295,A_ILE_295,10.45611993347988,21.0,0
A,ILE,303,A_ILE_303,18.819021344296075,0.0,0
A,ILE,830,A_ILE_830,3.723279558400489,6.0,0
A,LEU,65,A_LEU_65,15.463655621381632,2.0,0
A,LEU,97,A_LEU_97,17.566138167615613,20.0,0
A,LEU,307,A_LEU_307,2.1461346839165234,4.0,0
A,LYS,64,A_LYS_64,20.922153512641327,24.0,0
A,LYS,296,A_LYS_296,14.301286429110917,59.0,0
A,LYS,299,A_LYS_299,15.60857325539018,2.0,1
A,LYS,301,A_LYS_301,21.18755214429453,44.0,0
A,MET,61,A_MET_61,21.001980129151065,4.0,0
A,MET,94,A_MET_94,21.01341037507869,4.0,0
A,MET,300,A_MET_300,22.20126646319212,1.0,0
A,PHE,51,A_PHE_51,14.4321472742567,33.0,0
A,PHE,90,A_PHE_90,6.041393861937559,82.0,0
A,PHE,101,A_PHE_101,22.705373057318564,5.0,0
A,PHE,294,A_PHE_294,18.85430874260852,13.0,0
A,PHE,835,A_PHE_835,4.510767400511266,77.0,0
A,PRO,89,A_PRO_89,13.484198458714497,5.0,0
A,PRO,91,A_PRO_91,12.239108966020387,51.0,0
A,THR,306,A_THR_306,2.999044369475951,9.0,0
A,TRP,293,A_TRP_293,9.871650720264132,28.0,0
A,TYR,23,A_TYR_23,11.367488575748956,18.0,0
A,TYR,304,A_TYR_304,28.01273174524813,16.0,0
A,VAL,52,A_VAL_52,16.554671126883402,19.0,0
A,VAL,55,A_VAL_55,16.170697997744966,15.0,0
A,VAL,88,A_VAL_88,1.927304793153744,13.0,0
A,VAL,297,A_VAL_297,16.883294388804394,1.0,0
