chain,resname,resnum,res_key,density,ACC,hbond_type
A,ASN,623,A_ASN_623,20.814252321365107,118.0,0
A,ASN,639,A_ASN_639,19.74900415749044,160.0,0
A,CYS,620,A_CYS_620,17.857349886166467,14.0,0
A,CYS,624,A_CYS_624,17.57541125616087,10.0,0
A,CYS,628,A_CYS_628,16.716198087277345,21.0,0
A,CYS,636,A_CYS_636,17.76409725596981,16.0,0
A,GLU,634,A_GLU_634,22.66774593653153,189.0,0
A,GLY,627,A_GLY_627,10.719379168676582,10.0,0
A,GLY,630,A_GLY_630,10.037446802332552,9.0,0
A,GLY,632,A_GLY_632,10.370438818253367,30.0,0
A,GLY,635,A_GLY_635,10.018698742205288,9.0,0
A,GLY,640,A_GLY_640,10.214155298927745,57.0,0
A,HIS,618,A_HIS_618,3.3744727646513493,72.0,1
A,HIS,621,A_HIS_621,23.159656981766656,65.0,0
A,LEU,619,A_LEU_619,8.253435970713523,89.0,0
A,LEU,633,A_LEU_633,17.299481325792556,96.0,0
A,LYS,609,A_LYS_609,10.779446002608235,12.0,1
A,LYS,642,A_LYS_642,4.176214531336675,206.0,0
A,PRO,622,A_PRO_622,15.04694697288026,116.0,0
A,PRO,631,A_PRO_631,16.601379449638774,79.0,0
A,PRO,637,A_PRO_637,16.179428390842748,106.0,0
A,THR,625,A_THR_625,16.798597762812737,78.0,0
A,THR,629,A_THR_629,17.015582827499905,125.0,0
A,THR,638,A_THR_638,18.042874180920624,129.0,0
A,TRP,608,A_TRP_608,30.318960535525992,62.0,0
A,TYR,610,A_TYR_610,21.536950335542343,37.0,0
A,TYR,626,A_TYR_626,24.82279481616976,197.0,0
