chain,resname,resnum,res_key,density,ACC,hbond_type
A,ALA,223,A_ALA_223,12.713302186581137,0.0,0
A,ALA,228,A_ALA_228,13.263290868007257,20.0,0
A,ALA,556,A_ALA_556,6.070974178454868,20.0,0
A,ARG,52,A_ARG_52,23.508651791577872,5.0,1
A,ARG,232,A_ARG_232,14.638728888320523,140.0,0
A,ARG,233,A_ARG_233,27.07048088604827,96.0,0
A,ARG,652,A_ARG_652,26.87123928044781,102.0,1
A,ASN,55,A_ASN_55,10.533389146322053,14.0,3
A,ASP,249,A_ASP_249,21.52334461862936,12.0,2
A,CYS,230,A_CYS_230,18.381041056025108,0.0,0
A,CYS,248,A_CYS_248,17.547606144455795,2.0,0
A,GLN,59,A_GLN_59,5.177932629610752,39.0,3
A,GLN,237,A_GLN_237,20.50660685218913,60.0,0
A,GLU,245,A_GLU_245,20.58883716795792,97.0,2
A,GLU,650,A_GLU_650,22.53366619424026,2.0,2
A,HIS,58,A_HIS_58,3.4676923662488086,76.0,2
A,HIS,220,A_HIS_220,5.256540148000706,36.0,0
A,HIS,222,A_HIS_222,23.443307253183107,50.0,0
A,ILE,225,A_ILE_225,12.55330168883962,106.0,0
A,ILE,236,A_ILE_236,2.9703059420252504,89.0,0
A,ILE,246,A_ILE_246,18.49676382179297,84.0,0
A,LEU,53,A_LEU_53,18.59476108753635,12.0,0
A,LEU,54,A_LEU_54,17.58196223168517,0.0,0
A,LEU,251,A_LEU_251,17.63348089903372,0.0,0
A,LEU,631,A_LEU_631,1.7973855152793532,9.0,0
A,LYS,654,A_LYS_654,2.612727368935536,149.0,1
A,MET,221,A_MET_221,20.43010310215972,1.0,0
A,MET,231,A_MET_231,20.88820135525417,33.0,0
A,PHE,635,A_PHE_635,16.38019915635261,23.0,0
A,PRO,244,A_PRO_244,6.00052222981104,77.0,0
A,PRO,250,A_PRO_250,16.01130429955964,27.0,0
A,SER,226,A_SER_226,15.727556207498914,13.0,3
A,SER,234,A_SER_234,15.62316496716626,10.0,0
A,SER,235,A_SER_235,16.63498691078073,44.0,0
A,SER,238,A_SER_238,9.805930030375912,61.0,0
A,SER,252,A_SER_252,10.21176358025211,9.0,0
A,SER,558,A_SER_558,9.897792740534024,68.0,0
A,SER,651,A_SER_651,15.435262264859162,1.0,0
A,THR,227,A_THR_227,17.85699232565012,0.0,3
A,THR,229,A_THR_229,17.698499931993908,24.0,3
A,THR,647,A_THR_647,9.748994252414004,3.0,0
A,THR,649,A_THR_649,17.61837790764333,0.0,3
A,TRP,640,A_TRP_640,26.91968312329328,63.0,0
A,TRP,648,A_TRP_648,16.137055542380857,7.0,1
A,TRP,653,A_TRP_653,32.03222613605679,71.0,0
A,TYR,554,A_TYR_554,3.020302988944182,13.0,1
A,VAL,51,A_VAL_51,6.819216916038062,13.0,0
A,VAL,224,A_VAL_224,17.13305688535085,43.0,0
A,VAL,247,A_VAL_247,16.9150849792387,5.0,0
A,VAL,557,A_VAL_557,17.195342916356296,36.0,0
