chain,resname,resnum,res_key,density,ACC,hbond_type
A,ALA,531,A_ALA_531,12.488333515638187,0.0,0
A,ALA,535,A_ALA_535,12.363405984699773,0.0,0
A,ALA,587,A_ALA_587,2.875052501025851,10.0,0
A,ARG,549,A_ARG_549,26.861333065199187,148.0,0
A,ARG,755,A_ARG_755,12.135507861367998,221.0,0
A,ASN,582,A_ASN_582,21.37684133989684,37.0,0
A,ASP,554,A_ASP_554,21.25713203213322,101.0,2
A,ASP,557,A_ASP_557,12.252639793758998,82.0,0
A,CYS,552,A_CYS_552,17.41674967486717,10.0,0
A,GLN,532,A_GLN_532,22.9044872850548,61.0,3
A,GLN,536,A_GLN_536,17.49372495314409,96.0,0
A,GLU,527,A_GLU_527,6.7155294801555625,40.0,2
A,GLU,555,A_GLU_555,23.938631662370803,149.0,0
A,GLU,564,A_GLU_564,3.4350234629447094,23.0,2
A,GLU,581,A_GLU_581,14.711483037093496,88.0,2
A,GLU,584,A_GLU_584,11.827952241890216,110.0,0
A,GLY,525,A_GLY_525,9.94175030541012,0.0,0
A,GLY,529,A_GLY_529,10.171565207652552,27.0,0
A,GLY,583,A_GLY_583,10.209133975855748,0.0,0
A,ILE,522,A_ILE_522,17.550829767991097,0.0,0
A,LEU,523,A_LEU_523,18.46273060524312,0.0,0
A,LEU,551,A_LEU_551,18.41188169851498,34.0,0
A,LEU,561,A_LEU_561,1.9899962120150296,1.0,0
A,LEU,568,A_LEU_568,5.053572432442305,0.0,0
A,MET,553,A_MET_553,20.94775212872061,1.0,0
A,PHE,586,A_PHE_586,24.28284741094007,1.0,0
A,PHE,663,A_PHE_663,7.675507328069595,2.0,0
A,PRO,580,A_PRO_580,15.43696698084111,0.0,0
A,SER,526,A_SER_526,15.126142893176992,10.0,0
A,SER,533,A_SER_533,2.9168053078103853,47.0,3
A,SER,572,A_SER_572,5.885493117335127,13.0,0
A,SER,585,A_SER_585,15.8843804325724,54.0,1
A,THR,521,A_THR_521,14.386924321696476,2.0,1
A,THR,571,A_THR_571,13.435177464599931,0.0,0
A,TYR,524,A_TYR_524,28.82269586388397,26.0,3
A,TYR,556,A_TYR_556,27.787478031606337,19.0,1
A,VAL,550,A_VAL_550,16.15628143435282,47.0,0
A,VAL,558,A_VAL_558,8.540271138345975,14.0,0
A,VAL,567,A_VAL_567,1.7527839228614917,0.0,0
A,VAL,569,A_VAL_569,16.837739350584318,0.0,0
A,VAL,570,A_VAL_570,15.841552232239664,0.0,0
