chain,resname,resnum,res_key,density,ACC,hbond_type
A,ALA,329,A_ALA_329,11.718621530025606,19.0,0
A,ALA,330,A_ALA_330,12.471505899773618,61.0,0
A,ALA,732,A_ALA_732,8.095988560135735,0.0,0
A,ALA,1262,A_ALA_1262,1.750606488745061,41.0,0
A,ARG,336,A_ARG_336,26.78162894507604,51.0,0
A,ARG,337,A_ARG_337,27.067088406464578,145.0,0
A,ARG,341,A_ARG_341,23.684365053423736,180.0,0
A,ARG,1173,A_ARG_1173,8.154509916791465,24.0,0
A,ARG,1266,A_ARG_1266,9.90045517627384,80.0,1
A,CYS,334,A_CYS_334,18.63232358449137,52.0,0
A,GLU,332,A_GLU_332,24.286423927836573,38.0,2
A,GLU,730,A_GLU_730,10.341919530949465,58.0,2
A,GLY,333,A_GLY_333,10.479279617251338,12.0,0
A,GLY,729,A_GLY_729,10.102002024241376,0.0,0
A,GLY,1118,A_GLY_1118,6.651315721287341,2.0,0
A,LEU,335,A_LEU_335,18.7540174293866,21.0,0
A,LEU,338,A_LEU_338,18.981114766431503,97.0,0
A,LEU,728,A_LEU_728,6.02659893316815,0.0,0
A,LEU,1116,A_LEU_1116,17.09844763331553,18.0,0
A,LEU,1117,A_LEU_1117,8.413894946447858,7.0,0
A,LYS,1259,A_LYS_1259,6.671361524790872,12.0,1
A,PHE,331,A_PHE_331,25.78896675805168,69.0,0
A,PHE,339,A_PHE_339,25.811062348197964,23.0,0
A,PHE,736,A_PHE_736,10.899161215826888,41.0,0
A,PRO,326,A_PRO_326,5.801967995973291,79.0,0
A,PRO,733,A_PRO_733,16.077166041523004,3.0,0
A,SER,328,A_SER_328,16.118847328817374,3.0,2
A,THR,340,A_THR_340,17.7180836799218,34.0,0
A,TRP,342,A_TRP_342,6.5441263240572605,110.0,0
A,VAL,327,A_VAL_327,15.042244700068386,84.0,0
A,VAL,1115,A_VAL_1115,7.743069412455652,77.0,0
