chain,resname,resnum,res_key,density,ACC,hbond_type
A,ALA,1000,A_ALA_1000,12.464288941934925,41.0,0
A,ALA,1032,A_ALA_1032,7.951273715955509,1.0,0
A,ALA,1048,A_ALA_1048,12.031909295793568,1.0,0
A,ARG,881,A_ARG_881,14.17719981898697,119.0,1
A,ARG,1038,A_ARG_1038,18.40653017870426,26.0,1
A,ARG,1045,A_ARG_1045,21.53283913307758,103.0,1
A,ASN,1039,A_ASN_1039,20.104058245755542,46.0,0
A,ASP,1035,A_ASP_1035,20.24020501769527,1.0,0
A,CYS,887,A_CYS_887,15.026176736616424,3.0,0
A,CYS,1040,A_CYS_1040,18.66205964595735,13.0,0
A,GLN,888,A_GLN_888,2.6390892342993,106.0,0
A,GLU,1047,A_GLU_1047,20.66173113985722,58.0,2
A,GLY,874,A_GLY_874,7.629053586789207,0.0,0
A,GLY,1041,A_GLY_1041,10.002404077569825,73.0,0
A,HIS,997,A_HIS_997,12.886893150394924,71.0,0
A,ILE,890,A_ILE_890,9.0854339768526,0.0,0
A,LEU,882,A_LEU_882,17.224636823844413,7.0,0
A,LEU,1037,A_LEU_1037,19.16445949967542,1.0,0
A,LYS,880,A_LYS_880,20.466703287668857,51.0,1
A,LYS,884,A_LYS_884,14.557464499973449,101.0,0
A,MET,1036,A_MET_1036,21.23816592241681,1.0,0
A,PHE,878,A_PHE_878,19.33952551242666,2.0,0
A,PHE,889,A_PHE_889,18.26694416753119,0.0,0
A,PHE,998,A_PHE_998,24.386767856683235,18.0,0
A,PHE,1033,A_PHE_1033,24.81220757141192,0.0,0
A,PHE,1043,A_PHE_1043,25.238559194348536,19.0,0
A,PRO,883,A_PRO_883,16.171495119651652,36.0,0
A,PRO,999,A_PRO_999,16.01609708028861,89.0,0
A,PRO,1002,A_PRO_1002,6.715234895863336,41.0,0
A,SER,886,A_SER_886,15.280582189284194,0.0,0
A,SER,1042,A_SER_1042,14.69779666379777,27.0,0
A,THR,1001,A_THR_1001,8.647065050464512,18.0,1
A,THR,1044,A_THR_1044,17.6714663237207,69.0,1
A,TYR,885,A_TYR_885,28.51523245695031,45.0,0
A,TYR,993,A_TYR_993,5.030410301878236,18.0,0
A,TYR,1051,A_TYR_1051,4.045366664640309,30.0,0
A,VAL,994,A_VAL_994,5.154925549774356,0.0,0
A,VAL,1031,A_VAL_1031,3.1675473762527098,0.0,0
A,VAL,1034,A_VAL_1034,14.378175591197564,0.0,0
