chain,resname,resnum,res_key,density,ACC,hbond_type
A,ALA,1087,A_ALA_1087,4.605015046478846,2.0,0
A,ARG,1042,A_ARG_1042,2.4790407341844816,54.0,0
A,ARG,1227,A_ARG_1227,25.815523674226828,132.0,0
A,ASN,1211,A_ASN_1211,21.726641281455866,18.0,3
A,ASP,1022,A_ASP_1022,3.137755584575922,1.0,0
A,ASP,1089,A_ASP_1089,20.789420918139868,13.0,2
A,ASP,1210,A_ASP_1210,5.766930509438316,143.0,0
A,ASP,1239,A_ASP_1239,20.91347665307025,79.0,2
A,CYS,1207,A_CYS_1207,17.26941521735805,2.0,0
A,CYS,1214,A_CYS_1214,17.87567086037813,9.0,0
A,CYS,1218,A_CYS_1218,16.901479925950266,1.0,0
A,CYS,1228,A_CYS_1228,17.352697109730027,6.0,0
A,CYS,1230,A_CYS_1230,17.673875654774562,13.0,0
A,CYS,1243,A_CYS_1243,17.481785687838652,17.0,0
A,GLN,1209,A_GLN_1209,3.410376715375373,165.0,0
A,GLN,1238,A_GLN_1238,10.793720196484736,203.0,0
A,GLU,1240,A_GLU_1240,22.639595743708263,141.0,0
A,GLY,1069,A_GLY_1069,4.849039013420377,2.0,0
A,GLY,1090,A_GLY_1090,2.8801648704114697,17.0,0
A,GLY,1212,A_GLY_1212,9.709286275624354,32.0,0
A,GLY,1213,A_GLY_1213,10.171657301651187,36.0,0
A,GLY,1244,A_GLY_1244,2.8638955558556805,17.0,0
A,HIS,1205,A_HIS_1205,1.972630966943992,21.0,0
A,HIS,1216,A_HIS_1216,23.469736909899392,37.0,3
A,ILE,1217,A_ILE_1217,18.04462627923942,1.0,0
A,LEU,1088,A_LEU_1088,16.72799238391245,1.0,0
A,LEU,1219,A_LEU_1219,18.549620167361983,4.0,0
A,LEU,1234,A_LEU_1234,11.74501865093109,30.0,0
A,LEU,1236,A_LEU_1236,17.835571110755854,39.0,0
A,LEU,1237,A_LEU_1237,18.61959103300485,80.0,0
A,LEU,1241,A_LEU_1241,16.733545360109304,75.0,0
A,LYS,1221,A_LYS_1221,16.6169439401418,55.0,1
A,PRO,1206,A_PRO_1206,11.489968808610325,50.0,0
A,PRO,1231,A_PRO_1231,16.79030604374785,0.0,0
A,SER,1025,A_SER_1025,7.058470672717791,4.0,1
A,SER,1215,A_SER_1215,15.97847937311651,41.0,3
A,SER,1229,A_SER_1229,15.338085434128118,20.0,1
A,SER,1242,A_SER_1242,15.380769838468076,43.0,1
A,THR,1091,A_THR_1091,7.486343564760794,65.0,1
A,THR,1225,A_THR_1225,17.488390412109894,74.0,1
A,THR,1226,A_THR_1226,17.877293064269786,59.0,0
A,TYR,1027,A_TYR_1027,12.1587449823548,11.0,3
A,TYR,1029,A_TYR_1029,3.162311803717463,1.0,0
A,VAL,1048,A_VAL_1048,1.9097454663136595,4.0,0
A,VAL,1051,A_VAL_1051,2.006162434814653,4.0,0
A,VAL,1220,A_VAL_1220,16.494468564373683,20.0,0
A,VAL,1235,A_VAL_1235,14.736386516604536,66.0,0
