chain,resname,resnum,res_key,density,ACC,hbond_type
A,ALA,66,A_ALA_66,6.721220658821823,0.0,0
A,ALA,391,A_ALA_391,11.80197689596944,28.0,0
A,ALA,395,A_ALA_395,11.859347550966412,12.0,0
A,ALA,438,A_ALA_438,12.20241734157095,47.0,0
A,ALA,441,A_ALA_441,12.33186503219733,22.0,0
A,ALA,445,A_ALA_445,6.904365058114764,78.0,0
A,ARG,387,A_ARG_387,27.233312118062912,187.0,0
A,ASN,41,A_ASN_41,15.746553325458352,0.0,0
A,ASN,59,A_ASN_59,3.3213719286889054,11.0,1
A,ASN,432,A_ASN_432,21.165244790342378,4.0,2
A,ASN,436,A_ASN_436,21.85656891832529,1.0,1
A,ASN,444,A_ASN_444,21.19435900902112,45.0,0
A,ASP,69,A_ASP_69,10.53382609804732,0.0,2
A,CYS,439,A_CYS_439,18.04964508101051,15.0,0
A,CYS,443,A_CYS_443,17.893557156945846,33.0,0
A,GLY,40,A_GLY_40,8.278355561004878,13.0,0
A,ILE,117,A_ILE_117,4.248368898903831,13.0,0
A,ILE,389,A_ILE_389,18.73650071903565,11.0,0
A,ILE,392,A_ILE_392,18.41319238980172,6.0,0
A,ILE,431,A_ILE_431,8.552423168816725,44.0,0
A,ILE,435,A_ILE_435,18.17257696603913,58.0,0
A,LEU,62,A_LEU_62,18.411037363829447,17.0,0
A,LEU,65,A_LEU_65,9.976988946693758,0.0,0
A,LEU,114,A_LEU_114,5.49592223644439,7.0,0
A,LEU,390,A_LEU_390,17.98077361266256,55.0,0
A,LEU,393,A_LEU_393,14.56944655490616,12.0,0
A,LEU,394,A_LEU_394,16.193849497503333,82.0,0
A,LEU,442,A_LEU_442,18.2120719884836,148.0,0
A,LYS,384,A_LYS_384,9.831934778613984,131.0,0
A,LYS,448,A_LYS_448,11.845694439339892,143.0,0
A,PHE,396,A_PHE_396,6.330414778498236,2.0,0
A,PHE,447,A_PHE_447,25.32052373912207,0.0,0
A,PHE,451,A_PHE_451,14.763336319091016,22.0,0
A,PRO,437,A_PRO_437,16.17426134056765,8.0,0
A,SER,433,A_SER_433,12.309170897826268,8.0,1
A,THR,386,A_THR_386,8.696449752380806,18.0,0
A,THR,388,A_THR_388,18.23450413583826,22.0,0
A,THR,399,A_THR_399,5.229358401566811,6.0,1
A,THR,434,A_THR_434,17.13399032295669,21.0,3
A,TYR,440,A_TYR_440,29.43901000965424,2.0,0
A,VAL,36,A_VAL_36,1.9214353763465903,85.0,0
A,VAL,44,A_VAL_44,11.041405234749448,0.0,0
A,VAL,385,A_VAL_385,11.157030567536278,41.0,0
