chain,resname,resnum,res_key,density,ACC,hbond_type
A,ARG,496,A_ARG_496,26.84520296260949,186.0,0
A,ASP,362,A_ASP_362,7.014055814683936,9.0,2
A,ASP,493,A_ASP_493,21.81627178860265,24.0,2
A,CYS,359,A_CYS_359,4.838130264519465,0.0,1
A,CYS,462,A_CYS_462,9.676806302114182,27.0,0
A,CYS,466,A_CYS_466,16.90660062536341,50.0,0
A,CYS,495,A_CYS_495,17.7505836149437,35.0,0
A,CYS,497,A_CYS_497,4.669547473966883,64.0,0
A,GLN,475,A_GLN_475,12.352343006070733,100.0,0
A,GLU,463,A_GLU_463,14.415932233230675,96.0,2
A,GLU,467,A_GLU_467,23.341033828793016,90.0,0
A,GLU,480,A_GLU_480,21.8790246664192,55.0,2
A,GLU,483,A_GLU_483,9.36013172084528,64.0,2
A,GLY,469,A_GLY_469,10.27265742894272,40.0,0
A,GLY,492,A_GLY_492,5.473523777470115,48.0,0
A,ILE,361,A_ILE_361,7.375854206406441,0.0,0
A,LEU,459,A_LEU_459,18.34593897226033,25.0,0
A,LEU,461,A_LEU_461,18.413673230046044,5.0,0
A,LEU,471,A_LEU_471,12.076046170563677,0.0,0
A,LEU,481,A_LEU_481,10.029174082742411,2.0,0
A,LEU,484,A_LEU_484,19.05636624088995,17.0,0
A,LEU,487,A_LEU_487,19.015270019556272,44.0,0
A,LYS,464,A_LYS_464,21.01623932030268,83.0,1
A,LYS,488,A_LYS_488,13.202730654131836,48.0,1
A,MET,470,A_MET_470,22.488320918255194,2.0,0
A,PRO,474,A_PRO_474,15.94307852086254,10.0,0
A,PRO,494,A_PRO_494,15.656196460213366,5.0,0
A,SER,458,A_SER_458,6.055068588164428,77.0,0
A,SER,472,A_SER_472,15.890492866879418,0.0,3
A,SER,473,A_SER_473,16.145459014477368,0.0,3
A,THR,465,A_THR_465,17.434791299511396,61.0,0
A,THR,468,A_THR_468,17.406195131225118,86.0,1
A,TRP,460,A_TRP_460,11.072216487863718,0.0,0
A,TRP,485,A_TRP_485,4.641974540805195,8.0,1
A,TYR,360,A_TYR_360,28.579734889328627,2.0,0
A,TYR,476,A_TYR_476,22.05275647565569,18.0,3
