chain,resname,resnum,res_key,density,ACC,hbond_type
A,ALA,676,A_ALA_676,12.234500130123449,0.0,0
A,ALA,720,A_ALA_720,3.415175357995085,28.0,0
A,ARG,689,A_ARG_689,2.6503872392889978,145.0,0
A,ARG,710,A_ARG_710,26.28206362196717,99.0,1
A,ARG,731,A_ARG_731,11.92472379665668,36.0,1
A,ASN,672,A_ASN_672,15.45242040358374,93.0,0
A,ASN,721,A_ASN_721,21.06382848088989,8.0,0
A,ASP,675,A_ASP_675,20.521573505097447,15.0,2
A,ASP,711,A_ASP_711,21.636119645770304,26.0,2
A,CYS,706,A_CYS_706,16.822870971451888,0.0,0
A,GLN,704,A_GLN_704,21.52002092417736,103.0,0
A,GLU,671,A_GLU_671,3.4880434936748754,181.0,0
A,GLU,697,A_GLU_697,17.211277730462722,50.0,2
A,GLU,725,A_GLU_725,22.948523982121564,20.0,2
A,GLU,750,A_GLU_750,13.338365079545216,2.0,2
A,GLY,726,A_GLY_726,10.717085899565465,0.0,0
A,HIS,708,A_HIS_708,23.56973731521171,47.0,3
A,HIS,724,A_HIS_724,12.722917078266768,70.0,0
A,HIS,728,A_HIS_728,12.063357203015311,34.0,0
A,ILE,673,A_ILE_673,18.677714434831696,86.0,0
A,ILE,679,A_ILE_679,17.584160260502863,0.0,0
A,ILE,713,A_ILE_713,8.205816286657658,81.0,0
A,ILE,718,A_ILE_718,3.468310437031452,74.0,0
A,ILE,722,A_ILE_722,18.694503824461723,0.0,0
A,ILE,723,A_ILE_723,10.925990540613956,46.0,0
A,ILE,734,A_ILE_734,18.12350384918324,0.0,0
A,LEU,692,A_LEU_692,15.522745749366711,0.0,0
A,LEU,696,A_LEU_696,8.495778685379845,0.0,0
A,LEU,705,A_LEU_705,17.342326593693922,0.0,0
A,LEU,707,A_LEU_707,19.28071260489784,0.0,0
A,LEU,815,A_LEU_815,5.9789227749116245,0.0,0
A,LYS,729,A_LYS_729,20.16169906704883,59.0,1
A,LYS,732,A_LYS_732,13.85504065571578,38.0,0
A,PHE,677,A_PHE_677,25.97917480122772,0.0,0
A,PHE,703,A_PHE_703,14.866681217954074,1.0,0
A,PHE,712,A_PHE_712,24.74138940984038,27.0,0
A,PHE,727,A_PHE_727,24.995110971110595,5.0,0
A,SER,730,A_SER_730,16.25164510714198,4.0,0
A,TYR,674,A_TYR_674,28.08759149431249,25.0,1
A,TYR,680,A_TYR_680,27.89989174888514,3.0,3
A,TYR,709,A_TYR_709,28.739501426320576,95.0,0
A,VAL,678,A_VAL_678,15.618935804525163,0.0,0
A,VAL,688,A_VAL_688,13.423935674284987,0.0,0
A,VAL,693,A_VAL_693,16.893476067660934,16.0,0
A,VAL,733,A_VAL_733,15.700391499476051,1.0,0
A,VAL,735,A_VAL_735,7.092872476976602,0.0,0
A,VAL,736,A_VAL_736,1.9196182359927816,0.0,0
