chain,resname,resnum,res_key,density,ACC,hbond_type
A,ARG,83,A_ARG_83,11.556002518744783,53.0,1
A,ASN,112,A_ASN_112,17.80401238727329,13.0,0
A,ASN,135,A_ASN_135,21.099438805332635,137.0,0
A,ASP,17,A_ASP_17,21.34518444582165,34.0,2
A,ASP,107,A_ASP_107,5.608403762079721,30.0,2
A,ASP,111,A_ASP_111,21.400243550408327,71.0,0
A,ASP,133,A_ASP_133,21.431080538101227,64.0,2
A,CYS,128,A_CYS_128,6.214563826765511,2.0,0
A,CYS,132,A_CYS_132,17.74573738625082,70.0,0
A,GLU,134,A_GLU_134,22.7494746213704,199.0,0
A,GLY,79,A_GLY_79,7.819009153852164,69.0,0
A,GLY,136,A_GLY_136,10.424576274335012,33.0,0
A,GLY,139,A_GLY_139,10.189819747633576,13.0,0
A,GLY,141,A_GLY_141,10.022474476831244,0.0,0
A,ILE,103,A_ILE_103,3.6025952508199577,0.0,0
A,ILE,110,A_ILE_110,14.16646578802244,8.0,0
A,LEU,18,A_LEU_18,3.405293896590977,3.0,0
A,LEU,106,A_LEU_106,13.414115421468887,1.0,0
A,LEU,115,A_LEU_115,3.651722657774061,1.0,0
A,LYS,80,A_LYS_80,20.8840644136315,76.0,0
A,LYS,108,A_LYS_108,21.3606555044872,123.0,0
A,LYS,113,A_LYS_113,2.916985235940248,108.0,1
A,LYS,129,A_LYS_129,20.871017371055355,59.0,1
A,LYS,138,A_LYS_138,20.68604638797009,100.0,1
A,PHE,142,A_PHE_142,20.655912602817992,44.0,0
A,PRO,81,A_PRO_81,16.28715682032217,46.0,0
A,SER,109,A_SER_109,11.217503736236903,77.0,3
A,SER,137,A_SER_137,15.659183996577712,10.0,0
A,TYR,140,A_TYR_140,28.47079507349953,66.0,0
A,VAL,76,A_VAL_76,1.94442589881449,98.0,0
A,VAL,82,A_VAL_82,2.491480786545579,1.0,0
A,VAL,130,A_VAL_130,15.063144975391753,3.0,0
A,VAL,131,A_VAL_131,15.23851811312738,26.0,0
