chain,resname,resnum,res_key,density,ACC,hbond_type
A,ALA,189,A_ALA_189,12.831111088134175,15.0,0
A,ARG,103,A_ARG_103,16.176431694454376,142.0,0
A,ARG,170,A_ARG_170,7.835409025300818,12.0,1
A,ARG,202,A_ARG_202,16.50643333415182,47.0,1
A,ASP,223,A_ASP_223,21.83606075816164,6.0,2
A,ASP,276,A_ASP_276,3.2610863695477943,2.0,2
A,CYS,188,A_CYS_188,18.44141672337141,51.0,0
A,CYS,221,A_CYS_221,17.57665375990338,4.0,0
A,GLN,187,A_GLN_187,16.9076260410149,177.0,0
A,GLU,102,A_GLU_102,23.137150309565776,33.0,2
A,GLU,108,A_GLU_108,3.2234171171575565,160.0,0
A,GLU,271,A_GLU_271,23.693961600619453,30.0,2
A,GLY,183,A_GLY_183,9.945621891670305,9.0,0
A,GLY,222,A_GLY_222,10.353228985133295,5.0,0
A,HIS,101,A_HIS_101,23.62912458146473,6.0,2
A,HIS,185,A_HIS_185,22.038517534776563,61.0,2
A,HIS,218,A_HIS_218,22.793826738244142,51.0,0
A,HIS,270,A_HIS_270,3.2145891442837224,19.0,0
A,HIS,272,A_HIS_272,15.83339133928737,4.0,3
A,ILE,97,A_ILE_97,18.557176617177497,12.0,0
A,ILE,219,A_ILE_219,18.56742154131217,78.0,0
A,LEU,179,A_LEU_179,15.895949042498875,32.0,0
A,LEU,192,A_LEU_192,6.4516621738203,33.0,0
A,LEU,206,A_LEU_206,7.746140237534423,6.0,0
A,LEU,220,A_LEU_220,18.57941791160158,13.0,0
A,LEU,225,A_LEU_225,10.87748816229157,30.0,0
A,LYS,107,A_LYS_107,17.650029303281787,27.0,0
A,LYS,191,A_LYS_191,20.03113670416373,83.0,0
A,MET,96,A_MET_96,8.413995064527239,33.0,0
A,MET,174,A_MET_174,19.785454752560064,1.0,0
A,MET,184,A_MET_184,10.528518155968976,122.0,0
A,PHE,186,A_PHE_186,24.926769622453143,31.0,0
A,PHE,224,A_PHE_224,25.620244483071552,6.0,0
A,PRO,105,A_PRO_105,16.059812234254608,40.0,0
A,PRO,106,A_PRO_106,16.188112146005608,68.0,0
A,PRO,112,A_PRO_112,1.473910147822085,37.0,0
A,PRO,180,A_PRO_180,15.939444516355511,19.0,0
A,PRO,182,A_PRO_182,16.095518536665313,5.0,0
A,PRO,190,A_PRO_190,16.508869425402878,102.0,0
A,SER,110,A_SER_110,5.311563898424218,38.0,0
A,SER,213,A_SER_213,5.265358709077985,40.0,0
A,SER,217,A_SER_217,12.286388209116817,11.0,3
A,THR,93,A_THR_93,3.632255916332789,4.0,2
A,THR,94,A_THR_94,3.391560900194105,9.0,0
A,THR,98,A_THR_98,17.798082307026306,5.0,0
A,THR,177,A_THR_177,3.3769178555089763,69.0,0
A,THR,178,A_THR_178,17.0401221145866,37.0,0
A,TYR,273,A_TYR_273,9.384105674142004,6.0,0
A,VAL,95,A_VAL_95,3.5343136527644163,47.0,0
A,VAL,99,A_VAL_99,11.539217080142476,58.0,0
A,VAL,100,A_VAL_100,16.98405607142631,1.0,0
A,VAL,104,A_VAL_104,16.906820600412367,10.0,0
A,VAL,181,A_VAL_181,16.316909605248267,3.0,0
