chain,resname,resnum,res_key,density,ACC,hbond_type
A,ALA,142,A_ALA_142,13.18248162359165,58.0,0
A,ALA,143,A_ALA_143,12.232809954630014,23.0,0
A,ALA,284,A_ALA_284,1.7261964543764805,56.0,0
A,ARG,135,A_ARG_135,24.80844897545272,178.0,0
A,ARG,151,A_ARG_151,14.47332759411476,96.0,1
A,ARG,163,A_ARG_163,8.0788140180132,108.0,0
A,ASN,147,A_ASN_147,5.483776314814191,157.0,0
A,ASP,133,A_ASP_133,12.294458698830072,27.0,2
A,ASP,282,A_ASP_282,3.5681473695641435,75.0,0
A,CYS,139,A_CYS_139,18.84948283971985,45.0,0
A,CYS,153,A_CYS_153,17.845963513934755,17.0,1
A,CYS,154,A_CYS_154,17.875565050969435,7.0,0
A,CYS,165,A_CYS_165,5.406558213354772,1.0,0
A,GLN,140,A_GLN_140,23.144619704684764,63.0,3
A,GLN,145,A_GLN_145,23.11151300446541,159.0,0
A,GLU,150,A_GLU_150,11.661406621755605,71.0,2
A,GLU,160,A_GLU_160,17.839752417506546,116.0,0
A,GLY,146,A_GLY_146,6.926840089715865,62.0,0
A,GLY,148,A_GLY_148,11.112019777331852,47.0,0
A,LEU,134,A_LEU_134,16.596795238746182,87.0,0
A,LEU,137,A_LEU_137,18.413975341030184,84.0,0
A,LEU,144,A_LEU_144,18.630384408339285,140.0,0
A,LEU,281,A_LEU_281,9.570216232541316,11.0,0
A,MET,141,A_MET_141,20.857156815280995,103.0,0
A,PRO,155,A_PRO_155,15.629323254846376,51.0,0
A,SER,132,A_SER_132,16.707831248218387,33.0,0
A,SER,136,A_SER_136,14.020630868792232,10.0,3
A,SER,138,A_SER_138,16.26017745282163,79.0,0
A,SER,149,A_SER_149,5.094485994737087,123.0,0
A,THR,152,A_THR_152,17.270771815295312,51.0,2
A,TRP,158,A_TRP_158,3.1321832881932767,9.0,0
A,VAL,131,A_VAL_131,5.83295926177749,64.0,0
A,VAL,156,A_VAL_156,13.331875918054752,57.0,0
