chain,resname,resnum,res_key,density,ACC,hbond_type
A,ALA,2105,A_ALA_2105,11.253712247590624,16.0,0
A,ALA,2160,A_ALA_2160,12.46171393441644,66.0,0
A,ARG,2110,A_ARG_2110,6.463177736761272,119.0,1
A,ARG,2146,A_ARG_2146,13.109599063631702,54.0,1
A,ARG,2151,A_ARG_2151,11.7785330489076,67.0,1
A,ASN,2189,A_ASN_2189,12.88612831705086,46.0,0
A,ASP,2080,A_ASP_2080,21.15965145925062,1.0,2
A,CYS,2161,A_CYS_2161,17.607707016374775,4.0,1
A,GLN,2148,A_GLN_2148,14.409816629745732,42.0,2
A,GLN,2156,A_GLN_2156,14.775655808451967,159.0,0
A,GLN,2164,A_GLN_2164,22.059544678918765,97.0,0
A,GLU,2130,A_GLU_2130,2.874769730511269,170.0,0
A,GLU,2150,A_GLU_2150,2.861867295483301,113.0,2
A,GLU,2157,A_GLU_2157,23.8170709278261,81.0,0
A,GLU,2159,A_GLU_2159,23.49682109750881,124.0,0
A,GLU,2190,A_GLU_2190,14.569455967302362,8.0,2
A,GLY,2079,A_GLY_2079,10.317586799632654,2.0,0
A,GLY,2153,A_GLY_2153,2.545045119308453,82.0,0
A,GLY,2163,A_GLY_2163,10.619187909629998,31.0,0
A,HIS,2083,A_HIS_2083,14.955861588872253,31.0,1
A,ILE,2147,A_ILE_2147,18.332902237078912,15.0,0
A,ILE,2166,A_ILE_2166,10.46077797065282,61.0,0
A,LEU,2081,A_LEU_2081,6.912910915336463,0.0,0
A,LEU,2109,A_LEU_2109,16.904992361962698,1.0,0
A,LYS,2082,A_LYS_2082,12.214072499716414,90.0,0
A,LYS,2149,A_LYS_2149,17.562014293341278,105.0,0
A,PHE,2152,A_PHE_2152,24.4993868157668,24.0,0
A,PHE,2162,A_PHE_2162,24.87333863591523,76.0,0
A,PHE,2165,A_PHE_2165,25.066146801932373,26.0,0
A,PRO,2106,A_PRO_2106,16.081165363361734,2.0,0
A,PRO,2107,A_PRO_2107,15.750605679974049,101.0,0
A,SER,2108,A_SER_2108,15.13562155690079,45.0,2
A,SER,2154,A_SER_2154,15.3818136361444,54.0,0
A,THR,2145,A_THR_2145,8.209781002786263,6.0,0
A,THR,2155,A_THR_2155,13.792540473551508,78.0,0
A,TYR,2158,A_TYR_2158,27.78149222686911,23.0,0
A,VAL,2078,A_VAL_2078,6.494808865719014,0.0,0
A,VAL,2104,A_VAL_2104,7.892706057756003,0.0,0
