chain,resname,resnum,res_key,density,ACC,hbond_type
A,ALA,5,A_ALA_5,9.635244123258564,46.0,0
A,ALA,9,A_ALA_9,13.27954512854942,36.0,0
A,ALA,22,A_ALA_22,12.200099526801177,65.0,0
A,ASP,18,A_ASP_18,21.65754047002224,141.0,0
A,CYS,19,A_CYS_19,17.810010787986723,30.0,0
A,CYS,49,A_CYS_49,5.774381486282895,14.0,0
A,GLN,6,A_GLN_6,10.72144584740406,150.0,0
A,GLN,7,A_GLN_7,8.626639056471824,98.0,0
A,GLN,13,A_GLN_13,23.39764343103309,125.0,0
A,GLU,10,A_GLU_10,14.392695331093464,122.0,0
A,GLU,11,A_GLU_11,13.159348421942234,50.0,0
A,GLU,20,A_GLU_20,23.85408627336864,146.0,0
A,GLU,21,A_GLU_21,23.730564510775068,154.0,0
A,GLU,25,A_GLU_25,20.997909043184528,116.0,0
A,GLY,16,A_GLY_16,9.677489782325456,63.0,0
A,GLY,56,A_GLY_56,10.368935159656791,34.0,0
A,ILE,14,A_ILE_14,7.242350471533528,120.0,0
A,ILE,24,A_ILE_24,18.51159641983373,22.0,0
A,ILE,46,A_ILE_46,4.051591930978414,30.0,0
A,ILE,61,A_ILE_61,7.923512870325117,17.0,0
A,LEU,8,A_LEU_8,17.948463007009572,0.0,0
A,LEU,12,A_LEU_12,19.05933484654775,1.0,0
A,LEU,17,A_LEU_17,18.37901775838172,36.0,0
A,LEU,23,A_LEU_23,18.59587600686777,16.0,0
A,LEU,27,A_LEU_27,14.96685325104673,0.0,0
A,LEU,45,A_LEU_45,7.714351709883865,0.0,0
A,LEU,57,A_LEU_57,17.2121745511604,22.0,0
A,LEU,62,A_LEU_62,11.767062770240722,0.0,0
A,LYS,26,A_LYS_26,16.15875877790418,39.0,1
A,PHE,15,A_PHE_15,17.316034991912357,106.0,0
A,SER,4,A_SER_4,3.320173098372743,38.0,0
A,SER,59,A_SER_59,11.907197317710969,62.0,0
A,THR,58,A_THR_58,17.640810940886073,63.0,0
A,VAL,28,A_VAL_28,4.901098506837545,33.0,0
A,VAL,42,A_VAL_42,7.918616313900269,0.0,0
A,VAL,55,A_VAL_55,5.547543785077713,145.0,0
