chain,resname,resnum,res_key,density,ACC,hbond_type
A,ALA,71,A_ALA_71,6.89099530152081,3.0,0
A,ALA,75,A_ALA_75,5.747051219704261,77.0,0
A,CYS,81,A_CYS_81,18.20778603361136,120.0,0
A,GLU,67,A_GLU_67,18.15480564506334,17.0,2
A,GLU,83,A_GLU_83,23.088958536784048,84.0,2
A,GLU,87,A_GLU_87,13.441006095022193,89.0,2
A,ILE,78,A_ILE_78,18.58417446814113,41.0,0
A,LEU,70,A_LEU_70,15.734780151618937,67.0,0
A,LEU,80,A_LEU_80,18.276291999292408,149.0,0
A,LYS,88,A_LYS_88,8.33225499219347,84.0,1
A,LYS,91,A_LYS_91,2.636360204454206,113.0,1
A,MET,82,A_MET_82,21.494580790252083,81.0,0
A,PHE,79,A_PHE_79,25.327918094612706,77.0,0
A,THR,74,A_THR_74,15.658235090088828,43.0,0
A,THR,77,A_THR_77,17.77043616874732,81.0,0
A,THR,84,A_THR_84,17.847679668229777,28.0,1
A,TYR,76,A_TYR_76,12.647434687053696,157.0,0
