chain,resname,resnum,res_key,density,ACC,hbond_type
A,ALA,219,A_ALA_219,12.4379960932617,10.0,0
A,ALA,238,A_ALA_238,12.355989132347016,35.0,0
A,ARG,239,A_ARG_239,18.91537014316513,178.0,0
A,ARG,288,A_ARG_288,2.8706505299239264,122.0,0
A,ASP,236,A_ASP_236,21.63716940625473,136.0,0
A,CYS,234,A_CYS_234,17.621663452264144,1.0,0
A,GLU,237,A_GLU_237,23.10372919959828,172.0,0
A,GLY,230,A_GLY_230,3.051919857407273,0.0,0
A,GLY,241,A_GLY_241,7.334610461230493,54.0,0
A,GLY,271,A_GLY_271,10.62660531357916,20.0,0
A,GLY,289,A_GLY_289,10.20593012451098,30.0,0
A,GLY,290,A_GLY_290,10.742734381643752,6.0,0
A,GLY,744,A_GLY_744,10.170664352824891,37.0,0
A,HIS,240,A_HIS_240,23.39043267840083,8.0,0
A,ILE,267,A_ILE_267,1.897161298000314,4.0,0
A,ILE,277,A_ILE_277,1.7756523521185468,10.0,0
A,ILE,291,A_ILE_291,16.851501415894052,33.0,0
A,LEU,217,A_LEU_217,3.063723566029255,73.0,0
A,LEU,235,A_LEU_235,17.515419521891168,39.0,0
A,LEU,259,A_LEU_259,1.7140327734330378,0.0,0
A,LEU,270,A_LEU_270,16.440827235863846,91.0,0
A,LYS,268,A_LYS_268,3.376059204964675,132.0,0
A,MET,220,A_MET_220,21.179985706659,46.0,0
A,MET,223,A_MET_223,20.555761879028378,108.0,0
A,PHE,242,A_PHE_242,22.98730214581179,9.0,0
A,PHE,250,A_PHE_250,12.386963143518834,5.0,0
A,PHE,275,A_PHE_275,25.542503425730224,0.0,0
A,PRO,272,A_PRO_272,16.085604472762462,69.0,0
A,PRO,745,A_PRO_745,9.973204108959228,46.0,0
A,SER,218,A_SER_218,15.60993673064213,72.0,0
A,SER,222,A_SER_222,16.303410131711907,55.0,0
A,SER,276,A_SER_276,7.670946853336356,10.0,0
A,SER,293,A_SER_293,2.9088584802326367,39.0,0
A,THR,225,A_THR_225,4.571604033961475,45.0,0
A,THR,233,A_THR_233,16.418494919897604,46.0,0
A,THR,274,A_THR_274,17.914144254377604,39.0,0
A,TYR,273,A_TYR_273,27.379449006920296,66.0,0
A,TYR,286,A_TYR_286,15.30119525377429,44.0,0
A,VAL,221,A_VAL_221,16.33877600661401,7.0,0
A,VAL,224,A_VAL_224,16.133335190020176,6.0,0
A,VAL,231,A_VAL_231,16.540625953673946,35.0,0
A,VAL,232,A_VAL_232,15.55518066214222,0.0,0
A,VAL,248,A_VAL_248,5.909039631122235,0.0,0
A,VAL,253,A_VAL_253,1.7951695078554877,2.0,0
A,VAL,269,A_VAL_269,9.825034689705948,44.0,0
A,VAL,292,A_VAL_292,15.762237150273457,0.0,0
