chain,resname,resnum,res_key,density,ACC,hbond_type
A,ASN,501,A_ASN_501,20.715340012168323,35.0,1
A,ASN,641,A_ASN_641,5.962479914489716,123.0,0
A,ASN,657,A_ASN_657,21.434340398128807,0.0,1
A,ASN,659,A_ASN_659,21.32682671713713,74.0,1
A,ASN,661,A_ASN_661,20.27630252185701,57.0,1
A,ASN,672,A_ASN_672,18.33736236310156,72.0,0
A,ASP,481,A_ASP_481,13.04460781957054,14.0,2
A,ASP,643,A_ASP_643,21.78005992010669,97.0,2
A,ASP,645,A_ASP_645,20.513490802032404,86.0,0
A,ASP,683,A_ASP_683,18.604256843755085,31.0,2
A,CYS,480,A_CYS_480,17.261957718440087,0.0,0
A,CYS,512,A_CYS_512,17.92293957269344,0.0,0
A,CYS,644,A_CYS_644,18.009852817658945,6.0,0
A,CYS,650,A_CYS_650,17.53093041622124,0.0,0
A,CYS,656,A_CYS_656,18.24526791599732,0.0,0
A,CYS,662,A_CYS_662,17.87044801012871,2.0,0
A,CYS,664,A_CYS_664,19.05487431094538,4.0,0
A,CYS,673,A_CYS_673,12.395169337284464,0.0,0
A,GLN,500,A_GLN_500,23.382827861103912,11.0,1
A,GLN,647,A_GLN_647,17.053581359910304,139.0,0
A,GLU,479,A_GLU_479,5.868996933783839,84.0,2
A,GLU,484,A_GLU_484,2.819826343441653,0.0,2
A,GLU,665,A_GLU_665,14.261711493950672,113.0,0
A,GLY,502,A_GLY_502,10.35708500772094,10.0,0
A,GLY,515,A_GLY_515,4.673035226047757,7.0,0
A,GLY,652,A_GLY_652,10.48723276212305,23.0,0
A,GLY,654,A_GLY_654,10.167869021364876,5.0,0
A,GLY,680,A_GLY_680,9.953929735873883,1.0,0
A,HIS,651,A_HIS_651,7.695058730817301,72.0,0
A,HIS,653,A_HIS_653,11.700492224105302,55.0,2
A,HIS,663,A_HIS_663,24.2170847553166,19.0,3
A,ILE,499,A_ILE_499,18.78465653449446,11.0,0
A,LEU,640,A_LEU_640,3.243212737918634,22.0,0
A,LYS,648,A_LYS_648,12.593948785795275,172.0,0
A,LYS,649,A_LYS_649,20.42236783561382,76.0,0
A,LYS,660,A_LYS_660,20.44492726460537,82.0,1
A,PHE,498,A_PHE_498,24.401318772871928,10.0,0
A,PRO,483,A_PRO_483,2.243055720044804,23.0,0
A,PRO,504,A_PRO_504,16.114831396036884,45.0,0
A,PRO,670,A_PRO_670,3.5298838346384973,44.0,0
A,PRO,671,A_PRO_671,9.811684781088209,73.0,0
A,SER,658,A_SER_658,14.290083985654435,36.0,0
A,SER,681,A_SER_681,14.811470096685932,3.0,2
A,SER,684,A_SER_684,7.462226084360433,0.0,3
A,TYR,503,A_TYR_503,28.9479255651156,67.0,0
A,TYR,513,A_TYR_513,2.81338551388371,17.0,3
A,TYR,642,A_TYR_642,27.117738673591987,73.0,0
A,VAL,482,A_VAL_482,13.234028158712,5.0,0
A,VAL,497,A_VAL_497,16.259768357737947,2.0,0
A,VAL,646,A_VAL_646,16.61727346631963,22.0,0
A,VAL,655,A_VAL_655,16.5732199786598,21.0,0
A,VAL,682,A_VAL_682,13.016969926877527,82.0,0
