chain,resname,resnum,res_key,density,ACC,hbond_type
A,ALA,345,A_ALA_345,12.648347095555476,33.0,0
A,ALA,379,A_ALA_379,10.293886745721167,0.0,0
A,ALA,380,A_ALA_380,11.593296260019311,0.0,0
A,ARG,397,A_ARG_397,13.069110969243818,91.0,0
A,ASN,364,A_ASN_364,20.179004374639447,9.0,0
A,ASN,400,A_ASN_400,10.581075436656487,78.0,0
A,ASP,340,A_ASP_340,20.351671275534564,73.0,2
A,CYS,328,A_CYS_328,17.550670665907543,7.0,0
A,CYS,366,A_CYS_366,18.159209723697906,18.0,0
A,GLN,346,A_GLN_346,21.562364415628075,56.0,2
A,GLN,378,A_GLN_378,7.942298302892974,89.0,0
A,GLN,401,A_GLN_401,23.372339595507817,14.0,2
A,GLU,368,A_GLU_368,18.75848635484128,67.0,0
A,GLU,370,A_GLU_370,4.299275304339382,110.0,0
A,GLY,348,A_GLY_348,2.1585475949826582,74.0,0
A,GLY,367,A_GLY_367,10.113590313911931,12.0,0
A,GLY,396,A_GLY_396,5.741965479980683,0.0,0
A,HIS,399,A_HIS_399,24.4876628304577,126.0,0
A,ILE,339,A_ILE_339,5.842422389633729,9.0,0
A,ILE,413,A_ILE_413,9.935606983362948,5.0,0
A,ILE,430,A_ILE_430,7.882195276802125,0.0,0
A,LEU,330,A_LEU_330,2.8015819558914345,7.0,0
A,LEU,341,A_LEU_341,17.787452675357414,0.0,0
A,LEU,344,A_LEU_344,18.236466283427205,0.0,0
A,LEU,363,A_LEU_363,15.84664370740808,0.0,0
A,LEU,403,A_LEU_403,12.34353769061498,0.0,0
A,LEU,412,A_LEU_412,18.42290550988468,0.0,0
A,LYS,326,A_LYS_326,12.02434366377861,174.0,0
A,LYS,443,A_LYS_443,6.542723862214144,57.0,0
A,PHE,432,A_PHE_432,12.03654847902607,3.0,0
A,PRO,343,A_PRO_343,16.198394937380282,40.0,0
A,SER,325,A_SER_325,10.3788418819374,23.0,3
A,SER,329,A_SER_329,16.41727095113259,56.0,3
A,SER,347,A_SER_347,11.846819880154516,112.0,0
A,SER,350,A_SER_350,6.116212178600058,48.0,1
A,SER,351,A_SER_351,12.415497837342514,20.0,0
A,THR,327,A_THR_327,17.87677693194548,72.0,3
A,THR,342,A_THR_342,17.952827288629315,75.0,1
A,THR,369,A_THR_369,14.14267103001478,0.0,0
A,THR,402,A_THR_402,10.061954053564088,26.0,0
A,TRP,460,A_TRP_460,15.240558203483747,0.0,0
A,TYR,352,A_TYR_352,20.542476260317933,20.0,3
A,TYR,362,A_TYR_362,5.472268426684545,39.0,0
A,TYR,398,A_TYR_398,27.2343236144726,78.0,0
A,TYR,414,A_TYR_414,22.755018034625675,0.0,1
A,TYR,464,A_TYR_464,5.875451516165379,81.0,0
A,VAL,365,A_VAL_365,16.926446802212713,1.0,0
A,VAL,381,A_VAL_381,8.906441020325648,1.0,0
