chain,resname,resnum,res_key,density,ACC,hbond_type
A,ARG,112,A_ARG_112,23.45871473095544,98.0,1
A,ARG,405,A_ARG_405,17.90133047809517,38.0,1
A,ASN,444,A_ASN_444,15.354782617636822,42.0,1
A,ASN,446,A_ASN_446,2.753519706885596,107.0,0
A,ASP,153,A_ASP_153,9.100177499027042,32.0,2
A,ASP,402,A_ASP_402,21.70874305092741,0.0,2
A,ASP,426,A_ASP_426,21.53791191647442,29.0,2
A,CYS,404,A_CYS_404,17.433211179274842,7.0,0
A,CYS,421,A_CYS_421,18.056979531107583,43.0,0
A,GLN,406,A_GLN_406,22.46516465100309,74.0,0
A,GLN,472,A_GLN_472,3.1721800229346555,5.0,2
A,GLU,152,A_GLU_152,3.190848920854393,160.0,0
A,GLU,424,A_GLU_424,22.990796343432304,88.0,2
A,GLY,371,A_GLY_371,10.713354842152125,0.0,0
A,GLY,403,A_GLY_403,10.12041886366852,0.0,0
A,GLY,425,A_GLY_425,6.978879953304392,15.0,0
A,HIS,417,A_HIS_417,24.44651692110599,23.0,0
A,HIS,419,A_HIS_419,23.688641150122223,11.0,3
A,ILE,418,A_ILE_418,14.971174232612944,147.0,0
A,LEU,155,A_LEU_155,8.144470436269742,2.0,0
A,LEU,407,A_LEU_407,17.967022930981308,19.0,0
A,LEU,443,A_LEU_443,19.232130630039943,4.0,0
A,LEU,448,A_LEU_448,5.291592298590721,6.0,0
A,LYS,423,A_LYS_423,20.31130375351407,136.0,0
A,MET,373,A_MET_373,14.098939415473088,0.0,0
A,PHE,442,A_PHE_442,5.536325824593647,11.0,0
A,PRO,154,A_PRO_154,16.131309437722877,37.0,0
A,PRO,416,A_PRO_416,2.8034835328838046,110.0,0
A,PRO,420,A_PRO_420,16.239217048584276,84.0,0
A,SER,370,A_SER_370,15.81039208808367,12.0,1
A,THR,369,A_THR_369,10.63767532103368,9.0,1
A,THR,427,A_THR_427,10.700623056748096,4.0,0
A,TRP,422,A_TRP_422,31.947499224338923,1.0,0
A,TYR,401,A_TYR_401,24.752678197596623,0.0,3
A,VAL,367,A_VAL_367,16.4009101368212,0.0,0
A,VAL,372,A_VAL_372,10.112471243062895,5.0,0
A,VAL,428,A_VAL_428,10.327774487382849,0.0,0
