chain,resname,resnum,res_key,density,ACC,hbond_type
A,ALA,1554,A_ALA_1554,12.44537785107782,33.0,0
A,ALA,1883,A_ALA_1883,12.356078119246463,53.0,0
A,ALA,1901,A_ALA_1901,11.064150810133944,0.0,0
A,ARG,1552,A_ARG_1552,23.961368517523432,104.0,1
A,ARG,1907,A_ARG_1907,26.029430368935174,21.0,1
A,ASN,2100,A_ASN_2100,8.2208966457036,34.0,0
A,ASP,1596,A_ASP_1596,2.836388570023187,83.0,2
A,ASP,2014,A_ASP_2014,21.724746939550744,62.0,2
A,ASP,2096,A_ASP_2096,12.102981177475494,20.0,2
A,CYS,1548,A_CYS_1548,6.1604192446313295,1.0,1
A,CYS,1881,A_CYS_1881,17.92558091290977,8.0,0
A,GLN,1555,A_GLN_1555,2.549443476371573,139.0,0
A,GLN,1902,A_GLN_1902,8.527584609989653,18.0,2
A,GLN,1906,A_GLN_1906,17.592007302951593,114.0,3
A,GLN,1910,A_GLN_1910,21.86568748985346,77.0,0
A,GLU,2012,A_GLU_2012,10.861930975740927,86.0,0
A,GLY,1908,A_GLY_1908,10.430526969007332,27.0,0
A,GLY,1966,A_GLY_1966,10.45304068691514,0.0,0
A,GLY,1967,A_GLY_1967,10.141072852521395,0.0,0
A,HIS,1553,A_HIS_1553,24.010589121636173,62.0,0
A,HIS,1884,A_HIS_1884,24.43635282173752,83.0,0
A,ILE,1888,A_ILE_1888,2.91012780328864,1.0,0
A,ILE,1889,A_ILE_1889,3.6367820833430855,0.0,0
A,ILE,1905,A_ILE_1905,17.763769918088002,20.0,0
A,LEU,1551,A_LEU_1551,10.035731400705531,21.0,0
A,LEU,1900,A_LEU_1900,10.04563176096094,0.0,0
A,LEU,1904,A_LEU_1904,18.53675273179196,1.0,0
A,LEU,1912,A_LEU_1912,12.508262728745876,0.0,0
A,LEU,2013,A_LEU_2013,9.613050740277169,19.0,0
A,LEU,2099,A_LEU_2099,15.46591946796852,24.0,0
A,LYS,1878,A_LYS_1878,19.68012059657412,38.0,1
A,LYS,1885,A_LYS_1885,21.00034023168602,15.0,1
A,LYS,1911,A_LYS_1911,20.4177132621853,39.0,0
A,PHE,1880,A_PHE_1880,24.31317312978289,21.0,0
A,PHE,1969,A_PHE_1969,12.283101853078549,1.0,0
A,PRO,1556,A_PRO_1556,3.632071152670167,67.0,0
A,PRO,1882,A_PRO_1882,16.332644492596877,11.0,0
A,PRO,1964,A_PRO_1964,5.393104849856083,52.0,0
A,SER,1549,A_SER_1549,10.51105062165472,13.0,0
A,SER,1550,A_SER_1550,15.483466545200752,56.0,0
A,SER,1886,A_SER_1886,15.17338873383325,0.0,0
A,THR,1879,A_THR_1879,18.70526230284836,2.0,3
A,TRP,1903,A_TRP_1903,31.51368339834139,11.0,0
A,TYR,1887,A_TYR_1887,27.71192419395911,0.0,0
A,TYR,2015,A_TYR_2015,27.82101453173397,30.0,0
A,VAL,1909,A_VAL_1909,15.918125174826477,0.0,0
A,VAL,1937,A_VAL_1937,5.6314457140229175,5.0,0
A,VAL,1965,A_VAL_1965,10.584973809270856,6.0,0
A,VAL,1968,A_VAL_1968,2.612578225997263,2.0,0
