chain,resname,resnum,res_key,density,ACC,hbond_type
A,ALA,258,A_ALA_258,2.821340244439439,57.0,0
A,ALA,289,A_ALA_289,12.539260937701943,21.0,0
A,ARG,252,A_ARG_252,2.417965041157213,82.0,1
A,ARG,255,A_ARG_255,13.955504382796232,62.0,0
A,ASN,280,A_ASN_280,16.988336230856245,17.0,0
A,ASN,604,A_ASN_604,9.862169398522846,87.0,1
A,ASP,256,A_ASP_256,21.341443971358096,8.0,2
A,ASP,262,A_ASP_262,21.450575021673384,55.0,2
A,ASP,1171,A_ASP_1171,17.006592585925134,39.0,2
A,CYS,251,A_CYS_251,6.343823685520995,8.0,0
A,CYS,260,A_CYS_260,11.694669373532918,6.0,0
A,CYS,264,A_CYS_264,17.292726825259663,10.0,0
A,CYS,291,A_CYS_291,17.66762431875322,11.0,0
A,CYS,295,A_CYS_295,5.551376436355478,28.0,0
A,CYS,307,A_CYS_307,11.37465336771136,3.0,0
A,GLN,235,A_GLN_235,11.752671777783355,19.0,2
A,GLU,245,A_GLU_245,9.320151134538229,69.0,0
A,GLU,257,A_GLU_257,19.91613523604624,123.0,2
A,GLU,282,A_GLU_282,19.924488587858896,110.0,2
A,GLY,283,A_GLY_283,11.085896484374976,12.0,0
A,GLY,288,A_GLY_288,10.055087385722478,13.0,0
A,GLY,305,A_GLY_305,10.694439617463804,6.0,0
A,HIS,304,A_HIS_304,15.13209280687794,139.0,0
A,LEU,267,A_LEU_267,18.547342982822787,50.0,0
A,LEU,269,A_LEU_269,3.4467268138227443,17.0,0
A,LEU,606,A_LEU_606,1.6779138109336496,84.0,0
A,LYS,253,A_LYS_253,19.74030455692856,81.0,1
A,LYS,261,A_LYS_261,19.639799366472896,65.0,1
A,LYS,284,A_LYS_284,19.942176818470426,18.0,1
A,LYS,293,A_LYS_293,20.630504466644364,128.0,0
A,LYS,294,A_LYS_294,2.9634662960080083,175.0,0
A,MET,268,A_MET_268,10.105413248143677,78.0,0
A,MET,600,A_MET_600,15.259027252442994,48.0,0
A,PHE,254,A_PHE_254,24.900368054180213,14.0,0
A,PHE,287,A_PHE_287,14.477018828286878,23.0,0
A,PRO,265,A_PRO_265,16.483756617508465,13.0,0
A,PRO,266,A_PRO_266,16.367491697357774,46.0,0
A,PRO,281,A_PRO_281,2.7786819206125046,121.0,0
A,SER,286,A_SER_286,15.668015571057705,6.0,3
A,SER,306,A_SER_306,15.745239818959238,7.0,3
A,THR,259,A_THR_259,17.243287128731836,33.0,0
A,THR,263,A_THR_263,17.220802895700086,80.0,0
A,THR,290,A_THR_290,17.572715492561517,32.0,0
A,THR,302,A_THR_302,3.0824907470924794,35.0,0
A,TYR,285,A_TYR_285,28.268605393251995,49.0,0
A,TYR,1172,A_TYR_1172,22.28681803425357,88.0,3
A,VAL,292,A_VAL_292,16.385688354137613,26.0,0
