chain,resname,resnum,res_key,density,ACC,hbond_type
A,ALA,157,A_ALA_157,12.606393183087004,0.0,0
A,ALA,163,A_ALA_163,10.055669820913112,8.0,0
A,ALA,222,A_ALA_222,11.77921633063771,14.0,0
A,ARG,140,A_ARG_140,14.56463249846426,139.0,1
A,ARG,212,A_ARG_212,16.22929374101071,73.0,1
A,ARG,213,A_ARG_213,2.730521443389249,15.0,1
A,ASN,135,A_ASN_135,10.44102641816025,60.0,1
A,ASN,138,A_ASN_138,14.4260831352312,95.0,1
A,ASN,219,A_ASN_219,20.28860811115615,77.0,0
A,CYS,155,A_CYS_155,17.894022031495705,0.0,0
A,CYS,209,A_CYS_209,18.42330030533501,0.0,0
A,GLN,139,A_GLN_139,23.1439273985158,94.0,0
A,GLN,156,A_GLN_156,16.545269559938596,39.0,3
A,GLN,173,A_GLN_173,5.915574974945435,121.0,1
A,GLU,152,A_GLU_152,5.262678868986818,28.0,2
A,GLU,164,A_GLU_164,19.668932867093915,89.0,2
A,GLU,218,A_GLU_218,5.603701301099473,46.0,2
A,GLU,223,A_GLU_223,23.002491552406568,100.0,0
A,GLY,177,A_GLY_177,10.197307829335593,35.0,0
A,HIS,172,A_HIS_172,4.966603006136497,140.0,0
A,HIS,220,A_HIS_220,23.18597614528596,46.0,1
A,ILE,137,A_ILE_137,18.138103831343287,33.0,0
A,ILE,141,A_ILE_141,10.42570943195803,52.0,0
A,ILE,166,A_ILE_166,17.809350423309574,46.0,0
A,ILE,206,A_ILE_206,14.876534340828186,47.0,0
A,ILE,226,A_ILE_226,2.0673916990744385,0.0,0
A,LEU,153,A_LEU_153,18.904598612813565,0.0,0
A,LEU,175,A_LEU_175,18.29867702993548,39.0,0
A,LEU,197,A_LEU_197,17.470020242256965,4.0,0
A,LEU,224,A_LEU_224,18.44562219704421,0.0,0
A,LYS,136,A_LYS_136,10.358337500299005,145.0,0
A,LYS,178,A_LYS_178,8.07963896532518,162.0,0
A,PHE,207,A_PHE_207,25.3071659753165,9.0,0
A,PHE,211,A_PHE_211,24.7451916202458,1.0,0
A,SER,169,A_SER_169,15.045417271946087,15.0,1
A,SER,170,A_SER_170,4.111895452372032,67.0,0
A,SER,176,A_SER_176,10.418144786834858,122.0,0
A,SER,195,A_SER_195,14.599889129083923,0.0,3
A,THR,154,A_THR_154,17.650738171497856,5.0,3
A,THR,168,A_THR_168,17.644123045198178,21.0,0
A,THR,179,A_THR_179,11.70458987713845,57.0,3
A,THR,194,A_THR_194,14.553573595911155,40.0,0
A,THR,196,A_THR_196,17.56878464501933,32.0,3
A,THR,210,A_THR_210,16.687419847611075,23.0,3
A,THR,221,A_THR_221,17.125239885761285,75.0,3
A,TRP,167,A_TRP_167,31.08509358654744,2.0,1
A,TYR,134,A_TYR_134,20.718828461651555,1.0,0
A,TYR,208,A_TYR_208,27.79550138550692,54.0,0
A,VAL,165,A_VAL_165,16.661001421809324,18.0,0
A,VAL,174,A_VAL_174,13.07497431810712,111.0,0
A,VAL,193,A_VAL_193,12.870903926269406,0.0,0
A,VAL,225,A_VAL_225,6.766717118411888,63.0,0
