chain,resname,resnum,res_key,density,ACC,hbond_type
A,ARG,277,A_ARG_277,14.654569944107427,207.0,0
A,ARG,281,A_ARG_281,26.395874511413336,208.0,0
A,ASN,278,A_ASN_278,20.78613610604041,76.0,0
A,CYS,280,A_CYS_280,17.932845538609463,98.0,0
A,CYS,284,A_CYS_284,17.680321415317096,61.0,0
A,CYS,285,A_CYS_285,18.36752690127344,98.0,0
A,CYS,287,A_CYS_287,10.259866250587642,114.0,0
A,CYS,288,A_CYS_288,17.414603257019998,59.0,0
A,CYS,290,A_CYS_290,18.07729047998926,111.0,0
A,CYS,291,A_CYS_291,16.909384825398742,93.0,0
A,LEU,283,A_LEU_283,18.694115368505216,140.0,0
A,LYS,273,A_LYS_273,3.2379353374251787,136.0,0
A,LYS,275,A_LYS_275,18.06957871494613,151.0,0
A,LYS,276,A_LYS_276,12.844547476737445,165.0,0
A,PRO,279,A_PRO_279,16.32585894154263,82.0,0
A,PRO,289,A_PRO_289,11.514427328124036,106.0,0
A,SER,292,A_SER_292,2.57893107576636,103.0,0
A,TRP,286,A_TRP_286,7.287212855808034,256.0,0
A,TYR,274,A_TYR_274,8.298073761107034,163.0,0
A,VAL,282,A_VAL_282,15.3065366791364,115.0,0
