chain,resname,resnum,res_key,density,ACC,hbond_type
A,ALA,399,A_ALA_399,12.17646299553569,12.0,0
A,ALA,497,A_ALA_497,12.989150259953988,3.0,0
A,ALA,501,A_ALA_501,9.617977182827865,0.0,0
A,CYS,394,A_CYS_394,17.88681445470098,18.0,1
A,CYS,401,A_CYS_401,16.90887898872375,52.0,0
A,CYS,406,A_CYS_406,18.399985742842663,68.0,0
A,GLN,187,A_GLN_187,2.43140669970755,155.0,0
A,GLN,404,A_GLN_404,23.111100830052145,0.0,2
A,GLU,392,A_GLU_392,7.604159188124574,60.0,2
A,GLY,393,A_GLY_393,10.46314685711087,23.0,0
A,HIS,183,A_HIS_183,6.104404850104455,49.0,1
A,HIS,395,A_HIS_395,24.3106814760806,190.0,0
A,HIS,488,A_HIS_488,4.483970509855101,10.0,2
A,ILE,407,A_ILE_407,18.42506331019465,24.0,0
A,LEU,184,A_LEU_184,17.765883189641233,1.0,0
A,LEU,402,A_LEU_402,18.215804993346246,122.0,0
A,LEU,408,A_LEU_408,15.729370992122346,0.0,0
A,LEU,495,A_LEU_495,14.83909141460981,13.0,0
A,LEU,500,A_LEU_500,18.27895851382005,89.0,0
A,LYS,496,A_LYS_496,20.35031772583533,93.0,0
A,MET,504,A_MET_504,5.595351107237946,89.0,0
A,PHE,397,A_PHE_397,24.5686223080032,18.0,0
A,PHE,405,A_PHE_405,25.635137510154507,33.0,0
A,PHE,409,A_PHE_409,7.052355577134543,64.0,0
A,SER,396,A_SER_396,11.99051428016536,30.0,2
A,SER,398,A_SER_398,15.475751656450443,44.0,0
A,SER,400,A_SER_400,16.10828911670909,64.0,3
A,SER,494,A_SER_494,16.400109246074532,4.0,3
A,THR,403,A_THR_403,18.193435018147685,67.0,3
A,TRP,492,A_TRP_492,8.091313477691951,4.0,1
A,TYR,491,A_TYR_491,3.098862275675284,22.0,1
A,TYR,493,A_TYR_493,25.271346139877707,0.0,3
A,TYR,498,A_TYR_498,14.2838945395815,6.0,0
A,TYR,499,A_TYR_499,8.87990540262171,27.0,0
A,TYR,667,A_TYR_667,5.44004806509504,36.0,0
