chain,resname,resnum,res_key,density,ACC,hbond_type
A,ALA,397,A_ALA_397,2.0846706168968527,52.0,0
A,ALA,449,A_ALA_449,12.43129618829136,101.0,0
A,ALA,455,A_ALA_455,2.6386618197014484,103.0,0
A,ARG,400,A_ARG_400,16.045140993185626,190.0,0
A,ASN,452,A_ASN_452,20.84122462292835,180.0,0
A,CYS,451,A_CYS_451,17.712336309619644,137.0,0
A,GLY,450,A_GLY_450,9.972015404084068,67.0,0
A,GLY,453,A_GLY_453,10.62565294973577,72.0,0
A,GLY,454,A_GLY_454,10.759423449960668,85.0,0
A,TRP,448,A_TRP_448,12.687724547959562,228.0,0
