chain,resname,resnum,res_key,density,ACC,hbond_type
A,ARG,138,A_ARG_138,23.56025500175267,48.0,1
A,ARG,143,A_ARG_143,9.694170745649616,22.0,1
A,ASN,115,A_ASN_115,8.393433442201305,11.0,0
A,ASN,137,A_ASN_137,20.698998591422907,31.0,0
A,ASP,94,A_ASP_94,5.752209423110519,98.0,0
A,ASP,100,A_ASP_100,21.226011901643663,118.0,2
A,ASP,174,A_ASP_174,20.02847990644968,2.0,0
A,ASP,224,A_ASP_224,9.864601899633628,71.0,2
A,CYS,95,A_CYS_95,17.548102481582447,21.0,0
A,CYS,98,A_CYS_98,17.579471318491844,45.0,0
A,CYS,101,A_CYS_101,17.833561550870265,8.0,0
A,CYS,133,A_CYS_133,1.927648664339604,0.0,0
A,CYS,141,A_CYS_141,17.577350654512234,0.0,0
A,CYS,160,A_CYS_160,17.389722532896187,47.0,0
A,CYS,172,A_CYS_172,5.335661333113014,5.0,0
A,CYS,175,A_CYS_175,12.05534611222991,1.0,0
A,GLN,99,A_GLN_99,23.607022101838524,90.0,0
A,GLN,142,A_GLN_142,22.488344427414013,37.0,2
A,GLU,91,A_GLU_91,14.568334866149511,23.0,2
A,GLY,134,A_GLY_134,10.742455451834156,9.0,0
A,GLY,139,A_GLY_139,10.25354819004173,1.0,0
A,GLY,225,A_GLY_225,4.791270956453994,0.0,0
A,HIS,92,A_HIS_92,5.796258674120747,11.0,0
A,HIS,159,A_HIS_159,18.962868003857302,80.0,1
A,HIS,209,A_HIS_209,11.250604036840482,44.0,0
A,ILE,161,A_ILE_161,18.41461366826944,2.0,0
A,LEU,90,A_LEU_90,9.810720844486486,8.0,0
A,LYS,223,A_LYS_223,3.316315662407612,42.0,1
A,PHE,96,A_PHE_96,25.53961794061861,135.0,0
A,PHE,162,A_PHE_162,25.432671289601764,48.0,0
A,PRO,97,A_PRO_97,15.690304279858282,8.0,0
A,PRO,164,A_PRO_164,13.069213541260432,94.0,0
A,SER,102,A_SER_102,2.476817810617061,67.0,1
A,SER,132,A_SER_132,3.3533093407828907,5.0,3
A,SER,163,A_SER_163,15.336701801125614,16.0,2
A,THR,86,A_THR_86,5.575371959635392,15.0,0
A,THR,140,A_THR_140,17.286484232760525,10.0,0
A,TYR,84,A_TYR_84,7.651434101631862,45.0,1
A,VAL,89,A_VAL_89,9.828232001540863,30.0,0
A,VAL,136,A_VAL_136,16.66941203917812,4.0,0
A,VAL,158,A_VAL_158,11.879524490996918,43.0,0
A,VAL,176,A_VAL_176,2.9601825134840607,0.0,0
