chain,resname,resnum,res_key,density,ACC,hbond_type
A,ARG,1181,A_ARG_1181,26.330027748381976,125.0,0
A,ASN,1151,A_ASN_1151,18.028330389841507,9.0,0
A,ASN,1173,A_ASN_1173,16.051259517094078,74.0,1
A,ASN,1179,A_ASN_1179,20.438676809847887,170.0,0
A,ASP,1175,A_ASP_1175,21.981286044542,47.0,0
A,ASP,1203,A_ASP_1203,11.920178727039117,23.0,2
A,CYS,1177,A_CYS_1177,18.006272840865755,25.0,0
A,CYS,1205,A_CYS_1205,17.518383605565212,19.0,0
A,GLN,1180,A_GLN_1180,23.15450939463776,82.0,2
A,GLN,1202,A_GLN_1202,14.52874954287882,79.0,2
A,GLN,1632,A_GLN_1632,2.9067433189380325,114.0,0
A,GLU,1206,A_GLU_1206,14.510632308724349,9.0,2
A,GLY,1153,A_GLY_1153,4.785810184044939,0.0,0
A,GLY,1174,A_GLY_1174,10.690760163299029,2.0,0
A,GLY,1178,A_GLY_1178,10.236371583347758,56.0,0
A,GLY,1204,A_GLY_1204,9.946822574158436,56.0,0
A,LEU,1143,A_LEU_1143,1.6365215122721284,11.0,0
A,LEU,1152,A_LEU_1152,17.420059519188403,0.0,0
A,LYS,1176,A_LYS_1176,21.158842309020702,158.0,0
A,LYS,1601,A_LYS_1601,6.059607169134749,72.0,1
A,PHE,1182,A_PHE_1182,25.23516647627183,21.0,0
A,SER,1149,A_SER_1149,2.985870247452759,35.0,0
A,SER,1183,A_SER_1183,15.392309627034969,23.0,0
A,THR,1184,A_THR_1184,2.787920507124151,0.0,3
A,THR,1633,A_THR_1633,1.7922506301760577,21.0,3
A,TRP,1150,A_TRP_1150,31.75124702913624,106.0,0
A,TYR,1171,A_TYR_1171,3.2318336941768373,0.0,0
A,TYR,1207,A_TYR_1207,22.452739818169658,13.0,1
A,VAL,1172,A_VAL_1172,7.701266226862247,29.0,0
