chain,resname,resnum,res_key,density,ACC,hbond_type
A,ALA,739,A_ALA_739,12.528707722041116,64.0,0
A,ALA,741,A_ALA_741,9.953766874709638,112.0,0
A,ALA,822,A_ALA_822,13.051130214501809,52.0,0
A,ALA,828,A_ALA_828,11.747623368124362,4.0,0
A,ALA,858,A_ALA_858,11.810000291079184,0.0,0
A,ALA,925,A_ALA_925,9.981236576332533,2.0,0
A,ARG,736,A_ARG_736,3.2577601574473567,108.0,1
A,ARG,846,A_ARG_846,14.250535146893757,111.0,0
A,ARG,849,A_ARG_849,14.541035875011994,61.0,0
A,ARG,856,A_ARG_856,22.425606138040845,80.0,1
A,ASP,847,A_ASP_847,7.867465603041646,34.0,0
A,CYS,853,A_CYS_853,17.46805182218732,4.0,0
A,GLN,740,A_GLN_740,21.67327251495,53.0,3
A,GLN,745,A_GLN_745,14.462443636992807,145.0,0
A,GLN,857,A_GLN_857,21.90437769207357,52.0,0
A,GLU,742,A_GLU_742,20.653856274289964,161.0,0
A,GLU,825,A_GLU_825,23.107230109883872,78.0,0
A,GLU,830,A_GLU_830,2.7339479205811994,34.0,2
A,GLY,743,A_GLY_743,10.249085979953234,53.0,0
A,GLY,749,A_GLY_749,10.467761632676991,3.0,0
A,HIS,752,A_HIS_752,13.783290044178177,91.0,0
A,LEU,737,A_LEU_737,17.804083352513203,48.0,0
A,LEU,744,A_LEU_744,17.664815425859675,29.0,0
A,LEU,746,A_LEU_746,18.52556363911076,51.0,0
A,LEU,747,A_LEU_747,2.9458639379043183,46.0,0
A,LEU,750,A_LEU_750,8.68462762297208,4.0,0
A,LEU,814,A_LEU_814,5.877379980694641,25.0,0
A,LEU,850,A_LEU_850,17.218739402314554,17.0,0
A,LEU,855,A_LEU_855,18.25540098520356,8.0,0
A,LEU,859,A_LEU_859,18.649419849783527,0.0,0
A,LEU,863,A_LEU_863,12.102031973445078,0.0,0
A,LEU,928,A_LEU_928,7.814209585732259,1.0,0
A,LEU,929,A_LEU_929,17.095206526897435,8.0,0
A,LEU,934,A_LEU_934,1.822484321566706,41.0,0
A,PHE,861,A_PHE_861,24.68314326355946,58.0,0
A,PHE,862,A_PHE_862,24.91006942039948,0.0,0
A,PRO,748,A_PRO_748,7.398114554383489,65.0,0
A,PRO,821,A_PRO_821,15.866271694687743,23.0,0
A,PRO,823,A_PRO_823,12.255030545641535,93.0,0
A,PRO,826,A_PRO_826,15.63891126657717,20.0,0
A,PRO,848,A_PRO_848,7.844060267378699,95.0,0
A,PRO,851,A_PRO_851,16.996927697332197,16.0,0
A,PRO,852,A_PRO_852,16.673472714463568,27.0,0
A,PRO,926,A_PRO_926,4.776180259799597,19.0,0
A,SER,738,A_SER_738,15.966589217605248,20.0,3
A,THR,824,A_THR_824,17.562620280479532,126.0,0
A,THR,854,A_THR_854,17.59626599010505,13.0,0
A,THR,860,A_THR_860,16.371890090107463,21.0,0
A,THR,930,A_THR_930,2.722356795448415,14.0,3
A,VAL,753,A_VAL_753,10.881221200816602,15.0,0
A,VAL,810,A_VAL_810,1.9446902530110235,1.0,0
A,VAL,827,A_VAL_827,16.674710178470544,6.0,0
A,VAL,829,A_VAL_829,16.14993362687719,12.0,0
