chain,resname,resnum,res_key,density,ACC,hbond_type
A,ALA,649,A_ALA_649,8.66626176006167,20.0,0
A,ALA,678,A_ALA_678,12.344311197600756,0.0,0
A,ALA,682,A_ALA_682,2.561059402735509,3.0,0
A,ASN,662,A_ASN_662,11.242259404098633,3.0,0
A,ASN,690,A_ASN_690,20.765272143070348,6.0,3
A,ASP,658,A_ASP_658,12.829303229748373,21.0,2
A,ASP,675,A_ASP_675,20.911798360504942,103.0,0
A,CYS,672,A_CYS_672,17.75697794083942,22.0,0
A,CYS,679,A_CYS_679,17.248674187279242,1.0,0
A,GLN,673,A_GLN_673,22.27439479266553,106.0,2
A,GLN,680,A_GLN_680,19.25049360727049,2.0,2
A,GLU,686,A_GLU_686,17.75338047451574,158.0,0
A,GLY,648,A_GLY_648,10.427265694762022,16.0,0
A,GLY,665,A_GLY_665,4.983379974953302,7.0,0
A,GLY,677,A_GLY_677,10.334561168628728,0.0,0
A,GLY,692,A_GLY_692,10.850720914416591,0.0,0
A,GLY,712,A_GLY_712,4.725563023951467,5.0,0
A,ILE,661,A_ILE_661,14.037127318965426,0.0,0
A,LEU,691,A_LEU_691,14.974706756026372,0.0,0
A,LEU,693,A_LEU_693,8.719302194509844,82.0,0
A,LYS,651,A_LYS_651,2.071055482699353,91.0,1
A,LYS,687,A_LYS_687,12.752992193089556,116.0,1
A,PHE,659,A_PHE_659,16.49122237732953,0.0,0
A,PRO,666,A_PRO_666,16.23949257783619,56.0,0
A,PRO,671,A_PRO_671,15.739962720296411,63.0,0
A,PRO,674,A_PRO_674,15.817335794739446,101.0,0
A,SER,668,A_SER_668,15.256673046580708,68.0,0
A,SER,670,A_SER_670,15.761120676881012,114.0,0
A,SER,676,A_SER_676,15.49954436842897,0.0,1
A,SER,694,A_SER_694,7.248383280068046,47.0,0
A,THR,688,A_THR_688,17.38815028717435,53.0,0
A,THR,713,A_THR_713,11.026265558265347,49.0,0
A,TRP,689,A_TRP_689,26.833103389056955,65.0,0
A,TYR,650,A_TYR_650,8.33520761389046,30.0,0
A,TYR,660,A_TYR_660,27.554316145768443,48.0,0
A,VAL,667,A_VAL_667,16.300823450034112,2.0,0
A,VAL,669,A_VAL_669,15.456604902178553,36.0,0
A,VAL,681,A_VAL_681,15.696585364161749,15.0,0
