chain,resname,resnum,res_key,density,ACC,hbond_type
A,ALA,165,A_ALA_165,1.940014373737544,15.0,0
A,ALA,265,A_ALA_265,13.252702874563022,0.0,0
A,ALA,417,A_ALA_417,13.112530126353054,4.0,0
A,ALA,418,A_ALA_418,13.443847587575323,0.0,0
A,ARG,264,A_ARG_264,27.5160409785633,43.0,1
A,ARG,268,A_ARG_268,24.931226262771546,94.0,1
A,ARG,314,A_ARG_314,16.32765103141811,12.0,1
A,ASN,164,A_ASN_164,3.0022811658638373,59.0,0
A,ASN,237,A_ASN_237,12.878988523733089,135.0,0
A,ASP,240,A_ASP_240,21.4203883333146,0.0,2
A,ASP,254,A_ASP_254,20.93901217487126,78.0,0
A,ASP,267,A_ASP_267,21.74083198632678,0.0,2
A,CYS,261,A_CYS_261,18.976744467400472,0.0,0
A,CYS,269,A_CYS_269,12.929337544743454,0.0,0
A,GLN,260,A_GLN_260,23.17375396607421,48.0,0
A,GLU,236,A_GLU_236,23.54282585962596,56.0,2
A,GLU,344,A_GLU_344,19.7638232277851,81.0,2
A,GLY,255,A_GLY_255,9.973993440789448,45.0,0
A,GLY,413,A_GLY_413,9.708723548604787,0.0,0
A,GLY,415,A_GLY_415,9.715745557034117,24.0,0
A,HIS,234,A_HIS_234,23.657546931559857,38.0,1
A,HIS,301,A_HIS_301,6.306857757073847,6.0,0
A,ILE,259,A_ILE_259,18.238798872037385,61.0,0
A,LEU,257,A_LEU_257,18.451607357882345,49.0,0
A,LEU,263,A_LEU_263,18.89126399706532,16.0,0
A,LEU,266,A_LEU_266,18.697797925288967,0.0,0
A,LEU,343,A_LEU_343,7.202991614541739,28.0,0
A,LEU,416,A_LEU_416,18.455310818319614,5.0,0
A,LYS,256,A_LYS_256,18.65193959961258,138.0,0
A,MET,235,A_MET_235,13.334268503903209,118.0,0
A,MET,307,A_MET_307,10.781082185345074,4.0,0
A,PHE,241,A_PHE_241,19.39230593137564,17.0,0
A,PHE,410,A_PHE_410,12.784042409291024,0.0,0
A,PRO,303,A_PRO_303,5.336157828905636,23.0,0
A,SER,258,A_SER_258,16.272861471852284,24.0,0
A,SER,311,A_SER_311,4.5794372046964105,0.0,0
A,SER,411,A_SER_411,5.723917525878737,2.0,3
A,SER,414,A_SER_414,14.854565348881778,16.0,1
A,SER,419,A_SER_419,2.904577138485136,0.0,3
A,THR,346,A_THR_346,2.664864914967644,7.0,2
A,THR,348,A_THR_348,4.891710112942819,89.0,0
A,TYR,239,A_TYR_239,15.929615923269584,145.0,0
A,TYR,242,A_TYR_242,4.695609345206727,80.0,0
A,TYR,262,A_TYR_262,29.03425534947821,6.0,0
A,TYR,347,A_TYR_347,27.867458447343623,29.0,1
A,TYR,412,A_TYR_412,27.015415722679045,6.0,1
A,VAL,238,A_VAL_238,15.91056798694756,20.0,0
A,VAL,253,A_VAL_253,8.16701790393327,58.0,0
