chain,resname,resnum,res_key,density,ACC,hbond_type
A,ARG,568,A_ARG_568,9.985204277352024,46.0,0
A,ARG,620,A_ARG_620,13.352579654000449,146.0,0
A,ASN,615,A_ASN_615,20.607658200534345,29.0,0
A,CYS,494,A_CYS_494,18.359852869436025,5.0,0
A,GLN,553,A_GLN_553,3.667035549453754,31.0,2
A,GLN,611,A_GLN_611,8.817251390267,51.0,2
A,GLU,496,A_GLU_496,23.44735069166772,116.0,0
A,GLU,573,A_GLU_573,22.319542711105367,69.0,2
A,GLY,571,A_GLY_571,5.222298653156624,80.0,0
A,GLY,616,A_GLY_616,10.710419628724638,58.0,0
A,ILE,500,A_ILE_500,19.28457395717157,26.0,0
A,ILE,503,A_ILE_503,15.154216377780756,1.0,0
A,ILE,576,A_ILE_576,18.30338570370443,0.0,0
A,ILE,618,A_ILE_618,18.80978271816628,90.0,0
A,LEU,493,A_LEU_493,17.89609504675662,16.0,0
A,LEU,610,A_LEU_610,15.70778747970432,0.0,0
A,LEU,617,A_LEU_617,17.14255035015576,15.0,0
A,LYS,501,A_LYS_501,12.54001541706474,114.0,0
A,LYS,575,A_LYS_575,19.83784214561278,34.0,1
A,LYS,577,A_LYS_577,17.5810470175975,49.0,0
A,LYS,614,A_LYS_614,5.733783303826765,150.0,1
A,PHE,492,A_PHE_492,25.31462544946161,3.0,0
A,PHE,504,A_PHE_504,14.783087775109156,0.0,0
A,PRO,497,A_PRO_497,16.690403084176424,93.0,0
A,PRO,498,A_PRO_498,15.75911079627766,90.0,0
A,PRO,574,A_PRO_574,16.178092863030393,53.0,0
A,PRO,612,A_PRO_612,16.362130822193123,27.0,0
A,SER,502,A_SER_502,9.645955649341888,63.0,0
A,SER,570,A_SER_570,15.154797926934185,18.0,1
A,SER,613,A_SER_613,5.506060470614003,123.0,0
A,THR,499,A_THR_499,17.48551324241639,34.0,0
A,THR,569,A_THR_569,17.57561772695501,20.0,0
A,THR,572,A_THR_572,10.666883578282386,78.0,0
A,TRP,619,A_TRP_619,14.515190683072358,162.0,0
A,TYR,491,A_TYR_491,27.56192189173898,45.0,0
A,TYR,495,A_TYR_495,27.62771515263534,143.0,0
A,TYR,578,A_TYR_578,3.000863385166109,16.0,0
