chain,resname,resnum,res_key,density,ACC,hbond_type
A,ARG,39,A_ARG_39,26.868467570256865,18.0,1
A,ARG,40,A_ARG_40,26.811261951673792,42.0,1
A,ARG,522,A_ARG_522,14.773963388469156,96.0,0
A,ASN,533,A_ASN_533,2.9619461489736856,108.0,0
A,ASP,36,A_ASP_36,21.62751038936545,56.0,2
A,ASP,530,A_ASP_530,20.88844727578755,20.0,2
A,CYS,528,A_CYS_528,18.2990144738962,6.0,0
A,GLN,37,A_GLN_37,14.96949681570139,97.0,0
A,GLU,35,A_GLU_35,21.64885035073169,30.0,2
A,GLU,520,A_GLU_520,3.5012652774234434,69.0,2
A,GLU,527,A_GLU_527,23.291086216902748,108.0,2
A,ILE,525,A_ILE_525,17.83241424811309,29.0,0
A,LEU,32,A_LEU_32,7.8113284660662625,103.0,0
A,LEU,33,A_LEU_33,6.2082648678039,107.0,0
A,LEU,34,A_LEU_34,6.359195065120693,78.0,0
A,LEU,42,A_LEU_42,18.33469015524879,0.0,0
A,LEU,521,A_LEU_521,9.514079147460482,1.0,0
A,LEU,531,A_LEU_531,17.954665001453048,127.0,0
A,LYS,41,A_LYS_41,12.78604631871078,85.0,1
A,LYS,43,A_LYS_43,20.91304017182056,44.0,0
A,LYS,529,A_LYS_529,20.954005322983523,189.0,0
A,LYS,536,A_LYS_536,20.255485148523988,104.0,1
A,MET,38,A_MET_38,14.399793375249052,4.0,0
A,MET,47,A_MET_47,10.794794091041435,17.0,0
A,PHE,44,A_PHE_44,9.068350128702653,33.0,0
A,PHE,45,A_PHE_45,2.677685872451394,52.0,0
A,PHE,46,A_PHE_46,4.103229129139428,69.0,0
A,PHE,524,A_PHE_524,25.6386976669598,9.0,0
A,PRO,532,A_PRO_532,16.040381257857163,39.0,0
A,SER,526,A_SER_526,15.978802315646394,80.0,0
A,SER,534,A_SER_534,12.652308232892024,50.0,0
A,THR,523,A_THR_523,17.775515266241015,52.0,0
A,TYR,325,A_TYR_325,3.086232314910936,92.0,1
A,TYR,537,A_TYR_537,22.92860582835117,4.0,0
