chain,resname,resnum,res_key,density,ACC,hbond_type
A,ALA,237,A_ALA_237,12.710791522137058,0.0,0
A,ALA,238,A_ALA_238,11.751763222363817,0.0,0
A,ALA,258,A_ALA_258,5.188971713788154,57.0,0
A,ALA,289,A_ALA_289,5.117515967663969,21.0,0
A,ARG,108,A_ARG_108,10.680372081791315,17.0,1
A,ARG,222,A_ARG_222,26.97868282519027,9.0,1
A,ARG,224,A_ARG_224,15.71148211235878,116.0,0
A,ARG,244,A_ARG_244,14.587992473220249,173.0,0
A,ARG,252,A_ARG_252,26.47694226313269,82.0,1
A,ARG,255,A_ARG_255,12.8324994471179,62.0,0
A,ASN,234,A_ASN_234,21.305146613315504,70.0,2
A,ASP,166,A_ASP_166,3.320377747383381,0.0,0
A,ASP,230,A_ASP_230,6.078545062023315,34.0,2
A,ASP,247,A_ASP_247,21.298676704602983,32.0,2
A,ASP,256,A_ASP_256,2.7666102931093066,8.0,2
A,ASP,262,A_ASP_262,14.905741913986873,55.0,2
A,CYS,215,A_CYS_215,7.447817286835024,29.0,0
A,CYS,219,A_CYS_219,15.642809994795288,20.0,0
A,CYS,223,A_CYS_223,18.15949756459841,0.0,0
A,CYS,231,A_CYS_231,17.845787503027275,24.0,0
A,CYS,232,A_CYS_232,17.63447300169701,11.0,0
A,CYS,236,A_CYS_236,18.396019199649714,7.0,0
A,CYS,240,A_CYS_240,17.903102405838393,13.0,0
A,CYS,248,A_CYS_248,18.31140904245653,21.0,0
A,CYS,251,A_CYS_251,17.27153813191434,8.0,0
A,CYS,260,A_CYS_260,16.92600401106046,6.0,0
A,GLN,105,A_GLN_105,19.026863465689125,34.0,0
A,GLN,141,A_GLN_141,22.24091637428616,10.0,0
A,GLN,235,A_GLN_235,22.55264211693517,19.0,2
A,GLU,84,A_GLU_84,9.222468000797836,19.0,2
A,GLU,142,A_GLU_142,23.27106225631248,17.0,2
A,GLU,245,A_GLU_245,23.478976500046308,69.0,0
A,GLY,221,A_GLY_221,10.212624685514267,38.0,0
A,GLY,239,A_GLY_239,10.359740368457969,0.0,0
A,GLY,242,A_GLY_242,10.621866227816753,6.0,0
A,HIS,233,A_HIS_233,24.170490430890982,66.0,0
A,ILE,106,A_ILE_106,11.455617113514863,0.0,0
A,ILE,143,A_ILE_143,2.8964815868962,0.0,0
A,LEU,144,A_LEU_144,12.494185877670596,28.0,0
A,LEU,249,A_LEU_249,18.201236183197217,67.0,0
A,LYS,212,A_LYS_212,14.468836688020057,64.0,0
A,LYS,253,A_LYS_253,17.17604797462084,81.0,1
A,LYS,261,A_LYS_261,13.602089625620629,65.0,1
A,PHE,254,A_PHE_254,12.583334349352905,14.0,0
A,PRO,243,A_PRO_243,15.710938402451898,77.0,0
A,SER,220,A_SER_220,15.336213439306984,83.0,1
A,SER,246,A_SER_246,15.818994846140114,60.0,1
A,THR,211,A_THR_211,16.902168981184033,12.0,2
A,THR,241,A_THR_241,17.716254568957087,97.0,0
A,THR,259,A_THR_259,14.143645853248382,33.0,0
A,VAL,250,A_VAL_250,16.211231905998538,5.0,0
