chain,resname,resnum,res_key,density,ACC,hbond_type
A,ALA,1923,A_ALA_1923,10.410769214633255,105.0,0
A,ARG,1922,A_ARG_1922,23.54566076233385,52.0,1
A,ARG,1943,A_ARG_1943,13.599785606161108,97.0,0
A,ASP,1898,A_ASP_1898,8.352856017067273,56.0,2
A,CYS,1893,A_CYS_1893,6.125870166271447,10.0,0
A,CYS,1903,A_CYS_1903,18.31026745533098,6.0,0
A,CYS,1917,A_CYS_1917,17.782445363785357,14.0,0
A,CYS,1927,A_CYS_1927,18.100548810043147,0.0,0
A,CYS,1942,A_CYS_1942,17.930850303532196,16.0,0
A,GLU,1896,A_GLU_1896,14.46339891115608,14.0,2
A,GLU,1915,A_GLU_1915,20.092128526402977,71.0,2
A,GLU,1916,A_GLU_1916,22.99995510260147,133.0,0
A,GLU,1920,A_GLU_1920,20.01802747992884,75.0,2
A,GLY,1940,A_GLY_1940,10.352978030215787,3.0,0
A,HIS,1944,A_HIS_1944,24.08263662168477,104.0,0
A,ILE,1908,A_ILE_1908,2.3356912231323803,70.0,0
A,ILE,1918,A_ILE_1918,18.26905251518404,14.0,0
A,ILE,1919,A_ILE_1919,17.78193336150234,115.0,0
A,LEU,1925,A_LEU_1925,17.76038919706454,68.0,0
A,LYS,1862,A_LYS_1862,4.761737554843745,103.0,1
A,LYS,1912,A_LYS_1912,3.124134200903057,100.0,1
A,LYS,1924,A_LYS_1924,15.711549777859194,112.0,1
A,PHE,1905,A_PHE_1905,23.989711070759483,41.0,0
A,PHE,1907,A_PHE_1907,24.468375287432167,0.0,0
A,PHE,1909,A_PHE_1909,17.54256394516683,12.0,0
A,PHE,1941,A_PHE_1941,23.12444453173351,65.0,0
A,PRO,1894,A_PRO_1894,15.244671083150015,19.0,0
A,PRO,1895,A_PRO_1895,16.012910815967942,16.0,0
A,PRO,1902,A_PRO_1902,7.521018267213027,41.0,0
A,PRO,1906,A_PRO_1906,12.22896855190934,52.0,0
A,SER,1913,A_SER_1913,6.980171569402421,81.0,0
A,SER,1921,A_SER_1921,6.1539753908023656,97.0,0
A,SER,1928,A_SER_1928,14.47130021003756,0.0,0
A,SER,1945,A_SER_1945,2.668470071708879,31.0,3
A,THR,1897,A_THR_1897,15.7500039738087,2.0,1
A,THR,1929,A_THR_1929,6.351514012819558,24.0,1
A,THR,1930,A_THR_1930,3.179552951480127,23.0,1
A,TRP,1926,A_TRP_1926,30.45152692034706,0.0,0
A,TRP,1939,A_TRP_1939,14.97176069709572,99.0,0
A,TYR,1914,A_TYR_1914,26.96859253346434,28.0,3
A,TYR,1933,A_TYR_1933,4.093472813379295,34.0,2
A,VAL,1901,A_VAL_1901,3.383577864876556,67.0,0
A,VAL,1904,A_VAL_1904,12.241859257210336,44.0,0
