chain,resname,resnum,res_key,density,ACC,hbond_type
A,ALA,444,A_ALA_444,1.8823402540166465,2.0,0
A,ALA,517,A_ALA_517,12.31730762150867,22.0,0
A,ALA,547,A_ALA_547,10.26483343841302,39.0,0
A,ALA,563,A_ALA_563,12.764790790030329,0.0,0
A,ARG,365,A_ARG_365,22.194746567101163,70.0,1
A,ARG,550,A_ARG_550,16.556550830153768,117.0,1
A,ARG,560,A_ARG_560,26.264100451597457,124.0,0
A,ASN,628,A_ASN_628,2.48020386724383,68.0,3
A,ASP,551,A_ASP_551,18.46957841657477,83.0,0
A,ASP,557,A_ASP_557,18.942141067690425,21.0,2
A,ASP,601,A_ASP_601,2.4557898178359587,15.0,2
A,CYS,364,A_CYS_364,18.0496390100364,27.0,0
A,CYS,417,A_CYS_417,5.829934203132084,0.0,0
A,CYS,561,A_CYS_561,18.31346156549791,18.0,0
A,CYS,596,A_CYS_596,17.111020408253854,0.0,0
A,GLU,442,A_GLU_442,2.6209287772659224,11.0,2
A,GLU,519,A_GLU_519,23.53921080134324,112.0,0
A,GLY,516,A_GLY_516,9.989324976362091,4.0,0
A,GLY,553,A_GLY_553,11.450244395680372,34.0,0
A,GLY,555,A_GLY_555,2.773416365174528,24.0,0
A,GLY,595,A_GLY_595,10.588496136175442,0.0,0
A,GLY,598,A_GLY_598,10.21469224515887,0.0,0
A,ILE,522,A_ILE_522,8.88119180071131,2.0,0
A,ILE,545,A_ILE_545,12.032252043618309,0.0,0
A,ILE,549,A_ILE_549,18.62826343423829,7.0,0
A,LEU,413,A_LEU_413,1.960347228060943,0.0,0
A,LEU,445,A_LEU_445,10.864897554574254,1.0,0
A,LEU,448,A_LEU_448,1.5729237378270708,3.0,0
A,LEU,546,A_LEU_546,16.411203261146955,31.0,0
A,LEU,559,A_LEU_559,18.49106969701209,10.0,0
A,LEU,562,A_LEU_562,17.29746638677464,20.0,0
A,LEU,564,A_LEU_564,18.94158142628028,0.0,0
A,LEU,600,A_LEU_600,16.672390720490984,17.0,0
A,LYS,492,A_LYS_492,9.550542804875429,109.0,0
A,LYS,515,A_LYS_515,15.843919915992815,14.0,1
A,LYS,548,A_LYS_548,17.62580054691582,41.0,1
A,MET,361,A_MET_361,11.034818830963443,35.0,0
A,MET,366,A_MET_366,15.259295274151793,0.0,0
A,MET,599,A_MET_599,20.54369873001588,0.0,0
A,PHE,367,A_PHE_367,25.642550606752053,0.0,0
A,PHE,487,A_PHE_487,1.7396442016195632,69.0,0
A,PHE,593,A_PHE_593,8.875063762741377,1.0,0
A,PRO,518,A_PRO_518,16.417686045394234,9.0,0
A,SER,362,A_SER_362,9.384336034326164,4.0,0
A,SER,520,A_SER_520,13.347015609231738,28.0,0
A,SER,554,A_SER_554,12.628723811918052,101.0,0
A,THR,441,A_THR_441,17.364482550094845,7.0,0
A,THR,558,A_THR_558,18.30322658202068,13.0,0
A,THR,631,A_THR_631,7.081848004122406,23.0,3
A,TRP,552,A_TRP_552,31.692670187605955,0.0,0
A,VAL,363,A_VAL_363,15.566549635705838,4.0,0
A,VAL,521,A_VAL_521,13.183575823973465,0.0,0
A,VAL,597,A_VAL_597,16.216497557651063,0.0,0
