chain,resname,resnum,res_key,density,ACC,hbond_type
A,ALA,79,A_ALA_79,12.64262658999137,0.0,0
A,ALA,299,A_ALA_299,12.630193599172712,23.0,0
A,ARG,75,A_ARG_75,26.131122592095693,0.0,1
A,ARG,298,A_ARG_298,23.504657905800528,173.0,0
A,ASN,76,A_ASN_76,20.58094024591019,10.0,2
A,ASP,12,A_ASP_12,16.613085296922236,8.0,2
A,ASP,13,A_ASP_13,21.8757987264065,0.0,2
A,ASP,73,A_ASP_73,3.2763946773060373,77.0,0
A,CYS,30,A_CYS_30,17.870873882504288,5.0,1
A,CYS,81,A_CYS_81,17.436168843511286,28.0,0
A,CYS,149,A_CYS_149,17.825069691395022,3.0,0
A,CYS,241,A_CYS_241,2.771770319447216,18.0,1
A,CYS,434,A_CYS_434,13.231853444678327,2.0,0
A,CYS,435,A_CYS_435,15.99361986780748,3.0,1
A,GLN,240,A_GLN_240,19.74528815143312,2.0,2
A,GLU,11,A_GLU_11,5.079570891546897,50.0,0
A,GLU,250,A_GLU_250,12.857190385729774,74.0,0
A,GLY,31,A_GLY_31,10.051513679934075,0.0,0
A,LEU,9,A_LEU_9,5.951728960162247,0.0,0
A,LEU,72,A_LEU_72,14.259177009933184,7.0,0
A,LEU,84,A_LEU_84,17.9753749981794,11.0,0
A,LEU,148,A_LEU_148,5.522091555988648,4.0,0
A,LEU,296,A_LEU_296,15.68065759213312,8.0,0
A,LEU,300,A_LEU_300,18.64236419003944,22.0,0
A,LEU,302,A_LEU_302,2.5526968883928016,23.0,0
A,LYS,150,A_LYS_150,12.909769279921498,73.0,1
A,LYS,239,A_LYS_239,8.511317494334552,122.0,0
A,LYS,333,A_LYS_333,8.200724209796608,26.0,1
A,LYS,437,A_LYS_437,20.66073488286179,72.0,0
A,MET,438,A_MET_438,2.830660676656969,59.0,0
A,PHE,74,A_PHE_74,5.604887090946155,22.0,0
A,PHE,83,A_PHE_83,24.56123298563179,2.0,0
A,PHE,147,A_PHE_147,17.813088127391964,0.0,0
A,PRO,29,A_PRO_29,15.652133122385198,3.0,0
A,PRO,82,A_PRO_82,16.39600629585107,0.0,0
A,PRO,248,A_PRO_248,7.286064115331765,26.0,0
A,PRO,297,A_PRO_297,16.11900530454692,17.0,0
A,SER,14,A_SER_14,10.68175525307026,13.0,1
A,SER,28,A_SER_28,6.81914885149455,1.0,2
A,SER,32,A_SER_32,6.79588405266867,0.0,2
A,SER,77,A_SER_77,15.821484326905352,29.0,3
A,SER,78,A_SER_78,15.704867554852443,3.0,3
A,SER,85,A_SER_85,2.722115852988497,2.0,3
A,SER,152,A_SER_152,9.529972685905804,14.0,0
A,SER,301,A_SER_301,15.843576698929152,66.0,0
A,THR,80,A_THR_80,16.423326960252943,64.0,1
A,TRP,242,A_TRP_242,19.44797529388948,32.0,1
A,TRP,251,A_TRP_251,12.76669183579186,1.0,0
A,TRP,436,A_TRP_436,32.62962616535672,52.0,0
A,TYR,10,A_TYR_10,3.1729862288046875,4.0,1
A,VAL,15,A_VAL_15,1.8506061942057368,3.0,0
A,VAL,151,A_VAL_151,7.426846978675824,2.0,0
A,VAL,238,A_VAL_238,15.819674205252593,7.0,0
A,VAL,295,A_VAL_295,7.52696938546814,88.0,0
