chain,resname,resnum,res_key,density,ACC,hbond_type
A,ALA,2,A_ALA_2,11.786339443998411,83.0,0
A,ARG,6,A_ARG_6,26.68281433968104,81.0,1
A,ARG,12,A_ARG_12,25.883140054797664,70.0,0
A,ARG,175,A_ARG_175,2.51750037110384,102.0,0
A,ASN,7,A_ASN_7,21.31658485442467,142.0,0
A,ASN,78,A_ASN_78,3.5108248299171008,99.0,0
A,ASP,3,A_ASP_3,20.49439712649601,110.0,0
A,ASP,274,A_ASP_274,17.766921949040345,10.0,2
A,CYS,5,A_CYS_5,18.18193190531175,0.0,0
A,CYS,92,A_CYS_92,7.029731123317977,6.0,0
A,CYS,165,A_CYS_165,17.411951181733635,14.0,1
A,CYS,170,A_CYS_170,13.966454813970785,0.0,0
A,GLN,162,A_GLN_162,22.52029876991677,17.0,2
A,GLN,163,A_GLN_163,22.382951325146337,3.0,2
A,GLU,271,A_GLU_271,23.27631814295932,57.0,2
A,GLY,13,A_GLY_13,4.469073751640717,81.0,0
A,GLY,83,A_GLY_83,4.604448726843035,20.0,0
A,GLY,167,A_GLY_167,10.129554810078972,0.0,0
A,HIS,161,A_HIS_161,6.230487982884196,25.0,1
A,LEU,8,A_LEU_8,17.74473008533797,21.0,0
A,LEU,81,A_LEU_81,15.508365970342778,0.0,0
A,LEU,82,A_LEU_82,19.01485908641858,23.0,0
A,LEU,275,A_LEU_275,12.031060316907038,10.0,0
A,MET,1,A_MET_1,5.532041440280826,253.0,0
A,MET,272,A_MET_272,4.568469536731834,131.0,0
A,PHE,171,A_PHE_171,5.868199433312728,0.0,0
A,PHE,278,A_PHE_278,5.807924791524843,1.0,0
A,PRO,166,A_PRO_166,15.803633711034433,4.0,0
A,SER,4,A_SER_4,15.930474149863835,53.0,0
A,SER,14,A_SER_14,6.179465556653003,102.0,0
A,SER,79,A_SER_79,8.11335277626546,32.0,0
A,SER,80,A_SER_80,15.603362068769547,0.0,1
A,SER,168,A_SER_168,15.67743759204406,0.0,2
A,SER,268,A_SER_268,3.202881136654846,111.0,0
A,SER,270,A_SER_270,6.071837209116054,29.0,2
A,THR,9,A_THR_9,17.57981248476052,75.0,0
A,TRP,169,A_TRP_169,21.673914268799,18.0,1
A,TYR,10,A_TYR_10,28.259873773946204,117.0,0
A,TYR,75,A_TYR_75,2.78953782685273,34.0,0
A,TYR,164,A_TYR_164,27.830341874102693,6.0,0
A,VAL,11,A_VAL_11,16.600061560687372,5.0,0
