chain,resname,resnum,res_key,density,ACC,hbond_type
A,ARG,231,A_ARG_231,20.931506031214965,164.0,1
A,ARG,233,A_ARG_233,18.86738635142213,239.0,0
A,ASN,205,A_ASN_205,20.68386169256296,85.0,0
A,ASN,230,A_ASN_230,21.01661710007996,10.0,0
A,ASN,232,A_ASN_232,20.666037517415617,45.0,0
A,ASP,201,A_ASP_201,6.033940354631307,128.0,0
A,CYS,206,A_CYS_206,17.451441997083624,32.0,0
A,CYS,235,A_CYS_235,18.009442178150785,48.0,0
A,GLN,209,A_GLN_209,23.04176129816689,62.0,0
A,GLN,234,A_GLN_234,22.361185737756543,132.0,0
A,GLN,240,A_GLN_240,4.8807575713946765,69.0,2
A,GLU,169,A_GLU_169,8.690492153314285,85.0,0
A,GLU,208,A_GLU_208,22.039469573083824,110.0,2
A,GLU,236,A_GLU_236,23.12559549225353,112.0,0
A,ILE,207,A_ILE_207,18.241117904340147,61.0,0
A,LEU,146,A_LEU_146,5.563059326041442,96.0,0
A,LEU,238,A_LEU_238,18.19283174295021,85.0,0
A,LYS,128,A_LYS_128,8.071079987473574,57.0,1
A,LYS,239,A_LYS_239,2.531688927210596,150.0,0
A,MET,237,A_MET_237,19.99448552894146,81.0,0
A,PHE,129,A_PHE_129,14.330672671152309,75.0,0
A,SER,126,A_SER_126,3.2846030299031765,48.0,0
A,SER,202,A_SER_202,15.983559755713442,94.0,0
A,SER,203,A_SER_203,15.704711162133703,94.0,0
A,THR,210,A_THR_210,9.94107100278775,65.0,3
A,THR,229,A_THR_229,17.958363920739306,1.0,3
A,VAL,204,A_VAL_204,12.213284670445503,104.0,0
A,VAL,228,A_VAL_228,11.231726994588128,40.0,0
