chain,resname,resnum,res_key,density,ACC,hbond_type
A,ALA,164,A_ALA_164,4.381964318032988,72.0,0
A,ARG,97,A_ARG_97,5.280472328970409,146.0,1
A,ARG,113,A_ARG_113,12.696260542036605,104.0,0
A,ARG,126,A_ARG_126,26.049165229648136,99.0,1
A,ASN,116,A_ASN_116,19.383429589478784,114.0,0
A,ASP,117,A_ASP_117,21.148078587025715,47.0,2
A,ASP,121,A_ASP_121,22.54261748764261,60.0,2
A,ASP,160,A_ASP_160,21.27182101316036,130.0,0
A,CYS,115,A_CYS_115,18.336525547972386,2.0,0
A,CYS,119,A_CYS_119,18.68217639303745,113.0,0
A,CYS,163,A_CYS_163,18.41107895435124,39.0,0
A,GLU,112,A_GLU_112,12.56070012409818,98.0,2
A,GLU,124,A_GLU_124,23.980781779403525,48.0,2
A,GLY,161,A_GLY_161,2.925687742111419,20.0,0
A,ILE,159,A_ILE_159,19.13171055675501,25.0,0
A,ILE,162,A_ILE_162,18.857691576307904,0.0,0
A,LEU,118,A_LEU_118,17.95859148664218,6.0,0
A,LEU,130,A_LEU_130,5.634238739146584,1.0,0
A,MET,111,A_MET_111,5.603542518580358,13.0,0
A,PHE,114,A_PHE_114,26.15261924861877,1.0,0
A,PHE,166,A_PHE_166,19.634478832203072,13.0,0
A,PRO,122,A_PRO_122,15.367482690460257,36.0,0
A,SER,158,A_SER_158,3.638231686827712,41.0,0
A,THR,123,A_THR_123,2.9846647973878007,44.0,1
A,TYR,98,A_TYR_98,7.324549193608813,1.0,3
A,VAL,120,A_VAL_120,16.320468605550627,11.0,0
A,VAL,127,A_VAL_127,10.588938705523669,16.0,0
