chain,resname,resnum,res_key,density,ACC,hbond_type
A,ALA,394,A_ALA_394,12.675287012203484,1.0,0
A,ALA,395,A_ALA_395,11.810059225642688,0.0,0
A,ARG,426,A_ARG_426,25.322968406508643,28.0,1
A,ASP,418,A_ASP_418,21.83361811117059,34.0,2
A,ASP,453,A_ASP_453,21.09587003317248,57.0,0
A,CYS,420,A_CYS_420,17.552132755159,18.0,1
A,CYS,454,A_CYS_454,17.255330300534446,13.0,0
A,GLN,383,A_GLN_383,11.763180121006805,5.0,2
A,GLN,425,A_GLN_425,22.59411943236144,110.0,0
A,GLU,419,A_GLU_419,22.7121123386006,129.0,0
A,GLU,451,A_GLU_451,14.763677487072515,87.0,2
A,GLY,416,A_GLY_416,10.733645466451016,10.0,0
A,GLY,417,A_GLY_417,10.40694072461655,6.0,0
A,GLY,423,A_GLY_423,10.279418716918856,53.0,0
A,HIS,124,A_HIS_124,8.315909984982664,63.0,0
A,LYS,377,A_LYS_377,2.624966337590501,70.0,1
A,LYS,393,A_LYS_393,20.79282915913027,86.0,0
A,MET,427,A_MET_427,20.74535025519002,19.0,0
A,PHE,424,A_PHE_424,24.789936854425505,41.0,0
A,SER,421,A_SER_421,16.104946099181724,133.0,0
A,SER,422,A_SER_422,15.240737853603324,42.0,2
A,THR,122,A_THR_122,1.9312248446390667,65.0,0
A,THR,455,A_THR_455,15.49097899151487,6.0,0
A,TYR,152,A_TYR_152,2.815364697401804,14.0,0
A,TYR,359,A_TYR_359,9.510168510993356,59.0,0
A,TYR,456,A_TYR_456,18.78489093855356,1.0,3
A,VAL,392,A_VAL_392,5.390835866014161,23.0,0
A,VAL,452,A_VAL_452,11.053456621422328,19.0,0
