chain,resname,resnum,res_key,density,ACC,hbond_type
A,ALA,601,A_ALA_601,12.754595309310073,7.0,0
A,ARG,610,A_ARG_610,27.430821084036303,109.0,0
A,ASN,603,A_ASN_603,18.18250203737996,76.0,1
A,ASN,608,A_ASN_608,21.914789298823848,26.0,2
A,ASP,622,A_ASP_622,21.090505571759344,57.0,0
A,CYS,599,A_CYS_599,17.2490677729794,0.0,0
A,CYS,607,A_CYS_607,18.243936710225046,0.0,0
A,CYS,613,A_CYS_613,14.544271877858325,27.0,0
A,CYS,618,A_CYS_618,18.09165368724272,13.0,0
A,CYS,620,A_CYS_620,18.916345707333647,38.0,0
A,CYS,630,A_CYS_630,18.279374329763684,0.0,0
A,CYS,633,A_CYS_633,17.34296601603615,65.0,0
A,GLN,605,A_GLN_605,22.97153570442582,100.0,0
A,GLN,626,A_GLN_626,21.54324965004834,80.0,1
A,GLN,628,A_GLN_628,22.156312914884044,130.0,0
A,GLN,634,A_GLN_634,6.725000080921845,144.0,2
A,GLU,600,A_GLU_600,14.068133678370586,118.0,0
A,GLU,614,A_GLU_614,2.82997914952595,84.0,2
A,GLU,631,A_GLU_631,23.84651162357624,83.0,2
A,GLY,604,A_GLY_604,5.436711626316557,46.0,0
A,GLY,609,A_GLY_609,10.083145602617876,56.0,0
A,GLY,611,A_GLY_611,9.944845753729826,16.0,0
A,GLY,616,A_GLY_616,3.397612060854235,12.0,0
A,GLY,627,A_GLY_627,10.828076283379142,41.0,0
A,ILE,606,A_ILE_606,17.383034049859297,72.0,0
A,ILE,612,A_ILE_612,17.536812678863402,106.0,0
A,LYS,619,A_LYS_619,16.834220163616187,122.0,1
A,LYS,624,A_LYS_624,16.49078800058828,112.0,0
A,MET,632,A_MET_632,21.32926157798929,47.0,0
A,PHE,625,A_PHE_625,25.373006877094404,42.0,0
A,PRO,623,A_PRO_623,16.193648697197055,111.0,0
A,PRO,682,A_PRO_682,7.936180249977102,56.0,0
A,PRO,685,A_PRO_685,3.07454761191952,128.0,0
A,PRO,687,A_PRO_687,1.9455049141729528,74.0,0
A,SER,602,A_SER_602,13.17763533784396,108.0,1
A,THR,598,A_THR_598,5.669544601246818,59.0,0
A,THR,621,A_THR_621,17.762944111842074,110.0,0
A,THR,629,A_THR_629,17.403751396400896,14.0,1
A,VAL,617,A_VAL_617,14.101493194181348,99.0,0
A,VAL,683,A_VAL_683,6.21014400503143,117.0,0
