chain,resname,resnum,res_key,density,ACC,hbond_type
A,ALA,313,A_ALA_313,12.563296748367645,89.0,0
A,ALA,319,A_ALA_319,12.973363810085097,17.0,0
A,ARG,322,A_ARG_322,4.767020351139652,58.0,1
A,ASN,347,A_ASN_347,21.382481758156263,97.0,2
A,ASP,344,A_ASP_344,3.2419911185286927,39.0,2
A,ASP,350,A_ASP_350,6.229279591530557,166.0,0
A,CYS,314,A_CYS_314,17.54005706809283,63.0,0
A,CYS,318,A_CYS_318,18.24439998372547,17.0,0
A,CYS,348,A_CYS_348,17.499940200915482,43.0,0
A,CYS,353,A_CYS_353,11.014844456133392,47.0,0
A,GLN,355,A_GLN_355,2.275468357249835,150.0,0
A,GLU,317,A_GLU_317,23.23615425949757,130.0,0
A,GLY,351,A_GLY_351,2.9779488550141267,61.0,0
A,HIS,320,A_HIS_320,24.9873873895916,38.0,0
A,LEU,352,A_LEU_352,10.332113304602451,155.0,0
A,LYS,310,A_LYS_310,6.308359727072348,195.0,0
A,LYS,346,A_LYS_346,14.769816084673938,118.0,0
A,SER,312,A_SER_312,15.41175450375992,48.0,0
A,SER,315,A_SER_315,15.725023293375411,38.0,0
A,SER,345,A_SER_345,13.90734053388064,63.0,0
A,THR,316,A_THR_316,17.26389455313445,141.0,0
A,THR,349,A_THR_349,16.899361519229746,39.0,1
A,TRP,311,A_TRP_311,30.96543110579213,85.0,0
A,TRP,321,A_TRP_321,32.2065889142182,102.0,0
