chain,resname,resnum,res_key,density,ACC,hbond_type
A,ALA,597,A_ALA_597,12.554690239439973,65.0,0
A,ALA,611,A_ALA_611,12.093652610843325,37.0,0
A,ASN,623,A_ASN_623,20.814252321365107,118.0,0
A,ASP,587,A_ASP_587,6.381038424100945,3.0,2
A,ASP,612,A_ASP_612,6.4155289389315655,59.0,2
A,CYS,595,A_CYS_595,17.884831362763673,15.0,0
A,CYS,617,A_CYS_617,18.230973809406432,2.0,0
A,CYS,620,A_CYS_620,17.857349886166467,14.0,0
A,CYS,624,A_CYS_624,17.57541125616087,10.0,0
A,CYS,628,A_CYS_628,16.716198087277345,21.0,0
A,CYS,636,A_CYS_636,17.76409725596981,16.0,0
A,GLU,634,A_GLU_634,12.267930201562798,189.0,0
A,GLY,598,A_GLY_598,6.893531894012053,29.0,0
A,GLY,627,A_GLY_627,10.719379168676582,10.0,0
A,GLY,630,A_GLY_630,10.037446802332552,9.0,0
A,GLY,632,A_GLY_632,10.370438818253367,30.0,0
A,GLY,635,A_GLY_635,10.018698742205288,9.0,0
A,HIS,618,A_HIS_618,24.356880353945023,72.0,1
A,HIS,621,A_HIS_621,23.159656981766656,65.0,0
A,LEU,606,A_LEU_606,15.889893489660968,84.0,0
A,LEU,619,A_LEU_619,18.366631305699777,89.0,0
A,LEU,633,A_LEU_633,17.299481325792556,96.0,0
A,LYS,609,A_LYS_609,21.45253695020954,12.0,1
A,PRO,272,A_PRO_272,15.989180721049236,31.0,0
A,PRO,596,A_PRO_596,16.94052911150506,18.0,0
A,PRO,622,A_PRO_622,15.04694697288026,116.0,0
A,PRO,631,A_PRO_631,16.601379449638774,79.0,0
A,PRO,637,A_PRO_637,7.990991966088152,106.0,0
A,THR,605,A_THR_605,15.100132879460888,81.0,0
A,THR,625,A_THR_625,16.798597762812737,78.0,0
A,THR,629,A_THR_629,17.015582827499905,125.0,0
A,TRP,608,A_TRP_608,30.318960535525992,62.0,0
A,TYR,270,A_TYR_270,9.530016451491424,12.0,3
A,TYR,275,A_TYR_275,5.137522511750051,76.0,0
A,TYR,610,A_TYR_610,27.56288199829054,37.0,0
A,TYR,626,A_TYR_626,16.14705283647947,197.0,0
A,VAL,599,A_VAL_599,8.023069807172279,52.0,0
A,VAL,607,A_VAL_607,15.504636219718137,7.0,0
A,VAL,616,A_VAL_616,5.738111887777199,49.0,0
