chain,resname,resnum,res_key,density,ACC,hbond_type
A,ARG,464,A_ARG_464,7.093936412199497,178.0,0
A,ARG,484,A_ARG_484,16.02027693532452,44.0,0
A,ASP,490,A_ASP_490,21.070197312805444,148.0,0
A,CYS,487,A_CYS_487,17.393108779692124,53.0,0
A,CYS,491,A_CYS_491,16.79201028447284,13.0,0
A,GLN,489,A_GLN_489,21.91368762310855,161.0,0
A,GLU,458,A_GLU_458,2.8148887148166386,3.0,2
A,GLU,497,A_GLU_497,23.92829148302796,107.0,0
A,GLY,453,A_GLY_453,6.107167959277531,0.0,0
A,HIS,496,A_HIS_496,22.89157705962356,29.0,0
A,ILE,493,A_ILE_493,17.918518381027273,123.0,0
A,ILE,500,A_ILE_500,15.348159890583553,61.0,0
A,LEU,364,A_LEU_364,1.5776833118232831,49.0,0
A,LEU,456,A_LEU_456,11.891493659032625,3.0,0
A,LEU,495,A_LEU_495,18.31121667849065,4.0,0
A,LEU,498,A_LEU_498,12.379323112624151,4.0,0
A,MET,485,A_MET_485,21.0415574715142,16.0,0
A,MET,499,A_MET_499,22.20098318004066,0.0,0
A,PRO,468,A_PRO_468,3.6879019368090207,107.0,0
A,PRO,486,A_PRO_486,15.239527767264327,89.0,0
A,PRO,488,A_PRO_488,16.247647111899155,26.0,0
A,PRO,492,A_PRO_492,16.210071177936957,37.0,0
A,SER,494,A_SER_494,16.381783368739608,48.0,3
A,THR,457,A_THR_457,18.42513917808741,5.0,0
A,THR,461,A_THR_461,14.777730793141696,27.0,0
A,TRP,503,A_TRP_503,15.165637782067334,2.0,0
A,TYR,467,A_TYR_467,2.906927899714875,2.0,0
A,TYR,483,A_TYR_483,13.197547391602034,81.0,0
A,TYR,523,A_TYR_523,2.724886479173948,40.0,3
A,VAL,460,A_VAL_460,16.397972657460514,25.0,0
