chain,resname,resnum,res_key,density,ACC,hbond_type
A,ARG,103,A_ARG_103,3.181187400848329,74.0,1
A,ARG,106,A_ARG_106,17.27767080296584,145.0,0
A,ARG,123,A_ARG_123,8.357637303701852,135.0,0
A,ASN,69,A_ASN_69,20.141618603751844,58.0,3
A,ASN,71,A_ASN_71,20.58008499970227,45.0,1
A,ASN,88,A_ASN_88,21.108600036687264,89.0,1
A,ASN,104,A_ASN_104,5.361725141350483,65.0,1
A,ASP,47,A_ASP_47,21.955922397389003,122.0,2
A,ASP,66,A_ASP_66,12.644164692623884,74.0,2
A,ASP,84,A_ASP_84,10.435494952525191,14.0,2
A,ASP,85,A_ASP_85,11.861958459142878,65.0,2
A,ASP,107,A_ASP_107,22.063392675253976,62.0,2
A,ASP,197,A_ASP_197,2.9411789747014,119.0,0
A,CYS,67,A_CYS_67,17.328218891396098,2.0,0
A,CYS,70,A_CYS_70,17.63654039500775,0.0,0
A,CYS,86,A_CYS_86,17.393214955879536,0.0,0
A,CYS,89,A_CYS_89,17.34302910290342,1.0,0
A,CYS,105,A_CYS_105,17.559143354124075,0.0,0
A,CYS,108,A_CYS_108,17.607443158260036,0.0,0
A,CYS,110,A_CYS_110,18.034861447827726,0.0,0
A,CYS,122,A_CYS_122,7.162735144612135,4.0,0
A,GLN,65,A_GLN_65,10.666698068642877,57.0,1
A,GLU,48,A_GLU_48,14.368990718242916,87.0,0
A,GLU,68,A_GLU_68,23.419118673766423,75.0,2
A,GLU,126,A_GLU_126,20.52637383230474,33.0,2
A,GLY,44,A_GLY_44,5.466946573055527,47.0,0
A,ILE,64,A_ILE_64,17.515878843932015,0.0,0
A,ILE,72,A_ILE_72,17.33148919677639,0.0,0
A,ILE,83,A_ILE_83,17.722598203310817,0.0,0
A,ILE,90,A_ILE_90,17.44487808005435,35.0,0
A,ILE,91,A_ILE_91,18.3555012727519,0.0,0
A,LEU,45,A_LEU_45,16.112909579168974,29.0,0
A,LEU,93,A_LEU_93,8.573287385459171,2.0,0
A,LEU,112,A_LEU_112,2.136678009004327,0.0,0
A,LEU,125,A_LEU_125,18.609648069909312,0.0,0
A,LYS,46,A_LYS_46,15.413840173588484,120.0,1
A,LYS,109,A_LYS_109,20.257379358394648,68.0,0
A,LYS,124,A_LYS_124,14.235920037208173,73.0,1
A,PHE,42,A_PHE_42,16.190802581291283,14.0,0
A,PHE,92,A_PHE_92,12.381382589843772,0.0,0
A,PHE,102,A_PHE_102,16.763682879067215,0.0,0
A,PRO,200,A_PRO_200,13.464644128020051,45.0,0
A,THR,49,A_THR_49,13.606934161778067,53.0,2
A,THR,82,A_THR_82,3.10973854105434,16.0,0
A,THR,87,A_THR_87,16.867267773601686,54.0,0
A,THR,111,A_THR_111,13.725642451320116,0.0,0
A,TYR,73,A_TYR_73,24.67493137314121,2.0,0
A,TYR,198,A_TYR_198,16.42365071343113,39.0,0
A,VAL,50,A_VAL_50,16.62643856197797,22.0,0
A,VAL,127,A_VAL_127,10.093689004338982,0.0,0
A,VAL,199,A_VAL_199,15.8214113848021,0.0,0
