chain,resname,resnum,res_key,density,ACC,hbond_type
A,ALA,16,A_ALA_16,6.242957695357434,92.0,0
A,CYS,11,A_CYS_11,18.04334511749233,117.0,0
A,GLN,15,A_GLN_15,22.457479052295955,195.0,0
A,LEU,8,A_LEU_8,18.180073579246283,165.0,0
A,LEU,9,A_LEU_9,18.11904159754577,156.0,0
A,LEU,10,A_LEU_10,17.772801369489713,157.0,0
A,LEU,13,A_LEU_13,18.208324919986023,154.0,0
A,LYS,14,A_LYS_14,19.76507437485865,189.0,0
A,PHE,7,A_PHE_7,23.01499143192772,193.0,0
A,SER,12,A_SER_12,16.115643566149597,112.0,0
A,TYR,6,A_TYR_6,7.53444799952983,225.0,0
