chain,resname,resnum,res_key,density,ACC,hbond_type
A,ALA,252,A_ALA_252,12.338990889283805,0.0,0
A,ARG,250,A_ARG_250,7.649210224379214,31.0,1
A,ASN,245,A_ASN_245,18.49597846291145,3.0,0
A,ASN,267,A_ASN_267,20.23520875320647,5.0,3
A,ASP,287,A_ASP_287,15.165226880812872,35.0,2
A,CYS,274,A_CYS_274,17.843503060402504,0.0,0
A,GLN,276,A_GLN_276,23.122135428366114,133.0,0
A,GLU,269,A_GLU_269,14.876562057462577,98.0,2
A,GLU,272,A_GLU_272,22.8258384728088,77.0,0
A,GLU,301,A_GLU_301,12.668539992802469,68.0,2
A,GLY,253,A_GLY_253,10.15975345766383,1.0,0
A,GLY,278,A_GLY_278,10.136938127591204,36.0,0
A,GLY,282,A_GLY_282,2.5377669203789863,63.0,0
A,HIS,277,A_HIS_277,22.979630927343376,75.0,0
A,ILE,270,A_ILE_270,17.80384806906828,10.0,0
A,ILE,275,A_ILE_275,18.626056519661795,72.0,0
A,ILE,490,A_ILE_490,6.024720925112291,167.0,0
A,LEU,273,A_LEU_273,18.155134113182434,25.0,0
A,LEU,289,A_LEU_289,18.311358151223786,2.0,0
A,LEU,291,A_LEU_291,17.55368050984297,0.0,0
A,LEU,292,A_LEU_292,17.289658615131522,0.0,0
A,LEU,293,A_LEU_293,15.715451227550387,0.0,0
A,LEU,302,A_LEU_302,17.075471377268933,50.0,0
A,LEU,304,A_LEU_304,15.053401083517732,97.0,0
A,LEU,305,A_LEU_305,2.453752365293504,19.0,0
A,LYS,493,A_LYS_493,6.5200408261991125,164.0,0
A,PHE,303,A_PHE_303,18.23616294129277,15.0,0
A,PRO,281,A_PRO_281,16.27067957269775,50.0,0
A,PRO,290,A_PRO_290,16.059231969173883,0.0,0
A,PRO,300,A_PRO_300,15.99896758176638,20.0,0
A,SER,246,A_SER_246,2.39152947051671,28.0,2
A,THR,271,A_THR_271,18.581986356581915,1.0,0
A,THR,280,A_THR_280,16.74982727796147,109.0,0
A,TRP,244,A_TRP_244,32.11987549569955,25.0,1
A,TRP,279,A_TRP_279,31.65136806377997,29.0,0
A,TRP,480,A_TRP_480,21.29063615586191,58.0,1
A,TYR,251,A_TYR_251,8.439211900191761,0.0,1
A,TYR,254,A_TYR_254,22.395505195171225,17.0,1
A,VAL,268,A_VAL_268,14.279561743996153,7.0,0
A,VAL,288,A_VAL_288,14.54958209417014,40.0,0
