chain,resname,resnum,res_key,density,ACC,hbond_type
A,ALA,688,A_ALA_688,12.552395155677056,12.0,0
A,ALA,692,A_ALA_692,12.771860209474251,0.0,0
A,ARG,649,A_ARG_649,27.20767807215788,84.0,1
A,ARG,665,A_ARG_665,10.85354825212203,58.0,1
A,ARG,690,A_ARG_690,26.80844983457029,86.0,0
A,ARG,701,A_ARG_701,26.6519389448535,183.0,0
A,ASN,646,A_ASN_646,18.392956186165648,77.0,1
A,ASP,699,A_ASP_699,20.57855822709859,128.0,0
A,ASP,773,A_ASP_773,3.1874607113598152,66.0,2
A,CYS,693,A_CYS_693,18.160481812694805,2.0,0
A,GLU,650,A_GLU_650,11.235156243651748,86.0,2
A,GLU,685,A_GLU_685,5.629702966459039,0.0,2
A,GLU,697,A_GLU_697,23.804090325045745,88.0,2
A,GLU,698,A_GLU_698,20.97302173372753,154.0,0
A,GLY,703,A_GLY_703,10.433857164067692,14.0,0
A,ILE,584,A_ILE_584,7.361249724565741,0.0,0
A,ILE,653,A_ILE_653,15.039026918761554,60.0,0
A,ILE,666,A_ILE_666,18.555800403878337,0.0,0
A,ILE,687,A_ILE_687,14.690309942457738,52.0,0
A,ILE,689,A_ILE_689,18.530409928743808,0.0,0
A,ILE,694,A_ILE_694,19.05544440903258,72.0,0
A,ILE,704,A_ILE_704,14.797080117979052,2.0,0
A,LEU,586,A_LEU_586,5.701169138562676,1.0,0
A,LEU,644,A_LEU_644,16.218839083780914,0.0,0
A,LEU,651,A_LEU_651,12.003922477720774,3.0,0
A,LEU,652,A_LEU_652,18.406093261264424,7.0,0
A,LEU,686,A_LEU_686,16.974570084472884,1.0,0
A,LEU,696,A_LEU_696,17.895449716582483,60.0,0
A,LYS,662,A_LYS_662,20.457149669288288,96.0,1
A,LYS,691,A_LYS_691,21.402364963854435,126.0,0
A,MET,647,A_MET_647,10.88788920070168,0.0,0
A,PHE,655,A_PHE_655,2.0589716349444704,5.0,0
A,PRO,663,A_PRO_663,15.261019707015384,3.0,0
A,PRO,702,A_PRO_702,16.098369814802886,12.0,0
A,SER,695,A_SER_695,16.044559821360235,58.0,2
A,THR,645,A_THR_645,18.36446317800929,36.0,0
A,THR,664,A_THR_664,10.86086151394742,54.0,3
A,TYR,656,A_TYR_656,2.01621192011003,107.0,0
A,TYR,700,A_TYR_700,28.84377554589776,28.0,0
A,VAL,648,A_VAL_648,17.130575813769347,0.0,0
