chain,resname,resnum,res_key,density,ACC,hbond_type
A,ARG,464,A_ARG_464,5.1441537931199335,178.0,0
A,ASP,490,A_ASP_490,21.070197312805444,148.0,0
A,CYS,487,A_CYS_487,17.393108779692124,53.0,0
A,CYS,491,A_CYS_491,16.79201028447284,13.0,0
A,GLN,489,A_GLN_489,21.91368762310855,161.0,0
A,GLU,458,A_GLU_458,10.307189625312196,3.0,2
A,GLU,497,A_GLU_497,23.92829148302796,107.0,0
A,GLY,453,A_GLY_453,3.196691003219674,0.0,0
A,HIS,496,A_HIS_496,22.89157705962356,29.0,0
A,ILE,493,A_ILE_493,17.918518381027273,123.0,0
A,ILE,500,A_ILE_500,6.538051429703948,61.0,0
A,LEU,362,A_LEU_362,3.164238611519191,26.0,0
A,LEU,364,A_LEU_364,18.882177940253705,49.0,0
A,LEU,367,A_LEU_367,18.38812862308949,9.0,0
A,LEU,455,A_LEU_455,2.993664433679052,0.0,0
A,LEU,456,A_LEU_456,18.216382953796472,3.0,0
A,LEU,459,A_LEU_459,14.221287285283132,2.0,0
A,LEU,495,A_LEU_495,18.31121667849065,4.0,0
A,LEU,498,A_LEU_498,12.804205866122306,4.0,0
A,LEU,520,A_LEU_520,1.882674543944216,4.0,0
A,LYS,363,A_LYS_363,8.0983922550497,162.0,0
A,LYS,462,A_LYS_462,13.141142293382227,53.0,0
A,MET,485,A_MET_485,9.95368355711908,16.0,0
A,MET,499,A_MET_499,18.710766435214403,0.0,0
A,PHE,519,A_PHE_519,4.1532517752280125,57.0,0
A,PHE,524,A_PHE_524,8.263276733605776,107.0,0
A,PRO,365,A_PRO_365,6.547757143917974,67.0,0
A,PRO,486,A_PRO_486,15.239527767264327,89.0,0
A,PRO,488,A_PRO_488,16.247647111899155,26.0,0
A,PRO,492,A_PRO_492,16.210071177936957,37.0,0
A,SER,494,A_SER_494,16.381783368739608,48.0,3
A,THR,457,A_THR_457,18.42513917808741,5.0,0
A,THR,461,A_THR_461,17.705677605790004,27.0,0
A,TRP,503,A_TRP_503,6.433923102954261,2.0,0
A,TYR,523,A_TYR_523,15.98841616142842,40.0,3
A,VAL,368,A_VAL_368,10.7276291993397,5.0,0
A,VAL,460,A_VAL_460,16.397972657460514,25.0,0
