chain,resname,resnum,res_key,density,ACC,hbond_type
A,ALA,242,A_ALA_242,9.957913064426982,5.0,0
A,ALA,345,A_ALA_345,12.079854434703268,1.0,0
A,ALA,347,A_ALA_347,7.379727307737925,2.0,0
A,ASP,281,A_ASP_281,5.713573368570376,125.0,0
A,CYS,262,A_CYS_262,12.248016253669944,1.0,0
A,CYS,263,A_CYS_263,16.677726055492172,1.0,0
A,CYS,276,A_CYS_276,17.73689675024829,0.0,0
A,CYS,348,A_CYS_348,18.19776316111694,3.0,0
A,GLN,246,A_GLN_246,23.26604108524604,3.0,0
A,GLN,273,A_GLN_273,19.38170067108412,71.0,0
A,GLN,318,A_GLN_318,13.178631573623232,62.0,0
A,GLU,286,A_GLU_286,19.315746590899327,152.0,0
A,GLU,287,A_GLU_287,24.611501836841374,90.0,2
A,GLY,280,A_GLY_280,10.4453882829518,0.0,0
A,GLY,285,A_GLY_285,9.955591740492196,87.0,0
A,GLY,324,A_GLY_324,2.8834740545341977,69.0,0
A,ILE,279,A_ILE_279,18.81847549456951,13.0,0
A,LEU,247,A_LEU_247,8.728135336307183,32.0,0
A,LEU,250,A_LEU_250,7.84664225231006,0.0,0
A,LEU,264,A_LEU_264,18.22912935995136,0.0,0
A,LEU,265,A_LEU_265,18.27672623789085,0.0,0
A,LEU,266,A_LEU_266,19.38284743425993,20.0,0
A,LEU,274,A_LEU_274,17.416255776832013,1.0,0
A,LEU,284,A_LEU_284,18.184178162967648,28.0,0
A,LEU,296,A_LEU_296,1.876999911434708,4.0,0
A,LEU,319,A_LEU_319,18.031858070445537,1.0,0
A,LEU,323,A_LEU_323,17.03864631120421,8.0,0
A,LEU,346,A_LEU_346,15.683038364436724,0.0,0
A,LEU,377,A_LEU_377,5.594783562605149,2.0,0
A,LEU,381,A_LEU_381,7.772678623320003,43.0,0
A,LYS,277,A_LYS_277,21.134117002255262,73.0,0
A,LYS,282,A_LYS_282,20.321656418815174,133.0,0
A,MET,322,A_MET_322,21.950302672983344,26.0,0
A,PHE,290,A_PHE_290,26.18552551447768,17.0,0
A,PHE,350,A_PHE_350,10.62672758523814,1.0,0
A,PRO,291,A_PRO_291,10.950008684146551,75.0,0
A,SER,243,A_SER_243,16.193383597221636,12.0,1
A,SER,268,A_SER_268,7.150390683491168,29.0,0
A,SER,275,A_SER_275,15.432806352498936,15.0,1
A,SER,289,A_SER_289,14.962868066457894,60.0,0
A,SER,321,A_SER_321,5.293595153778945,100.0,0
A,VAL,267,A_VAL_267,14.420167032464391,25.0,0
A,VAL,278,A_VAL_278,16.833023843969976,0.0,0
A,VAL,283,A_VAL_283,15.935050262729131,57.0,0
A,VAL,288,A_VAL_288,15.79863667942149,58.0,0
A,VAL,344,A_VAL_344,5.755016862568196,33.0,0
