chain,resname,resnum,res_key,density,ACC,hbond_type
A,ALA,424,A_ALA_424,6.376540955649661,0.0,0
A,ALA,461,A_ALA_461,13.121431858314184,0.0,0
A,ASN,55,A_ASN_55,20.32416148834728,63.0,1
A,ASN,179,A_ASN_179,8.261374687451836,73.0,0
A,ASN,465,A_ASN_465,20.23871598252154,37.0,0
A,ASN,469,A_ASN_469,10.69133952597837,73.0,1
A,ASN,499,A_ASN_499,21.699257853569257,39.0,2
A,ASP,492,A_ASP_492,22.172858473038364,12.0,2
A,ASP,500,A_ASP_500,10.91043482305869,19.0,2
A,CYS,493,A_CYS_493,18.30291185664636,9.0,0
A,GLN,504,A_GLN_504,22.24058614662756,16.0,3
A,GLU,464,A_GLU_464,14.650864595910956,81.0,2
A,GLU,508,A_GLU_508,2.9662358525624164,39.0,2
A,GLY,53,A_GLY_53,9.850429249589151,14.0,0
A,GLY,56,A_GLY_56,10.53695036663846,9.0,0
A,GLY,174,A_GLY_174,10.420240953323251,11.0,0
A,GLY,421,A_GLY_421,10.34734144745766,0.0,0
A,GLY,422,A_GLY_422,10.17883888958346,10.0,0
A,GLY,423,A_GLY_423,10.16765650318432,1.0,0
A,GLY,467,A_GLY_467,10.214340105294006,74.0,0
A,GLY,490,A_GLY_490,10.168500921436724,0.0,0
A,GLY,497,A_GLY_497,10.787189900893049,75.0,0
A,HIS,495,A_HIS_495,24.09016761654868,124.0,0
A,HIS,505,A_HIS_505,2.4191591552239804,100.0,0
A,ILE,458,A_ILE_458,8.246548582173476,11.0,0
A,ILE,491,A_ILE_491,17.84092267403148,2.0,0
A,LEU,52,A_LEU_52,17.46521283892107,21.0,0
A,LEU,57,A_LEU_57,2.307958002022268,128.0,0
A,LEU,462,A_LEU_462,17.565509463747844,14.0,0
A,LEU,489,A_LEU_489,5.853567494156229,1.0,0
A,LEU,494,A_LEU_494,18.55260270718273,87.0,0
A,LYS,496,A_LYS_496,20.4092154937198,115.0,1
A,MET,460,A_MET_460,10.149707396916922,45.0,0
A,MET,468,A_MET_468,21.443712772790143,42.0,0
A,MET,474,A_MET_474,2.8797152036832583,21.0,0
A,MET,501,A_MET_501,21.95391802807768,2.0,0
A,PRO,54,A_PRO_54,16.133008254501615,43.0,0
A,PRO,459,A_PRO_459,14.758576268127138,0.0,0
A,PRO,470,A_PRO_470,4.709407831259031,25.0,0
A,SER,51,A_SER_51,5.345010986288306,0.0,2
A,SER,175,A_SER_175,15.634831594872209,32.0,0
A,SER,463,A_SER_463,15.846956056079106,0.0,0
A,SER,466,A_SER_466,15.802512638195122,14.0,2
A,THR,171,A_THR_171,15.531477836782116,35.0,0
A,THR,473,A_THR_473,14.830554840697994,19.0,0
A,THR,498,A_THR_498,16.678970360655637,36.0,1
A,VAL,477,A_VAL_477,6.109221104068155,2.0,0
A,VAL,506,A_VAL_506,15.836375021965273,28.0,0
