chain,resname,resnum,res_key,density,ACC,hbond_type
A,ALA,82,A_ALA_82,7.048638926647261,3.0,0
A,ALA,86,A_ALA_86,11.775579067199985,0.0,0
A,ARG,14,A_ARG_14,9.974056929660192,132.0,0
A,ARG,16,A_ARG_16,2.716893562605241,227.0,0
A,ARG,94,A_ARG_94,21.825176567075346,45.0,1
A,ARG,214,A_ARG_214,26.991395755095485,11.0,1
A,ARG,255,A_ARG_255,19.14374712474728,105.0,1
A,ASP,17,A_ASP_17,18.30319305438094,45.0,2
A,ASP,218,A_ASP_218,21.536400321373875,109.0,2
A,ASP,259,A_ASP_259,15.655005319353778,66.0,2
A,CYS,75,A_CYS_75,9.109581454912696,0.0,0
A,CYS,89,A_CYS_89,15.933676926537771,0.0,0
A,CYS,221,A_CYS_221,18.090884821930832,68.0,0
A,CYS,225,A_CYS_225,2.5890004789680026,43.0,0
A,GLU,220,A_GLU_220,23.59270989278336,31.0,2
A,GLU,223,A_GLU_223,23.22897451842595,64.0,2
A,ILE,215,A_ILE_215,17.68115682538449,0.0,0
A,LEU,19,A_LEU_19,5.286042199433609,0.0,0
A,LEU,213,A_LEU_213,17.551900001979455,5.0,0
A,LEU,254,A_LEU_254,3.3293431064055903,10.0,0
A,PHE,18,A_PHE_18,24.591868108486267,0.0,0
A,PHE,90,A_PHE_90,4.188401049913154,31.0,0
A,PRO,216,A_PRO_216,16.733939463015833,17.0,0
A,PRO,258,A_PRO_258,2.5023627567705344,106.0,0
A,SER,15,A_SER_15,11.830271893032414,28.0,1
A,SER,85,A_SER_85,13.239997857379068,2.0,3
A,THR,96,A_THR_96,17.687560413806654,4.0,2
A,THR,217,A_THR_217,17.09716401734181,16.0,0
A,THR,219,A_THR_219,17.5700708656972,98.0,0
A,THR,257,A_THR_257,3.439501430693495,47.0,0
A,TYR,13,A_TYR_13,25.55115618235441,70.0,1
A,TYR,212,A_TYR_212,17.742791790981528,3.0,3
A,VAL,20,A_VAL_20,10.35909163570669,0.0,0
A,VAL,95,A_VAL_95,12.932655176062449,19.0,0
A,VAL,222,A_VAL_222,16.737600685651824,0.0,0
A,VAL,224,A_VAL_224,15.758958231513548,10.0,0
