chain,resname,resnum,res_key,density,ACC,hbond_type
A,ARG,646,A_ARG_646,26.85735517122572,209.0,0
A,ARG,647,A_ARG_647,25.292761562706616,46.0,1
A,ASP,651,A_ASP_651,20.696751267541945,20.0,2
A,ASP,806,A_ASP_806,8.0495921726881,82.0,0
A,CYS,645,A_CYS_645,18.81936426345464,119.0,0
A,GLY,640,A_GLY_640,8.274320310563276,13.0,0
A,HIS,641,A_HIS_641,12.46389171652109,37.0,3
A,LEU,637,A_LEU_637,1.8716730112346585,113.0,0
A,LEU,648,A_LEU_648,18.351367204874432,68.0,0
A,LEU,649,A_LEU_649,18.3594260432534,114.0,0
A,LEU,795,A_LEU_795,1.9250081875700664,35.0,0
A,LYS,643,A_LYS_643,16.346390818132836,88.0,0
A,MET,642,A_MET_642,21.93008750615713,157.0,0
A,SER,644,A_SER_644,15.833204064507903,69.0,0
A,SER,652,A_SER_652,9.885990574906495,21.0,1
A,VAL,650,A_VAL_650,16.492597573773786,14.0,0
