chain,resname,resnum,res_key,density,ACC,hbond_type
A,ALA,413,A_ALA_413,11.801124171341824,0.0,0
A,ALA,421,A_ALA_421,12.053038984945251,67.0,0
A,ALA,424,A_ALA_424,11.742309177152077,6.0,0
A,ASN,452,A_ASN_452,21.18092672567459,66.0,1
A,ASP,268,A_ASP_268,4.82185435044989,25.0,0
A,ASP,416,A_ASP_416,22.20218556888768,3.0,2
A,ASP,418,A_ASP_418,7.155684363721527,107.0,2
A,CYS,423,A_CYS_423,17.801252898739595,2.0,0
A,CYS,453,A_CYS_453,17.76719908766578,35.0,0
A,GLN,456,A_GLN_456,22.80757425726109,106.0,0
A,GLU,414,A_GLU_414,22.610021648831644,91.0,2
A,GLU,422,A_GLU_422,23.18986531676929,114.0,2
A,GLY,408,A_GLY_408,7.900322415162357,0.0,0
A,GLY,412,A_GLY_412,10.193457441432855,6.0,0
A,GLY,419,A_GLY_419,8.84907482006394,75.0,0
A,HIS,409,A_HIS_409,4.984439102732839,0.0,3
A,HIS,415,A_HIS_415,17.082711952929998,43.0,3
A,ILE,458,A_ILE_458,18.700581561127976,0.0,0
A,LEU,420,A_LEU_420,18.175157032758435,98.0,0
A,LYS,432,A_LYS_432,2.29613639496596,40.0,0
A,LYS,455,A_LYS_455,21.69874274281591,45.0,0
A,LYS,460,A_LYS_460,14.550491326182057,93.0,0
A,MET,435,A_MET_435,20.75894192797576,0.0,0
A,MET,449,A_MET_449,9.850080551681984,78.0,0
A,PHE,411,A_PHE_411,6.0095039452475465,0.0,0
A,PHE,450,A_PHE_450,24.48617588699937,0.0,0
A,PRO,417,A_PRO_417,16.21503454134843,55.0,0
A,PRO,425,A_PRO_425,9.658462473136993,6.0,0
A,PRO,437,A_PRO_437,4.413886384300018,19.0,0
A,SER,266,A_SER_266,5.491956997776586,44.0,0
A,SER,451,A_SER_451,16.172669493488577,0.0,3
A,SER,454,A_SER_454,16.42117057425723,2.0,3
A,SER,457,A_SER_457,15.47456626935518,37.0,0
A,THR,265,A_THR_265,1.9076512284556164,12.0,0
A,THR,461,A_THR_461,5.574172114465384,1.0,0
A,TRP,267,A_TRP_267,22.498339402047183,7.0,0
A,TYR,433,A_TYR_433,28.523553878282826,39.0,1
A,TYR,436,A_TYR_436,12.986018072362093,35.0,1
A,TYR,459,A_TYR_459,15.790563005586622,54.0,0
A,VAL,434,A_VAL_434,13.714635972908985,3.0,0
