chain,resname,resnum,res_key,density,ACC,hbond_type
A,ALA,394,A_ALA_394,12.433356593142731,36.0,0
A,ARG,388,A_ARG_388,26.85554810799496,94.0,1
A,ASN,446,A_ASN_446,9.787666076776606,42.0,3
A,ASN,482,A_ASN_482,12.411511124291463,41.0,0
A,CYS,392,A_CYS_392,17.562096526510114,22.0,0
A,GLU,389,A_GLU_389,23.461054311975268,101.0,0
A,GLU,390,A_GLU_390,23.52320732526873,122.0,2
A,GLY,477,A_GLY_477,10.18383178066034,4.0,0
A,HIS,402,A_HIS_402,24.17319637076496,52.0,0
A,HIS,447,A_HIS_447,23.95482051523692,68.0,1
A,ILE,387,A_ILE_387,18.43899875990169,20.0,0
A,ILE,399,A_ILE_399,17.05475266901808,1.0,0
A,LEU,391,A_LEU_391,19.37230311897797,90.0,0
A,LEU,416,A_LEU_416,5.573928486753869,0.0,0
A,LEU,453,A_LEU_453,1.8783512842555463,11.0,0
A,LEU,479,A_LEU_479,18.33664764873984,20.0,0
A,LYS,478,A_LYS_478,11.835763377424971,120.0,0
A,LYS,480,A_LYS_480,13.770656570337374,27.0,1
A,PHE,461,A_PHE_461,25.032942783192546,0.0,0
A,SER,395,A_SER_395,15.479180689757309,35.0,3
A,THR,386,A_THR_386,9.762789513466824,75.0,0
A,THR,393,A_THR_393,17.16553811334503,82.0,3
A,THR,398,A_THR_398,16.109094824748883,25.0,3
A,THR,400,A_THR_400,17.357896678870635,17.0,3
A,THR,404,A_THR_404,11.997609876654568,48.0,0
A,THR,449,A_THR_449,17.123682340802475,39.0,3
A,THR,481,A_THR_481,11.688836985345883,0.0,0
A,TRP,403,A_TRP_403,28.111598486944136,5.0,0
A,TYR,448,A_TYR_448,16.510806799693583,87.0,0
A,TYR,459,A_TYR_459,7.371951961629284,12.0,0
A,VAL,401,A_VAL_401,16.06429974137252,0.0,0
A,VAL,450,A_VAL_450,14.480782982898363,3.0,0
A,VAL,463,A_VAL_463,1.8116717663694109,0.0,0
