chain,resname,resnum,res_key,density,ACC,hbond_type
A,ALA,449,A_ALA_449,5.224002217077202,51.0,0
A,ALA,451,A_ALA_451,12.199388019939937,25.0,0
A,ALA,474,A_ALA_474,6.827651529470291,12.0,0
A,ALA,507,A_ALA_507,3.013138508933433,0.0,0
A,ARG,512,A_ARG_512,11.055679251232858,104.0,1
A,ARG,520,A_ARG_520,14.136299902401976,145.0,0
A,ASN,471,A_ASN_471,20.88256021622582,0.0,1
A,ASN,510,A_ASN_510,20.72421976137481,4.0,2
A,ASN,514,A_ASN_514,20.95337325843605,1.0,3
A,ASP,411,A_ASP_411,15.8001972244333,3.0,2
A,ASP,473,A_ASP_473,20.993946113213973,76.0,2
A,CYS,453,A_CYS_453,17.74043368380317,10.0,0
A,GLU,442,A_GLU_442,2.9165589678505075,86.0,0
A,GLU,513,A_GLU_513,20.73951647868361,116.0,0
A,GLU,521,A_GLU_521,17.220996660804037,8.0,2
A,HIS,466,A_HIS_466,23.574893614536407,0.0,3
A,ILE,407,A_ILE_407,5.794565913256086,0.0,0
A,ILE,421,A_ILE_421,5.974216073946082,0.0,0
A,ILE,455,A_ILE_455,18.66172236455505,59.0,0
A,ILE,472,A_ILE_472,17.846793609567708,72.0,0
A,ILE,518,A_ILE_518,18.42351844568489,0.0,0
A,LEU,406,A_LEU_406,1.8648150371068064,0.0,0
A,LEU,408,A_LEU_408,18.27087214569828,2.0,0
A,LEU,443,A_LEU_443,1.777311502093086,3.0,0
A,LEU,456,A_LEU_456,18.08354611508302,11.0,0
A,LEU,469,A_LEU_469,12.631219198810648,6.0,0
A,LEU,519,A_LEU_519,2.6425020967771387,38.0,0
A,LYS,457,A_LYS_457,9.01511672505706,109.0,1
A,LYS,509,A_LYS_509,6.900147208285339,63.0,0
A,LYS,515,A_LYS_515,12.346033672755109,60.0,1
A,LYS,516,A_LYS_516,12.504194540278895,175.0,0
A,LYS,517,A_LYS_517,21.20726719188104,67.0,1
A,MET,465,A_MET_465,20.944226229775968,0.0,0
A,PHE,410,A_PHE_410,25.521524186953343,4.0,0
A,PHE,418,A_PHE_418,19.380173701976016,2.0,0
A,PHE,467,A_PHE_467,24.932714686182468,1.0,0
A,PHE,470,A_PHE_470,9.972327123470006,20.0,0
A,PRO,417,A_PRO_417,12.194680887868104,20.0,0
A,PRO,450,A_PRO_450,16.542037223401504,4.0,0
A,PRO,468,A_PRO_468,16.224017429473164,0.0,0
A,SER,409,A_SER_409,15.300951441479196,0.0,3
A,SER,452,A_SER_452,15.86469323674892,3.0,3
A,TRP,446,A_TRP_446,29.30064725404358,46.0,0
A,TYR,454,A_TYR_454,27.505781668939,24.0,0
A,VAL,463,A_VAL_463,7.264690957643923,22.0,0
A,VAL,464,A_VAL_464,15.925899158982778,0.0,0
A,VAL,511,A_VAL_511,16.45886996976698,0.0,0
