chain,resname,resnum,res_key,density,ACC,hbond_type
A,ALA,225,A_ALA_225,12.044843197376428,22.0,0
A,ALA,254,A_ALA_254,12.508829244825158,23.0,0
A,ALA,265,A_ALA_265,9.21845026003708,56.0,0
A,ALA,312,A_ALA_312,12.132261312225634,12.0,0
A,ARG,222,A_ARG_222,12.696272323577489,103.0,1
A,ARG,282,A_ARG_282,14.368343151218651,92.0,1
A,ARG,300,A_ARG_300,27.65525828444764,46.0,1
A,ASN,302,A_ASN_302,20.29937253195005,33.0,0
A,ASP,252,A_ASP_252,21.377137477434584,93.0,0
A,ASP,263,A_ASP_263,18.88098209148812,58.0,2
A,ASP,310,A_ASP_310,20.981919757818822,57.0,0
A,CYS,242,A_CYS_242,17.981687052896586,0.0,0
A,CYS,301,A_CYS_301,18.130191576675568,0.0,0
A,GLN,298,A_GLN_298,19.796578951513748,89.0,0
A,GLN,311,A_GLN_311,23.09314648023193,95.0,2
A,GLU,284,A_GLU_284,13.796828241007224,38.0,2
A,GLY,281,A_GLY_281,5.714045464193971,28.0,0
A,GLY,303,A_GLY_303,10.170201352781584,0.0,0
A,HIS,286,A_HIS_286,2.992068170013906,53.0,1
A,ILE,258,A_ILE_258,13.082209191639114,41.0,0
A,ILE,287,A_ILE_287,1.6375193560028545,0.0,0
A,ILE,313,A_ILE_313,18.092517319930536,69.0,0
A,ILE,314,A_ILE_314,17.719400253401655,1.0,0
A,LEU,240,A_LEU_240,17.911997940040536,0.0,0
A,LEU,266,A_LEU_266,17.668664816698403,8.0,0
A,LEU,285,A_LEU_285,18.0786699374578,0.0,0
A,LYS,224,A_LYS_224,16.917480875563793,113.0,0
A,LYS,227,A_LYS_227,10.672091747204842,114.0,1
A,LYS,243,A_LYS_243,14.968755878459158,79.0,1
A,LYS,257,A_LYS_257,14.624700763801789,27.0,1
A,LYS,264,A_LYS_264,9.413913231887436,97.0,1
A,MET,239,A_MET_239,5.7108396629223055,83.0,0
A,PRO,221,A_PRO_221,13.352994920118496,2.0,0
A,SER,228,A_SER_228,14.896575328790629,85.0,0
A,SER,244,A_SER_244,12.420608879982332,8.0,3
A,SER,277,A_SER_277,8.495457916201328,71.0,0
A,SER,278,A_SER_278,9.821970443349676,60.0,3
A,SER,279,A_SER_279,3.633245245779914,66.0,0
A,SER,283,A_SER_283,16.013083728818707,0.0,3
A,SER,309,A_SER_309,15.581723378919616,69.0,0
A,THR,304,A_THR_304,17.599202534593694,48.0,0
A,THR,315,A_THR_315,4.481230775310543,36.0,0
A,TRP,253,A_TRP_253,31.994175685868434,22.0,0
A,TRP,255,A_TRP_255,31.371253225867378,4.0,1
A,TYR,256,A_TYR_256,28.3051509062538,67.0,0
A,TYR,299,A_TYR_299,25.85050050465017,0.0,2
A,VAL,223,A_VAL_223,15.991107343792596,10.0,0
A,VAL,226,A_VAL_226,11.699658147769274,72.0,0
A,VAL,241,A_VAL_241,15.884523008189442,8.0,0
A,VAL,250,A_VAL_250,7.922932029568733,1.0,0
A,VAL,276,A_VAL_276,7.442799109753154,29.0,0
