chain,resname,resnum,res_key,density,ACC,hbond_type
A,ALA,744,A_ALA_744,2.87041268183036,24.0,0
A,ARG,748,A_ARG_748,25.792835460816747,158.0,0
A,ASN,706,A_ASN_706,7.515302270043849,37.0,3
A,ASP,718,A_ASP_718,21.90803684456459,45.0,0
A,CYS,713,A_CYS_713,17.57037152675109,59.0,0
A,CYS,750,A_CYS_750,2.7457100298174058,88.0,0
A,GLN,747,A_GLN_747,5.368880510137076,164.0,0
A,GLU,705,A_GLU_705,3.70467392515018,74.0,2
A,GLU,711,A_GLU_711,23.545134996282968,33.0,2
A,GLU,716,A_GLU_716,22.957404655952534,60.0,0
A,ILE,685,A_ILE_685,11.733471516170605,96.0,0
A,ILE,686,A_ILE_686,12.471682285883842,83.0,0
A,ILE,689,A_ILE_689,8.154684340428538,14.0,0
A,ILE,745,A_ILE_745,6.592541096657436,9.0,0
A,LEU,703,A_LEU_703,2.051448970227645,0.0,0
A,LEU,717,A_LEU_717,18.24620964373276,141.0,0
A,LEU,752,A_LEU_752,12.33388633502418,1.0,0
A,LYS,709,A_LYS_709,16.113000664083234,124.0,1
A,LYS,714,A_LYS_714,21.4962688745869,74.0,1
A,LYS,751,A_LYS_751,4.749382846862567,99.0,0
A,PHE,701,A_PHE_701,8.667771025612243,0.0,0
A,PHE,707,A_PHE_707,25.977130797559845,0.0,0
A,PHE,719,A_PHE_719,22.63101021550506,7.0,0
A,PHE,725,A_PHE_725,2.213178962246141,46.0,0
A,PHE,749,A_PHE_749,25.35327312534934,4.0,0
A,PRO,746,A_PRO_746,16.609339475826033,45.0,0
A,SER,646,A_SER_646,5.089793077556273,2.0,3
A,SER,648,A_SER_648,6.888665987680075,2.0,3
A,SER,704,A_SER_704,3.2466498740106897,0.0,1
A,SER,710,A_SER_710,15.398838472554369,51.0,3
A,TRP,712,A_TRP_712,31.555353026050927,3.0,0
A,TYR,647,A_TYR_647,5.284482258043682,3.0,1
A,TYR,715,A_TYR_715,27.594780785276143,15.0,3
A,VAL,708,A_VAL_708,16.627229726588787,1.0,0
