chain,resname,resnum,res_key,density,ACC,hbond_type
A,ALA,160,A_ALA_160,12.927606533975707,0.0,0
A,ALA,276,A_ALA_276,12.512835425550152,0.0,0
A,ARG,150,A_ARG_150,24.248051673177294,117.0,1
A,ARG,237,A_ARG_237,25.81029632557813,140.0,1
A,ARG,238,A_ARG_238,28.082214360837995,98.0,1
A,ASP,230,A_ASP_230,18.53864103912164,73.0,2
A,ASP,234,A_ASP_234,20.704965972803308,40.0,2
A,ASP,242,A_ASP_242,22.05308285135328,17.0,2
A,ASP,271,A_ASP_271,19.14506996430817,70.0,0
A,ASP,449,A_ASP_449,9.213098213918084,5.0,2
A,CYS,236,A_CYS_236,17.004973987204735,20.0,0
A,GLN,233,A_GLN_233,23.304683833489293,159.0,0
A,GLN,274,A_GLN_274,10.303276814048775,35.0,0
A,GLU,241,A_GLU_241,23.51303844093953,103.0,2
A,GLY,269,A_GLY_269,2.979908987611525,0.0,0
A,HIS,270,A_HIS_270,3.68063730336925,25.0,0
A,ILE,235,A_ILE_235,18.803407590742943,0.0,0
A,LEU,164,A_LEU_164,5.90887740022869,36.0,0
A,LEU,232,A_LEU_232,18.172681776992373,27.0,0
A,LEU,243,A_LEU_243,15.399294955272287,8.0,0
A,LEU,275,A_LEU_275,17.550340847932482,62.0,0
A,LYS,163,A_LYS_163,12.489225649554289,69.0,1
A,LYS,244,A_LYS_244,11.269096738745992,97.0,1
A,LYS,278,A_LYS_278,4.093095479391815,144.0,0
A,MET,240,A_MET_240,21.00487373917577,11.0,0
A,PHE,148,A_PHE_148,21.50426031210431,0.0,0
A,PHE,156,A_PHE_156,25.556639943414684,0.0,0
A,PHE,277,A_PHE_277,2.487007150156307,0.0,0
A,PRO,153,A_PRO_153,16.20974990347271,0.0,0
A,PRO,155,A_PRO_155,15.988209936833975,0.0,0
A,PRO,231,A_PRO_231,16.011970546187065,5.0,0
A,SER,149,A_SER_149,5.908683027465978,53.0,1
A,SER,444,A_SER_444,1.5212178075939726,33.0,1
A,SER,452,A_SER_452,2.916869624252381,3.0,1
A,TYR,151,A_TYR_151,6.204180330553806,48.0,2
A,TYR,159,A_TYR_159,29.523456300082184,1.0,1
A,TYR,239,A_TYR_239,27.65760305713162,2.0,1
A,TYR,272,A_TYR_272,28.309745127525467,16.0,0
A,VAL,152,A_VAL_152,15.738414263077122,0.0,0
A,VAL,157,A_VAL_157,11.206994019888828,0.0,0
A,VAL,268,A_VAL_268,3.1065629071838794,1.0,0
A,VAL,273,A_VAL_273,10.684721160104704,0.0,0
A,VAL,279,A_VAL_279,10.236189097161573,19.0,0
A,VAL,445,A_VAL_445,1.8606954008185503,7.0,0
A,VAL,451,A_VAL_451,10.192409662201143,0.0,0
