chain,resname,resnum,res_key,density,ACC,hbond_type
A,ALA,984,A_ALA_984,11.944820474616034,1.0,0
A,ALA,989,A_ALA_989,11.65909073170484,3.0,0
A,ALA,1002,A_ALA_1002,12.317269224373986,23.0,0
A,ARG,1003,A_ARG_1003,14.723480404339847,49.0,1
A,ASN,957,A_ASN_957,2.0388597433692195,104.0,0
A,ASN,968,A_ASN_968,17.460804172226524,5.0,1
A,ASN,998,A_ASN_998,2.350271258533664,111.0,0
A,CYS,976,A_CYS_976,17.568494635851618,5.0,0
A,CYS,987,A_CYS_987,17.170630989204785,0.0,0
A,GLN,954,A_GLN_954,5.548722702313867,166.0,0
A,GLU,988,A_GLU_988,16.606219718171342,6.0,2
A,GLU,990,A_GLU_990,4.4179751997422265,115.0,0
A,GLY,955,A_GLY_955,6.80461027494465,10.0,0
A,GLY,971,A_GLY_971,5.81291588640849,8.0,0
A,GLY,977,A_GLY_977,10.355057448931454,31.0,0
A,GLY,981,A_GLY_981,7.792729516066217,66.0,0
A,GLY,986,A_GLY_986,10.402977511374424,0.0,0
A,GLY,1006,A_GLY_1006,10.028432001553725,15.0,0
A,GLY,1025,A_GLY_1025,2.3970386418263288,7.0,0
A,ILE,964,A_ILE_964,7.138932217548959,34.0,0
A,ILE,979,A_ILE_979,17.95353596158067,19.0,0
A,ILE,1007,A_ILE_1007,4.15196173256474,71.0,0
A,LEU,980,A_LEU_980,2.455525894511492,158.0,0
A,LEU,996,A_LEU_996,15.222130223516553,115.0,0
A,LYS,982,A_LYS_982,12.468012075383877,153.0,0
A,LYS,1000,A_LYS_1000,15.969587222102422,134.0,0
A,LYS,1024,A_LYS_1024,3.191082435259511,83.0,1
A,MET,966,A_MET_966,21.1234248181943,13.0,0
A,MET,973,A_MET_973,21.378401652945243,10.0,0
A,PHE,965,A_PHE_965,16.383078280179948,2.0,0
A,PHE,967,A_PHE_967,21.22943078405545,1.0,0
A,PHE,1036,A_PHE_1036,14.815807504682525,1.0,0
A,PRO,974,A_PRO_974,15.978064923330358,98.0,0
A,PRO,983,A_PRO_983,15.841025473915238,53.0,0
A,PRO,1001,A_PRO_1001,15.955285605073405,57.0,0
A,PRO,1004,A_PRO_1004,15.416801907540655,36.0,0
A,PRO,1026,A_PRO_1026,3.7964052108288047,60.0,0
A,SER,985,A_SER_985,14.425928832300633,12.0,0
A,THR,972,A_THR_972,17.030154012928357,67.0,0
A,THR,978,A_THR_978,17.81621928798782,102.0,0
A,TRP,999,A_TRP_999,31.078952219206435,33.0,0
A,TYR,956,A_TYR_956,10.71487085418651,48.0,0
A,TYR,1023,A_TYR_1023,8.308166029039068,5.0,0
A,VAL,975,A_VAL_975,16.63101382863762,60.0,0
A,VAL,1005,A_VAL_1005,15.73454636656641,1.0,0
