chain,resname,resnum,res_key,density,ACC,hbond_type
A,ALA,2087,A_ALA_2087,1.6771812572562312,11.0,0
A,ALA,2109,A_ALA_2109,12.757991045120315,44.0,0
A,ALA,2115,A_ALA_2115,12.629311667699,0.0,0
A,ARG,2080,A_ARG_2080,16.420664653748425,54.0,1
A,ARG,2113,A_ARG_2113,14.797816451367414,42.0,1
A,ASP,2214,A_ASP_2214,16.082773562101757,89.0,0
A,CYS,1941,A_CYS_1941,18.136535596815246,3.0,0
A,CYS,2107,A_CYS_2107,17.901803801794244,0.0,0
A,CYS,2111,A_CYS_2111,18.47964314078425,9.0,0
A,GLN,2129,A_GLN_2129,9.448270914749427,28.0,0
A,GLU,1203,A_GLU_1203,8.752938065220956,61.0,0
A,GLU,2070,A_GLU_2070,22.83395466686127,2.0,2
A,GLU,2105,A_GLU_2105,22.94436387319601,93.0,2
A,GLU,2106,A_GLU_2106,22.99566224412916,0.0,2
A,GLU,2108,A_GLU_2108,23.267272402856698,84.0,2
A,GLY,1943,A_GLY_1943,10.02242582486184,0.0,0
A,GLY,1946,A_GLY_1946,9.819221933684974,1.0,0
A,GLY,2126,A_GLY_2126,10.34991456844362,12.0,0
A,HIS,2102,A_HIS_2102,23.700373882521912,78.0,1
A,ILE,1200,A_ILE_1200,2.1418696441041467,112.0,0
A,ILE,2116,A_ILE_2116,14.954070388639463,1.0,0
A,LEU,1944,A_LEU_1944,16.96953241350466,5.0,0
A,LEU,1945,A_LEU_1945,17.316982446869694,0.0,0
A,LEU,2068,A_LEU_2068,9.680389724164916,8.0,0
A,LEU,2088,A_LEU_2088,5.850775602534058,66.0,0
A,LEU,2099,A_LEU_2099,17.00758335482226,0.0,0
A,LEU,2110,A_LEU_2110,17.925590905253102,10.0,0
A,LEU,2131,A_LEU_2131,15.246440191492043,0.0,0
A,LEU,2213,A_LEU_2213,18.158816258622267,2.0,0
A,LYS,1952,A_LYS_1952,8.369094101613356,7.0,1
A,LYS,2132,A_LYS_2132,12.915606657708045,23.0,1
A,MET,2104,A_MET_2104,21.933730668095325,11.0,0
A,MET,2114,A_MET_2114,21.95251968408264,0.0,0
A,MET,2117,A_MET_2117,2.2230998728470746,1.0,0
A,PHE,1942,A_PHE_1942,25.65655010372497,6.0,0
A,PHE,2217,A_PHE_2217,19.14310351023767,9.0,0
A,PRO,2071,A_PRO_2071,12.99206404391465,3.0,0
A,SER,2101,A_SER_2101,15.63379165978839,0.0,1
A,SER,2103,A_SER_2103,15.35011448059491,22.0,0
A,SER,2127,A_SER_2127,16.324506331460515,54.0,0
A,THR,2072,A_THR_2072,13.943565168621344,4.0,1
A,THR,2073,A_THR_2073,4.535532239415357,48.0,2
A,THR,2100,A_THR_2100,17.763942258177888,0.0,1
A,THR,2112,A_THR_2112,17.15633011876911,87.0,0
A,THR,2212,A_THR_2212,2.744953003488787,70.0,0
A,TRP,2084,A_TRP_2084,31.32154260190857,31.0,0
A,VAL,2097,A_VAL_2097,8.815151570662639,2.0,0
A,VAL,2098,A_VAL_2098,12.33248039209908,6.0,0
A,VAL,2128,A_VAL_2128,15.76871707105794,16.0,0
