chain,resname,resnum,res_key,density,ACC,hbond_type
A,ALA,2087,A_ALA_2087,12.229834860805346,11.0,0
A,ALA,2109,A_ALA_2109,12.757991045120315,44.0,0
A,ALA,2115,A_ALA_2115,12.629311667699,0.0,0
A,ARG,2095,A_ARG_2095,3.086413964309792,13.0,1
A,ARG,2113,A_ARG_2113,27.962711305614675,42.0,1
A,CYS,1941,A_CYS_1941,18.136535596815246,3.0,0
A,CYS,2107,A_CYS_2107,17.901803801794244,0.0,0
A,CYS,2111,A_CYS_2111,18.47964314078425,9.0,0
A,GLN,2129,A_GLN_2129,9.448270914749427,28.0,0
A,GLU,1203,A_GLU_1203,8.752938065220956,61.0,0
A,GLU,1940,A_GLU_1940,24.298142044386804,26.0,2
A,GLU,2105,A_GLU_2105,12.65873661768692,93.0,2
A,GLU,2106,A_GLU_2106,22.99566224412916,0.0,2
A,GLU,2108,A_GLU_2108,23.267272402856698,84.0,2
A,GLY,1939,A_GLY_1939,7.510521011041414,27.0,0
A,GLY,1943,A_GLY_1943,10.02242582486184,0.0,0
A,GLY,2126,A_GLY_2126,10.34991456844362,12.0,0
A,HIS,1202,A_HIS_1202,6.65768342419321,101.0,1
A,HIS,2102,A_HIS_2102,3.0254460459338035,78.0,1
A,HIS,2130,A_HIS_2130,6.473116113058066,70.0,1
A,ILE,1200,A_ILE_1200,12.397571463912453,112.0,0
A,ILE,1936,A_ILE_1936,7.866001246622436,2.0,0
A,ILE,2116,A_ILE_2116,8.326181919503355,1.0,0
A,LEU,1944,A_LEU_1944,15.373140442194146,5.0,0
A,LEU,1945,A_LEU_1945,17.316982446869694,0.0,0
A,LEU,2068,A_LEU_2068,8.785563426092917,8.0,0
A,LEU,2088,A_LEU_2088,18.60429296945999,66.0,0
A,LEU,2099,A_LEU_2099,17.00758335482226,0.0,0
A,LEU,2110,A_LEU_2110,17.925590905253102,10.0,0
A,LEU,2125,A_LEU_2125,12.017809070695469,10.0,0
A,LEU,2131,A_LEU_2131,12.733266516619716,0.0,0
A,LEU,2213,A_LEU_2213,8.031510151467737,2.0,0
A,LYS,2132,A_LYS_2132,8.372327492557943,23.0,1
A,MET,2104,A_MET_2104,14.536194860024422,11.0,0
A,MET,2114,A_MET_2114,21.95251968408264,0.0,0
A,PHE,1942,A_PHE_1942,25.65655010372497,6.0,0
A,PRO,2071,A_PRO_2071,5.9861421665971655,3.0,0
A,SER,2096,A_SER_2096,10.220184108799335,0.0,0
A,SER,2101,A_SER_2101,15.63379165978839,0.0,1
A,SER,2103,A_SER_2103,15.35011448059491,22.0,0
A,SER,2127,A_SER_2127,16.324506331460515,54.0,0
A,THR,2100,A_THR_2100,12.92523363156785,0.0,1
A,THR,2112,A_THR_2112,17.15633011876911,87.0,0
A,TRP,2084,A_TRP_2084,31.32154260190857,31.0,0
A,VAL,2066,A_VAL_2066,3.024868721314439,3.0,0
A,VAL,2091,A_VAL_2091,13.61348952284327,23.0,0
A,VAL,2097,A_VAL_2097,15.24624213015396,2.0,0
A,VAL,2098,A_VAL_2098,16.26485573398558,6.0,0
A,VAL,2128,A_VAL_2128,15.76871707105794,16.0,0
