chain,resname,resnum,res_key,density,ACC,hbond_type
A,ARG,517,A_ARG_517,26.83167476694811,66.0,0
A,ASN,497,A_ASN_497,10.602761355388598,146.0,0
A,ASN,498,A_ASN_498,21.10490780993636,128.0,0
A,ASN,503,A_ASN_503,20.67880796664472,49.0,1
A,ASN,518,A_ASN_518,19.93248069557105,46.0,2
A,ASN,524,A_ASN_524,20.789079740314627,131.0,0
A,ASP,490,A_ASP_490,18.97919909704696,0.0,0
A,ASP,499,A_ASP_499,22.04624796970629,13.0,0
A,ASP,505,A_ASP_505,12.62570731365799,99.0,2
A,ASP,516,A_ASP_516,21.35210466444956,57.0,2
A,CYS,489,A_CYS_489,17.8248745541959,0.0,0
A,CYS,501,A_CYS_501,17.74107878041321,0.0,0
A,CYS,502,A_CYS_502,17.328913750125498,0.0,0
A,CYS,506,A_CYS_506,17.57422562437329,1.0,0
A,CYS,514,A_CYS_514,18.081556725574902,3.0,0
A,CYS,521,A_CYS_521,2.583201208123102,0.0,0
A,CYS,522,A_CYS_522,16.783576501420548,12.0,1
A,CYS,525,A_CYS_525,18.161135144794045,10.0,0
A,GLN,513,A_GLN_513,19.20781981221198,92.0,0
A,GLN,526,A_GLN_526,22.536741123532885,84.0,0
A,GLU,487,A_GLU_487,2.6866436557948754,28.0,0
A,GLU,488,A_GLU_488,23.396592342612948,116.0,0
A,GLU,510,A_GLU_510,14.293503563653122,206.0,0
A,GLY,492,A_GLY_492,7.653761961179846,1.0,0
A,GLY,511,A_GLY_511,9.837289733776924,72.0,0
A,LEU,496,A_LEU_496,12.3944260148244,35.0,0
A,LEU,508,A_LEU_508,17.42075516099355,37.0,0
A,LYS,509,A_LYS_509,20.16640808615886,65.0,0
A,LYS,523,A_LYS_523,15.635627641557054,98.0,1
A,PHE,527,A_PHE_527,10.410566872662084,61.0,0
A,PRO,491,A_PRO_491,16.465420243344376,0.0,0
A,SER,504,A_SER_504,12.501983115816431,66.0,0
A,SER,515,A_SER_515,16.163771827998044,5.0,1
A,SER,519,A_SER_519,15.119383435096095,15.0,0
A,SER,553,A_SER_553,5.133259801605824,41.0,0
A,THR,500,A_THR_500,16.00526678304069,104.0,0
A,THR,507,A_THR_507,18.18555408364135,51.0,3
A,TYR,495,A_TYR_495,20.527994632557853,96.0,0
A,VAL,483,A_VAL_483,3.386272302363475,60.0,0
A,VAL,512,A_VAL_512,15.812132539606049,36.0,0
