chain,resname,resnum,res_key,density,ACC,hbond_type
A,ARG,465,A_ARG_465,8.045607603343496,157.0,0
A,ARG,474,A_ARG_474,26.24035301358821,72.0,1
A,ASN,487,A_ASN_487,20.53603472853504,50.0,3
A,ASN,689,A_ASN_689,20.57237952638241,65.0,0
A,ASP,459,A_ASP_459,21.101674052002444,84.0,0
A,ASP,496,A_ASP_496,2.746357456053974,54.0,0
A,ASP,683,A_ASP_683,10.799508678553437,31.0,2
A,CYS,455,A_CYS_455,7.581190357626379,0.0,0
A,CYS,460,A_CYS_460,18.296711635782856,0.0,0
A,CYS,461,A_CYS_461,17.326878706897265,24.0,0
A,CYS,473,A_CYS_473,16.565586437697604,30.0,0
A,CYS,486,A_CYS_486,17.850205927476573,0.0,0
A,CYS,493,A_CYS_493,17.110584207189856,19.0,0
A,GLN,491,A_GLN_491,16.835075855848096,22.0,3
A,GLN,494,A_GLN_494,22.36136170167312,37.0,0
A,GLU,454,A_GLU_454,3.005017888541296,101.0,0
A,GLU,484,A_GLU_484,23.23853451779699,0.0,2
A,GLU,690,A_GLU_690,14.577141464418666,153.0,0
A,GLY,458,A_GLY_458,10.78515684055139,34.0,0
A,GLY,469,A_GLY_469,10.44841501272196,11.0,0
A,GLY,470,A_GLY_470,10.258514016815909,12.0,0
A,GLY,475,A_GLY_475,4.215663929099512,35.0,0
A,GLY,488,A_GLY_488,10.41010534706538,31.0,0
A,GLY,679,A_GLY_679,3.1253935739920515,4.0,0
A,GLY,680,A_GLY_680,1.7433412889893565,1.0,0
A,GLY,685,A_GLY_685,11.089959279937965,10.0,0
A,HIS,663,A_HIS_663,1.881481858718128,19.0,3
A,LEU,467,A_LEU_467,18.91748786979356,32.0,0
A,LEU,472,A_LEU_472,17.882601719863843,97.0,0
A,LYS,462,A_LYS_462,11.06754315254409,129.0,0
A,MET,691,A_MET_691,10.072799264729731,150.0,0
A,PHE,466,A_PHE_466,24.575748191489566,58.0,0
A,PHE,492,A_PHE_492,18.648228748584945,48.0,0
A,PRO,468,A_PRO_468,16.023172053802597,43.0,0
A,PRO,483,A_PRO_483,13.798617366738366,23.0,0
A,PRO,495,A_PRO_495,16.487316887486458,74.0,0
A,PRO,686,A_PRO_686,16.327758002340495,41.0,0
A,SER,489,A_SER_489,15.63246794139357,83.0,3
A,SER,490,A_SER_490,15.134475981291928,28.0,0
A,SER,681,A_SER_681,8.145938201522345,3.0,2
A,SER,684,A_SER_684,15.00380650698859,0.0,3
A,THR,471,A_THR_471,18.09334476148574,34.0,0
A,THR,687,A_THR_687,17.78639022355417,28.0,0
A,TYR,457,A_TYR_457,3.0577061252109377,66.0,3
A,TYR,485,A_TYR_485,28.42336605110898,47.0,0
A,TYR,688,A_TYR_688,29.13211941903125,105.0,0
A,VAL,682,A_VAL_682,5.308691614238796,82.0,0
