chain,resname,resnum,res_key,density,ACC,hbond_type
A,ARG,186,A_ARG_186,2.698771764612041,3.0,1
A,ARG,216,A_ARG_216,14.062593027241132,49.0,1
A,ARG,245,A_ARG_245,2.777732231550172,44.0,1
A,ASN,232,A_ASN_232,20.465821284213963,62.0,1
A,ASN,234,A_ASN_234,17.24682309516952,107.0,0
A,ASP,229,A_ASP_229,21.88480091449234,128.0,2
A,CYS,225,A_CYS_225,18.570230105791367,17.0,0
A,GLN,218,A_GLN_218,19.81239015388969,7.0,3
A,GLN,231,A_GLN_231,21.99173765455916,198.0,0
A,GLN,236,A_GLN_236,22.52781596675357,33.0,0
A,GLN,244,A_GLN_244,21.2995561380726,49.0,2
A,GLU,222,A_GLU_222,23.47831630249396,90.0,2
A,GLU,226,A_GLU_226,23.44675821741735,41.0,2
A,GLU,235,A_GLU_235,22.802533338366977,144.0,2
A,GLU,251,A_GLU_251,6.650499916871972,46.0,2
A,GLY,183,A_GLY_183,10.280159659570876,29.0,0
A,GLY,184,A_GLY_184,10.204908276529167,16.0,0
A,GLY,185,A_GLY_185,10.70207200244374,0.0,0
A,HIS,314,A_HIS_314,2.564823587635633,38.0,0
A,ILE,220,A_ILE_220,18.370321705136547,0.0,0
A,ILE,221,A_ILE_221,19.395877206266952,17.0,0
A,ILE,230,A_ILE_230,18.30319835823563,26.0,0
A,ILE,233,A_ILE_233,18.66748433361553,23.0,0
A,ILE,252,A_ILE_252,5.8981945958627175,0.0,0
A,ILE,336,A_ILE_336,4.022106732937632,2.0,0
A,LEU,228,A_LEU_228,17.811055767267117,17.0,0
A,LEU,240,A_LEU_240,9.730406180617097,21.0,0
A,LEU,315,A_LEU_315,7.230542146101746,3.0,0
A,LEU,331,A_LEU_331,15.757167361238835,4.0,0
A,LYS,238,A_LYS_238,2.9823960064942225,155.0,0
A,LYS,247,A_LYS_247,18.172822420718013,93.0,1
A,MET,224,A_MET_224,21.3960386359958,0.0,0
A,PHE,223,A_PHE_223,24.09247038745045,0.0,0
A,PHE,248,A_PHE_248,26.171332780479183,0.0,0
A,PRO,219,A_PRO_219,16.156630425804643,47.0,0
A,PRO,316,A_PRO_316,3.5223226946036004,7.0,0
A,THR,237,A_THR_237,2.78697039536916,101.0,0
A,THR,249,A_THR_249,2.853143549929344,16.0,0
A,TYR,312,A_TYR_312,17.571328779850745,47.0,0
A,VAL,227,A_VAL_227,15.795310141785858,9.0,0
