chain,resname,resnum,res_key,density,ACC,hbond_type
A,ALA,132,A_ALA_132,7.479379337477372,0.0,0
A,ALA,233,A_ALA_233,9.35179693439237,30.0,0
A,ALA,234,A_ALA_234,2.713424595579918,64.0,0
A,ARG,135,A_ARG_135,24.59927199566831,14.0,1
A,ASN,145,A_ASN_145,2.543662602293256,137.0,0
A,CYS,140,A_CYS_140,17.041135621398425,30.0,1
A,CYS,222,A_CYS_222,17.985538896944725,6.0,0
A,GLN,225,A_GLN_225,22.91570081269716,69.0,0
A,GLN,236,A_GLN_236,3.019269553237088,136.0,1
A,GLN,237,A_GLN_237,3.1714461306302444,103.0,2
A,GLN,244,A_GLN_244,2.451249307343366,50.0,1
A,GLU,134,A_GLU_134,23.00629856774873,14.0,2
A,GLU,232,A_GLU_232,23.607692984813763,91.0,2
A,GLU,247,A_GLU_247,20.86374781410955,57.0,2
A,GLY,224,A_GLY_224,11.050497900178566,44.0,0
A,ILE,133,A_ILE_133,16.47959451943014,72.0,0
A,LEU,131,A_LEU_131,3.3535193427309897,2.0,0
A,LEU,226,A_LEU_226,17.96512365486864,1.0,0
A,LYS,141,A_LYS_141,21.70641317322603,116.0,0
A,LYS,231,A_LYS_231,7.670337066719667,158.0,0
A,MET,143,A_MET_143,21.10330047144889,92.0,0
A,PHE,146,A_PHE_146,19.12579859216367,79.0,0
A,PHE,148,A_PHE_148,4.193211388642707,42.0,0
A,PHE,221,A_PHE_221,19.324736964321005,116.0,0
A,PHE,228,A_PHE_228,26.04483116828303,130.0,0
A,PRO,142,A_PRO_142,16.823305846744542,71.0,0
A,SER,144,A_SER_144,12.890306749628994,116.0,0
A,THR,229,A_THR_229,18.335950024690323,36.0,2
A,THR,251,A_THR_251,6.931654200961954,11.0,0
A,TYR,136,A_TYR_136,28.801920129994183,63.0,0
A,TYR,223,A_TYR_223,19.241048917603152,19.0,0
A,VAL,137,A_VAL_137,17.102545474292473,21.0,0
A,VAL,138,A_VAL_138,16.41894513167777,42.0,0
A,VAL,139,A_VAL_139,16.612920831041393,29.0,0
A,VAL,227,A_VAL_227,14.412078420581375,79.0,0
A,VAL,230,A_VAL_230,17.10930186167517,41.0,0
A,VAL,345,A_VAL_345,4.059840013321471,88.0,0
