chain,resname,resnum,res_key,density,ACC,hbond_type
A,ARG,323,A_ARG_323,9.840410859043546,107.0,1
A,ARG,324,A_ARG_324,16.549180099100575,179.0,0
A,ARG,328,A_ARG_328,27.359861385456423,189.0,1
A,ARG,344,A_ARG_344,26.50551841310504,130.0,1
A,CYS,327,A_CYS_327,18.10841257121627,11.0,0
A,CYS,329,A_CYS_329,17.60350902537651,67.0,0
A,CYS,339,A_CYS_339,17.341364760830295,39.0,0
A,CYS,342,A_CYS_342,17.986790588707045,30.0,0
A,GLN,340,A_GLN_340,22.459562638579328,105.0,2
A,GLU,325,A_GLU_325,24.22323749233203,54.0,2
A,GLU,341,A_GLU_341,22.42046851985401,145.0,0
A,HIS,332,A_HIS_332,2.460993362456537,72.0,0
A,LYS,326,A_LYS_326,19.951641777343863,170.0,0
A,PHE,331,A_PHE_331,4.702956456435527,123.0,0
A,SER,338,A_SER_338,15.177757795550953,59.0,0
A,THR,343,A_THR_343,17.56910477400141,74.0,0
A,TYR,346,A_TYR_346,7.595823228248338,77.0,1
A,VAL,330,A_VAL_330,16.511718686014127,84.0,0
A,VAL,337,A_VAL_337,13.34319608413838,88.0,0
