chain,resname,resnum,res_key,density,ACC,hbond_type
A,ALA,79,A_ALA_79,12.64262658999137,0.0,0
A,ALA,245,A_ALA_245,7.338112008694567,59.0,0
A,ALA,246,A_ALA_246,12.3394115164081,30.0,0
A,ARG,75,A_ARG_75,10.702979960726598,0.0,1
A,ARG,343,A_ARG_343,27.02134830251822,20.0,1
A,ASN,76,A_ASN_76,14.840711179846984,10.0,2
A,ASP,13,A_ASP_13,2.973883736068729,0.0,2
A,ASP,73,A_ASP_73,9.763729973080508,77.0,0
A,CYS,135,A_CYS_135,17.824093780484805,17.0,0
A,CYS,241,A_CYS_241,17.02836154554081,18.0,1
A,CYS,247,A_CYS_247,17.397624166574957,22.0,0
A,GLN,140,A_GLN_140,6.084744822121177,60.0,3
A,GLN,240,A_GLN_240,22.87441143664377,2.0,2
A,GLU,142,A_GLU_142,23.36209451992037,50.0,2
A,GLU,353,A_GLU_353,16.176170208979983,4.0,2
A,HIS,141,A_HIS_141,12.899516382299822,20.0,2
A,HIS,146,A_HIS_146,23.177934415159783,35.0,3
A,LEU,9,A_LEU_9,7.700585390312745,0.0,0
A,LEU,72,A_LEU_72,3.4594157350827017,7.0,0
A,LEU,134,A_LEU_134,17.035479206003618,0.0,0
A,LEU,136,A_LEU_136,12.808300777420731,0.0,0
A,LEU,255,A_LEU_255,8.22791503281708,9.0,0
A,LEU,344,A_LEU_344,8.296176777667004,8.0,0
A,LYS,239,A_LYS_239,20.60518715525996,122.0,0
A,LYS,333,A_LYS_333,16.069235128491297,26.0,1
A,MET,334,A_MET_334,18.66215801521636,8.0,0
A,PHE,74,A_PHE_74,24.91427905911887,22.0,0
A,PHE,143,A_PHE_143,25.4836727715314,0.0,0
A,PHE,147,A_PHE_147,13.254744835629037,0.0,0
A,PRO,137,A_PRO_137,10.574247139261534,35.0,0
A,PRO,248,A_PRO_248,15.23907130077636,26.0,0
A,PRO,297,A_PRO_297,2.012639039731825,17.0,0
A,SER,77,A_SER_77,15.821484326905352,29.0,3
A,SER,78,A_SER_78,15.704867554852443,3.0,3
A,SER,139,A_SER_139,2.8075789053215776,22.0,0
A,SER,243,A_SER_243,16.09126314573599,2.0,1
A,THR,80,A_THR_80,9.93895429162109,64.0,1
A,THR,144,A_THR_144,17.623092030615904,25.0,0
A,THR,341,A_THR_341,17.164603007803372,31.0,0
A,THR,345,A_THR_345,1.8841034677771205,17.0,3
A,TRP,242,A_TRP_242,31.746015618877458,32.0,1
A,TRP,251,A_TRP_251,26.26080991789065,1.0,0
A,TRP,336,A_TRP_336,4.052114481560723,59.0,0
A,TYR,133,A_TYR_133,7.533375802463484,52.0,3
A,TYR,342,A_TYR_342,9.765867972417588,0.0,1
A,TYR,355,A_TYR_355,22.97297472704739,15.0,3
A,VAL,145,A_VAL_145,16.03951667826794,0.0,0
A,VAL,238,A_VAL_238,13.868314069142253,7.0,0
A,VAL,244,A_VAL_244,15.919936536192056,35.0,0
A,VAL,361,A_VAL_361,1.7942921949762785,3.0,0
