chain,resname,resnum,res_key,density,ACC,hbond_type
A,ARG,168,A_ARG_168,27.23123241232461,144.0,0
A,ASN,98,A_ASN_98,20.9533408962637,60.0,1
A,ASP,95,A_ASP_95,12.316707609509187,86.0,2
A,CYS,101,A_CYS_101,17.242043387318112,0.0,0
A,CYS,178,A_CYS_178,17.714582068703905,11.0,0
A,GLN,93,A_GLN_93,5.776600060821856,49.0,3
A,GLN,102,A_GLN_102,22.05228417548144,56.0,2
A,GLN,170,A_GLN_170,19.74880403481785,80.0,3
A,GLY,97,A_GLY_97,10.635649392071716,35.0,0
A,GLY,106,A_GLY_106,10.345952348394365,4.0,0
A,GLY,163,A_GLY_163,10.59882801916426,1.0,0
A,HIS,88,A_HIS_88,2.042264963418454,72.0,1
A,HIS,181,A_HIS_181,17.84796933527184,60.0,3
A,ILE,164,A_ILE_164,18.644238069086832,40.0,0
A,ILE,165,A_ILE_165,12.06382884907356,101.0,0
A,LEU,81,A_LEU_81,5.872108691580033,80.0,0
A,LEU,103,A_LEU_103,18.6960386626712,100.0,0
A,LEU,104,A_LEU_104,19.52124465768372,5.0,0
A,LEU,107,A_LEU_107,18.645697608998383,39.0,0
A,LEU,161,A_LEU_161,3.55136289550976,65.0,0
A,LYS,171,A_LYS_171,2.3501295859646314,131.0,0
A,MET,100,A_MET_100,21.086789869345456,65.0,0
A,PHE,85,A_PHE_85,25.85025183230728,53.0,0
A,PHE,96,A_PHE_96,25.409358549053565,74.0,0
A,PHE,109,A_PHE_109,14.963913028973524,23.0,0
A,PHE,166,A_PHE_166,12.1337867311797,21.0,0
A,PRO,162,A_PRO_162,5.738907647920724,23.0,0
A,SER,160,A_SER_160,3.267384350996646,0.0,0
A,SER,169,A_SER_169,15.066635213855267,24.0,0
A,SER,179,A_SER_179,16.289153123036254,33.0,3
A,SER,180,A_SER_180,15.334432035651202,52.0,3
A,THR,82,A_THR_82,17.875111699649757,0.0,2
A,THR,99,A_THR_99,17.86156664916285,117.0,0
A,THR,105,A_THR_105,17.390410631042034,6.0,0
A,THR,167,A_THR_167,17.977190361478012,4.0,3
A,THR,177,A_THR_177,17.798910403582386,16.0,3
A,TRP,86,A_TRP_86,28.699111041983336,35.0,1
A,TRP,94,A_TRP_94,32.059818238459506,3.0,0
A,TYR,89,A_TYR_89,22.258902045967872,68.0,0
A,TYR,108,A_TYR_108,19.42479450779141,17.0,0
A,TYR,176,A_TYR_176,16.31493823784815,108.0,0
