chain,resname,resnum,res_key,density,ACC,hbond_type
A,ALA,51,A_ALA_51,12.712154375637589,60.0,0
A,ALA,56,A_ALA_56,11.736639889338525,39.0,0
A,ALA,68,A_ALA_68,13.461402719770316,2.0,0
A,ARG,55,A_ARG_55,26.39379137261778,122.0,1
A,ARG,69,A_ARG_69,23.821664849313123,61.0,1
A,ASP,82,A_ASP_82,13.056899376526731,4.0,2
A,CYS,50,A_CYS_50,17.914847527465263,31.0,0
A,CYS,67,A_CYS_67,17.964784043382608,42.0,0
A,GLN,70,A_GLN_70,15.886000804059751,52.0,0
A,GLU,73,A_GLU_73,9.109332465465757,74.0,2
A,GLY,53,A_GLY_53,10.83190357376746,80.0,0
A,LEU,65,A_LEU_65,18.909139812898363,78.0,0
A,PRO,47,A_PRO_47,16.085939560687937,90.0,0
A,PRO,48,A_PRO_48,16.00609020932553,47.0,0
A,PRO,52,A_PRO_52,16.320615042477172,134.0,0
A,PRO,80,A_PRO_80,2.8982695126257987,27.0,0
A,THR,46,A_THR_46,11.134524437545323,108.0,0
A,THR,49,A_THR_49,17.111021660477927,145.0,0
A,VAL,54,A_VAL_54,15.877672870936944,32.0,0
A,VAL,57,A_VAL_57,16.3632857629765,27.0,0
A,VAL,66,A_VAL_66,16.485765378607116,35.0,0
