chain,resname,resnum,res_key,density,ACC,hbond_type
A,ARG,125,A_ARG_125,10.909058143198724,216.0,0
A,ASN,123,A_ASN_123,5.674283417592597,83.0,0
A,ASN,135,A_ASN_135,17.717913383977862,49.0,1
A,ASP,118,A_ASP_118,3.0448515255128417,49.0,2
A,ASP,154,A_ASP_154,21.42775961568097,65.0,0
A,CYS,120,A_CYS_120,17.393598109508492,19.0,0
A,CYS,127,A_CYS_127,17.334603156951488,16.0,0
A,CYS,133,A_CYS_133,17.76571125177273,28.0,0
A,CYS,142,A_CYS_142,18.04400696823134,20.0,0
A,CYS,144,A_CYS_144,17.336170526481187,28.0,0
A,CYS,158,A_CYS_158,17.575031329234243,4.0,0
A,GLN,143,A_GLN_143,22.773979058562063,112.0,0
A,GLU,119,A_GLU_119,20.165448156104294,32.0,0
A,GLY,131,A_GLY_131,9.9426640758685,19.0,0
A,ILE,151,A_ILE_151,7.345442771640088,46.0,0
A,LEU,126,A_LEU_126,18.34965205834516,34.0,0
A,LEU,145,A_LEU_145,18.35404146471109,72.0,0
A,LYS,128,A_LYS_128,18.96226059490479,146.0,0
A,LYS,149,A_LYS_149,10.770061588629233,121.0,0
A,LYS,156,A_LYS_156,20.127767223178285,98.0,1
A,PHE,148,A_PHE_148,11.527330729219289,27.0,0
A,PHE,150,A_PHE_150,25.6779879157275,82.0,0
A,PRO,124,A_PRO_124,7.783674180722052,107.0,0
A,PRO,146,A_PRO_146,4.535515303456031,118.0,0
A,PRO,155,A_PRO_155,15.87412853958774,95.0,0
A,SER,129,A_SER_129,16.275287450586482,57.0,0
A,SER,139,A_SER_139,16.21957709543891,59.0,0
A,THR,132,A_THR_132,17.334829882720335,75.0,0
A,THR,136,A_THR_136,17.21204870197488,53.0,0
A,THR,141,A_THR_141,17.464639752008384,61.0,0
A,THR,159,A_THR_159,2.768139593589752,51.0,0
A,TYR,130,A_TYR_130,13.80795821383515,129.0,0
A,TYR,140,A_TYR_140,28.17663601823233,54.0,2
A,VAL,134,A_VAL_134,15.94656409724134,52.0,0
A,VAL,157,A_VAL_157,15.597919104933318,32.0,0
