chain,resname,resnum,res_key,density,ACC,hbond_type
A,ARG,61,A_ARG_61,2.094303822397938,10.0,1
A,ARG,106,A_ARG_106,26.465201201243275,30.0,0
A,ARG,251,A_ARG_251,2.458319403476584,110.0,1
A,ARG,330,A_ARG_330,26.4061573083545,46.0,0
A,ASN,116,A_ASN_116,4.646882108184879,103.0,0
A,ASN,331,A_ASN_331,20.781887727661204,50.0,1
A,ASP,105,A_ASP_105,17.238842178716904,2.0,2
A,ASP,108,A_ASP_108,20.83348635383557,21.0,2
A,ASP,327,A_ASP_327,22.207419422362747,23.0,2
A,CYS,99,A_CYS_99,17.837779822358616,5.0,0
A,CYS,112,A_CYS_112,17.988649020730126,42.0,0
A,GLU,100,A_GLU_100,23.63129894241169,138.0,0
A,GLU,104,A_GLU_104,10.40607689750334,138.0,0
A,GLU,107,A_GLU_107,22.6784901896878,27.0,2
A,GLY,98,A_GLY_98,10.58989851031833,13.0,0
A,HIS,97,A_HIS_97,16.648565952548545,89.0,1
A,HIS,299,A_HIS_299,12.454630685749969,34.0,0
A,ILE,300,A_ILE_300,1.7118571328057917,51.0,0
A,LEU,114,A_LEU_114,17.789293429902088,82.0,0
A,LEU,115,A_LEU_115,16.898233451215162,13.0,0
A,LEU,296,A_LEU_296,2.070165819436896,79.0,0
A,LEU,303,A_LEU_303,6.318715302717431,20.0,0
A,LYS,113,A_LYS_113,21.256589886418336,122.0,0
A,PRO,102,A_PRO_102,16.118580257839998,5.0,0
A,PRO,109,A_PRO_109,15.610530733391546,62.0,0
A,SER,111,A_SER_111,15.709180421560138,10.0,1
A,THR,328,A_THR_328,18.062938981550552,12.0,2
A,TYR,110,A_TYR_110,19.65255277589431,71.0,0
A,TYR,329,A_TYR_329,16.61148466244689,80.0,0
A,VAL,101,A_VAL_101,15.967301639257329,21.0,0
A,VAL,103,A_VAL_103,15.914928898773992,74.0,0
A,VAL,325,A_VAL_325,12.01498713642616,14.0,0
A,VAL,326,A_VAL_326,15.84412046195986,46.0,0
A,VAL,332,A_VAL_332,2.7550120992378604,29.0,0
