chain,resname,resnum,res_key,density,ACC,hbond_type
A,ALA,12,A_ALA_12,12.583425283057249,13.0,0
A,ALA,23,A_ALA_23,9.675180255797017,0.0,0
A,ALA,38,A_ALA_38,12.946168417533134,11.0,0
A,ALA,40,A_ALA_40,12.821591076766472,34.0,0
A,ALA,42,A_ALA_42,7.187969715731555,43.0,0
A,ALA,56,A_ALA_56,11.6260908038203,3.0,0
A,ASP,32,A_ASP_32,20.594564651113608,62.0,0
A,CYS,53,A_CYS_53,17.644403987332236,0.0,0
A,GLU,39,A_GLU_39,17.470406200084152,156.0,0
A,GLU,103,A_GLU_103,10.921676401263664,11.0,2
A,GLY,29,A_GLY_29,10.378760224258484,4.0,0
A,GLY,34,A_GLY_34,10.634959466763014,0.0,0
A,GLY,36,A_GLY_36,11.160714468128312,38.0,0
A,GLY,116,A_GLY_116,10.612690986950112,0.0,0
A,GLY,117,A_GLY_117,10.137879636253764,0.0,0
A,GLY,121,A_GLY_121,9.856807039950152,0.0,0
A,GLY,122,A_GLY_122,2.5777234576533568,0.0,0
A,HIS,28,A_HIS_28,24.41460329676855,1.0,0
A,HIS,35,A_HIS_35,23.70009122388086,118.0,3
A,HIS,55,A_HIS_55,24.120918793549983,18.0,0
A,ILE,13,A_ILE_13,17.352782041290595,98.0,0
A,ILE,25,A_ILE_25,17.313246687149736,0.0,0
A,ILE,49,A_ILE_49,7.809270924780707,1.0,0
A,ILE,52,A_ILE_52,18.41407240148441,3.0,0
A,ILE,96,A_ILE_96,13.391609894422489,6.0,0
A,ILE,113,A_ILE_113,1.897879444610132,0.0,0
A,ILE,114,A_ILE_114,5.630148502835889,0.0,0
A,LEU,10,A_LEU_10,16.64977113579589,155.0,0
A,LEU,27,A_LEU_27,17.958543400647823,0.0,0
A,LEU,99,A_LEU_99,15.78646733420687,25.0,0
A,LEU,115,A_LEU_115,16.00061001178652,0.0,0
A,LYS,50,A_LYS_50,20.83863862315868,38.0,1
A,MET,215,A_MET_215,1.6450729948424765,15.0,0
A,PHE,26,A_PHE_26,24.9466485935204,1.0,0
A,PHE,41,A_PHE_41,25.410651446858434,0.0,0
A,PHE,118,A_PHE_118,9.770376596430122,20.0,0
A,PRO,9,A_PRO_9,16.227234354987647,71.0,0
A,PRO,11,A_PRO_11,16.23128669216148,41.0,0
A,PRO,15,A_PRO_15,16.237517777261033,80.0,0
A,PRO,54,A_PRO_54,15.873053910444368,14.0,0
A,SER,125,A_SER_125,5.163103569628802,0.0,0
A,THR,8,A_THR_8,8.590697059244848,89.0,0
A,THR,33,A_THR_33,17.15132612971778,52.0,3
A,THR,140,A_THR_140,2.738700359900554,0.0,0
A,TRP,37,A_TRP_37,31.844628628720944,16.0,0
A,TRP,72,A_TRP_72,18.79576488406827,14.0,0
A,TYR,51,A_TYR_51,25.37726036498242,2.0,0
A,VAL,14,A_VAL_14,16.273129393798197,10.0,0
A,VAL,24,A_VAL_24,16.500486130951902,0.0,0
