chain,resname,resnum,res_key,density,ACC,hbond_type
A,ARG,458,A_ARG_458,10.226921760755884,42.0,1
A,ASP,353,A_ASP_353,20.83576245418477,64.0,0
A,ASP,451,A_ASP_451,9.70562264301062,110.0,0
A,CYS,352,A_CYS_352,17.386747610798835,60.0,0
A,GLN,354,A_GLN_354,23.484534556777,117.0,0
A,GLU,214,A_GLU_214,2.9513819186482704,117.0,0
A,GLU,355,A_GLU_355,23.533183014006763,103.0,0
A,GLU,358,A_GLU_358,23.498105100992245,128.0,0
A,GLU,360,A_GLU_360,14.096172537283,55.0,2
A,GLU,556,A_GLU_556,23.79810456763033,13.0,2
A,GLY,307,A_GLY_307,3.0536810599342044,42.0,0
A,GLY,527,A_GLY_527,3.1095786300267907,0.0,0
A,GLY,557,A_GLY_557,10.344619406249368,27.0,0
A,ILE,356,A_ILE_356,18.513399964098728,56.0,0
A,ILE,558,A_ILE_558,12.53961306480626,8.0,0
A,LEU,359,A_LEU_359,14.795502024540449,30.0,0
A,LEU,559,A_LEU_559,14.15947470199312,74.0,0
A,LYS,312,A_LYS_312,8.394925685309065,78.0,1
A,LYS,357,A_LYS_357,20.806752534056294,109.0,0
A,LYS,555,A_LYS_555,7.9098859919157025,71.0,0
A,PRO,348,A_PRO_348,9.9382140063479,111.0,0
A,PRO,351,A_PRO_351,16.397903494779662,84.0,0
A,SER,350,A_SER_350,15.696677351776293,35.0,2
A,THR,309,A_THR_309,7.165141138917228,47.0,1
A,THR,349,A_THR_349,17.282803182247626,70.0,0
A,THR,563,A_THR_563,10.26177577365053,57.0,1
A,VAL,562,A_VAL_562,16.33474238292157,58.0,0
