chain,resname,resnum,res_key,density,ACC,hbond_type
A,ARG,142,A_ARG_142,20.30132263568093,65.0,1
A,ASN,51,A_ASN_51,8.748967853691775,13.0,0
A,ASN,159,A_ASN_159,7.520944466056118,101.0,0
A,ASN,190,A_ASN_190,18.179410760072408,30.0,0
A,ASP,169,A_ASP_169,6.195625631016645,58.0,2
A,ASP,184,A_ASP_184,8.9850489423792,70.0,2
A,CYS,143,A_CYS_143,17.401827359660718,1.0,0
A,CYS,187,A_CYS_187,18.048142234928704,0.0,0
A,GLN,127,A_GLN_127,23.18909766783216,2.0,2
A,GLN,158,A_GLN_158,14.123151725536912,19.0,2
A,GLN,163,A_GLN_163,11.078108971514672,80.0,1
A,GLU,122,A_GLU_122,16.81689572149183,73.0,0
A,GLY,160,A_GLY_160,10.020180145354674,57.0,0
A,GLY,189,A_GLY_189,9.76938206071242,0.0,0
A,HIS,144,A_HIS_144,19.12219204414834,5.0,3
A,HIS,186,A_HIS_186,24.623253730931904,42.0,0
A,ILE,191,A_ILE_191,10.512272717477837,18.0,0
A,ILE,203,A_ILE_203,1.8905745980977813,1.0,0
A,LEU,53,A_LEU_53,5.815443662811418,0.0,0
A,LEU,120,A_LEU_120,1.883873266402287,51.0,0
A,LEU,124,A_LEU_124,17.763215183985444,2.0,0
A,LEU,126,A_LEU_126,18.40584530563704,2.0,0
A,LEU,141,A_LEU_141,17.896546477528002,3.0,0
A,LEU,151,A_LEU_151,15.25322508932812,23.0,0
A,LEU,195,A_LEU_195,18.986098345900206,110.0,0
A,LYS,153,A_LYS_153,12.504591988046846,107.0,0
A,LYS,161,A_LYS_161,10.735353547894832,146.0,0
A,LYS,164,A_LYS_164,18.40747999151429,55.0,1
A,LYS,199,A_LYS_199,17.48655694641173,128.0,0
A,PHE,156,A_PHE_156,25.681481138118585,1.0,0
A,PHE,157,A_PHE_157,25.217708504260983,39.0,0
A,PHE,165,A_PHE_165,16.007727615800533,104.0,0
A,PHE,172,A_PHE_172,26.071076218534703,27.0,0
A,PHE,196,A_PHE_196,23.89730933209918,47.0,0
A,PRO,170,A_PRO_170,16.009996034391385,37.0,0
A,PRO,200,A_PRO_200,15.984089427795494,80.0,0
A,SER,145,A_SER_145,15.508240631885895,6.0,0
A,SER,162,A_SER_162,15.198520256395197,59.0,0
A,SER,166,A_SER_166,12.519984896027688,26.0,0
A,SER,197,A_SER_197,15.18174581757305,68.0,0
A,SER,198,A_SER_198,15.778064164982952,8.0,0
A,THR,128,A_THR_128,7.078003442382467,1.0,0
A,THR,155,A_THR_155,17.50762481944837,21.0,0
A,THR,171,A_THR_171,12.569131493066658,59.0,1
A,THR,188,A_THR_188,17.171655936101658,21.0,0
A,THR,194,A_THR_194,3.07211819058028,77.0,0
A,THR,202,A_THR_202,2.812930177122204,80.0,1
A,TRP,123,A_TRP_123,12.188385043683056,119.0,0
A,TRP,146,A_TRP_146,2.5678117096289546,74.0,0
A,TYR,185,A_TYR_185,26.444606761186463,0.0,3
A,VAL,125,A_VAL_125,16.97093514419833,5.0,0
A,VAL,152,A_VAL_152,10.274107097342055,52.0,0
A,VAL,154,A_VAL_154,16.789791682230778,0.0,0
A,VAL,201,A_VAL_201,16.24399961709879,22.0,0
