chain,resname,resnum,res_key,density,ACC,hbond_type
A,ALA,285,A_ALA_285,9.227730923415358,39.0,0
A,ALA,286,A_ALA_286,12.676057882012644,0.0,0
A,ALA,304,A_ALA_304,12.211261061434392,0.0,0
A,ALA,307,A_ALA_307,6.679424060175234,55.0,0
A,ARG,158,A_ARG_158,7.890640837289937,55.0,1
A,ARG,282,A_ARG_282,23.93031226811076,9.0,1
A,ARG,334,A_ARG_334,26.76173172308376,95.0,1
A,ASN,288,A_ASN_288,4.770306332170549,129.0,0
A,ASN,325,A_ASN_325,21.493485576679674,2.0,0
A,ASP,306,A_ASP_306,15.453407260031884,22.0,2
A,CYS,287,A_CYS_287,18.31355249315645,8.0,0
A,CYS,312,A_CYS_312,17.59207122056732,12.0,0
A,CYS,333,A_CYS_333,17.831045170084316,0.0,0
A,CYS,337,A_CYS_337,17.66593572583065,22.0,0
A,GLN,279,A_GLN_279,13.501987473472974,13.0,2
A,GLU,330,A_GLU_330,23.333030212898308,67.0,2
A,GLU,332,A_GLU_332,22.75190250817516,6.0,2
A,GLU,335,A_GLU_335,23.948136136561928,110.0,2
A,GLY,310,A_GLY_310,10.693036287561778,39.0,0
A,GLY,324,A_GLY_324,7.772007320847319,0.0,0
A,GLY,338,A_GLY_338,10.757326502085087,58.0,0
A,GLY,341,A_GLY_341,4.35890904854112,22.0,0
A,ILE,291,A_ILE_291,5.117664922490451,67.0,0
A,LEU,278,A_LEU_278,9.965011800371869,0.0,0
A,LEU,289,A_LEU_289,5.705013244841451,32.0,0
A,LEU,302,A_LEU_302,17.6735031824247,10.0,0
A,LEU,314,A_LEU_314,18.585155264005778,88.0,0
A,LYS,311,A_LYS_311,16.240012818445635,108.0,0
A,LYS,326,A_LYS_326,16.52937843189621,3.0,1
A,LYS,331,A_LYS_331,20.96870608913021,103.0,1
A,PHE,305,A_PHE_305,25.092434245828983,23.0,0
A,PHE,315,A_PHE_315,13.239684238859756,15.0,0
A,PHE,327,A_PHE_327,25.138774434780444,0.0,0
A,PRO,340,A_PRO_340,12.870159174177283,93.0,0
A,SER,329,A_SER_329,15.695196486416842,33.0,0
A,THR,283,A_THR_283,10.893630610043587,61.0,0
A,TRP,303,A_TRP_303,30.94738223337256,52.0,0
A,TYR,328,A_TYR_328,23.266904325460004,50.0,0
A,TYR,336,A_TYR_336,28.231981426164577,69.0,0
A,VAL,284,A_VAL_284,16.43507947585379,100.0,0
A,VAL,313,A_VAL_313,15.711717515353255,26.0,0
A,VAL,339,A_VAL_339,16.2166957424467,36.0,0
