chain,resname,resnum,res_key,density,ACC,hbond_type
A,ALA,56,A_ALA_56,12.904130950183951,23.0,0
A,ALA,223,A_ALA_223,12.713302186581137,0.0,0
A,ALA,228,A_ALA_228,13.263290868007257,20.0,0
A,ARG,52,A_ARG_52,21.09513001875056,5.0,1
A,ARG,232,A_ARG_232,27.149362928811524,140.0,0
A,ARG,233,A_ARG_233,27.07048088604827,96.0,0
A,ARG,652,A_ARG_652,21.615547570827545,102.0,1
A,ASN,55,A_ASN_55,15.837592039602187,14.0,3
A,ASP,249,A_ASP_249,21.52334461862936,12.0,2
A,CYS,230,A_CYS_230,18.381041056025108,0.0,0
A,CYS,248,A_CYS_248,17.547606144455795,2.0,0
A,GLN,59,A_GLN_59,16.515329581508063,39.0,3
A,GLN,63,A_GLN_63,3.138027773510957,40.0,2
A,GLN,237,A_GLN_237,20.50660685218913,60.0,0
A,GLN,639,A_GLN_639,2.8165273616622035,96.0,0
A,GLU,245,A_GLU_245,12.720226197103052,97.0,2
A,GLU,650,A_GLU_650,13.81601245699822,2.0,2
A,HIS,58,A_HIS_58,11.152714989460154,76.0,2
A,HIS,222,A_HIS_222,19.00225428240161,50.0,0
A,ILE,225,A_ILE_225,18.364512031986457,106.0,0
A,ILE,236,A_ILE_236,19.332037225946326,89.0,0
A,ILE,246,A_ILE_246,18.49676382179297,84.0,0
A,LEU,53,A_LEU_53,12.57338834029619,12.0,0
A,LEU,54,A_LEU_54,17.58196223168517,0.0,0
A,LEU,251,A_LEU_251,2.713059690985113,0.0,0
A,MET,221,A_MET_221,9.505935975603697,1.0,0
A,MET,231,A_MET_231,20.88820135525417,33.0,0
A,PHE,635,A_PHE_635,14.7092376476696,23.0,0
A,PRO,250,A_PRO_250,16.01130429955964,27.0,0
A,SER,226,A_SER_226,15.727556207498914,13.0,3
A,SER,234,A_SER_234,15.62316496716626,10.0,0
A,SER,235,A_SER_235,16.63498691078073,44.0,0
A,SER,238,A_SER_238,9.805930030375912,61.0,0
A,SER,638,A_SER_638,3.052948463577114,79.0,0
A,SER,641,A_SER_641,10.419825369227745,79.0,0
A,SER,651,A_SER_651,15.435262264859162,1.0,0
A,THR,57,A_THR_57,6.058717498978528,115.0,3
A,THR,227,A_THR_227,17.85699232565012,0.0,3
A,THR,229,A_THR_229,17.698499931993908,24.0,3
A,THR,647,A_THR_647,14.38430195483746,3.0,0
A,THR,649,A_THR_649,17.61837790764333,0.0,3
A,TRP,640,A_TRP_640,32.80272527882883,63.0,0
A,TRP,648,A_TRP_648,10.477605816245102,7.0,1
A,TRP,653,A_TRP_653,2.547814257821743,71.0,0
A,VAL,224,A_VAL_224,17.13305688535085,43.0,0
A,VAL,247,A_VAL_247,16.9150849792387,5.0,0
