chain,resname,resnum,res_key,density,ACC,hbond_type
A,ALA,13,A_ALA_13,12.112716855447957,81.0,0
A,ARG,10,A_ARG_10,23.849931894878363,266.0,0
A,CYS,12,A_CYS_12,17.764520720268244,138.0,0
A,GLY,11,A_GLY_11,10.057878837983385,61.0,0
A,LEU,14,A_LEU_14,18.106199279680048,149.0,0
A,LEU,17,A_LEU_17,4.451755473779575,118.0,0
A,PHE,15,A_PHE_15,24.49247746439786,190.0,0
A,PRO,16,A_PRO_16,13.61634104933423,87.0,0
A,SER,9,A_SER_9,15.83738104668868,121.0,0
