chain,resname,resnum,res_key,density,ACC,hbond_type
A,ALA,98,A_ALA_98,12.773505182108902,14.0,0
A,ALA,427,A_ALA_427,12.668790411529947,90.0,0
A,ARG,86,A_ARG_86,18.63299552281093,227.0,0
A,ARG,101,A_ARG_101,27.119741518855648,98.0,1
A,ARG,426,A_ARG_426,25.789809371624607,124.0,1
A,ARG,431,A_ARG_431,12.204073949179577,92.0,1
A,ASP,84,A_ASP_84,21.49944179105624,51.0,2
A,ASP,96,A_ASP_96,20.373688541656303,8.0,2
A,CYS,428,A_CYS_428,18.316144556325348,25.0,0
A,GLU,85,A_GLU_85,22.80034412180961,90.0,0
A,GLU,103,A_GLU_103,17.733140633507343,58.0,2
A,HIS,424,A_HIS_424,20.63103358896329,88.0,0
A,HIS,425,A_HIS_425,18.844892313409545,71.0,1
A,ILE,100,A_ILE_100,18.2856081427342,39.0,0
A,LEU,429,A_LEU_429,17.871925318589632,93.0,0
A,LEU,430,A_LEU_430,17.36996148833422,107.0,0
A,LYS,83,A_LYS_83,6.666350244807891,153.0,0
A,LYS,89,A_LYS_89,12.142736950365448,79.0,0
A,LYS,102,A_LYS_102,18.304497748032656,21.0,0
A,PHE,99,A_PHE_99,25.03946952966924,22.0,0
A,PRO,88,A_PRO_88,8.741475689870937,132.0,0
A,SER,97,A_SER_97,15.217618207733208,59.0,0
A,THR,93,A_THR_93,12.089641619507194,29.0,1
A,VAL,87,A_VAL_87,15.96466552383784,48.0,0
