chain,resname,resnum,res_key,density,ACC,hbond_type
A,ALA,20,A_ALA_20,12.69278474153657,0.0,0
A,ALA,27,A_ALA_27,2.712678566379898,53.0,0
A,ALA,30,A_ALA_30,12.581051717987776,5.0,0
A,ARG,29,A_ARG_29,12.218623224760966,152.0,1
A,ARG,184,A_ARG_184,2.5006987455247915,53.0,1
A,ASN,13,A_ASN_13,20.29820300349203,11.0,2
A,ASN,93,A_ASN_93,2.584383865590305,75.0,2
A,ASP,12,A_ASP_12,22.07041032206609,4.0,2
A,ASP,57,A_ASP_57,15.837721968906475,91.0,0
A,ASP,82,A_ASP_82,5.830003647343693,1.0,2
A,ASP,158,A_ASP_158,12.323803267681305,36.0,2
A,CYS,18,A_CYS_18,18.283423692002312,0.0,0
A,GLN,138,A_GLN_138,10.102301969060726,15.0,3
A,GLU,94,A_GLU_94,23.135921666263624,71.0,2
A,GLU,108,A_GLU_108,2.7557827745291013,12.0,2
A,GLY,14,A_GLY_14,10.968751203195408,13.0,0
A,GLY,16,A_GLY_16,10.080480474547224,12.0,0
A,GLY,21,A_GLY_21,9.67004157625166,0.0,0
A,GLY,56,A_GLY_56,11.154739359317825,0.0,0
A,GLY,157,A_GLY_157,2.203504197839108,20.0,0
A,HIS,89,A_HIS_89,23.575538204403703,16.0,1
A,ILE,36,A_ILE_36,2.71179365616954,0.0,0
A,ILE,72,A_ILE_72,17.882314905722623,2.0,0
A,ILE,86,A_ILE_86,18.533599467772827,0.0,0
A,ILE,342,A_ILE_342,2.781331807207454,27.0,0
A,LEU,9,A_LEU_9,2.366899245029652,0.0,0
A,LEU,95,A_LEU_95,12.96857341316684,18.0,0
A,LEU,105,A_LEU_105,5.56230696142434,0.0,0
A,LEU,106,A_LEU_106,13.291077618734889,0.0,0
A,LYS,19,A_LYS_19,20.463673166843503,26.0,1
A,LYS,85,A_LYS_85,5.456065863146455,72.0,0
A,LYS,337,A_LYS_337,9.85575240207746,87.0,1
A,MET,17,A_MET_17,20.64715361211915,71.0,0
A,MET,35,A_MET_35,22.25259164858541,6.0,0
A,MET,83,A_MET_83,20.546901847242324,1.0,0
A,PHE,32,A_PHE_32,24.92437368218432,0.0,0
A,PHE,91,A_PHE_91,19.66858170058389,0.0,0
A,PRO,28,A_PRO_28,16.775754004319747,19.0,0
A,PRO,33,A_PRO_33,15.735652431655597,13.0,0
A,PRO,71,A_PRO_71,12.87771762598278,1.0,0
A,SER,15,A_SER_15,15.254559297455645,8.0,0
A,SER,34,A_SER_34,15.460050926916724,1.0,0
A,THR,90,A_THR_90,17.442530869775066,0.0,0
A,THR,107,A_THR_107,17.78106399088503,2.0,3
A,TRP,87,A_TRP_87,29.40240599314674,0.0,1
A,TRP,341,A_TRP_341,31.98987944030542,0.0,0
A,TYR,70,A_TYR_70,12.796268303108969,61.0,0
A,TYR,88,A_TYR_88,10.064836073776853,128.0,0
A,TYR,338,A_TYR_338,28.703211894596976,59.0,2
A,VAL,10,A_VAL_10,14.516142374777736,0.0,0
A,VAL,11,A_VAL_11,16.821971388758694,0.0,0
A,VAL,31,A_VAL_31,16.9236778114752,50.0,0
A,VAL,55,A_VAL_55,15.60401378745931,9.0,0
A,VAL,77,A_VAL_77,1.757825806018808,17.0,0
A,VAL,340,A_VAL_340,16.011236591310055,8.0,0
