chain,resname,resnum,res_key,density,ACC,hbond_type
A,ALA,278,A_ALA_278,2.930381584582133,43.0,0
A,ALA,322,A_ALA_322,6.659242802600958,0.0,0
A,ARG,298,A_ARG_298,10.487648732256366,60.0,1
A,ARG,309,A_ARG_309,15.220144368948528,137.0,0
A,ASN,303,A_ASN_303,20.10002560134128,50.0,1
A,ASP,285,A_ASP_285,21.417772345021284,53.0,2
A,ASP,310,A_ASP_310,3.2420961859232618,133.0,0
A,ASP,352,A_ASP_352,17.18033697621771,56.0,2
A,CYS,302,A_CYS_302,17.927746337080897,91.0,0
A,CYS,315,A_CYS_315,7.564597417867503,27.0,0
A,CYS,349,A_CYS_349,14.461859241651428,21.0,0
A,GLN,286,A_GLN_286,22.840387930915835,27.0,1
A,GLU,112,A_GLU_112,2.8371114560144424,34.0,2
A,GLU,282,A_GLU_282,23.84356598120232,153.0,0
A,GLY,299,A_GLY_299,10.06135113968856,17.0,0
A,LEU,113,A_LEU_113,3.1429844710123542,0.0,0
A,LEU,283,A_LEU_283,10.443279516238135,37.0,0
A,LEU,287,A_LEU_287,17.579682019421323,2.0,0
A,LEU,304,A_LEU_304,18.637213644113388,0.0,0
A,LEU,308,A_LEU_308,10.913325822990387,2.0,0
A,LYS,260,A_LYS_260,2.805348465534357,30.0,1
A,LYS,300,A_LYS_300,20.21465482513021,78.0,0
A,MET,348,A_MET_348,3.2919092857301218,83.0,0
A,PHE,281,A_PHE_281,25.909681150232288,8.0,0
A,PHE,284,A_PHE_284,16.86859277083902,8.0,0
A,PRO,306,A_PRO_306,16.401818919347384,51.0,0
A,PRO,321,A_PRO_321,15.642645246135109,35.0,0
A,SER,351,A_SER_351,8.20607963258759,90.0,0
A,TYR,288,A_TYR_288,2.504196655126206,3.0,0
A,TYR,297,A_TYR_297,16.481935874955795,4.0,0
A,TYR,307,A_TYR_307,21.685853251546146,12.0,0
A,VAL,301,A_VAL_301,15.96942374409764,19.0,0
A,VAL,305,A_VAL_305,17.493921952615583,40.0,0
A,VAL,325,A_VAL_325,2.3676860588753232,3.0,0
