chain,resname,resnum,res_key,density,ACC,hbond_type
A,ALA,232,A_ALA_232,10.146951725184527,0.0,0
A,ALA,255,A_ALA_255,12.718680217148478,25.0,0
A,ALA,259,A_ALA_259,12.561395522892324,12.0,0
A,ALA,273,A_ALA_273,9.20593719938224,87.0,0
A,ALA,279,A_ALA_279,9.627362874159695,69.0,0
A,ALA,283,A_ALA_283,10.24234580240503,59.0,0
A,ASN,237,A_ASN_237,20.255714581465124,39.0,1
A,ASN,274,A_ASN_274,8.897134276734828,116.0,0
A,ASP,280,A_ASP_280,21.870193458932874,23.0,0
A,CYS,257,A_CYS_257,17.546652260307987,33.0,0
A,CYS,277,A_CYS_277,17.933921809080083,34.0,0
A,GLU,236,A_GLU_236,12.640543973703606,146.0,0
A,GLU,285,A_GLU_285,14.153689478363942,77.0,2
A,GLU,827,A_GLU_827,12.372982136050624,123.0,0
A,GLU,831,A_GLU_831,20.00036553315844,180.0,0
A,GLY,238,A_GLY_238,10.615263808692468,0.0,0
A,GLY,275,A_GLY_275,10.07784939126385,70.0,0
A,GLY,282,A_GLY_282,7.235594008652493,6.0,0
A,HIS,253,A_HIS_253,23.46634055689496,49.0,0
A,ILE,267,A_ILE_267,1.94535312857883,0.0,0
A,ILE,303,A_ILE_303,16.749742086887363,2.0,0
A,LEU,217,A_LEU_217,17.738694675431017,82.0,0
A,LEU,231,A_LEU_231,3.854926542102136,3.0,0
A,LEU,233,A_LEU_233,17.745559737998704,9.0,0
A,LEU,239,A_LEU_239,17.805779189112148,0.0,0
A,LEU,258,A_LEU_258,17.804138363273438,18.0,0
A,LEU,281,A_LEU_281,18.77284338344957,64.0,0
A,LEU,284,A_LEU_284,18.22118849942561,7.0,0
A,LEU,286,A_LEU_286,17.660446432523987,0.0,0
A,LEU,829,A_LEU_829,5.416704329324524,81.0,0
A,LEU,830,A_LEU_830,18.503019757427445,54.0,0
A,LYS,254,A_LYS_254,14.605020083026886,112.0,1
A,LYS,260,A_LYS_260,19.98300065097342,47.0,0
A,LYS,278,A_LYS_278,16.934220873545403,136.0,1
A,PHE,268,A_PHE_268,12.776924224072411,3.0,0
A,PHE,269,A_PHE_269,24.7107284241862,0.0,0
A,PHE,306,A_PHE_306,26.28098745982382,9.0,0
A,SER,234,A_SER_234,15.69513156662586,2.0,0
A,SER,276,A_SER_276,15.20140623745424,53.0,0
A,SER,305,A_SER_305,15.245277686660163,38.0,0
A,THR,218,A_THR_218,11.89071985800232,30.0,0
A,THR,235,A_THR_235,10.998108632038612,81.0,0
A,THR,270,A_THR_270,17.2269686791043,3.0,0
A,THR,271,A_THR_271,17.49270898122248,9.0,2
A,TRP,240,A_TRP_240,3.0443189709277214,32.0,0
A,TRP,287,A_TRP_287,22.973719747986912,48.0,1
A,TYR,272,A_TYR_272,27.93586441929573,43.0,2
A,TYR,304,A_TYR_304,16.497097193546157,24.0,3
A,VAL,256,A_VAL_256,15.52704966761387,0.0,0
