chain,resname,resnum,res_key,density,ACC,hbond_type
A,ALA,227,A_ALA_227,12.5237397133934,0.0,0
A,ALA,269,A_ALA_269,12.430772110616209,3.0,0
A,ARG,213,A_ARG_213,13.850706087878295,43.0,1
A,ARG,226,A_ARG_226,27.029713514148533,90.0,1
A,ARG,240,A_ARG_240,14.420113130619267,64.0,1
A,ARG,271,A_ARG_271,2.744856880426311,164.0,0
A,ASN,210,A_ASN_210,20.29849616877123,95.0,0
A,ASP,255,A_ASP_255,5.749939276219146,127.0,0
A,CYS,225,A_CYS_225,16.95925427735211,0.0,0
A,CYS,282,A_CYS_282,18.214405219578623,0.0,0
A,GLN,251,A_GLN_251,22.813724047049213,13.0,2
A,GLN,252,A_GLN_252,17.816152030416717,100.0,0
A,GLN,265,A_GLN_265,18.58546765397486,55.0,3
A,GLU,285,A_GLU_285,2.4899371243592268,58.0,2
A,GLY,254,A_GLY_254,10.786171750605089,12.0,0
A,HIS,293,A_HIS_293,23.280635986808587,68.0,3
A,ILE,235,A_ILE_235,13.258719399020013,33.0,0
A,ILE,236,A_ILE_236,13.012747174078758,87.0,0
A,ILE,272,A_ILE_272,3.7254905820765103,5.0,0
A,LEU,237,A_LEU_237,18.3508211356968,3.0,0
A,LEU,246,A_LEU_246,4.026682763082532,34.0,0
A,MET,208,A_MET_208,12.771986414328452,132.0,0
A,MET,284,A_MET_284,21.088131509967702,4.0,0
A,PHE,230,A_PHE_230,8.662794430368857,0.0,0
A,PHE,280,A_PHE_280,14.283332472752676,10.0,0
A,PRO,207,A_PRO_207,11.703063492183588,18.0,0
A,PRO,294,A_PRO_294,16.26314463646743,82.0,0
A,PRO,296,A_PRO_296,10.855105519867609,61.0,0
A,SER,214,A_SER_214,5.863425339167023,51.0,0
A,SER,228,A_SER_228,16.861405711738296,30.0,0
A,SER,291,A_SER_291,10.411698835113896,26.0,3
A,THR,212,A_THR_212,18.04266074468575,51.0,0
A,THR,222,A_THR_222,17.390800830389697,22.0,0
A,THR,224,A_THR_224,17.346830064012,28.0,0
A,THR,238,A_THR_238,17.720868682211524,16.0,3
A,THR,250,A_THR_250,3.341614386435471,73.0,3
A,THR,266,A_THR_266,17.699043790746195,8.0,0
A,THR,270,A_THR_270,16.9993556863081,10.0,0
A,THR,281,A_THR_281,17.89548037977236,31.0,0
A,THR,292,A_THR_292,14.228328885043016,80.0,0
A,TRP,239,A_TRP_239,30.99053448660327,0.0,0
A,TRP,253,A_TRP_253,31.70299964585775,85.0,0
A,TRP,267,A_TRP_267,32.12474233297884,75.0,0
A,TYR,283,A_TYR_283,19.12330006109112,25.0,3
A,VAL,209,A_VAL_209,16.960206246425415,27.0,0
A,VAL,211,A_VAL_211,16.64094621488475,16.0,0
A,VAL,223,A_VAL_223,15.843739591482628,0.0,0
A,VAL,268,A_VAL_268,16.891257954269257,0.0,0
A,VAL,295,A_VAL_295,16.38215534806753,3.0,0
