chain,resname,resnum,res_key,density,ACC,hbond_type
A,ALA,34,A_ALA_34,2.3490510707113583,28.0,0
A,ALA,125,A_ALA_125,5.865217716976469,26.0,0
A,ARG,39,A_ARG_39,23.51712291367524,71.0,0
A,ARG,78,A_ARG_78,23.707837130541428,126.0,1
A,ASN,41,A_ASN_41,20.26909934652728,19.0,2
A,ASN,140,A_ASN_140,20.283899776082947,10.0,0
A,ASP,76,A_ASP_76,21.22092833682145,35.0,0
A,ASP,128,A_ASP_128,18.191191156526536,125.0,0
A,ASP,131,A_ASP_131,15.76564250164854,18.0,2
A,CYS,25,A_CYS_25,17.772306099738653,3.0,0
A,CYS,31,A_CYS_31,17.89238109902795,1.0,0
A,CYS,42,A_CYS_42,18.286024225282688,11.0,0
A,CYS,74,A_CYS_74,17.709361078993997,0.0,0
A,CYS,75,A_CYS_75,12.488183988170553,0.0,0
A,GLN,79,A_GLN_79,22.521119147106543,3.0,1
A,GLN,117,A_GLN_117,11.733905327249008,0.0,2
A,GLN,136,A_GLN_136,15.53264466829168,120.0,0
A,GLU,30,A_GLU_30,22.852396186632816,20.0,2
A,GLU,43,A_GLU_43,23.02055408198102,81.0,0
A,GLU,127,A_GLU_127,13.842246546984804,96.0,0
A,GLU,143,A_GLU_143,6.313305956307268,69.0,0
A,GLY,29,A_GLY_29,10.185728640726468,7.0,0
A,GLY,32,A_GLY_32,10.281976413976466,2.0,0
A,GLY,46,A_GLY_46,7.547651740369531,16.0,0
A,ILE,33,A_ILE_33,7.492367772058589,108.0,0
A,LEU,73,A_LEU_73,3.229237986434036,4.0,0
A,LEU,111,A_LEU_111,2.690560745209675,5.0,0
A,LEU,121,A_LEU_121,1.691882228631124,4.0,0
A,LEU,144,A_LEU_144,6.218026430697609,0.0,0
A,LYS,49,A_LYS_49,7.637678392355694,66.0,0
A,LYS,138,A_LYS_138,19.82698599245506,60.0,1
A,LYS,142,A_LYS_142,13.441522523324318,81.0,0
A,PHE,203,A_PHE_203,15.074617670831955,9.0,0
A,PRO,202,A_PRO_202,3.6598953561879553,32.0,0
A,SER,45,A_SER_45,12.286545040690031,96.0,0
A,THR,82,A_THR_82,2.992142945296381,39.0,1
A,THR,112,A_THR_112,11.589986415727823,15.0,0
A,THR,126,A_THR_126,17.441671209807982,71.0,0
A,THR,134,A_THR_134,3.038299443169574,68.0,1
A,THR,137,A_THR_137,14.768251304462526,99.0,0
A,THR,139,A_THR_139,17.01035571107755,36.0,0
A,TRP,27,A_TRP_27,32.20536629055227,2.0,1
A,TYR,28,A_TYR_28,28.43282518860384,44.0,0
A,TYR,40,A_TYR_40,25.065755247618416,33.0,0
A,TYR,44,A_TYR_44,27.46729647650187,61.0,0
A,TYR,129,A_TYR_129,26.94904345470515,49.0,0
A,VAL,26,A_VAL_26,16.448032091013914,15.0,0
A,VAL,123,A_VAL_123,8.046371344480168,30.0,0
A,VAL,130,A_VAL_130,9.385310875667852,77.0,0
A,VAL,141,A_VAL_141,16.215575613018007,0.0,0
