chain,resname,resnum,res_key,density,ACC,hbond_type
A,ALA,414,A_ALA_414,12.844964396350516,53.0,0
A,ALA,424,A_ALA_424,12.4033338861036,14.0,0
A,ASN,419,A_ASN_419,21.22204915586787,47.0,1
A,ASP,86,A_ASP_86,5.866583431393599,21.0,2
A,ASP,423,A_ASP_423,21.44055885390144,1.0,2
A,ASP,429,A_ASP_429,21.557811422718327,19.0,0
A,CYS,417,A_CYS_417,18.094107624874887,45.0,0
A,CYS,428,A_CYS_428,19.19290498750569,0.0,0
A,CYS,430,A_CYS_430,17.1773833453071,22.0,0
A,CYS,436,A_CYS_436,14.941439024520829,6.0,0
A,CYS,442,A_CYS_442,14.446685968448516,2.0,0
A,CYS,447,A_CYS_447,19.368385120672333,0.0,0
A,GLU,426,A_GLU_426,22.79396930040526,21.0,0
A,GLU,427,A_GLU_427,14.385255176642444,93.0,0
A,GLU,435,A_GLU_435,20.808954126335248,90.0,2
A,GLU,443,A_GLU_443,24.280593993794945,88.0,2
A,GLY,418,A_GLY_418,9.777037316828263,16.0,0
A,GLY,425,A_GLY_425,10.329658514269138,74.0,0
A,GLY,431,A_GLY_431,10.428794880944393,0.0,0
A,GLY,444,A_GLY_444,10.047104967134027,9.0,0
A,LEU,421,A_LEU_421,19.047571207318462,8.0,0
A,LEU,449,A_LEU_449,2.3459198611747567,30.0,0
A,LYS,85,A_LYS_85,5.832607125139891,60.0,0
A,LYS,420,A_LYS_420,18.7743299177474,95.0,1
A,LYS,434,A_LYS_434,4.863732625772011,168.0,0
A,LYS,448,A_LYS_448,20.491513620561705,106.0,0
A,PRO,415,A_PRO_415,16.20719596860256,65.0,0
A,PRO,433,A_PRO_433,15.802541939048355,82.0,0
A,SER,413,A_SER_413,15.753720377694124,7.0,1
A,SER,416,A_SER_416,15.754445749068,58.0,0
A,SER,445,A_SER_445,15.03359647569707,84.0,0
A,THR,432,A_THR_432,18.50212100760488,64.0,1
A,THR,446,A_THR_446,17.34463451955419,60.0,1
A,TYR,213,A_TYR_213,3.0218418001227456,14.0,0
A,VAL,422,A_VAL_422,15.604603468668026,17.0,0
