chain,resname,resnum,res_key,density,ACC,hbond_type
A,ALA,54,A_ALA_54,12.937006901238329,35.0,0
A,ALA,75,A_ALA_75,12.605052456981856,49.0,0
A,ALA,85,A_ALA_85,12.512611501011117,69.0,0
A,ARG,103,A_ARG_103,23.28653025804057,34.0,1
A,ASN,69,A_ASN_69,17.37593937687307,140.0,0
A,ASP,68,A_ASP_68,22.46097850913567,25.0,2
A,CYS,50,A_CYS_50,18.243715326874423,2.0,0
A,CYS,63,A_CYS_63,6.132046350151635,7.0,0
A,CYS,72,A_CYS_72,17.85747255020307,31.0,0
A,CYS,86,A_CYS_86,10.845757384953568,26.0,0
A,GLN,46,A_GLN_46,23.4432726502728,85.0,0
A,GLN,49,A_GLN_49,22.73396733182049,102.0,0
A,GLN,55,A_GLN_55,2.9200564064774865,162.0,0
A,GLU,44,A_GLU_44,9.89376413327615,98.0,2
A,GLU,52,A_GLU_52,12.671442948102232,130.0,0
A,GLU,53,A_GLU_53,24.18522029610116,109.0,2
A,GLU,57,A_GLU_57,9.097906329904006,57.0,0
A,HIS,47,A_HIS_47,23.966306995336403,65.0,0
A,ILE,43,A_ILE_43,18.214549596591507,29.0,0
A,LEU,51,A_LEU_51,19.116782175209288,83.0,0
A,LEU,70,A_LEU_70,18.591895614020267,39.0,0
A,LEU,84,A_LEU_84,17.83572043553609,42.0,0
A,LEU,113,A_LEU_113,5.945524195671033,19.0,0
A,LYS,48,A_LYS_48,12.858976028959294,113.0,1
A,LYS,65,A_LYS_65,21.121301750878423,43.0,1
A,MET,42,A_MET_42,7.660760825768995,82.0,0
A,MET,66,A_MET_66,22.44569316100745,47.0,0
A,PRO,74,A_PRO_74,17.305096473078017,51.0,0
A,PRO,87,A_PRO_87,12.665130925218264,20.0,0
A,SER,64,A_SER_64,16.518727478616995,61.0,0
A,SER,102,A_SER_102,2.534986791043104,32.0,0
A,THR,71,A_THR_71,16.96563212173672,21.0,3
A,THR,76,A_THR_76,9.720956066289007,9.0,0
A,TRP,67,A_TRP_67,30.138086427040587,43.0,0
A,TRP,73,A_TRP_73,32.3551164685862,0.0,1
A,TRP,110,A_TRP_110,21.30839192122554,46.0,0
A,TYR,118,A_TYR_118,16.004878027630905,24.0,3
A,VAL,45,A_VAL_45,14.881403504553193,70.0,0
A,VAL,82,A_VAL_82,15.813779776264717,19.0,0
A,VAL,83,A_VAL_83,9.856446948043324,81.0,0
A,VAL,101,A_VAL_101,9.598280815712515,0.0,0
