chain,resname,resnum,res_key,density,ACC,hbond_type
A,ALA,420,A_ALA_420,1.8994641146832485,4.0,0
A,ALA,561,A_ALA_561,6.422179650302159,2.0,0
A,ALA,756,A_ALA_756,8.032713106600205,20.0,0
A,ALA,803,A_ALA_803,11.898787918149544,0.0,0
A,ALA,861,A_ALA_861,13.343402109713455,0.0,0
A,ARG,794,A_ARG_794,26.802690937253352,79.0,0
A,ARG,797,A_ARG_797,27.748695669108248,78.0,0
A,ASN,554,A_ASN_554,21.016840734312098,52.0,3
A,ASN,560,A_ASN_560,1.6428440595513856,0.0,1
A,ASN,567,A_ASN_567,20.637652722819904,1.0,2
A,ASN,568,A_ASN_568,21.051307213755425,13.0,1
A,ASP,428,A_ASP_428,18.313004941001395,42.0,2
A,CYS,556,A_CYS_556,12.123484194473502,0.0,0
A,CYS,789,A_CYS_789,11.283945749564907,0.0,0
A,CYS,795,A_CYS_795,18.77245637926009,26.0,0
A,GLN,550,A_GLN_550,20.29883268309864,103.0,3
A,GLN,787,A_GLN_787,3.315242129682016,14.0,0
A,GLY,425,A_GLY_425,10.776384371905143,3.0,0
A,HIS,755,A_HIS_755,3.9844127273400063,31.0,0
A,HIS,790,A_HIS_790,23.66963246467701,1.0,0
A,ILE,559,A_ILE_559,2.9424839149106674,0.0,0
A,ILE,758,A_ILE_758,3.4293217539789587,126.0,0
A,ILE,801,A_ILE_801,9.132175767151924,14.0,0
A,LEU,410,A_LEU_410,7.598855521479976,0.0,0
A,LEU,552,A_LEU_552,6.293465170652643,3.0,0
A,LEU,555,A_LEU_555,12.237347804348897,17.0,0
A,LEU,557,A_LEU_557,18.57710591571703,1.0,0
A,LEU,788,A_LEU_788,6.1705573663996685,1.0,0
A,LEU,810,A_LEU_810,5.977579474257401,26.0,0
A,LYS,558,A_LYS_558,21.04530672557074,33.0,0
A,MET,429,A_MET_429,17.622541815841515,18.0,0
A,MET,858,A_MET_858,1.2300271386688355,4.0,0
A,PHE,434,A_PHE_434,10.28305025754196,5.0,0
A,PRO,422,A_PRO_422,6.156248322858334,12.0,0
A,PRO,802,A_PRO_802,3.152853051135291,0.0,0
A,SER,553,A_SER_553,15.73242803020706,22.0,0
A,SER,615,A_SER_615,6.153502753008722,4.0,0
A,SER,754,A_SER_754,2.991051242576689,0.0,0
A,SER,798,A_SER_798,15.56390883113588,4.0,0
A,SER,800,A_SER_800,9.853232257473763,6.0,2
A,THR,551,A_THR_551,11.087443466743345,54.0,3
A,THR,791,A_THR_791,17.42380226149069,4.0,0
A,THR,796,A_THR_796,17.35316453537986,11.0,0
A,TRP,427,A_TRP_427,31.33535990811355,15.0,1
A,TYR,412,A_TYR_412,16.111280091895264,0.0,2
A,TYR,792,A_TYR_792,29.31840890725524,15.0,0
A,TYR,806,A_TYR_806,19.682145897597405,59.0,0
A,TYR,807,A_TYR_807,16.220741118081403,0.0,0
A,VAL,426,A_VAL_426,16.674370716898128,48.0,0
A,VAL,793,A_VAL_793,16.118861875276448,7.0,0
A,VAL,799,A_VAL_799,16.23351248919661,14.0,0
