chain,resname,resnum,res_key,density,ACC,hbond_type
A,ALA,438,A_ALA_438,12.445342548936736,13.0,0
A,ALA,465,A_ALA_465,12.17450579057762,5.0,0
A,ARG,156,A_ARG_156,7.996071969085403,49.0,1
A,ASN,431,A_ASN_431,5.324805501873085,9.0,3
A,ASN,435,A_ASN_435,20.442152375180097,39.0,3
A,ASP,336,A_ASP_336,5.7318632529383855,54.0,2
A,ASP,340,A_ASP_340,14.491061050687362,73.0,2
A,ASP,409,A_ASP_409,16.351491525383945,17.0,2
A,ASP,441,A_ASP_441,3.1976989188768994,147.0,0
A,ASP,461,A_ASP_461,18.79205694236364,54.0,2
A,ASP,534,A_ASP_534,8.943068367375359,48.0,2
A,CYS,434,A_CYS_434,17.538419021260655,77.0,0
A,CYS,466,A_CYS_466,17.419045726185033,24.0,0
A,GLU,433,A_GLU_433,20.157167389924503,86.0,0
A,GLU,463,A_GLU_463,23.88560269270418,96.0,0
A,GLU,469,A_GLU_469,23.47562363004433,65.0,2
A,GLU,471,A_GLU_471,17.647666484666185,132.0,2
A,GLY,408,A_GLY_408,9.404975168342917,29.0,0
A,GLY,442,A_GLY_442,10.190873075532398,3.0,0
A,GLY,444,A_GLY_444,2.771141806667161,4.0,0
A,ILE,339,A_ILE_339,17.99541757958946,9.0,0
A,LEU,330,A_LEU_330,4.734918325564889,7.0,0
A,LEU,341,A_LEU_341,17.787452675357414,0.0,0
A,LEU,344,A_LEU_344,5.568257423358544,0.0,0
A,LEU,403,A_LEU_403,3.845469255571252,0.0,0
A,LEU,410,A_LEU_410,18.010244490323434,3.0,0
A,LYS,136,A_LYS_136,4.212623836844148,132.0,0
A,LYS,436,A_LYS_436,20.47345711313937,135.0,1
A,LYS,443,A_LYS_443,9.9797407749679,57.0,0
A,LYS,468,A_LYS_468,20.693230840530283,119.0,1
A,LYS,470,A_LYS_470,10.577643911768694,53.0,1
A,LYS,550,A_LYS_550,2.3483658430959204,47.0,1
A,PHE,432,A_PHE_432,24.634942150726022,3.0,0
A,PRO,343,A_PRO_343,5.671072374084896,40.0,0
A,SER,338,A_SER_338,15.282079361921928,57.0,0
A,THR,411,A_THR_411,2.7298958340446915,0.0,3
A,THR,437,A_THR_437,17.245980703354224,126.0,1
A,THR,462,A_THR_462,16.93410049698638,0.0,0
A,TRP,460,A_TRP_460,16.311686296825368,0.0,0
A,TYR,405,A_TYR_405,17.19056160182793,9.0,1
A,TYR,464,A_TYR_464,26.50742789081488,81.0,0
A,VAL,337,A_VAL_337,17.011408506262548,10.0,0
A,VAL,467,A_VAL_467,16.015246968626258,23.0,0
