chain,resname,resnum,res_key,density,ACC,hbond_type
A,ALA,221,A_ALA_221,11.835982379630334,42.0,0
A,ALA,289,A_ALA_289,12.908494642058654,13.0,0
A,ASN,168,A_ASN_168,21.04761098111536,20.0,0
A,ASN,287,A_ASN_287,21.112169921157,37.0,2
A,ASN,291,A_ASN_291,12.641013821766654,31.0,0
A,ASP,311,A_ASP_311,3.1579604138535604,44.0,2
A,CYS,201,A_CYS_201,18.118224497666727,0.0,1
A,CYS,204,A_CYS_204,18.315759759099457,0.0,1
A,CYS,206,A_CYS_206,18.22197320141737,6.0,1
A,CYS,220,A_CYS_220,17.24558815475021,6.0,0
A,CYS,284,A_CYS_284,5.733385295477309,0.0,0
A,GLN,166,A_GLN_166,22.42702431558901,127.0,0
A,GLN,200,A_GLN_200,5.906025431329951,38.0,0
A,GLN,202,A_GLN_202,14.498072541462925,101.0,0
A,GLN,226,A_GLN_226,2.800833742452713,186.0,0
A,GLN,235,A_GLN_235,3.432522125010008,98.0,2
A,GLU,285,A_GLU_285,5.602734383815433,86.0,0
A,GLY,169,A_GLY_169,10.908885795016328,17.0,0
A,GLY,222,A_GLY_222,10.895622076546983,27.0,0
A,HIS,165,A_HIS_165,5.568646262560707,35.0,3
A,HIS,170,A_HIS_170,23.68034337260407,6.0,2
A,HIS,213,A_HIS_213,3.1116442965975355,14.0,3
A,HIS,258,A_HIS_258,20.44001436628576,10.0,0
A,ILE,216,A_ILE_216,19.08190962426584,9.0,0
A,ILE,217,A_ILE_217,14.728151398635534,38.0,0
A,LEU,223,A_LEU_223,18.235702115258675,94.0,0
A,LYS,171,A_LYS_171,20.7262975625103,55.0,1
A,LYS,219,A_LYS_219,19.808795946813976,101.0,1
A,LYS,224,A_LYS_224,16.904057669319116,205.0,0
A,LYS,225,A_LYS_225,20.404524256151227,160.0,1
A,PHE,172,A_PHE_172,22.67594088163464,0.0,0
A,PRO,290,A_PRO_290,16.311495936630486,50.0,0
A,SER,184,A_SER_184,5.365615022565786,22.0,2
A,THR,205,A_THR_205,18.36895425236818,50.0,0
A,THR,218,A_THR_218,17.829239354963477,29.0,0
A,THR,286,A_THR_286,15.413991829644711,111.0,1
A,THR,314,A_THR_314,5.148612484934146,56.0,0
A,VAL,167,A_VAL_167,16.654207605592447,9.0,0
A,VAL,203,A_VAL_203,16.218742952123232,54.0,0
A,VAL,207,A_VAL_207,2.804960969162488,4.0,0
A,VAL,208,A_VAL_208,2.0235084120716054,0.0,0
A,VAL,239,A_VAL_239,3.5394927086830545,71.0,0
A,VAL,288,A_VAL_288,15.58311033735093,14.0,0
