chain,resname,resnum,res_key,density,ACC,hbond_type
A,ALA,361,A_ALA_361,6.69068965796301,59.0,0
A,ALA,380,A_ALA_380,2.4710474774800955,1.0,0
A,ASN,389,A_ASN_389,20.36852904772752,4.0,0
A,ASN,393,A_ASN_393,15.38443608068086,3.0,1
A,ASP,163,A_ASP_163,6.120012561957941,0.0,2
A,CYS,355,A_CYS_355,17.755863997494455,2.0,0
A,CYS,382,A_CYS_382,18.846453507728057,20.0,0
A,CYS,386,A_CYS_386,18.142930309340223,5.0,0
A,GLY,357,A_GLY_357,11.053477338110088,33.0,0
A,ILE,290,A_ILE_290,2.110432621537507,2.0,0
A,ILE,348,A_ILE_348,15.071097333598082,8.0,0
A,ILE,353,A_ILE_353,19.71400509713486,104.0,0
A,ILE,354,A_ILE_354,18.99763679449879,94.0,0
A,ILE,362,A_ILE_362,8.74079808718349,23.0,0
A,ILE,396,A_ILE_396,3.880617809667563,4.0,0
A,LEU,126,A_LEU_126,6.155155998595321,38.0,0
A,LEU,207,A_LEU_207,7.708467387616084,3.0,0
A,LEU,287,A_LEU_287,16.057488344821873,14.0,0
A,LEU,347,A_LEU_347,10.126618091438132,83.0,0
A,LEU,349,A_LEU_349,12.764617044374583,12.0,0
A,LEU,352,A_LEU_352,17.85188106557955,6.0,0
A,LEU,359,A_LEU_359,19.376499797992,5.0,0
A,LEU,360,A_LEU_360,18.45050482659482,20.0,0
A,LEU,385,A_LEU_385,18.018774318651325,41.0,0
A,LEU,387,A_LEU_387,18.78995654404873,0.0,0
A,LEU,388,A_LEU_388,18.70561288010753,62.0,0
A,MET,363,A_MET_363,9.011208498951072,7.0,0
A,MET,384,A_MET_384,21.668085424544284,11.0,0
A,PHE,170,A_PHE_170,6.568764865973844,13.0,0
A,PHE,200,A_PHE_200,23.335693463667504,14.0,0
A,PHE,379,A_PHE_379,7.992091352586856,15.0,0
A,PHE,381,A_PHE_381,9.538776273242384,71.0,0
A,PRO,358,A_PRO_358,16.541051572373988,52.0,0
A,SER,203,A_SER_203,4.776880975986822,1.0,1
A,SER,383,A_SER_383,15.57347757809597,10.0,0
A,SER,390,A_SER_390,15.711904630446236,1.0,0
A,THR,283,A_THR_283,7.440848151886327,1.0,0
A,THR,391,A_THR_391,16.6604482276986,13.0,3
A,TRP,279,A_TRP_279,4.140884247764195,18.0,1
A,TRP,356,A_TRP_356,31.176802853672765,6.0,0
A,VAL,204,A_VAL_204,10.55315863073521,1.0,0
A,VAL,291,A_VAL_291,2.0407741795556085,40.0,0
A,VAL,346,A_VAL_346,3.5143448704349303,73.0,0
A,VAL,350,A_VAL_350,16.546551103641605,67.0,0
A,VAL,351,A_VAL_351,17.722101618826482,18.0,0
A,VAL,378,A_VAL_378,3.1483357004798087,66.0,0
A,VAL,392,A_VAL_392,16.546131023915574,30.0,0
