chain,resname,resnum,res_key,density,ACC,hbond_type
A,ALA,1407,A_ALA_1407,6.473704363537635,14.0,0
A,ALA,1431,A_ALA_1431,12.13835556335894,108.0,0
A,ALA,1494,A_ALA_1494,9.15897080077161,16.0,0
A,ARG,1417,A_ARG_1417,26.29205307856113,20.0,0
A,ARG,1615,A_ARG_1615,15.5939612913451,17.0,0
A,ASN,1422,A_ASN_1422,20.62930682424534,62.0,3
A,ASN,1492,A_ASN_1492,20.473200559134863,24.0,1
A,ASN,1611,A_ASN_1611,10.51971407824902,0.0,1
A,ASN,1623,A_ASN_1623,14.518769137072946,69.0,0
A,ASP,1411,A_ASP_1411,21.614990092209368,81.0,2
A,ASP,1495,A_ASP_1495,15.716005106428767,2.0,2
A,CYS,1418,A_CYS_1418,17.23306621898613,25.0,0
A,CYS,1429,A_CYS_1429,18.05019212316224,51.0,0
A,GLN,1380,A_GLN_1380,11.784824036872813,2.0,3
A,GLN,1430,A_GLN_1430,16.727016908856754,112.0,2
A,GLN,1491,A_GLN_1491,23.12263327381747,12.0,2
A,GLU,1378,A_GLU_1378,6.087018198402175,62.0,2
A,GLU,1420,A_GLU_1420,23.3724852477448,124.0,0
A,GLY,1413,A_GLY_1413,11.214283696447206,6.0,0
A,GLY,1415,A_GLY_1415,10.363355406692383,1.0,0
A,GLY,1421,A_GLY_1421,10.01756686165437,70.0,0
A,GLY,1432,A_GLY_1432,6.156665310873231,44.0,0
A,GLY,1628,A_GLY_1628,6.754019136774087,0.0,0
A,HIS,551,A_HIS_551,13.3993734120538,28.0,3
A,HIS,1626,A_HIS_1626,18.61462442927282,84.0,0
A,ILE,1424,A_ILE_1424,18.23465143079057,50.0,0
A,ILE,1629,A_ILE_1629,5.585795980455824,0.0,0
A,LEU,1408,A_LEU_1408,5.346781490108999,3.0,0
A,LYS,553,A_LYS_553,2.234210556706153,62.0,1
A,LYS,1410,A_LYS_1410,12.341210577804825,124.0,1
A,MET,1419,A_MET_1419,21.2422750416294,8.0,0
A,PHE,1414,A_PHE_1414,21.14792919237773,2.0,0
A,PRO,1381,A_PRO_1381,3.683484805927182,0.0,0
A,PRO,1412,A_PRO_1412,15.812133853373268,2.0,0
A,PRO,1423,A_PRO_1423,16.20104145019315,98.0,0
A,PRO,1425,A_PRO_1425,9.678827509162913,100.0,0
A,PRO,1428,A_PRO_1428,16.072589717432752,96.0,0
A,PRO,1624,A_PRO_1624,16.239142401201363,43.0,0
A,SER,1625,A_SER_1625,15.062737323954376,22.0,0
A,THR,1409,A_THR_1409,5.741078287356619,25.0,0
A,THR,1416,A_THR_1416,16.461669626063898,6.0,3
A,THR,1427,A_THR_1427,17.930616797821127,51.0,0
A,THR,1493,A_THR_1493,17.103684428036104,1.0,1
A,THR,1630,A_THR_1630,3.1590264030771222,1.0,3
A,TRP,1382,A_TRP_1382,25.86026341847805,36.0,0
A,TYR,1627,A_TYR_1627,12.124710400134536,22.0,1
A,VAL,1608,A_VAL_1608,2.10541420881682,1.0,0
