chain,resname,resnum,res_key,density,ACC,hbond_type
A,ALA,938,A_ALA_938,10.137600963712217,47.0,0
A,ALA,940,A_ALA_940,10.660945000097827,2.0,0
A,ASP,942,A_ASP_942,21.97326235331084,118.0,0
A,ASP,944,A_ASP_944,20.735659487573315,150.0,0
A,CYS,945,A_CYS_945,20.87224282230408,211.0,0
A,GLY,943,A_GLY_943,9.82068995143104,47.0,0
A,ILE,858,A_ILE_858,8.35276043442896,6.0,0
A,ILE,862,A_ILE_862,14.68327713355664,22.0,0
A,LEU,860,A_LEU_860,7.141237396806663,53.0,0
A,LEU,920,A_LEU_920,1.593934982402145,37.0,0
A,LYS,857,A_LYS_857,2.9560060411681346,85.0,0
A,LYS,865,A_LYS_865,6.289961814275965,99.0,0
A,MET,935,A_MET_935,6.1476938324008605,124.0,0
A,PRO,859,A_PRO_859,16.42886906804562,54.0,0
A,SER,861,A_SER_861,15.00602759550887,70.0,0
A,THR,941,A_THR_941,13.86084182894792,63.0,0
A,VAL,939,A_VAL_939,16.712801397002686,32.0,0
