chain,resname,resnum,res_key,density,ACC,hbond_type
A,ALA,700,A_ALA_700,11.675562006530653,55.0,0
A,ALA,713,A_ALA_713,2.921899803477093,13.0,0
A,ALA,746,A_ALA_746,12.501880066858954,43.0,0
A,ARG,749,A_ARG_749,26.24978891955808,174.0,0
A,ASP,741,A_ASP_741,7.656580332194002,42.0,2
A,ASP,751,A_ASP_751,21.6028510982342,106.0,2
A,CYS,699,A_CYS_699,6.264230798045441,3.0,0
A,CYS,717,A_CYS_717,17.754061046005766,29.0,0
A,CYS,719,A_CYS_719,17.446315034192956,26.0,0
A,CYS,744,A_CYS_744,18.44537212428135,1.0,0
A,CYS,747,A_CYS_747,18.005253622003522,58.0,0
A,GLN,712,A_GLN_712,3.0943124437010385,28.0,3
A,GLU,718,A_GLU_718,15.248309977386658,146.0,0
A,GLY,748,A_GLY_748,10.052936947128842,42.0,0
A,HIS,729,A_HIS_729,13.158209062608655,39.0,0
A,ILE,721,A_ILE_721,12.091376032275967,0.0,0
A,LEU,714,A_LEU_714,18.61190019462016,1.0,0
A,LEU,752,A_LEU_752,6.458051369382238,5.0,0
A,MET,742,A_MET_742,10.148742537423413,0.0,0
A,PHE,730,A_PHE_730,6.1036417511821215,0.0,0
A,PRO,745,A_PRO_745,15.959888555105236,41.0,0
A,PRO,750,A_PRO_750,16.07427447773178,18.0,0
A,SER,716,A_SER_716,15.922530025656975,52.0,0
A,THR,715,A_THR_715,5.376096009950569,43.0,0
A,THR,720,A_THR_720,13.481998745499888,16.0,0
A,THR,740,A_THR_740,3.3267589504375965,33.0,3
A,TYR,761,A_TYR_761,11.62566643310515,13.0,0
A,VAL,701,A_VAL_701,16.06996287975381,69.0,0
A,VAL,743,A_VAL_743,16.11845535594804,27.0,0
