chain,resname,resnum,res_key,density,ACC,hbond_type
A,ALA,2028,A_ALA_2028,12.429302763559138,1.0,0
A,ALA,2056,A_ALA_2056,12.500958305470595,0.0,0
A,ALA,2058,A_ALA_2058,11.969919199069532,1.0,0
A,ALA,2079,A_ALA_2079,12.075647075535352,5.0,0
A,ALA,2087,A_ALA_2087,12.229834860805346,11.0,0
A,ALA,2109,A_ALA_2109,8.034085719691925,44.0,0
A,ARG,2030,A_ARG_2030,12.388273013334612,111.0,1
A,ARG,2051,A_ARG_2051,13.892098681723308,8.0,1
A,ARG,2080,A_ARG_2080,14.511910934646442,54.0,1
A,ARG,2081,A_ARG_2081,15.17562556886385,129.0,0
A,ARG,2095,A_ARG_2095,25.35194548711729,13.0,1
A,ASN,2085,A_ASN_2085,21.19273055906456,109.0,0
A,ASP,1312,A_ASP_1312,3.2889414374345023,73.0,0
A,CYS,1941,A_CYS_1941,7.367322109174838,3.0,0
A,CYS,1991,A_CYS_1991,6.9912618048931074,1.0,1
A,CYS,2086,A_CYS_2086,17.835246603111575,9.0,0
A,GLU,2093,A_GLU_2093,19.92026278300488,61.0,2
A,GLU,2106,A_GLU_2106,4.771090975588379,0.0,2
A,GLY,2033,A_GLY_2033,9.46754784126562,35.0,0
A,GLY,2048,A_GLY_2048,3.3323992179436384,2.0,0
A,GLY,2094,A_GLY_2094,2.5991256978410395,47.0,0
A,ILE,2029,A_ILE_2029,10.666008276822131,5.0,0
A,ILE,2060,A_ILE_2060,2.423849281400817,0.0,0
A,LEU,2032,A_LEU_2032,17.89885343416849,1.0,0
A,LEU,2034,A_LEU_2034,6.264859269476759,0.0,0
A,LEU,2053,A_LEU_2053,10.537998527167158,0.0,0
A,LEU,2059,A_LEU_2059,17.64996307946836,4.0,0
A,LEU,2068,A_LEU_2068,9.612081774033548,8.0,0
A,LEU,2083,A_LEU_2083,17.219313068004656,5.0,0
A,LEU,2088,A_LEU_2088,18.60429296945999,66.0,0
A,LEU,2099,A_LEU_2099,5.268797865792471,0.0,0
A,LEU,2110,A_LEU_2110,17.925590905253102,10.0,0
A,LYS,2031,A_LYS_2031,19.933544661473555,64.0,1
A,LYS,2052,A_LYS_2052,20.05394727827237,22.0,0
A,LYS,2078,A_LYS_2078,5.918113619845121,104.0,1
A,LYS,2092,A_LYS_2092,20.462145308492488,192.0,0
A,MET,2057,A_MET_2057,2.3715299572578696,5.0,0
A,MET,2075,A_MET_2075,6.834389662537985,8.0,0
A,PHE,2082,A_PHE_2082,25.48453342902061,68.0,0
A,PRO,2071,A_PRO_2071,13.62401005965954,3.0,0
A,SER,2054,A_SER_2054,5.852589921392314,3.0,0
A,SER,2089,A_SER_2089,15.87963537239686,38.0,3
A,SER,2096,A_SER_2096,5.733019279443257,0.0,0
A,THR,2055,A_THR_2055,17.048382488441533,8.0,2
A,THR,2072,A_THR_2072,8.910106442824224,4.0,1
A,TRP,2027,A_TRP_2027,24.67330180807162,41.0,0
A,TRP,2084,A_TRP_2084,29.669211612532564,31.0,0
A,VAL,2066,A_VAL_2066,12.709647487961016,3.0,0
A,VAL,2090,A_VAL_2090,17.370379075030094,4.0,0
A,VAL,2091,A_VAL_2091,16.947639528078053,23.0,0
A,VAL,2097,A_VAL_2097,12.087880556647876,2.0,0
