chain,resname,resnum,res_key,density,ACC,hbond_type
A,ALA,87,A_ALA_87,12.190749202876164,3.0,0
A,ARG,84,A_ARG_84,13.814804374806004,74.0,0
A,ARG,88,A_ARG_88,12.446699397103266,221.0,0
A,ARG,92,A_ARG_92,14.348879465740016,97.0,1
A,ASN,45,A_ASN_45,20.69136701543932,61.0,1
A,ASN,73,A_ASN_73,20.82599074639825,42.0,0
A,ASN,94,A_ASN_94,21.22033341367208,27.0,1
A,CYS,44,A_CYS_44,16.649217874632875,0.0,0
A,CYS,85,A_CYS_85,18.34277536855324,0.0,0
A,GLN,48,A_GLN_48,12.650648707214348,154.0,2
A,GLN,86,A_GLN_86,19.44569428886501,47.0,2
A,GLU,53,A_GLU_53,19.15513632100925,63.0,0
A,GLU,76,A_GLU_76,2.316395836538481,103.0,2
A,GLU,219,A_GLU_219,14.545181821573792,48.0,2
A,GLY,46,A_GLY_46,9.854461636952228,50.0,0
A,GLY,72,A_GLY_72,10.582418214609865,28.0,0
A,HIS,21,A_HIS_21,7.646813009842619,152.0,0
A,HIS,28,A_HIS_28,4.489748146123977,130.0,0
A,ILE,25,A_ILE_25,17.4300249994445,4.0,0
A,LEU,42,A_LEU_42,17.240610923130816,0.0,0
A,LEU,69,A_LEU_69,4.3070047146416055,108.0,0
A,LEU,75,A_LEU_75,18.24875734345833,25.0,0
A,LYS,22,A_LYS_22,17.962698732064077,94.0,0
A,LYS,54,A_LYS_54,12.084538970192977,140.0,0
A,PHE,47,A_PHE_47,26.19821884938669,72.0,0
A,PHE,49,A_PHE_49,25.98349673448613,43.0,0
A,PRO,23,A_PRO_23,15.94322887832484,0.0,0
A,PRO,71,A_PRO_71,10.25942498089238,107.0,0
A,PRO,91,A_PRO_91,12.52888764301289,54.0,0
A,PRO,95,A_PRO_95,7.18515488239243,46.0,0
A,PRO,218,A_PRO_218,6.842739420784342,72.0,0
A,SER,26,A_SER_26,15.87221838814564,50.0,2
A,SER,90,A_SER_90,16.399526518162567,5.0,0
A,SER,93,A_SER_93,16.43379758107511,2.0,0
A,THR,41,A_THR_41,17.055571666123914,52.0,0
A,THR,43,A_THR_43,16.86194925510638,29.0,0
A,THR,55,A_THR_55,17.439882413648515,0.0,0
A,THR,56,A_THR_56,17.496991241556604,31.0,0
A,THR,68,A_THR_68,2.953348120974162,46.0,0
A,THR,70,A_THR_70,17.5139423661073,18.0,2
A,THR,74,A_THR_74,18.05295423038253,68.0,0
A,TRP,57,A_TRP_57,31.39192327362104,1.0,1
A,TYR,50,A_TYR_50,6.289197736561471,152.0,1
A,TYR,58,A_TYR_58,12.437160044838771,23.0,1
A,TYR,83,A_TYR_83,14.032852587080104,5.0,3
A,TYR,111,A_TYR_111,9.07616404936222,64.0,2
A,VAL,24,A_VAL_24,16.24104288197193,25.0,0
A,VAL,27,A_VAL_27,15.65048946841612,15.0,0
A,VAL,77,A_VAL_77,1.832284148498953,9.0,0
A,VAL,96,A_VAL_96,10.211052100187972,0.0,0
