chain,resname,resnum,res_key,density,ACC,hbond_type
A,ALA,240,A_ALA_240,12.457418250384707,0.0,0
A,ARG,251,A_ARG_251,6.217379933352095,157.0,1
A,ASN,277,A_ASN_277,20.312367536976804,18.0,3
A,ASP,252,A_ASP_252,20.97896281271024,71.0,2
A,ASP,256,A_ASP_256,18.664210947050528,42.0,2
A,CYS,254,A_CYS_254,18.6152844843473,9.0,0
A,CYS,275,A_CYS_275,17.97364185280459,35.0,0
A,GLN,255,A_GLN_255,23.33914005196636,112.0,3
A,GLN,272,A_GLN_272,12.12591157249958,137.0,0
A,GLU,239,A_GLU_239,23.4223219307636,25.0,2
A,GLU,261,A_GLU_261,2.7168995129331703,68.0,2
A,GLU,263,A_GLU_263,22.417079190199853,62.0,2
A,GLY,210,A_GLY_210,4.684662877218371,7.0,0
A,HIS,205,A_HIS_205,20.666920579130824,31.0,0
A,HIS,244,A_HIS_244,11.279283569881477,6.0,1
A,ILE,215,A_ILE_215,7.3456700761792995,6.0,0
A,ILE,243,A_ILE_243,16.677433082685035,1.0,0
A,ILE,259,A_ILE_259,19.27089039156187,0.0,0
A,ILE,266,A_ILE_266,8.347768184559236,0.0,0
A,ILE,278,A_ILE_278,19.4987346962223,5.0,0
A,ILE,300,A_ILE_300,10.848840730869252,110.0,0
A,LEU,208,A_LEU_208,17.951910712834923,0.0,0
A,LEU,238,A_LEU_238,18.227444753879617,0.0,0
A,LEU,253,A_LEU_253,18.057674386327907,8.0,0
A,LEU,262,A_LEU_262,18.69611961858109,0.0,0
A,LYS,260,A_LYS_260,21.09565641999008,79.0,1
A,LYS,276,A_LYS_276,19.97072117767538,101.0,1
A,MET,207,A_MET_207,14.489607584742814,0.0,0
A,PHE,216,A_PHE_216,1.7726638111642492,1.0,0
A,PHE,222,A_PHE_222,4.231553186644845,4.0,0
A,PHE,273,A_PHE_273,24.244220194036487,36.0,0
A,SER,264,A_SER_264,2.904531127079658,52.0,2
A,SER,267,A_SER_267,3.0924537542084787,63.0,0
A,SER,274,A_SER_274,14.675487272155625,38.0,1
A,THR,237,A_THR_237,14.603325400511324,22.0,0
A,THR,258,A_THR_258,5.809208152224461,21.0,1
A,TRP,241,A_TRP_241,32.1875308629784,23.0,1
A,TYR,279,A_TYR_279,18.04869892662628,102.0,0
A,VAL,203,A_VAL_203,1.9065791066406776,52.0,0
A,VAL,204,A_VAL_204,5.253539324757781,0.0,0
A,VAL,206,A_VAL_206,15.85867636693616,0.0,0
A,VAL,242,A_VAL_242,17.129742702729406,0.0,0
