chain,resname,resnum,res_key,density,ACC,hbond_type
A,ALA,50,A_ALA_50,10.329695270410816,2.0,0
A,ALA,175,A_ALA_175,9.458195336450316,0.0,0
A,ALA,218,A_ALA_218,3.2124048378560053,24.0,0
A,ALA,225,A_ALA_225,12.51999063673606,5.0,0
A,ALA,278,A_ALA_278,2.485354529093722,11.0,0
A,ARG,221,A_ARG_221,26.79200161373614,14.0,1
A,ASN,123,A_ASN_123,18.421677852496888,12.0,3
A,ASN,482,A_ASN_482,2.479669770186872,3.0,2
A,ASP,132,A_ASP_132,8.638375975951416,37.0,2
A,ASP,273,A_ASP_273,21.446487151864098,26.0,2
A,CYS,224,A_CYS_224,18.171367116536228,0.0,0
A,CYS,269,A_CYS_269,17.059853406226384,6.0,0
A,CYS,270,A_CYS_270,18.11863897417783,2.0,0
A,CYS,277,A_CYS_277,17.913874034966486,0.0,0
A,GLN,53,A_GLN_53,18.84195869136051,1.0,2
A,GLN,128,A_GLN_128,4.508124997466775,154.0,0
A,GLN,220,A_GLN_220,23.2329686425153,5.0,2
A,GLN,228,A_GLN_228,23.513468395547765,79.0,2
A,GLU,124,A_GLU_124,19.813630181772645,101.0,0
A,GLU,232,A_GLU_232,8.791359253936788,94.0,2
A,GLU,268,A_GLU_268,23.36323460155976,14.0,2
A,GLU,276,A_GLU_276,20.64563101562129,48.0,2
A,GLY,231,A_GLY_231,11.00334242806566,30.0,0
A,GLY,272,A_GLY_272,10.159042346770272,3.0,0
A,HIS,91,A_HIS_91,11.896638179239218,41.0,3
A,HIS,170,A_HIS_170,5.764223380488257,54.0,3
A,HIS,266,A_HIS_266,24.285763202483626,3.0,3
A,HIS,271,A_HIS_271,24.499045739853884,74.0,0
A,ILE,49,A_ILE_49,5.341435821422105,0.0,0
A,LEU,127,A_LEU_127,18.4160662106159,13.0,0
A,LEU,222,A_LEU_222,12.733557212863914,27.0,0
A,LEU,227,A_LEU_227,18.431837999765413,18.0,0
A,LEU,262,A_LEU_262,5.860709491661935,30.0,0
A,LEU,274,A_LEU_274,18.521396739306223,2.0,0
A,LEU,275,A_LEU_275,2.956600245770081,1.0,0
A,LYS,130,A_LYS_130,21.19290680184788,12.0,1
A,LYS,219,A_LYS_219,6.04206613433362,80.0,1
A,LYS,223,A_LYS_223,21.61466135046001,44.0,1
A,LYS,229,A_LYS_229,6.694561714728495,110.0,1
A,LYS,264,A_LYS_264,14.247501277263726,89.0,1
A,PHE,126,A_PHE_126,6.112919286546068,2.0,0
A,PHE,173,A_PHE_173,16.768771910296085,6.0,0
A,PHE,235,A_PHE_235,17.361377231478595,2.0,0
A,PRO,171,A_PRO_171,15.62539569942752,1.0,0
A,PRO,176,A_PRO_176,6.306992953846535,4.0,0
A,SER,216,A_SER_216,3.4321999787024384,21.0,0
A,SER,217,A_SER_217,8.129235506643253,11.0,3
A,SER,226,A_SER_226,15.651779640781657,5.0,0
A,THR,263,A_THR_263,15.319159081955718,0.0,0
A,THR,267,A_THR_267,17.351235233750785,35.0,0
A,TYR,54,A_TYR_54,18.88425661935772,11.0,1
A,TYR,172,A_TYR_172,28.712139311479763,16.0,3
A,TYR,174,A_TYR_174,28.26589449465777,16.0,2
A,VAL,265,A_VAL_265,16.548101814998198,1.0,0
