chain,resname,resnum,res_key,density,ACC,hbond_type
A,ALA,23,A_ALA_23,5.433018112599683,45.0,0
A,ALA,39,A_ALA_39,5.047594738476866,36.0,0
A,ALA,44,A_ALA_44,12.786867247973325,0.0,0
A,ALA,88,A_ALA_88,10.007311384073134,85.0,0
A,ARG,41,A_ARG_41,18.174965942261583,93.0,1
A,ARG,57,A_ARG_57,16.072525906107188,58.0,1
A,ASP,59,A_ASP_59,14.852686119204405,92.0,2
A,ASP,61,A_ASP_61,12.85948311285082,41.0,2
A,CYS,27,A_CYS_27,17.193851648609915,3.0,0
A,CYS,91,A_CYS_91,18.14383469704579,9.0,0
A,GLU,26,A_GLU_26,23.35232000539853,97.0,2
A,GLU,31,A_GLU_31,2.895336496045478,40.0,2
A,GLU,63,A_GLU_63,5.679448428611469,119.0,0
A,GLU,92,A_GLU_92,22.08404536462265,94.0,0
A,GLY,43,A_GLY_43,10.822901101794296,0.0,0
A,HIS,90,A_HIS_90,22.83581971905328,142.0,0
A,ILE,25,A_ILE_25,18.118046624990555,5.0,0
A,ILE,128,A_ILE_128,18.304722023492868,2.0,0
A,LEU,45,A_LEU_45,17.07816127921768,0.0,0
A,LEU,46,A_LEU_46,12.95531565604594,6.0,0
A,LEU,47,A_LEU_47,10.4962109428513,6.0,0
A,LEU,60,A_LEU_60,14.624568564996109,12.0,0
A,LEU,64,A_LEU_64,18.57475470333651,8.0,0
A,LEU,66,A_LEU_66,18.65278162033893,0.0,0
A,LEU,75,A_LEU_75,3.9158155246985458,1.0,0
A,LEU,124,A_LEU_124,11.5455488847827,13.0,0
A,LEU,135,A_LEU_135,5.418478695497666,3.0,0
A,LEU,139,A_LEU_139,6.293365595838626,0.0,0
A,LYS,40,A_LYS_40,20.414943759915413,131.0,0
A,MET,93,A_MET_93,21.52650429492268,0.0,0
A,MET,125,A_MET_125,16.02494231171781,49.0,0
A,PHE,29,A_PHE_29,24.65395577567892,5.0,0
A,PHE,79,A_PHE_79,10.662765871589968,1.0,0
A,PRO,22,A_PRO_22,3.784117939820797,38.0,0
A,PRO,42,A_PRO_42,16.29542514986521,57.0,0
A,PRO,89,A_PRO_89,16.623161581743798,14.0,0
A,SER,67,A_SER_67,2.698188948575232,8.0,3
A,SER,94,A_SER_94,14.706791668842593,28.0,0
A,SER,127,A_SER_127,15.562217484862682,45.0,0
A,SER,129,A_SER_129,16.23662145618514,57.0,0
A,SER,137,A_SER_137,2.948418769311539,1.0,3
A,TRP,28,A_TRP_28,31.21011427196603,142.0,0
A,TYR,65,A_TYR_65,22.84886158160337,3.0,0
A,VAL,24,A_VAL_24,16.16728225599901,41.0,0
A,VAL,30,A_VAL_30,16.360485835653787,16.0,0
A,VAL,68,A_VAL_68,3.8105541974035546,9.0,0
A,VAL,126,A_VAL_126,15.617912313123991,1.0,0
