chain,resname,resnum,res_key,density,ACC,hbond_type
A,ALA,800,A_ALA_800,12.3912997158976,58.0,0
A,ALA,815,A_ALA_815,3.2927351892325967,0.0,0
A,CYS,799,A_CYS_799,17.891511314547365,1.0,0
A,CYS,802,A_CYS_802,17.675408577882344,40.0,0
A,CYS,817,A_CYS_817,17.59365343894458,0.0,0
A,CYS,820,A_CYS_820,18.006077406885616,37.0,0
A,GLN,801,A_GLN_801,21.28380882717412,98.0,0
A,GLN,819,A_GLN_819,22.526484734899768,93.0,2
A,GLN,822,A_GLN_822,21.466391459485045,66.0,0
A,GLN,831,A_GLN_831,13.37920069356245,88.0,0
A,GLN,892,A_GLN_892,10.31699406571026,50.0,0
A,GLU,787,A_GLU_787,13.295958539887696,22.0,0
A,GLY,805,A_GLY_805,10.40585368207422,3.0,0
A,HIS,821,A_HIS_821,24.56362698547992,141.0,0
A,LEU,797,A_LEU_797,9.498937340450484,28.0,0
A,LYS,783,A_LYS_783,7.920280040934538,71.0,1
A,LYS,829,A_LYS_829,9.730297680405489,44.0,1
A,MET,791,A_MET_791,1.527599515889841,40.0,0
A,PHE,796,A_PHE_796,4.774466517601393,22.0,0
A,PHE,804,A_PHE_804,25.2554663796024,46.0,0
A,PHE,806,A_PHE_806,19.4103555226827,17.0,0
A,PHE,824,A_PHE_824,19.72306896247937,4.0,0
A,PHE,876,A_PHE_876,16.5196234413934,17.0,0
A,PRO,818,A_PRO_818,15.013039905026668,71.0,0
A,SER,803,A_SER_803,16.03527579264063,52.0,0
A,SER,877,A_SER_877,12.731951792648754,41.0,3
A,THR,816,A_THR_816,10.147110622448126,72.0,0
A,THR,823,A_THR_823,10.211685893626644,48.0,0
A,TRP,798,A_TRP_798,32.531530689624,12.0,0
