chain,resname,resnum,res_key,density,ACC,hbond_type
A,ALA,473,A_ALA_473,10.021230439069504,0.0,0
A,ALA,616,A_ALA_616,12.700525844337342,4.0,0
A,ALA,619,A_ALA_619,12.70231736064078,34.0,0
A,ALA,624,A_ALA_624,6.268364571959806,77.0,0
A,ARG,601,A_ARG_601,26.697351290849,73.0,1
A,CYS,536,A_CYS_536,18.365499102413807,19.0,0
A,CYS,599,A_CYS_599,17.936249628512364,7.0,1
A,CYS,622,A_CYS_622,16.94156016631222,97.0,0
A,GLN,516,A_GLN_516,12.094508077397442,55.0,0
A,GLN,596,A_GLN_596,22.37240944056928,66.0,0
A,GLU,539,A_GLU_539,22.91472548569721,116.0,0
A,GLY,550,A_GLY_550,5.661760794341674,0.0,0
A,GLY,595,A_GLY_595,3.046250251081927,68.0,0
A,HIS,626,A_HIS_626,5.1322220661457365,8.0,0
A,ILE,586,A_ILE_586,7.485215445591299,1.0,0
A,ILE,590,A_ILE_590,12.837224195501843,11.0,0
A,ILE,598,A_ILE_598,17.9161985791017,0.0,0
A,LEU,472,A_LEU_472,13.805303753354208,0.0,0
A,LEU,512,A_LEU_512,1.6837414606305798,12.0,0
A,LEU,538,A_LEU_538,17.397649490682188,12.0,0
A,LEU,548,A_LEU_548,9.78455584268585,0.0,0
A,PHE,540,A_PHE_540,24.8570427616438,0.0,0
A,PHE,551,A_PHE_551,16.380587599279966,0.0,0
A,PHE,602,A_PHE_602,19.75429765574936,0.0,0
A,PRO,474,A_PRO_474,12.703532587422554,0.0,0
A,PRO,541,A_PRO_541,16.03635968041407,78.0,0
A,PRO,620,A_PRO_620,15.979088610649017,45.0,0
A,SER,513,A_SER_513,4.859479193940116,22.0,0
A,SER,623,A_SER_623,15.148969548121396,28.0,0
A,THR,537,A_THR_537,17.489760557805194,47.0,3
A,THR,591,A_THR_591,3.0083566896266163,68.0,3
A,THR,597,A_THR_597,16.9471556083157,55.0,0
A,THR,618,A_THR_618,17.343200547759107,54.0,2
A,TRP,603,A_TRP_603,15.980282499194882,65.0,0
A,TRP,615,A_TRP_615,17.37143291796813,0.0,0
A,TYR,535,A_TYR_535,11.80970564442458,122.0,3
A,VAL,542,A_VAL_542,8.331524889006843,4.0,0
A,VAL,592,A_VAL_592,7.964502743416036,0.0,0
A,VAL,600,A_VAL_600,15.987974812717315,0.0,0
A,VAL,617,A_VAL_617,15.801275946070929,0.0,0
A,VAL,621,A_VAL_621,16.337789065142562,80.0,0
