chain,resname,resnum,res_key,density,ACC,hbond_type
A,ALA,1208,A_ALA_1208,12.56535137983657,21.0,0
A,ARG,1026,A_ARG_1026,24.22270164873424,51.0,1
A,ARG,1203,A_ARG_1203,16.130492344007084,190.0,0
A,ARG,1227,A_ARG_1227,13.913582705155452,132.0,0
A,ASN,1065,A_ASN_1065,5.884512617643116,0.0,3
A,ASN,1211,A_ASN_1211,21.726641281455866,18.0,3
A,ASP,1022,A_ASP_1022,21.380935931588084,1.0,0
A,ASP,1210,A_ASP_1210,20.931727609417987,143.0,0
A,CYS,1207,A_CYS_1207,17.26941521735805,2.0,0
A,CYS,1214,A_CYS_1214,17.87567086037813,9.0,0
A,CYS,1218,A_CYS_1218,16.901479925950266,1.0,0
A,CYS,1228,A_CYS_1228,17.352697109730027,6.0,0
A,GLN,1204,A_GLN_1204,14.163567577871303,132.0,0
A,GLN,1209,A_GLN_1209,22.57803865079402,165.0,0
A,GLU,1067,A_GLU_1067,23.17654287721138,62.0,2
A,GLU,1201,A_GLU_1201,6.05400832038986,124.0,2
A,GLY,1069,A_GLY_1069,10.236912023078856,2.0,0
A,GLY,1212,A_GLY_1212,9.709286275624354,32.0,0
A,GLY,1213,A_GLY_1213,10.171657301651187,36.0,0
A,GLY,1224,A_GLY_1224,7.897243433112199,50.0,0
A,HIS,1205,A_HIS_1205,23.74597817321552,21.0,0
A,HIS,1216,A_HIS_1216,11.14366735739989,37.0,3
A,ILE,1021,A_ILE_1021,6.149449213496517,11.0,0
A,ILE,1023,A_ILE_1023,18.555750792622007,27.0,0
A,ILE,1217,A_ILE_1217,16.14080808685789,1.0,0
A,LEU,975,A_LEU_975,3.7338960574046896,56.0,0
A,LEU,1088,A_LEU_1088,9.687538166803538,1.0,0
A,LEU,1219,A_LEU_1219,18.549620167361983,4.0,0
A,LEU,1241,A_LEU_1241,4.8077568660292656,75.0,0
A,LYS,1068,A_LYS_1068,7.036364325964356,105.0,0
A,LYS,1221,A_LYS_1221,7.711120447658959,55.0,1
A,PRO,1066,A_PRO_1066,16.101833093945732,8.0,0
A,PRO,1206,A_PRO_1206,16.026844143936643,50.0,0
A,SER,1025,A_SER_1025,15.102826187152774,4.0,1
A,SER,1215,A_SER_1215,10.649848270273257,41.0,3
A,SER,1229,A_SER_1229,7.888380196998655,20.0,1
A,THR,1225,A_THR_1225,12.303753342880226,74.0,1
A,THR,1226,A_THR_1226,17.877293064269786,59.0,0
A,TYR,1024,A_TYR_1024,27.79392409168824,24.0,1
A,TYR,1027,A_TYR_1027,28.959970004282297,11.0,3
A,TYR,1029,A_TYR_1029,7.388203585433681,1.0,0
A,TYR,1202,A_TYR_1202,27.56220354973636,18.0,0
A,VAL,1220,A_VAL_1220,16.494468564373683,20.0,0
