chain,resname,resnum,res_key,density,ACC,hbond_type
A,ALA,44,A_ALA_44,12.755145673938303,78.0,0
A,ALA,50,A_ALA_50,6.645359204056916,3.0,0
A,ALA,70,A_ALA_70,3.488283199369757,0.0,0
A,ALA,73,A_ALA_73,13.30316188217666,44.0,0
A,ASN,172,A_ASN_172,18.553031709317324,74.0,0
A,ASP,45,A_ASP_45,22.077063959148127,96.0,2
A,ASP,49,A_ASP_49,22.543504022026493,107.0,0
A,CYS,43,A_CYS_43,18.543741637355016,68.0,1
A,GLN,41,A_GLN_41,23.187141915436065,161.0,0
A,GLN,48,A_GLN_48,22.20877996632498,97.0,0
A,GLU,173,A_GLU_173,6.85310405140824,34.0,2
A,LEU,47,A_LEU_47,18.94749958090444,23.0,0
A,LEU,51,A_LEU_51,2.9545001030190154,38.0,0
A,LEU,75,A_LEU_75,7.366324719977014,4.0,0
A,PRO,39,A_PRO_39,9.976620289168494,114.0,0
A,PRO,40,A_PRO_40,16.176841385340044,125.0,0
A,PRO,42,A_PRO_42,16.182457376427887,91.0,0
A,PRO,76,A_PRO_76,10.499602120191454,94.0,0
A,SER,46,A_SER_46,17.571967265464835,32.0,0
A,SER,72,A_SER_72,5.618039206636356,65.0,0
A,SER,176,A_SER_176,9.526013547334902,15.0,0
A,TRP,175,A_TRP_175,6.413231425330491,158.0,0
A,VAL,74,A_VAL_74,15.95107560827392,11.0,0
