chain,resname,resnum,res_key,density,ACC,hbond_type
A,ALA,177,A_ALA_177,8.612527188745723,1.0,0
A,ALA,182,A_ALA_182,1.897075000604861,0.0,0
A,ALA,216,A_ALA_216,12.61291510342063,97.0,0
A,ALA,222,A_ALA_222,12.393186575741892,5.0,0
A,ALA,235,A_ALA_235,12.34122850494082,9.0,0
A,ALA,247,A_ALA_247,11.573149829421768,5.0,0
A,ASN,246,A_ASN_246,20.83953158526252,38.0,0
A,ASP,228,A_ASP_228,10.717880920822171,5.0,2
A,ASP,243,A_ASP_243,21.894137838009343,91.0,0
A,CYS,218,A_CYS_218,17.599436358191014,1.0,0
A,GLN,224,A_GLN_224,22.946782119665585,32.0,0
A,GLN,249,A_GLN_249,18.94595503985765,139.0,0
A,GLU,220,A_GLU_220,23.01694586068965,116.0,0
A,GLU,240,A_GLU_240,22.6351387124646,43.0,2
A,GLY,10,A_GLY_10,5.946943870365626,1.0,0
A,GLY,210,A_GLY_210,6.28240440428567,5.0,0
A,GLY,211,A_GLY_211,9.819527326697788,6.0,0
A,GLY,215,A_GLY_215,10.686468873083824,21.0,0
A,GLY,229,A_GLY_229,10.363955224004783,0.0,0
A,ILE,208,A_ILE_208,6.636702947406675,0.0,0
A,ILE,244,A_ILE_244,18.40993855679494,0.0,0
A,ILE,245,A_ILE_245,18.38819711106417,2.0,0
A,LEU,221,A_LEU_221,18.94034372793569,2.0,0
A,LEU,231,A_LEU_231,10.20962118482009,4.0,0
A,LYS,219,A_LYS_219,20.78368842704258,121.0,0
A,LYS,248,A_LYS_248,21.1211321099744,97.0,0
A,PHE,7,A_PHE_7,14.603616836893432,3.0,0
A,PHE,8,A_PHE_8,9.018814655612424,0.0,0
A,PHE,230,A_PHE_230,25.78329553898594,0.0,0
A,PHE,241,A_PHE_241,20.933834967547284,0.0,0
A,PRO,179,A_PRO_179,15.05885852576344,15.0,0
A,SER,212,A_SER_212,16.339950645789912,30.0,3
A,SER,223,A_SER_223,15.913531235131018,82.0,0
A,SER,236,A_SER_236,2.6599011279913856,0.0,0
A,THR,38,A_THR_38,4.454577405887947,5.0,0
A,THR,176,A_THR_176,11.856937416579246,46.0,3
A,THR,178,A_THR_178,8.295656323724085,62.0,1
A,THR,214,A_THR_214,17.588728280302714,42.0,3
A,THR,217,A_THR_217,18.250055948021654,43.0,3
A,TYR,209,A_TYR_209,27.57339739642044,0.0,0
A,VAL,9,A_VAL_9,12.327046258706186,0.0,0
A,VAL,213,A_VAL_213,15.972871602144313,7.0,0
A,VAL,227,A_VAL_227,16.73888963430706,0.0,0
A,VAL,232,A_VAL_232,11.814239201917433,1.0,0
A,VAL,242,A_VAL_242,12.82502189563247,28.0,0
