chain,resname,resnum,res_key,density,ACC,hbond_type
A,ARG,754,A_ARG_754,26.36149439402933,220.0,0
A,ASN,745,A_ASN_745,10.389452065021423,20.0,1
A,ASN,762,A_ASN_762,20.59649364348787,29.0,2
A,ASP,120,A_ASP_120,20.34117972435504,89.0,0
A,ASP,124,A_ASP_124,10.67772783959526,20.0,2
A,CYS,122,A_CYS_122,17.947955553515015,4.0,0
A,CYS,755,A_CYS_755,18.31835112436009,8.0,0
A,GLN,704,A_GLN_704,12.212226952201105,32.0,2
A,GLU,748,A_GLU_748,12.185657097590626,71.0,2
A,GLU,751,A_GLU_751,23.5000906879229,102.0,2
A,GLY,758,A_GLY_758,10.338294177986045,54.0,0
A,HIS,123,A_HIS_123,18.76417903098653,119.0,0
A,HIS,752,A_HIS_752,24.70306340810708,46.0,3
A,ILE,740,A_ILE_740,3.114442931214147,21.0,0
A,LEU,743,A_LEU_743,14.486950990610032,0.0,0
A,LYS,747,A_LYS_747,20.610161030594497,127.0,1
A,LYS,766,A_LYS_766,7.70515409999904,57.0,1
A,MET,761,A_MET_761,20.38434449760186,2.0,0
A,PHE,125,A_PHE_125,18.59063173054944,0.0,0
A,PHE,707,A_PHE_707,14.408806536668102,0.0,0
A,PHE,749,A_PHE_749,24.127647207321328,0.0,0
A,PHE,753,A_PHE_753,25.096785714085453,21.0,0
A,PRO,121,A_PRO_121,15.54971111171734,24.0,0
A,PRO,756,A_PRO_756,15.881506006798562,78.0,0
A,PRO,757,A_PRO_757,16.041154017459498,127.0,0
A,PRO,760,A_PRO_760,15.435544613182431,75.0,0
A,PRO,763,A_PRO_763,15.81193743047727,32.0,0
A,PRO,764,A_PRO_764,8.172379880231407,127.0,0
A,SER,744,A_SER_744,15.51604834733844,2.0,0
A,SER,746,A_SER_746,15.86833207404981,14.0,1
A,SER,750,A_SER_750,15.359017620524012,6.0,1
A,SER,759,A_SER_759,16.134371383827908,18.0,0
A,TYR,128,A_TYR_128,6.129688847752163,24.0,0
A,VAL,119,A_VAL_119,3.147852700220874,35.0,0
