chain,resname,resnum,res_key,density,ACC,hbond_type
A,CYS,785,A_CYS_785,21.499760967768808,200.0,0
A,GLN,783,A_GLN_783,23.16507388459711,187.0,0
A,GLU,782,A_GLU_782,14.081463711100954,198.0,0
A,HIS,639,A_HIS_639,9.120634802538946,151.0,0
A,ILE,784,A_ILE_784,18.27597513812601,155.0,0
A,LEU,644,A_LEU_644,1.9010328382824373,58.0,0
A,PHE,642,A_PHE_642,13.141351278496296,88.0,0
A,TYR,637,A_TYR_637,5.2084921164435904,169.0,2
