chain,resname,resnum,res_key,density,ACC,hbond_type
A,ARG,164,A_ARG_164,16.913143941302987,28.0,1
A,ARG,192,A_ARG_192,5.382976228104113,127.0,1
A,ASN,209,A_ASN_209,20.982705676825653,79.0,0
A,ASP,165,A_ASP_165,21.51129081769905,20.0,2
A,ASP,167,A_ASP_167,18.872358023864987,51.0,0
A,ASP,172,A_ASP_172,4.904485106279706,73.0,2
A,ASP,210,A_ASP_210,18.926834456332944,47.0,2
A,CYS,213,A_CYS_213,18.28609062650977,36.0,1
A,GLN,214,A_GLN_214,22.706384850333333,61.0,1
A,GLN,502,A_GLN_502,22.86613057658036,61.0,0
A,GLN,503,A_GLN_503,10.611464459932169,167.0,0
A,GLN,504,A_GLN_504,7.52742958381504,73.0,2
A,GLU,498,A_GLU_498,3.077210566227466,64.0,2
A,GLY,145,A_GLY_145,10.3372008664588,1.0,0
A,GLY,171,A_GLY_171,3.0885740601220384,20.0,0
A,GLY,208,A_GLY_208,10.395212424404424,28.0,0
A,GLY,211,A_GLY_211,10.107877732233495,37.0,0
A,HIS,176,A_HIS_176,19.30008273375138,3.0,3
A,ILE,189,A_ILE_189,7.698401551306997,3.0,0
A,LEU,137,A_LEU_137,1.847724949079244,0.0,0
A,LEU,144,A_LEU_144,18.97722138558528,78.0,0
A,LEU,161,A_LEU_161,15.005023612721784,0.0,0
A,LEU,212,A_LEU_212,17.98216824112344,4.0,0
A,LEU,216,A_LEU_216,17.3000355207113,1.0,0
A,LYS,175,A_LYS_175,20.747575166378784,30.0,1
A,LYS,206,A_LYS_206,4.387344598339218,81.0,0
A,LYS,215,A_LYS_215,18.42920105967153,107.0,0
A,MET,143,A_MET_143,6.443530895283496,104.0,0
A,PHE,147,A_PHE_147,13.428967777095512,1.0,0
A,PRO,168,A_PRO_168,4.34116596577813,111.0,0
A,PRO,505,A_PRO_505,12.951760543307312,71.0,0
A,SER,146,A_SER_146,13.772480363319278,0.0,0
A,SER,162,A_SER_162,12.800223771963394,0.0,3
A,SER,217,A_SER_217,9.934679784089308,31.0,0
A,THR,173,A_THR_173,18.19473972612621,15.0,0
A,TYR,166,A_TYR_166,18.949156325244136,121.0,0
A,TYR,177,A_TYR_177,27.55461941233945,8.0,2
A,TYR,205,A_TYR_205,29.15945869220465,0.0,0
A,TYR,501,A_TYR_501,5.634732730816045,39.0,3
A,VAL,163,A_VAL_163,16.202681271059486,0.0,0
A,VAL,174,A_VAL_174,16.55564496962114,16.0,0
