chain,resname,resnum,res_key,density,ACC,hbond_type
A,ASN,5,A_ASN_5,18.133559898763423,125.0,0
A,CYS,10,A_CYS_10,17.357937950101828,73.0,0
A,GLN,4,A_GLN_4,7.278579035769312,164.0,0
A,GLY,18,A_GLY_18,4.4101357772830525,52.0,0
A,ILE,17,A_ILE_17,15.465102114938505,97.0,0
A,LEU,6,A_LEU_6,18.19836518305832,136.0,0
A,LEU,11,A_LEU_11,18.66675220298732,113.0,0
A,LEU,12,A_LEU_12,17.415149421098853,107.0,0
A,LEU,13,A_LEU_13,18.535081388831635,104.0,0
A,LEU,14,A_LEU_14,18.943210974850963,115.0,0
A,LEU,16,A_LEU_16,18.392726856276774,112.0,0
A,PHE,9,A_PHE_9,24.82504328862868,147.0,0
A,PRO,3,A_PRO_3,5.813217937158468,121.0,0
A,SER,7,A_SER_7,15.432881352242864,82.0,0
A,THR,8,A_THR_8,17.790153317538973,77.0,0
A,TYR,15,A_TYR_15,20.62650399017453,191.0,0
