chain,resname,resnum,res_key,density,ACC,hbond_type
A,ARG,130,A_ARG_130,2.721267224551044,181.0,0
A,ARG,248,A_ARG_248,19.26347773286981,0.0,1
A,ARG,258,A_ARG_258,25.97045863162042,155.0,0
A,ASN,250,A_ASN_250,20.766864599112168,42.0,0
A,ASP,133,A_ASP_133,18.53971662129864,42.0,2
A,ASP,252,A_ASP_252,6.105568546006342,36.0,2
A,CYS,256,A_CYS_256,5.236374172240391,95.0,0
A,CYS,301,A_CYS_301,18.52833223562039,20.0,0
A,GLN,131,A_GLN_131,22.224187405495467,67.0,0
A,GLN,135,A_GLN_135,2.362695623210412,19.0,0
A,GLN,1138,A_GLN_1138,6.469700520662047,67.0,0
A,GLU,257,A_GLU_257,23.50065154159936,34.0,2
A,GLU,261,A_GLU_261,16.704068609951488,33.0,0
A,GLU,472,A_GLU_472,2.241886833882229,58.0,2
A,GLY,299,A_GLY_299,10.088019542239634,22.0,0
A,GLY,300,A_GLY_300,10.44510478723829,31.0,0
A,GLY,303,A_GLY_303,10.385049708014034,34.0,0
A,GLY,304,A_GLY_304,9.8527905317808,15.0,0
A,GLY,470,A_GLY_470,5.4291279284666505,25.0,0
A,HIS,132,A_HIS_132,10.53403909453247,50.0,1
A,HIS,297,A_HIS_297,22.78884033471052,1.0,0
A,HIS,305,A_HIS_305,10.123008820676478,33.0,1
A,ILE,1139,A_ILE_1139,4.121505591609148,158.0,0
A,LEU,246,A_LEU_246,2.900478151941152,0.0,0
A,LEU,247,A_LEU_247,7.747677622061292,64.0,0
A,LYS,255,A_LYS_255,2.472929200601035,71.0,1
A,LYS,260,A_LYS_260,20.518726730546778,18.0,1
A,LYS,298,A_LYS_298,11.744695120267105,101.0,1
A,LYS,471,A_LYS_471,20.256019436073355,159.0,0
A,PHE,2,A_PHE_2,4.442592121072384,156.0,0
A,PHE,249,A_PHE_249,25.684928901194205,48.0,0
A,PHE,251,A_PHE_251,22.222108438766835,85.0,0
A,SER,473,A_SER_473,3.005286293124453,0.0,2
A,THR,262,A_THR_262,11.359940647856632,62.0,0
A,TRP,1135,A_TRP_1135,15.226262887392425,193.0,0
A,TYR,259,A_TYR_259,28.053504003753016,43.0,2
A,TYR,302,A_TYR_302,27.936621018651664,151.0,0
A,TYR,306,A_TYR_306,15.535970818722255,4.0,0
A,TYR,475,A_TYR_475,17.68808303947834,2.0,1
A,VAL,134,A_VAL_134,2.680839930869855,0.0,0
