chain,resname,resnum,res_key,density,ACC,hbond_type
A,ALA,267,A_ALA_267,11.96520960995578,1.0,0
A,ASP,224,A_ASP_224,18.4767328658498,57.0,2
A,ASP,271,A_ASP_271,2.7178144461668112,42.0,2
A,ASP,328,A_ASP_328,18.44360517339428,6.0,2
A,CYS,317,A_CYS_317,17.829390134606474,21.0,0
A,GLN,322,A_GLN_322,5.190045176107859,157.0,0
A,GLU,233,A_GLU_233,17.494204797427898,110.0,0
A,GLY,236,A_GLY_236,7.912493085657251,16.0,0
A,GLY,319,A_GLY_319,10.283746297913256,40.0,0
A,GLY,320,A_GLY_320,10.331535351674212,9.0,0
A,GLY,325,A_GLY_325,10.24067943967716,0.0,0
A,HIS,313,A_HIS_313,10.043617934259077,7.0,3
A,ILE,238,A_ILE_238,12.430096208133648,0.0,0
A,ILE,240,A_ILE_240,6.2667923868918605,0.0,0
A,LEU,227,A_LEU_227,17.4007990755893,50.0,0
A,LEU,228,A_LEU_228,18.67144342069068,86.0,0
A,LEU,229,A_LEU_229,16.93849988258176,1.0,0
A,LEU,269,A_LEU_269,16.12521473034648,1.0,0
A,LEU,323,A_LEU_323,17.908041742334504,81.0,0
A,LYS,314,A_LYS_314,21.470323111539063,5.0,1
A,PHE,324,A_PHE_324,19.843200385460783,67.0,0
A,PRO,230,A_PRO_230,15.588182323223355,34.0,0
A,PRO,270,A_PRO_270,16.539427339399953,0.0,0
A,PRO,321,A_PRO_321,13.072414528467467,75.0,0
A,PRO,327,A_PRO_327,16.08910271930371,62.0,0
A,SER,231,A_SER_231,13.012107318648289,75.0,0
A,SER,316,A_SER_316,14.344111686042744,33.0,0
A,THR,226,A_THR_226,8.167582962395809,124.0,1
A,THR,237,A_THR_237,16.559657695516137,0.0,0
A,THR,315,A_THR_315,17.52510723275081,57.0,0
A,THR,318,A_THR_318,18.44415461702333,86.0,0
A,TYR,232,A_TYR_232,24.401253481413004,30.0,0
A,TYR,235,A_TYR_235,3.527630429043978,72.0,0
A,TYR,268,A_TYR_268,28.07794269568359,49.0,0
A,TYR,326,A_TYR_326,27.136136723494143,0.0,0
A,TYR,331,A_TYR_331,18.18356764992643,2.0,0
A,VAL,239,A_VAL_239,12.799432123644529,25.0,0
A,VAL,266,A_VAL_266,15.935866347467876,46.0,0
