chain,resname,resnum,res_key,density,ACC,hbond_type
A,ALA,216,A_ALA_216,12.304201542998998,24.0,0
A,ARG,213,A_ARG_213,15.745626941161586,43.0,1
A,ARG,271,A_ARG_271,24.008935632452715,164.0,0
A,ARG,274,A_ARG_274,27.21630732550401,109.0,1
A,ARG,279,A_ARG_279,26.38539193574722,101.0,1
A,ASN,220,A_ASN_220,20.9352480494797,53.0,0
A,ASP,242,A_ASP_242,9.25533093416811,99.0,2
A,CYS,273,A_CYS_273,17.969754571383742,59.0,0
A,GLN,241,A_GLN_241,13.509140060736526,57.0,2
A,GLN,278,A_GLN_278,14.250029986568082,139.0,3
A,GLU,215,A_GLU_215,19.23104037731495,95.0,2
A,GLU,218,A_GLU_218,17.67007336060615,184.0,0
A,GLU,276,A_GLU_276,23.447148929662795,57.0,2
A,GLU,277,A_GLU_277,24.215262378901755,25.0,2
A,GLY,219,A_GLY_219,10.588186234056064,43.0,0
A,GLY,275,A_GLY_275,10.165789754630085,66.0,0
A,ILE,221,A_ILE_221,18.468323338551908,0.0,0
A,ILE,272,A_ILE_272,17.94763141984706,5.0,0
A,LEU,246,A_LEU_246,5.871186945555655,34.0,0
A,PHE,280,A_PHE_280,25.13243178210523,10.0,0
A,SER,214,A_SER_214,6.145986091367075,51.0,0
A,SER,217,A_SER_217,14.36989934819637,81.0,0
A,THR,222,A_THR_222,17.390800830389697,22.0,0
A,THR,250,A_THR_250,3.341614386435471,73.0,3
A,THR,270,A_THR_270,16.9993556863081,10.0,0
A,TRP,239,A_TRP_239,4.123935903762966,0.0,0
A,VAL,223,A_VAL_223,15.843739591482628,0.0,0
A,VAL,295,A_VAL_295,5.878997065586848,3.0,0
