chain,resname,resnum,res_key,density,ACC,hbond_type
A,ALA,40,A_ALA_40,12.821591076766472,34.0,0
A,ALA,141,A_ALA_141,3.115079670655887,0.0,0
A,ASP,172,A_ASP_172,6.119717663785908,68.0,2
A,ASP,174,A_ASP_174,3.154815864835759,8.0,2
A,ASP,217,A_ASP_217,21.374745655153458,27.0,2
A,CYS,169,A_CYS_169,17.467778669671926,0.0,1
A,CYS,173,A_CYS_173,2.8966478237873736,66.0,1
A,CYS,211,A_CYS_211,17.677522002000874,40.0,0
A,GLN,212,A_GLN_212,22.96778935837543,159.0,0
A,GLN,213,A_GLN_213,23.125513470189883,129.0,0
A,GLU,204,A_GLU_204,15.10065335435933,185.0,0
A,GLU,214,A_GLU_214,22.93656901635304,0.0,0
A,GLY,36,A_GLY_36,3.470457912604584,38.0,0
A,GLY,171,A_GLY_171,10.25397190621469,0.0,0
A,GLY,205,A_GLY_205,10.393512050382306,47.0,0
A,HIS,170,A_HIS_170,12.061010312615576,0.0,0
A,HIS,208,A_HIS_208,12.397040593720384,42.0,3
A,ILE,44,A_ILE_44,7.912864916372746,15.0,0
A,LEU,142,A_LEU_142,17.577278687348848,0.0,0
A,LEU,167,A_LEU_167,1.5712046519889182,5.0,0
A,LYS,201,A_LYS_201,15.897789632702644,66.0,1
A,LYS,219,A_LYS_219,7.097066172981417,53.0,1
A,MET,206,A_MET_206,22.25093904004666,13.0,0
A,MET,207,A_MET_207,13.285243618770853,118.0,0
A,MET,215,A_MET_215,21.95414194487842,15.0,0
A,MET,216,A_MET_216,21.868192708638723,80.0,0
A,PHE,26,A_PHE_26,6.3788755084026025,1.0,0
A,PHE,41,A_PHE_41,6.765752969968217,0.0,0
A,PHE,118,A_PHE_118,13.595036315976742,20.0,0
A,SER,143,A_SER_143,10.122380785393982,0.0,0
A,SER,209,A_SER_209,16.28216409734774,54.0,0
A,SER,210,A_SER_210,16.300794698387204,47.0,0
A,THR,202,A_THR_202,12.727507350792289,78.0,0
A,TRP,37,A_TRP_37,15.185392525339028,16.0,0
A,TYR,203,A_TYR_203,27.79361896177345,6.0,3
A,VAL,218,A_VAL_218,13.04258453460128,0.0,0
