chain,resname,resnum,res_key,density,ACC,hbond_type
A,ALA,237,A_ALA_237,5.885716787748428,63.0,0
A,ARG,238,A_ARG_238,18.65038982048525,176.0,0
A,ARG,246,A_ARG_246,27.23604216700256,141.0,1
A,ARG,250,A_ARG_250,26.37406290345627,143.0,0
A,ARG,253,A_ARG_253,18.9366339831552,128.0,0
A,ASN,252,A_ASN_252,17.785344086827994,78.0,0
A,CYS,245,A_CYS_245,17.678738404580507,57.0,0
A,GLN,249,A_GLN_249,23.16506901905676,110.0,0
A,GLU,242,A_GLU_242,23.099974943591167,72.0,2
A,GLU,247,A_GLU_247,23.219149351327083,82.0,2
A,HIS,251,A_HIS_251,19.3123902841308,121.0,0
A,LEU,241,A_LEU_241,18.06623345352668,109.0,0
A,LEU,244,A_LEU_244,18.428585929511563,90.0,0
A,LEU,248,A_LEU_248,18.044786826579045,110.0,0
A,LYS,240,A_LYS_240,18.844943828056728,152.0,0
A,SER,239,A_SER_239,16.367316233677666,69.0,0
A,SER,243,A_SER_243,15.581014373950488,50.0,1
