chain,resname,resnum,res_key,density,ACC,hbond_type
A,ALA,212,A_ALA_212,13.077977028679104,24.0,0
A,ARG,121,A_ARG_121,27.0010804680134,42.0,1
A,ARG,135,A_ARG_135,26.80979335979984,61.0,1
A,ARG,216,A_ARG_216,16.601835602565554,80.0,0
A,ARG,381,A_ARG_381,13.599976614104392,153.0,0
A,ASN,58,A_ASN_58,15.422273469712971,25.0,2
A,ASP,120,A_ASP_120,20.80443505062489,1.0,2
A,CYS,124,A_CYS_124,17.726003888986654,25.0,0
A,GLU,382,A_GLU_382,22.684926448911508,63.0,0
A,HIS,208,A_HIS_208,9.8122558438647,75.0,0
A,ILE,116,A_ILE_116,6.432302290487809,22.0,0
A,ILE,117,A_ILE_117,14.812614176565685,13.0,0
A,ILE,209,A_ILE_209,18.86093804458446,4.0,0
A,ILE,389,A_ILE_389,7.92951056174009,11.0,0
A,LEU,115,A_LEU_115,3.434369154214575,21.0,0
A,LEU,129,A_LEU_129,18.630608624788863,141.0,0
A,LEU,205,A_LEU_205,15.920721690108984,13.0,0
A,LYS,127,A_LYS_127,21.675130242188548,113.0,0
A,LYS,134,A_LYS_134,15.913878892121756,144.0,0
A,LYS,376,A_LYS_376,10.151842733073206,165.0,0
A,MET,139,A_MET_139,7.201376144575495,59.0,0
A,MET,143,A_MET_143,7.221206084319293,49.0,0
A,PHE,61,A_PHE_61,6.267597184241305,2.0,0
A,PHE,119,A_PHE_119,19.089666879873224,73.0,0
A,PHE,123,A_PHE_123,25.38632555851528,63.0,0
A,PRO,128,A_PRO_128,15.83674554887934,57.0,0
A,PRO,132,A_PRO_132,15.888905466390014,53.0,0
A,PRO,377,A_PRO_377,13.336060952258366,45.0,0
A,SER,118,A_SER_118,12.58116028566689,2.0,0
A,SER,210,A_SER_210,2.7770492879485213,20.0,0
A,SER,213,A_SER_213,10.4993833493446,15.0,0
A,THR,126,A_THR_126,17.19345646094163,61.0,0
A,THR,130,A_THR_130,17.12228158162913,81.0,0
A,THR,136,A_THR_136,2.9609652566402884,69.0,0
A,THR,386,A_THR_386,11.799783042513573,18.0,0
A,TYR,122,A_TYR_122,28.576984039928067,63.0,0
A,TYR,131,A_TYR_131,28.26313926661487,27.0,1
A,VAL,57,A_VAL_57,16.16299692450979,14.0,0
A,VAL,125,A_VAL_125,17.373182973329726,29.0,0
A,VAL,133,A_VAL_133,14.01998204011265,121.0,0
A,VAL,385,A_VAL_385,13.98717638237586,41.0,0
