chain,resname,resnum,res_key,density,ACC,hbond_type
A,ALA,1192,A_ALA_1192,9.201630539588091,91.0,0
A,ALA,1195,A_ALA_1195,11.899932690604572,101.0,0
A,ARG,334,A_ARG_334,26.39513611157214,130.0,1
A,ASN,338,A_ASN_338,21.51355294530911,52.0,1
A,ASN,355,A_ASN_355,16.024917752263807,7.0,1
A,ASN,361,A_ASN_361,21.03109838037085,86.0,0
A,ASP,368,A_ASP_368,12.6599200898942,19.0,2
A,CYS,333,A_CYS_333,5.73041774996108,34.0,0
A,CYS,337,A_CYS_337,17.61218067003899,13.0,0
A,CYS,362,A_CYS_362,17.60710633447085,0.0,0
A,GLU,344,A_GLU_344,22.57871366641951,108.0,2
A,GLU,400,A_GLU_400,22.741358167439227,27.0,2
A,GLU,1193,A_GLU_1193,11.927567985879133,166.0,0
A,GLU,1196,A_GLU_1196,3.205067412715868,93.0,2
A,GLY,339,A_GLY_339,10.82879970703218,0.0,0
A,GLY,341,A_GLY_341,4.623281134152052,40.0,0
A,GLY,343,A_GLY_343,10.620712373334625,52.0,0
A,GLY,367,A_GLY_367,10.184018244013224,2.0,0
A,GLY,403,A_GLY_403,4.819597372058281,0.0,0
A,HIS,358,A_HIS_358,23.55811731817155,96.0,0
A,ILE,340,A_ILE_340,15.980840851857083,0.0,0
A,ILE,342,A_ILE_342,18.10502939737221,65.0,0
A,ILE,351,A_ILE_351,4.058774508848488,1.0,0
A,ILE,356,A_ILE_356,12.625701124291856,0.0,0
A,ILE,365,A_ILE_365,18.80268968638885,0.0,0
A,ILE,394,A_ILE_394,7.62335760203921,27.0,0
A,ILE,401,A_ILE_401,18.21101552580007,0.0,0
A,LEU,369,A_LEU_369,12.34790563199409,0.0,0
A,LEU,395,A_LEU_395,18.01583571141624,0.0,0
A,LYS,335,A_LYS_335,20.284200698747348,85.0,0
A,LYS,346,A_LYS_346,2.4864879016486934,147.0,0
A,LYS,357,A_LYS_357,10.459936332050589,119.0,1
A,LYS,360,A_LYS_360,14.341313366672464,115.0,0
A,LYS,399,A_LYS_399,9.372072386229812,87.0,1
A,PHE,345,A_PHE_345,25.31297565306184,6.0,0
A,PHE,359,A_PHE_359,25.41150566586717,0.0,0
A,SER,364,A_SER_364,16.187134700419957,6.0,1
A,SER,366,A_SER_366,15.545079070557176,48.0,0
A,SER,1190,A_SER_1190,3.254495342964862,107.0,3
A,THR,363,A_THR_363,17.6354396471529,12.0,0
A,THR,397,A_THR_397,18.18995465425696,29.0,0
A,THR,402,A_THR_402,14.455544356145785,18.0,0
A,THR,1191,A_THR_1191,5.760255428574267,127.0,3
A,VAL,336,A_VAL_336,15.754739979082307,80.0,0
A,VAL,398,A_VAL_398,16.72406021905376,0.0,0
