chain,resname,resnum,res_key,density,ACC,hbond_type
A,ALA,35,A_ALA_35,11.993015026458131,20.0,0
A,ASN,32,A_ASN_32,11.12136634799441,158.0,0
A,ASN,41,A_ASN_41,21.28844595405589,50.0,0
A,ASN,49,A_ASN_49,2.299715430622557,149.0,0
A,ASP,37,A_ASP_37,22.35880029127448,5.0,0
A,CYS,42,A_CYS_42,17.77507273513068,30.0,0
A,CYS,53,A_CYS_53,17.667702541262646,63.0,0
A,GLN,27,A_GLN_27,23.84149512049172,70.0,0
A,GLN,40,A_GLN_40,23.42255255874208,97.0,0
A,GLY,31,A_GLY_31,10.43926709821008,18.0,0
A,GLY,33,A_GLY_33,9.46620754043872,33.0,0
A,GLY,48,A_GLY_48,2.8964838780824507,44.0,0
A,HIS,34,A_HIS_34,24.69516872594812,74.0,0
A,HIS,51,A_HIS_51,23.14749229072624,128.0,3
A,HIS,52,A_HIS_52,23.0523614768651,91.0,0
A,HIS,125,A_HIS_125,7.156523066225305,54.0,0
A,ILE,24,A_ILE_24,2.8851312681613783,112.0,0
A,ILE,29,A_ILE_29,18.540044438098946,1.0,0
A,LEU,38,A_LEU_38,12.199789581757578,0.0,0
A,PHE,54,A_PHE_54,25.07105548224028,136.0,0
A,SER,26,A_SER_26,16.0065536264513,18.0,0
A,SER,43,A_SER_43,16.16704678073538,32.0,0
A,SER,45,A_SER_45,16.035607160648077,29.0,3
A,SER,55,A_SER_55,15.436769484069613,103.0,0
A,SER,56,A_SER_56,16.199593967267862,20.0,0
A,SER,57,A_SER_57,2.6608819138964948,49.0,1
A,THR,36,A_THR_36,17.517200613814218,13.0,0
A,THR,44,A_THR_44,17.07230556634483,51.0,3
A,TRP,28,A_TRP_28,7.216132888818888,0.0,0
A,TRP,39,A_TRP_39,16.370484364837125,90.0,0
A,TYR,117,A_TYR_117,2.8301047836633377,2.0,0
A,TYR,130,A_TYR_130,15.892847660359925,56.0,0
A,VAL,25,A_VAL_25,11.417083161881088,44.0,0
A,VAL,30,A_VAL_30,15.96922335550412,43.0,0
A,VAL,50,A_VAL_50,14.267680436527696,65.0,0
