chain,resname,resnum,res_key,density,ACC,hbond_type
A,ALA,195,A_ALA_195,8.57645032802928,12.0,0
A,ALA,227,A_ALA_227,11.974065095902844,57.0,0
A,ALA,233,A_ALA_233,12.43127908284572,0.0,0
A,ALA,234,A_ALA_234,13.065138887603656,0.0,0
A,ALA,242,A_ALA_242,12.364769324953652,20.0,0
A,ARG,213,A_ARG_213,3.5116689572766195,8.0,0
A,ARG,219,A_ARG_219,2.7241450994274308,119.0,1
A,ARG,226,A_ARG_226,21.12093314158312,155.0,0
A,ARG,238,A_ARG_238,11.097455064729909,127.0,0
A,ARG,266,A_ARG_266,12.218858178546084,56.0,1
A,ASN,169,A_ASN_169,5.277453782368996,128.0,1
A,ASN,210,A_ASN_210,10.703210068102567,0.0,0
A,ASP,214,A_ASP_214,21.31589807006005,6.0,2
A,ASP,216,A_ASP_216,18.960558391543167,27.0,2
A,ASP,220,A_ASP_220,21.37559881422949,26.0,0
A,ASP,244,A_ASP_244,20.828946634017647,10.0,2
A,CYS,228,A_CYS_228,18.62474801883129,6.0,0
A,CYS,235,A_CYS_235,17.366323449721637,0.0,0
A,GLN,224,A_GLN_224,22.004661691010508,102.0,0
A,GLN,241,A_GLN_241,16.939615196869198,133.0,0
A,GLN,247,A_GLN_247,9.615471721626877,78.0,1
A,GLY,194,A_GLY_194,10.100486611860925,1.0,0
A,GLY,222,A_GLY_222,10.060072640421629,29.0,0
A,GLY,231,A_GLY_231,10.200232464368105,16.0,0
A,GLY,239,A_GLY_239,3.0701560086345383,57.0,0
A,GLY,246,A_GLY_246,9.782437469752846,0.0,0
A,HIS,240,A_HIS_240,10.283478149695036,195.0,0
A,ILE,209,A_ILE_209,14.236405454763933,0.0,0
A,ILE,215,A_ILE_215,18.443651721818902,4.0,0
A,LEU,207,A_LEU_207,16.46905832140005,2.0,0
A,LEU,218,A_LEU_218,17.437081197335726,158.0,0
A,LEU,225,A_LEU_225,17.981598639667915,13.0,0
A,LEU,236,A_LEU_236,17.68958455904749,4.0,0
A,PHE,208,A_PHE_208,24.92638909312725,18.0,0
A,PHE,243,A_PHE_243,25.131852655357086,41.0,0
A,PRO,229,A_PRO_229,16.158225744428652,45.0,0
A,PRO,230,A_PRO_230,16.638774523571847,108.0,0
A,SER,193,A_SER_193,2.4247719908318928,51.0,0
A,SER,206,A_SER_206,10.06307966614758,29.0,0
A,SER,223,A_SER_223,15.5775099555642,106.0,0
A,THR,217,A_THR_217,17.173812822902942,22.0,0
A,THR,232,A_THR_232,18.311651704382736,1.0,1
A,TYR,196,A_TYR_196,6.230499239696951,13.0,0
A,VAL,237,A_VAL_237,15.685568049003535,14.0,0
A,VAL,245,A_VAL_245,12.748912295935355,0.0,0
