chain,resname,resnum,res_key,density,ACC,hbond_type
A,ALA,589,A_ALA_589,12.410849659378266,54.0,0
A,ALA,597,A_ALA_597,12.944396458259408,51.0,0
A,ARG,587,A_ARG_587,5.987595533932016,165.0,0
A,CYS,595,A_CYS_595,18.30451988285397,74.0,0
A,CYS,596,A_CYS_596,18.93658507869592,76.0,0
A,GLY,593,A_GLY_593,10.891498794110584,39.0,0
A,HIS,586,A_HIS_586,3.371242030338909,108.0,0
A,ILE,602,A_ILE_602,15.439779718271192,97.0,0
A,LEU,590,A_LEU_590,16.335997016758796,91.0,0
A,LEU,598,A_LEU_598,18.13184100317445,106.0,0
A,LEU,600,A_LEU_600,19.3488981493144,110.0,0
A,LEU,601,A_LEU_601,18.05467106998203,104.0,0
A,LEU,603,A_LEU_603,10.781460765136314,82.0,0
A,MET,594,A_MET_594,21.51068910663364,136.0,0
A,PHE,599,A_PHE_599,25.887437357593832,125.0,0
A,SER,592,A_SER_592,16.05684813952124,62.0,0
A,THR,588,A_THR_588,14.81857880953342,119.0,0
A,VAL,591,A_VAL_591,16.761380647896726,92.0,0
