chain,resname,resnum,res_key,density,ACC,hbond_type
A,ALA,255,A_ALA_255,11.81190017436926,6.0,0
A,ALA,286,A_ALA_286,4.061434891620967,0.0,0
A,ARG,246,A_ARG_246,16.25783510613813,61.0,1
A,ARG,282,A_ARG_282,26.48892144485817,9.0,1
A,ASN,250,A_ASN_250,20.822022781412656,37.0,1
A,ASN,269,A_ASN_269,20.68663336668971,0.0,0
A,ASN,270,A_ASN_270,18.588937773866512,25.0,2
A,ASN,323,A_ASN_323,21.096621681600087,18.0,0
A,ASN,325,A_ASN_325,13.723576391641886,2.0,0
A,CYS,231,A_CYS_231,18.124367420846127,5.0,0
A,CYS,256,A_CYS_256,18.2544365160909,6.0,0
A,CYS,277,A_CYS_277,18.374982459547983,0.0,0
A,CYS,281,A_CYS_281,17.13897981135193,6.0,0
A,CYS,320,A_CYS_320,18.58860044794206,28.0,0
A,GLN,232,A_GLN_232,2.684077369674551,148.0,0
A,GLN,279,A_GLN_279,13.93749332081902,13.0,2
A,GLN,321,A_GLN_321,23.44107111317904,124.0,0
A,GLU,257,A_GLU_257,23.09428502270014,70.0,2
A,GLU,274,A_GLU_274,23.75764524347848,14.0,2
A,GLU,276,A_GLU_276,20.74031012598798,56.0,0
A,GLY,234,A_GLY_234,4.624413134875868,50.0,0
A,GLY,251,A_GLY_251,10.36006846262088,40.0,0
A,GLY,268,A_GLY_268,2.944555687424969,34.0,0
A,GLY,294,A_GLY_294,2.263153389728534,22.0,0
A,GLY,319,A_GLY_319,7.670706459210525,31.0,0
A,GLY,322,A_GLY_322,10.006422613164055,21.0,0
A,GLY,324,A_GLY_324,10.651694345437518,0.0,0
A,LEU,233,A_LEU_233,3.156469433791662,80.0,0
A,LEU,278,A_LEU_278,18.54640317137723,0.0,0
A,LEU,289,A_LEU_289,3.128359903424036,32.0,0
A,LEU,302,A_LEU_302,1.9516449126692177,10.0,0
A,LYS,275,A_LYS_275,16.82390635165936,30.0,1
A,LYS,326,A_LYS_326,21.299278370285183,3.0,1
A,MET,254,A_MET_254,20.67089929473152,51.0,0
A,PHE,248,A_PHE_248,23.87736584144198,14.0,0
A,PHE,259,A_PHE_259,24.30225711936989,12.0,0
A,PHE,271,A_PHE_271,25.119372428375968,1.0,0
A,PHE,327,A_PHE_327,2.733782056198123,0.0,0
A,SER,230,A_SER_230,3.249747066110256,19.0,0
A,SER,245,A_SER_245,11.03108305404421,65.0,0
A,SER,253,A_SER_253,15.052925501631384,45.0,1
A,THR,252,A_THR_252,12.468191035115478,132.0,0
A,THR,258,A_THR_258,17.594162596335792,83.0,0
A,THR,273,A_THR_273,17.884400728404053,67.0,0
A,THR,280,A_THR_280,17.372767259942968,30.0,0
A,THR,283,A_THR_283,2.561346516636668,61.0,0
A,TYR,235,A_TYR_235,13.106922718757328,132.0,0
A,TYR,247,A_TYR_247,27.396869406591787,54.0,0
A,TYR,249,A_TYR_249,26.97254162113914,7.0,0
A,TYR,317,A_TYR_317,15.338467613300026,6.0,3
A,TYR,328,A_TYR_328,12.120199541459238,50.0,0
A,VAL,272,A_VAL_272,11.116907764111264,86.0,0
A,VAL,292,A_VAL_292,7.146128498970744,51.0,0
