chain,resname,resnum,res_key,density,ACC,hbond_type
A,ALA,329,A_ALA_329,12.42564169260337,52.0,0
A,ALA,383,A_ALA_383,12.882867024683945,35.0,0
A,ARG,359,A_ARG_359,22.04942008665046,129.0,1
A,ARG,361,A_ARG_361,15.01777811298756,151.0,1
A,ASN,432,A_ASN_432,14.088406640634556,105.0,0
A,ASP,336,A_ASP_336,6.722729121789278,116.0,0
A,ASP,364,A_ASP_364,20.88503089872964,87.0,0
A,CYS,354,A_CYS_354,17.579885461454964,29.0,0
A,CYS,381,A_CYS_381,17.625475749604213,15.0,0
A,GLN,355,A_GLN_355,23.405821464716148,92.0,1
A,GLU,328,A_GLU_328,2.9758010371814705,144.0,0
A,GLU,332,A_GLU_332,23.344646319487094,83.0,2
A,GLU,353,A_GLU_353,22.88262809490085,100.0,2
A,GLU,382,A_GLU_382,20.41610410191012,55.0,2
A,GLY,333,A_GLY_333,10.248753427891298,14.0,0
A,GLY,357,A_GLY_357,10.30645713855397,6.0,0
A,GLY,362,A_GLY_362,10.09489106913463,58.0,0
A,ILE,384,A_ILE_384,18.16132675948204,9.0,0
A,LEU,363,A_LEU_363,10.275998757176628,85.0,0
A,LEU,378,A_LEU_378,4.698331977747747,71.0,0
A,LEU,433,A_LEU_433,2.586231122608211,123.0,0
A,LYS,351,A_LYS_351,21.2942282414094,82.0,1
A,MET,335,A_MET_335,13.560996123084058,51.0,0
A,MET,365,A_MET_365,2.712229679678671,95.0,0
A,PHE,352,A_PHE_352,24.312388886989545,4.0,0
A,PRO,330,A_PRO_330,16.49479123479935,15.0,0
A,PRO,356,A_PRO_356,16.191068212717134,107.0,0
A,PRO,379,A_PRO_379,15.3654308808744,4.0,0
A,SER,331,A_SER_331,15.888574007878782,97.0,0
A,THR,334,A_THR_334,17.76282651921239,80.0,0
A,THR,380,A_THR_380,17.769691695584243,78.0,0
A,TYR,358,A_TYR_358,28.40935041620668,88.0,0
A,TYR,408,A_TYR_408,17.819581559713832,78.0,0
A,VAL,360,A_VAL_360,15.831617491358683,48.0,0
