chain,resname,resnum,res_key,density,ACC,hbond_type
A,ALA,425,A_ALA_425,12.3532299189825,69.0,0
A,ASN,426,A_ASN_426,20.31190252368043,134.0,0
A,ASP,427,A_ASP_427,17.31900668530109,96.0,0
A,CYS,420,A_CYS_420,17.94008843251894,88.0,0
A,GLN,412,A_GLN_412,5.843162762530333,123.0,0
A,GLN,418,A_GLN_418,22.96365191100089,130.0,0
A,GLU,415,A_GLU_415,14.195283205088272,132.0,0
A,GLU,416,A_GLU_416,23.23049828133412,141.0,0
A,HIS,428,A_HIS_428,7.089240791549501,125.0,0
A,LEU,414,A_LEU_414,12.667918851956244,115.0,0
A,LEU,421,A_LEU_421,17.973974278682658,124.0,0
A,LYS,417,A_LYS_417,20.24922030689364,148.0,0
A,LYS,422,A_LYS_422,20.604413833826285,163.0,0
A,LYS,424,A_LYS_424,20.07649793954966,140.0,0
A,PHE,423,A_PHE_423,25.07195785640722,158.0,0
A,SER,413,A_SER_413,11.894316103700827,50.0,0
A,SER,419,A_SER_419,15.36857491908406,70.0,0
