chain,resname,resnum,res_key,density,ACC,hbond_type
A,ALA,261,A_ALA_261,10.505025793892866,17.0,0
A,ASN,273,A_ASN_273,3.198797803042393,84.0,0
A,CYS,250,A_CYS_250,17.779759394759445,0.0,0
A,CYS,308,A_CYS_308,17.689947877026615,0.0,0
A,GLN,230,A_GLN_230,12.178496218246451,93.0,2
A,GLN,321,A_GLN_321,12.538554828343992,79.0,2
A,GLU,263,A_GLU_263,15.123183444526733,59.0,2
A,GLU,265,A_GLU_265,6.06766999636867,55.0,0
A,GLY,254,A_GLY_254,2.615602468019003,10.0,0
A,ILE,260,A_ILE_260,7.75859040475963,20.0,0
A,LEU,234,A_LEU_234,17.6887487262706,79.0,0
A,LEU,248,A_LEU_248,18.72241034894843,0.0,0
A,LEU,251,A_LEU_251,18.03791294457601,30.0,0
A,LEU,289,A_LEU_289,18.421300230836355,3.0,0
A,LEU,293,A_LEU_293,18.003704900238816,0.0,0
A,LEU,324,A_LEU_324,18.071817547682468,17.0,0
A,LYS,253,A_LYS_253,17.750527337498312,79.0,0
A,LYS,275,A_LYS_275,12.6194664317699,167.0,0
A,LYS,292,A_LYS_292,19.852561701229547,80.0,1
A,LYS,322,A_LYS_322,20.73735550957414,96.0,0
A,MET,311,A_MET_311,2.8249393140999977,11.0,0
A,PHE,255,A_PHE_255,10.868533257512023,0.0,0
A,PHE,287,A_PHE_287,3.144122438713227,33.0,0
A,PHE,288,A_PHE_288,20.0995765696208,47.0,0
A,PHE,306,A_PHE_306,16.965342314004225,0.0,0
A,PRO,229,A_PRO_229,11.831049683392386,8.0,0
A,PRO,235,A_PRO_235,15.482196032916438,56.0,0
A,PRO,236,A_PRO_236,6.690247751104247,13.0,0
A,PRO,278,A_PRO_278,5.716613956531656,104.0,0
A,SER,247,A_SER_247,14.837266085672194,17.0,3
A,SER,291,A_SER_291,14.868696420288105,0.0,3
A,SER,307,A_SER_307,15.63567126995958,9.0,3
A,SER,309,A_SER_309,15.278402290183363,5.0,3
A,SER,323,A_SER_323,15.571331712123222,58.0,3
A,THR,233,A_THR_233,17.694872456656924,39.0,0
A,THR,249,A_THR_249,16.811262411485636,32.0,0
A,THR,276,A_THR_276,17.60141911797674,55.0,3
A,THR,277,A_THR_277,17.969426180614192,61.0,0
A,THR,294,A_THR_294,4.99140152296545,26.0,2
A,THR,320,A_THR_320,15.017894503686652,35.0,0
A,TRP,264,A_TRP_264,32.068041073459845,3.0,1
A,TYR,232,A_TYR_232,27.95927053840084,108.0,1
A,TYR,274,A_TYR_274,28.64844835213633,55.0,0
A,TYR,290,A_TYR_290,28.268519119672654,99.0,0
A,VAL,231,A_VAL_231,15.63906524439736,13.0,0
A,VAL,252,A_VAL_252,15.84494251088434,0.0,0
A,VAL,262,A_VAL_262,15.577211434242674,12.0,0
A,VAL,310,A_VAL_310,15.58828633039942,0.0,0
