chain,resname,resnum,res_key,density,ACC,hbond_type
A,ALA,602,A_ALA_602,13.062258827813071,0.0,0
A,ALA,603,A_ALA_603,12.538379626139442,0.0,0
A,ALA,613,A_ALA_613,12.239252692147623,37.0,0
A,ALA,689,A_ALA_689,12.417049809728503,69.0,0
A,ALA,691,A_ALA_691,12.638035479168636,22.0,0
A,ARG,606,A_ARG_606,26.613708646658875,2.0,1
A,ASN,735,A_ASN_735,5.790968244126261,4.0,0
A,ASP,548,A_ASP_548,11.633618936683812,37.0,2
A,CYS,609,A_CYS_609,18.069114617415845,5.0,0
A,GLN,608,A_GLN_608,22.828607974892844,38.0,1
A,GLN,696,A_GLN_696,20.09863568324907,126.0,0
A,GLU,612,A_GLU_612,22.66949313308744,113.0,2
A,GLU,688,A_GLU_688,10.55397579498966,128.0,0
A,GLU,697,A_GLU_697,22.304533095739195,40.0,2
A,GLY,607,A_GLY_607,10.446571303095272,0.0,0
A,HIS,551,A_HIS_551,2.9694714664073643,45.0,0
A,HIS,614,A_HIS_614,23.653590845401823,165.0,0
A,ILE,549,A_ILE_549,18.20926418715102,13.0,0
A,ILE,610,A_ILE_610,18.45513977130697,0.0,0
A,ILE,690,A_ILE_690,17.944058291100195,0.0,0
A,LEU,601,A_LEU_601,6.057039341306368,18.0,0
A,LEU,615,A_LEU_615,15.3310834241164,30.0,0
A,LEU,694,A_LEU_694,18.980186974834155,1.0,0
A,LEU,695,A_LEU_695,14.6360548156824,49.0,0
A,LEU,698,A_LEU_698,15.152876174986895,0.0,0
A,LEU,739,A_LEU_739,17.704050229813017,3.0,0
A,LYS,611,A_LYS_611,19.561550540940395,99.0,1
A,LYS,699,A_LYS_699,2.94320220637826,105.0,1
A,LYS,700,A_LYS_700,4.959042450380701,107.0,1
A,MET,680,A_MET_680,10.259017547584982,31.0,0
A,MET,687,A_MET_687,21.41413488137925,0.0,0
A,PHE,530,A_PHE_530,3.9627276549727446,77.0,0
A,PHE,553,A_PHE_553,16.00695256272214,4.0,0
A,PHE,682,A_PHE_682,6.362567245215673,6.0,0
A,PHE,686,A_PHE_686,6.067677637309536,20.0,0
A,PRO,692,A_PRO_692,15.67456943251586,88.0,0
A,PRO,693,A_PRO_693,16.401818738254427,57.0,0
A,TRP,605,A_TRP_605,32.19845293679301,44.0,0
A,TYR,604,A_TYR_604,28.40001420426287,19.0,0
A,VAL,550,A_VAL_550,16.390797161769136,4.0,0
A,VAL,554,A_VAL_554,1.8891642227559893,1.0,0
A,VAL,701,A_VAL_701,1.9713252429126824,21.0,0
A,VAL,736,A_VAL_736,16.23884222169774,12.0,0
A,VAL,740,A_VAL_740,1.9111558564383224,28.0,0
