chain,resname,resnum,res_key,density,ACC,hbond_type
A,ALA,806,A_ALA_806,9.686714966605305,8.0,0
A,ALA,808,A_ALA_808,3.0052162965011706,25.0,0
A,ARG,653,A_ARG_653,14.052902161673677,80.0,0
A,ARG,686,A_ARG_686,15.208012154816911,45.0,0
A,ASN,682,A_ASN_682,7.303407010025012,0.0,1
A,ASP,368,A_ASP_368,21.68051347379708,67.0,2
A,ASP,652,A_ASP_652,18.671517768167817,0.0,2
A,CYS,685,A_CYS_685,18.42296886802223,4.0,0
A,CYS,691,A_CYS_691,18.12425086618638,66.0,0
A,GLN,813,A_GLN_813,14.322917684609042,121.0,0
A,GLY,369,A_GLY_369,9.981816487726064,2.0,0
A,GLY,689,A_GLY_689,10.958669871980463,61.0,0
A,GLY,749,A_GLY_749,9.825805257559852,28.0,0
A,HIS,693,A_HIS_693,23.167184001420942,49.0,0
A,ILE,649,A_ILE_649,11.526550132544216,0.0,0
A,ILE,683,A_ILE_683,8.116286651648998,0.0,0
A,ILE,750,A_ILE_750,18.0610626547907,4.0,0
A,LEU,656,A_LEU_656,14.853083685845885,2.0,0
A,LEU,690,A_LEU_690,18.58514418158224,13.0,0
A,LEU,814,A_LEU_814,11.783916906499329,72.0,0
A,LYS,370,A_LYS_370,20.78866903933168,61.0,0
A,LYS,657,A_LYS_657,2.5831498864207783,29.0,1
A,LYS,684,A_LYS_684,20.46413141529788,0.0,1
A,MET,677,A_MET_677,5.325081118372459,1.0,0
A,PHE,680,A_PHE_680,25.82333001235272,0.0,0
A,PHE,681,A_PHE_681,25.09543224689333,0.0,0
A,PHE,748,A_PHE_748,18.350345646560577,1.0,0
A,PHE,812,A_PHE_812,25.768880648814807,46.0,0
A,PRO,367,A_PRO_367,2.543326978246733,81.0,0
A,PRO,692,A_PRO_692,15.852353095274234,3.0,0
A,PRO,751,A_PRO_751,9.398215506163965,18.0,0
A,PRO,809,A_PRO_809,2.4914981822623945,133.0,0
A,SER,688,A_SER_688,14.822031754905009,19.0,0
A,SER,810,A_SER_810,16.011593579574004,61.0,0
A,SER,811,A_SER_811,15.267840078175126,72.0,0
A,THR,667,A_THR_667,3.9834783878463575,0.0,3
A,TYR,371,A_TYR_371,26.840935578035896,3.0,1
A,TYR,687,A_TYR_687,9.670133952761637,62.0,0
A,VAL,372,A_VAL_372,16.23666903646148,0.0,0
A,VAL,373,A_VAL_373,15.834864746699912,0.0,0
A,VAL,665,A_VAL_665,15.944961600433045,0.0,0
A,VAL,694,A_VAL_694,15.418734256710778,0.0,0
A,VAL,695,A_VAL_695,8.375689161843148,0.0,0
