chain,resname,resnum,res_key,density,ACC,hbond_type
A,ALA,105,A_ALA_105,12.076879147275374,3.0,0
A,ALA,131,A_ALA_131,12.437941170238837,0.0,0
A,ALA,136,A_ALA_136,12.044442507907563,2.0,0
A,ALA,137,A_ALA_137,11.878068887175957,51.0,0
A,ARG,113,A_ARG_113,10.136386834626608,104.0,0
A,ASN,10,A_ASN_10,4.708835128121599,64.0,0
A,ASP,100,A_ASP_100,12.1959676459821,39.0,0
A,ASP,121,A_ASP_121,6.668349121128406,60.0,2
A,ASP,192,A_ASP_192,15.774577791992902,51.0,0
A,CYS,4,A_CYS_4,18.56888959560362,27.0,1
A,CYS,8,A_CYS_8,18.736453862794374,28.0,0
A,CYS,115,A_CYS_115,12.226560301183678,2.0,0
A,CYS,140,A_CYS_140,18.344130489582334,17.0,0
A,GLN,3,A_GLN_3,5.868190529652418,148.0,0
A,GLN,135,A_GLN_135,3.022403461642549,120.0,0
A,GLN,188,A_GLN_188,6.05960266036219,65.0,2
A,GLU,103,A_GLU_103,10.679708721365492,93.0,0
A,GLU,108,A_GLU_108,23.63194169007752,48.0,2
A,GLU,109,A_GLU_109,23.6025255239814,116.0,0
A,GLU,112,A_GLU_112,20.50182862615836,98.0,2
A,GLU,146,A_GLU_146,13.235092451355593,27.0,2
A,GLU,194,A_GLU_194,13.099356506932711,136.0,2
A,GLY,110,A_GLY_110,10.566202815482717,4.0,0
A,GLY,190,A_GLY_190,11.004113275831791,3.0,0
A,ILE,106,A_ILE_106,17.987005712618302,0.0,0
A,ILE,204,A_ILE_204,3.6799153895122143,20.0,0
A,LEU,107,A_LEU_107,19.0248487714864,33.0,0
A,LEU,128,A_LEU_128,11.830100203499036,4.0,0
A,LEU,130,A_LEU_130,8.148421533195183,1.0,0
A,LEU,191,A_LEU_191,9.92295034137719,5.0,0
A,LEU,208,A_LEU_208,2.111309891565826,11.0,0
A,LYS,7,A_LYS_7,16.1999456349773,54.0,0
A,LYS,9,A_LYS_9,21.13106274313543,116.0,1
A,LYS,99,A_LYS_99,4.77233896463663,57.0,0
A,LYS,141,A_LYS_141,20.342260894308662,42.0,1
A,MET,111,A_MET_111,21.098120009738363,13.0,0
A,MET,139,A_MET_139,21.03736197244173,44.0,0
A,PHE,114,A_PHE_114,20.80025066375463,1.0,0
A,PHE,134,A_PHE_134,8.61165213951853,4.0,0
A,PHE,142,A_PHE_142,25.78009950834744,5.0,0
A,PHE,147,A_PHE_147,1.9333702886587003,0.0,0
A,PHE,185,A_PHE_185,4.355295492072007,22.0,0
A,PHE,189,A_PHE_189,25.79180087338389,24.0,0
A,PRO,11,A_PRO_11,8.558785612537726,22.0,0
A,PRO,122,A_PRO_122,15.367482690460257,36.0,0
A,SER,193,A_SER_193,2.7116548093242634,53.0,3
A,THR,6,A_THR_6,10.557337397206666,67.0,0
A,THR,123,A_THR_123,11.565537929338715,44.0,1
A,THR,138,A_THR_138,17.11485662540002,29.0,0
A,THR,143,A_THR_143,18.43621385467569,44.0,1
A,TRP,132,A_TRP_132,2.7698073005996986,5.0,1
A,TYR,98,A_TYR_98,10.394427539033488,1.0,3
A,VAL,5,A_VAL_5,16.724546739786156,61.0,0
A,VAL,127,A_VAL_127,13.866589395467804,16.0,0
