chain,resname,resnum,res_key,density,ACC,hbond_type
A,ARG,1022,A_ARG_1022,26.279966152264684,242.0,0
A,ASN,1018,A_ASN_1018,12.439768956225151,157.0,0
A,CYS,1021,A_CYS_1021,17.105389505649292,111.0,1
A,GLN,1023,A_GLN_1023,23.134624758987886,184.0,0
A,GLY,1019,A_GLY_1019,10.038308295695412,74.0,0
A,SER,1020,A_SER_1020,15.581548037447623,115.0,2
A,VAL,1024,A_VAL_1024,14.667500294369264,138.0,0
