chain,resname,resnum,res_key,density,ACC,hbond_type
A,ALA,351,A_ALA_351,4.690272224608265,75.0,0
A,CYS,346,A_CYS_346,17.096008982748668,134.0,0
A,GLU,343,A_GLU_343,14.553202703594527,195.0,0
A,GLY,344,A_GLY_344,10.494576241971007,83.0,0
A,LEU,349,A_LEU_349,18.492185511525165,191.0,0
A,LYS,342,A_LYS_342,5.702935872529512,211.0,0
A,PRO,348,A_PRO_348,16.760415381075962,93.0,0
A,SER,345,A_SER_345,14.834326277756208,108.0,0
A,SER,350,A_SER_350,7.907610015939713,109.0,0
A,SER,384,A_SER_384,4.994685067909142,116.0,0
A,VAL,347,A_VAL_347,16.08685981732981,113.0,0
