chain,resname,resnum,res_key,density,ACC,hbond_type
A,ALA,505,A_ALA_505,12.384776173728936,0.0,0
A,ALA,545,A_ALA_545,12.376345654500518,30.0,0
A,ALA,547,A_ALA_547,11.920862627282007,0.0,0
A,ALA,576,A_ALA_576,12.383391246690286,0.0,0
A,ARG,504,A_ARG_504,11.635487700611945,90.0,1
A,ARG,512,A_ARG_512,26.57058745387148,64.0,0
A,ARG,581,A_ARG_581,26.6346685839277,143.0,1
A,ASP,538,A_ASP_538,6.10778941498144,31.0,2
A,CYS,513,A_CYS_513,17.74316925761703,30.0,0
A,GLN,540,A_GLN_540,12.314021942636632,132.0,0
A,GLN,542,A_GLN_542,20.4046879310357,105.0,0
A,GLN,568,A_GLN_568,16.02458620285652,68.0,0
A,GLN,582,A_GLN_582,12.329886040380597,73.0,0
A,GLU,477,A_GLU_477,15.153775436536217,152.0,0
A,GLU,507,A_GLU_507,2.5728019076601187,143.0,0
A,GLU,517,A_GLU_517,2.875266302493461,37.0,2
A,GLU,575,A_GLU_575,3.1121395359711608,94.0,2
A,GLU,577,A_GLU_577,23.331297129742456,39.0,2
A,GLU,583,A_GLU_583,9.558838442072588,162.0,0
A,GLY,478,A_GLY_478,10.290670307055027,28.0,0
A,GLY,543,A_GLY_543,10.130197736759476,70.0,0
A,GLY,566,A_GLY_566,3.108022200123724,48.0,0
A,HIS,579,A_HIS_579,24.39928869388904,58.0,0
A,ILE,501,A_ILE_501,15.984014825396612,0.0,0
A,LEU,481,A_LEU_481,18.22319266745241,2.0,0
A,LEU,483,A_LEU_483,16.049730782508753,0.0,0
A,LEU,502,A_LEU_502,10.655911138696393,35.0,0
A,LEU,506,A_LEU_506,17.524840124768573,18.0,0
A,LEU,514,A_LEU_514,17.99067610795357,0.0,0
A,LEU,516,A_LEU_516,15.74117641867555,0.0,0
A,LEU,535,A_LEU_535,6.210839866771949,0.0,0
A,LEU,536,A_LEU_536,12.69696097498738,8.0,0
A,LEU,546,A_LEU_546,17.266212821102844,4.0,0
A,LEU,573,A_LEU_573,7.111692019296409,56.0,0
A,LEU,580,A_LEU_580,18.317190463942524,22.0,0
A,LYS,541,A_LYS_541,2.899065204173984,150.0,1
A,LYS,578,A_LYS_578,10.600332619363163,124.0,0
A,PHE,539,A_PHE_539,26.409113878685176,2.0,0
A,PHE,548,A_PHE_548,9.002663010724682,1.0,0
A,PHE,570,A_PHE_570,6.663861069056916,32.0,0
A,PRO,479,A_PRO_479,16.230993937940994,89.0,0
A,PRO,510,A_PRO_510,16.19871929206792,104.0,0
A,PRO,511,A_PRO_511,16.32802984666531,43.0,0
A,PRO,584,A_PRO_584,8.397291480698552,139.0,0
A,SER,476,A_SER_476,5.019776832067704,76.0,0
A,SER,509,A_SER_509,7.330391193033666,116.0,0
A,VAL,475,A_VAL_475,2.128144391963817,35.0,0
A,VAL,480,A_VAL_480,16.429800018505983,3.0,0
A,VAL,482,A_VAL_482,16.258995838286914,6.0,0
A,VAL,508,A_VAL_508,16.228265523668128,57.0,0
A,VAL,515,A_VAL_515,15.88936332734211,0.0,0
A,VAL,544,A_VAL_544,15.309914881438475,23.0,0
A,VAL,549,A_VAL_549,2.085845358152739,7.0,0
