chain,resname,resnum,res_key,density,ACC,hbond_type
A,ALA,302,A_ALA_302,12.437371896935495,72.0,0
A,ASN,226,A_ASN_226,20.86694754833399,28.0,0
A,ASN,267,A_ASN_267,5.750364180209836,46.0,2
A,ASN,299,A_ASN_299,18.2844996451742,51.0,0
A,ASP,261,A_ASP_261,20.817304705698835,71.0,2
A,ASP,323,A_ASP_323,8.495592140908702,9.0,2
A,CYS,255,A_CYS_255,15.54557514095062,15.0,1
A,CYS,258,A_CYS_258,17.518030206028655,29.0,0
A,GLN,259,A_GLN_259,22.688628897744,155.0,1
A,GLU,215,A_GLU_215,19.717530046813987,27.0,2
A,GLU,227,A_GLU_227,9.92809898337748,146.0,0
A,GLU,305,A_GLU_305,5.096346682491456,185.0,0
A,GLY,257,A_GLY_257,10.620035823732946,25.0,0
A,HIS,217,A_HIS_217,2.8720850310806125,45.0,1
A,ILE,260,A_ILE_260,17.912240161083698,19.0,0
A,LEU,214,A_LEU_214,15.85704831652978,0.0,0
A,LEU,229,A_LEU_229,17.517668954507766,0.0,0
A,LYS,231,A_LYS_231,21.024378471837217,0.0,1
A,PHE,216,A_PHE_216,25.04225727415995,0.0,0
A,PHE,218,A_PHE_218,8.09344604957245,8.0,0
A,PHE,224,A_PHE_224,16.300201768637372,2.0,0
A,PHE,297,A_PHE_297,14.845220146528884,1.0,0
A,PHE,298,A_PHE_298,22.994458794884498,2.0,0
A,PHE,300,A_PHE_300,26.375720094730013,7.0,0
A,PHE,301,A_PHE_301,24.89468285943313,4.0,0
A,PRO,303,A_PRO_303,16.215778888806724,22.0,0
A,PRO,304,A_PRO_304,2.4176938218369206,36.0,0
A,THR,225,A_THR_225,11.803456902572844,92.0,0
A,THR,230,A_THR_230,17.67054968424614,44.0,0
A,THR,232,A_THR_232,16.429630978926067,34.0,0
A,THR,256,A_THR_256,18.204307508036628,67.0,0
A,THR,269,A_THR_269,7.290326366936116,18.0,1
A,TRP,262,A_TRP_262,24.83419454902016,49.0,1
A,TYR,233,A_TYR_233,13.35450939600378,0.0,3
A,VAL,213,A_VAL_213,9.784848144038786,34.0,0
A,VAL,228,A_VAL_228,15.972683128412871,49.0,0
