chain,resname,resnum,res_key,density,ACC,hbond_type
A,ALA,337,A_ALA_337,9.88475864605855,80.0,0
A,ARG,348,A_ARG_348,23.61743000241561,81.0,0
A,ASN,338,A_ASN_338,18.318777764837296,91.0,0
A,ASP,344,A_ASP_344,21.957168260171464,74.0,0
A,CYS,341,A_CYS_341,17.82923292477616,88.0,0
A,CYS,347,A_CYS_347,17.407027573048822,87.0,0
A,ILE,345,A_ILE_345,18.25310047149152,36.0,0
A,LEU,335,A_LEU_335,18.57484001921453,16.0,0
A,LEU,339,A_LEU_339,18.324260776053364,180.0,0
A,LEU,349,A_LEU_349,6.673653758120877,46.0,0
A,LYS,334,A_LYS_334,3.304522397736981,111.0,0
A,LYS,336,A_LYS_336,18.04798599675464,145.0,0
A,LYS,342,A_LYS_342,20.19280740099908,155.0,0
A,LYS,346,A_LYS_346,21.633814326339973,139.0,0
A,MET,340,A_MET_340,21.35511577957713,79.0,0
A,THR,343,A_THR_343,17.516081064004023,106.0,0
