chain,resname,resnum,res_key,density,ACC,hbond_type
A,ALA,487,A_ALA_487,12.043872154848623,1.0,0
A,ALA,516,A_ALA_516,2.516626491570243,28.0,0
A,ARG,486,A_ARG_486,26.78957037967196,96.0,1
A,ARG,586,A_ARG_586,26.878076375123253,93.0,1
A,ASN,500,A_ASN_500,16.12575620689805,24.0,0
A,ASN,521,A_ASN_521,21.17899447382439,44.0,0
A,ASN,584,A_ASN_584,9.804742810554131,105.0,0
A,ASP,485,A_ASP_485,20.778741473749527,37.0,2
A,ASP,489,A_ASP_489,21.96842434957144,76.0,0
A,CYS,522,A_CYS_522,16.9540285507165,52.0,0
A,GLN,488,A_GLN_488,22.621238855401128,52.0,2
A,GLU,498,A_GLU_498,23.356499880745147,98.0,0
A,GLU,526,A_GLU_526,7.851741708996508,55.0,0
A,LEU,490,A_LEU_490,18.212473298571936,4.0,0
A,LEU,492,A_LEU_492,12.199978288256853,82.0,0
A,LEU,554,A_LEU_554,7.4595136107699105,5.0,0
A,LEU,578,A_LEU_578,4.293984455924608,9.0,0
A,LEU,587,A_LEU_587,17.767792655072594,0.0,0
A,LYS,497,A_LYS_497,5.340062468095567,146.0,0
A,LYS,515,A_LYS_515,3.5558922779151443,136.0,1
A,LYS,546,A_LYS_546,3.455681454717053,36.0,1
A,MET,502,A_MET_502,5.098026638504113,17.0,0
A,PRO,491,A_PRO_491,16.71500859076263,41.0,0
A,PRO,499,A_PRO_499,15.447256752988428,0.0,0
A,PRO,501,A_PRO_501,16.071619105706066,0.0,0
A,PRO,523,A_PRO_523,15.936952815087771,0.0,0
A,SER,519,A_SER_519,15.252869388289117,74.0,0
A,SER,581,A_SER_581,3.196022551850023,34.0,3
A,SER,585,A_SER_585,15.751148619390046,0.0,3
A,THR,520,A_THR_520,17.909734733996785,28.0,0
A,TRP,525,A_TRP_525,28.77118216741493,14.0,1
A,TRP,575,A_TRP_575,14.798705675323294,80.0,0
A,TYR,518,A_TYR_518,12.701429277898828,157.0,0
A,TYR,588,A_TYR_588,14.205570573110183,60.0,1
A,VAL,503,A_VAL_503,1.784034392829713,0.0,0
A,VAL,517,A_VAL_517,15.815431252031615,39.0,0
A,VAL,524,A_VAL_524,15.845088109816384,70.0,0
A,VAL,545,A_VAL_545,5.968878987070184,0.0,0
