chain,resname,resnum,res_key,density,ACC,hbond_type
A,ALA,1882,A_ALA_1882,12.401870853145004,1.0,0
A,ARG,1877,A_ARG_1877,12.267702544352344,42.0,0
A,ARG,1965,A_ARG_1965,5.713715752179168,194.0,0
A,ARG,2042,A_ARG_2042,13.971622421465458,39.0,1
A,ASP,1880,A_ASP_1880,20.91941640469496,18.0,2
A,ASP,1958,A_ASP_1958,20.89413729233012,47.0,0
A,ASP,1960,A_ASP_1960,21.92445413922577,121.0,2
A,ASP,1962,A_ASP_1962,14.577933510069355,105.0,2
A,CYS,1957,A_CYS_1957,18.04097776474323,29.0,0
A,CYS,1987,A_CYS_1987,17.7068923899773,0.0,0
A,GLN,1480,A_GLN_1480,8.381154677780097,34.0,3
A,GLN,1879,A_GLN_1879,10.352266248110237,68.0,1
A,GLU,1881,A_GLU_1881,23.153410870021887,65.0,2
A,GLU,1959,A_GLU_1959,22.73633050559381,33.0,2
A,GLU,1961,A_GLU_1961,22.815113010559024,100.0,0
A,GLU,1980,A_GLU_1980,20.31552000553946,48.0,2
A,GLY,1964,A_GLY_1964,6.875241321318351,12.0,0
A,HIS,1878,A_HIS_1878,10.347317034550027,53.0,1
A,HIS,2061,A_HIS_2061,13.85126070080976,54.0,1
A,ILE,1954,A_ILE_1954,16.378164345567804,22.0,0
A,ILE,1963,A_ILE_1963,9.486177625978392,81.0,0
A,LEU,1811,A_LEU_1811,1.443622771107365,22.0,0
A,LEU,1817,A_LEU_1817,1.935158009318363,2.0,0
A,LEU,1820,A_LEU_1820,1.9793317465975429,3.0,0
A,LYS,1956,A_LYS_1956,20.67485131814488,43.0,1
A,LYS,1982,A_LYS_1982,20.466076263391283,89.0,1
A,LYS,1984,A_LYS_1984,20.11742064065924,55.0,1
A,LYS,1990,A_LYS_1990,14.91591598186011,80.0,1
A,LYS,2078,A_LYS_2078,2.682931825289216,81.0,1
A,PHE,1815,A_PHE_1815,16.954783525928114,1.0,0
A,PHE,1955,A_PHE_1955,25.01209804269748,0.0,0
A,PRO,1988,A_PRO_1988,16.28915218566973,9.0,0
A,PRO,1989,A_PRO_1989,10.966414132350575,32.0,0
A,SER,1479,A_SER_1479,3.398476876156445,79.0,3
A,THR,1983,A_THR_1983,17.4263229438262,0.0,0
A,TRP,1981,A_TRP_1981,23.87337403513502,0.0,0
A,TYR,1813,A_TYR_1813,9.16497866253222,65.0,0
A,TYR,1876,A_TYR_1876,21.8079750863811,5.0,0
A,VAL,1883,A_VAL_1883,16.596658845417366,0.0,0
A,VAL,1884,A_VAL_1884,6.494204871192095,19.0,0
A,VAL,1985,A_VAL_1985,16.883524440509017,34.0,0
A,VAL,1986,A_VAL_1986,16.556072032567442,0.0,0
