chain,resname,resnum,res_key,density,ACC,hbond_type
A,ALA,261,A_ALA_261,12.169650386632505,3.0,0
A,ALA,306,A_ALA_306,12.66948385865996,0.0,0
A,ALA,332,A_ALA_332,13.114911061768783,78.0,0
A,ALA,349,A_ALA_349,11.96386043522641,2.0,0
A,ARG,300,A_ARG_300,14.25776864849551,123.0,1
A,ARG,308,A_ARG_308,16.89863923500873,32.0,1
A,ARG,348,A_ARG_348,24.93641266910973,88.0,1
A,ASN,331,A_ASN_331,14.282433153326842,70.0,2
A,ASN,459,A_ASN_459,3.113414079964184,28.0,1
A,ASP,299,A_ASP_299,21.7166716066877,34.0,2
A,ASP,301,A_ASP_301,10.88800052079326,149.0,0
A,ASP,337,A_ASP_337,21.349600122795383,36.0,2
A,ASP,457,A_ASP_457,16.117270190064676,33.0,2
A,CYS,305,A_CYS_305,18.17626341718325,1.0,0
A,CYS,334,A_CYS_334,17.95373556511876,0.0,1
A,CYS,456,A_CYS_456,18.324038062648604,33.0,0
A,GLN,295,A_GLN_295,18.99960572705722,0.0,3
A,GLU,297,A_GLU_297,22.80829021655398,23.0,2
A,GLU,339,A_GLU_339,14.888649222499197,55.0,2
A,GLU,454,A_GLU_454,2.530429278797305,11.0,2
A,ILE,298,A_ILE_298,18.57860201303825,9.0,0
A,ILE,338,A_ILE_338,18.11616990537448,30.0,0
A,ILE,345,A_ILE_345,10.182727314499273,3.0,0
A,LEU,265,A_LEU_265,7.383995675399724,0.0,0
A,LEU,296,A_LEU_296,18.04693032105381,8.0,0
A,LEU,317,A_LEU_317,4.192807313780929,15.0,0
A,LEU,347,A_LEU_347,17.766170750800665,0.0,0
A,LYS,303,A_LYS_303,20.764052152910512,100.0,1
A,LYS,304,A_LYS_304,21.31597736450521,72.0,0
A,LYS,313,A_LYS_313,3.29449343047794,70.0,1
A,LYS,330,A_LYS_330,17.64235744629226,71.0,1
A,LYS,460,A_LYS_460,3.1242101144543013,68.0,0
A,MET,378,A_MET_378,11.491828169779124,13.0,0
A,PHE,294,A_PHE_294,15.582405001329882,0.0,0
A,PHE,307,A_PHE_307,25.20644885652728,0.0,0
A,PHE,336,A_PHE_336,25.2267037026358,0.0,0
A,PHE,455,A_PHE_455,25.812771779881004,8.0,0
A,SER,333,A_SER_333,12.959467389903562,40.0,0
A,SER,350,A_SER_350,9.64664769668936,58.0,0
A,THR,302,A_THR_302,18.014301428453837,79.0,1
A,THR,309,A_THR_309,2.467707304046664,1.0,3
A,THR,316,A_THR_316,9.409283889074567,15.0,0
A,THR,346,A_THR_346,10.229795461945468,1.0,1
A,TRP,315,A_TRP_315,32.4450462792791,0.0,0
A,TRP,340,A_TRP_340,22.088928208695183,54.0,0
A,TYR,314,A_TYR_314,27.8345715400928,22.0,2
A,TYR,335,A_TYR_335,28.854881791311524,45.0,1
A,TYR,458,A_TYR_458,18.362574568994784,66.0,0
A,TYR,493,A_TYR_493,3.181781566214632,13.0,0
A,VAL,263,A_VAL_263,10.626106926586052,0.0,0
A,VAL,323,A_VAL_323,2.01934529506505,1.0,0
A,VAL,355,A_VAL_355,6.144422925535118,1.0,0
