chain,resname,resnum,res_key,density,ACC,hbond_type
A,ALA,583,A_ALA_583,12.575306374573431,23.0,0
A,ARG,324,A_ARG_324,14.504694134445344,191.0,0
A,ARG,509,A_ARG_509,11.711303694798747,99.0,1
A,ARG,591,A_ARG_591,4.882230305945109,37.0,1
A,ASP,329,A_ASP_329,8.94194641195455,32.0,2
A,ASP,585,A_ASP_585,21.07154399903683,4.0,2
A,CYS,577,A_CYS_577,17.80159287282992,6.0,0
A,CYS,582,A_CYS_582,18.015032455745867,44.0,1
A,GLN,514,A_GLN_514,19.126304758500886,31.0,2
A,GLU,345,A_GLU_345,12.9878225041955,62.0,2
A,GLU,513,A_GLU_513,5.648815213632592,200.0,0
A,GLU,584,A_GLU_584,24.69323035828734,44.0,2
A,GLY,347,A_GLY_347,10.128234332548471,14.0,0
A,HIS,352,A_HIS_352,4.450450147377306,33.0,1
A,HIS,580,A_HIS_580,23.772423678906264,9.0,0
A,HIS,587,A_HIS_587,2.654408368893344,54.0,1
A,ILE,321,A_ILE_321,15.937968235105869,31.0,0
A,ILE,355,A_ILE_355,5.829805751802903,0.0,0
A,ILE,511,A_ILE_511,10.205093547740931,51.0,0
A,ILE,574,A_ILE_574,6.03344845764542,19.0,0
A,ILE,656,A_ILE_656,8.261098006483337,34.0,0
A,LEU,350,A_LEU_350,18.048771204781,45.0,0
A,LEU,575,A_LEU_575,16.947978304908872,18.0,0
A,LEU,576,A_LEU_576,16.425830238995548,29.0,0
A,LEU,581,A_LEU_581,19.3004118671234,0.0,0
A,LYS,328,A_LYS_328,6.461618046911768,123.0,0
A,LYS,349,A_LYS_349,21.55645156997381,23.0,1
A,LYS,519,A_LYS_519,2.963796509896822,100.0,0
A,PHE,346,A_PHE_346,25.82568449621919,110.0,0
A,PHE,579,A_PHE_579,25.41465441877489,88.0,0
A,PHE,652,A_PHE_652,10.608773707172745,26.0,0
A,PRO,512,A_PRO_512,16.5306234014511,56.0,0
A,SER,515,A_SER_515,13.347986324044625,44.0,3
A,THR,325,A_THR_325,18.37142363183873,24.0,0
A,THR,518,A_THR_518,16.73644261299817,12.0,3
A,TRP,348,A_TRP_348,31.660219047805324,25.0,0
A,TRP,588,A_TRP_588,11.274406617291646,7.0,0
A,TYR,517,A_TYR_517,19.45088778653032,153.0,0
A,TYR,578,A_TYR_578,27.88046137433035,36.0,2
A,TYR,586,A_TYR_586,17.002769012455243,21.0,0
A,TYR,657,A_TYR_657,16.00649650244632,1.0,0
A,VAL,351,A_VAL_351,16.637087991045583,1.0,0
A,VAL,653,A_VAL_653,2.085091963585396,0.0,0
