chain,resname,resnum,res_key,density,ACC,hbond_type
A,ALA,65,A_ALA_65,13.395221299071885,87.0,0
A,CYS,66,A_CYS_66,17.880989736327194,118.0,0
A,GLN,67,A_GLN_67,22.915933869712248,166.0,0
A,GLU,64,A_GLU_64,23.24960136421893,192.0,0
A,LEU,68,A_LEU_68,18.16322780751724,149.0,0
A,PRO,69,A_PRO_69,12.647241704742171,98.0,0
A,THR,63,A_THR_63,14.577071604522487,136.0,0
