chain,resname,resnum,res_key,density,ACC,hbond_type
A,ALA,72,A_ALA_72,12.712250394972312,0.0,0
A,ALA,155,A_ALA_155,13.2144031183974,0.0,0
A,ARG,55,A_ARG_55,27.076161320580884,146.0,0
A,ARG,59,A_ARG_59,13.762623473979492,157.0,0
A,ARG,74,A_ARG_74,26.80720881825789,133.0,0
A,ARG,75,A_ARG_75,26.2221323470144,81.0,1
A,ARG,80,A_ARG_80,26.369070632941007,81.0,1
A,ARG,153,A_ARG_153,3.000198035753101,0.0,1
A,ASN,48,A_ASN_48,9.726959237162117,88.0,1
A,ASN,71,A_ASN_71,19.25356417682128,52.0,1
A,ASP,58,A_ASP_58,2.820649853273652,78.0,0
A,CYS,76,A_CYS_76,18.32733846808493,22.0,0
A,GLN,151,A_GLN_151,23.395461997292504,1.0,2
A,GLU,51,A_GLU_51,14.64667291895097,107.0,0
A,GLU,54,A_GLU_54,13.070452271323482,29.0,2
A,GLU,56,A_GLU_56,22.122476751909502,27.0,2
A,GLU,60,A_GLU_60,9.75811350790099,5.0,2
A,GLY,149,A_GLY_149,8.433087989068838,0.0,0
A,HIS,147,A_HIS_147,3.3658282408894986,34.0,3
A,ILE,70,A_ILE_70,16.373009341451155,66.0,0
A,ILE,148,A_ILE_148,18.827213047224426,0.0,0
A,LEU,49,A_LEU_49,17.787053526979555,3.0,0
A,LEU,53,A_LEU_53,18.769555728506745,1.0,0
A,LEU,69,A_LEU_69,16.181438348098247,1.0,0
A,LEU,73,A_LEU_73,18.716507302985576,4.0,0
A,LEU,159,A_LEU_159,1.9340304984252048,12.0,0
A,LEU,195,A_LEU_195,1.5497026382287646,15.0,0
A,LYS,52,A_LYS_52,19.75080640071352,74.0,0
A,LYS,68,A_LYS_68,3.387194257499571,113.0,0
A,MET,82,A_MET_82,4.2723419309799215,58.0,0
A,MET,152,A_MET_152,22.030088295296384,22.0,0
A,MET,156,A_MET_156,15.957012457111786,3.0,0
A,PHE,77,A_PHE_77,25.22010309861033,5.0,0
A,PHE,78,A_PHE_78,25.77161163979497,82.0,0
A,PHE,81,A_PHE_81,19.96111141675647,24.0,0
A,SER,50,A_SER_50,11.0697278389375,3.0,0
A,TRP,57,A_TRP_57,13.48134592427258,10.0,0
A,TRP,79,A_TRP_79,28.27992624485743,211.0,0
A,VAL,43,A_VAL_43,4.788891321768416,84.0,0
