chain,resname,resnum,res_key,density,ACC,hbond_type
A,ALA,444,A_ALA_444,12.73823375027402,0.0,0
A,ALA,446,A_ALA_446,12.17846223136502,0.0,0
A,ALA,449,A_ALA_449,5.566404118979298,1.0,0
A,ALA,487,A_ALA_487,12.153158117567584,13.0,0
A,ARG,455,A_ARG_455,10.58090675317669,139.0,1
A,ASP,457,A_ASP_457,10.28742958132401,80.0,2
A,CYS,447,A_CYS_447,17.158868847082072,0.0,0
A,CYS,454,A_CYS_454,13.240746297029323,0.0,0
A,CYS,482,A_CYS_482,18.22386039194289,47.0,0
A,CYS,484,A_CYS_484,17.43454666261695,56.0,0
A,GLN,451,A_GLN_451,13.928228436663582,108.0,0
A,GLN,480,A_GLN_480,22.575158005962354,93.0,3
A,GLU,456,A_GLU_456,23.66408576685341,124.0,0
A,GLY,479,A_GLY_479,6.088596137996335,39.0,0
A,HIS,499,A_HIS_499,8.519287507064792,90.0,3
A,ILE,510,A_ILE_510,18.26109669939764,1.0,0
A,ILE,513,A_ILE_513,18.34993028166904,0.0,0
A,LEU,458,A_LEU_458,10.57363430588448,39.0,0
A,LEU,459,A_LEU_459,18.7139097703665,6.0,0
A,LEU,500,A_LEU_500,13.219208511069189,0.0,0
A,LEU,507,A_LEU_507,3.382079423807985,36.0,0
A,LEU,509,A_LEU_509,5.892237757083857,2.0,0
A,LYS,460,A_LYS_460,18.44474374453438,131.0,0
A,LYS,485,A_LYS_485,19.75954784331944,127.0,0
A,MET,496,A_MET_496,18.78669213895026,27.0,0
A,PHE,448,A_PHE_448,12.924817920249158,10.0,0
A,PHE,462,A_PHE_462,11.142071199548122,2.0,0
A,PHE,483,A_PHE_483,25.61191465865295,24.0,0
A,PHE,497,A_PHE_497,4.435354943520192,0.0,0
A,PRO,481,A_PRO_481,15.62391714844236,23.0,0
A,SER,461,A_SER_461,2.5884117114802705,55.0,3
A,THR,463,A_THR_463,14.38698101907712,4.0,0
A,TRP,443,A_TRP_443,30.700556503855964,1.0,0
A,TYR,486,A_TYR_486,28.865847946971435,59.0,0
A,TYR,504,A_TYR_504,17.91932225045358,59.0,0
A,VAL,442,A_VAL_442,2.5853329792316866,38.0,0
A,VAL,445,A_VAL_445,16.02654208177379,0.0,0
A,VAL,511,A_VAL_511,16.250066547657955,1.0,0
A,VAL,512,A_VAL_512,12.842881227465902,0.0,0
A,VAL,544,A_VAL_544,1.8060148704321644,3.0,0
