chain,resname,resnum,res_key,density,ACC,hbond_type
A,ARG,209,A_ARG_209,7.840844022448316,118.0,1
A,ARG,211,A_ARG_211,14.833376464465529,185.0,0
A,ARG,212,A_ARG_212,17.199046806920993,195.0,1
A,ARG,213,A_ARG_213,23.244828409215696,161.0,0
A,ARG,219,A_ARG_219,11.51502212063803,234.0,0
A,ASN,210,A_ASN_210,19.90061670143858,111.0,0
A,CYS,215,A_CYS_215,17.870545050662667,97.0,0
A,CYS,217,A_CYS_217,18.025193366777287,97.0,0
A,HIS,208,A_HIS_208,3.474945269334569,98.0,2
A,LYS,216,A_LYS_216,21.191916250680624,210.0,0
A,PRO,218,A_PRO_218,16.593410518685975,121.0,0
A,PRO,220,A_PRO_220,4.577943421577226,116.0,0
A,VAL,214,A_VAL_214,16.341304874436215,107.0,0
