chain,resname,resnum,res_key,density,ACC,hbond_type
A,ASP,154,A_ASP_154,5.992799345566663,65.0,0
A,ASP,160,A_ASP_160,17.391461503942534,40.0,2
A,CYS,127,A_CYS_127,17.334603156951488,16.0,0
A,CYS,133,A_CYS_133,17.76571125177273,28.0,0
A,CYS,142,A_CYS_142,18.04400696823134,20.0,0
A,CYS,144,A_CYS_144,17.336170526481187,28.0,0
A,CYS,158,A_CYS_158,17.575031329234243,4.0,0
A,GLN,143,A_GLN_143,22.773979058562063,112.0,0
A,GLU,163,A_GLU_163,3.1034949358740573,22.0,0
A,GLY,131,A_GLY_131,9.9426640758685,19.0,0
A,GLY,147,A_GLY_147,10.702419682000013,22.0,0
A,GLY,182,A_GLY_182,10.477457171896107,26.0,0
A,ILE,151,A_ILE_151,15.923872104157851,46.0,0
A,LEU,126,A_LEU_126,5.781241979122758,34.0,0
A,LEU,145,A_LEU_145,18.35404146471109,72.0,0
A,LYS,128,A_LYS_128,13.252526914828689,146.0,0
A,LYS,149,A_LYS_149,18.605912451685903,121.0,0
A,LYS,156,A_LYS_156,13.937696212944566,98.0,1
A,PHE,148,A_PHE_148,24.342832509612773,27.0,0
A,PHE,150,A_PHE_150,25.6779879157275,82.0,0
A,PRO,146,A_PRO_146,15.95265328379427,118.0,0
A,PRO,155,A_PRO_155,13.826170582517229,95.0,0
A,SER,129,A_SER_129,16.275287450586482,57.0,0
A,THR,132,A_THR_132,17.334829882720335,75.0,0
A,THR,141,A_THR_141,17.464639752008384,61.0,0
A,THR,159,A_THR_159,17.763294948900842,51.0,0
A,TYR,130,A_TYR_130,28.042028312497248,129.0,0
A,VAL,134,A_VAL_134,15.94656409724134,52.0,0
A,VAL,157,A_VAL_157,15.597919104933318,32.0,0
A,VAL,161,A_VAL_161,15.813819119449953,33.0,0
A,VAL,181,A_VAL_181,1.9764254563327144,98.0,0
