chain,resname,resnum,res_key,density,ACC,hbond_type
A,ALA,260,A_ALA_260,12.581376777749709,25.0,0
A,ALA,261,A_ALA_261,13.06108437161742,41.0,0
A,ASN,134,A_ASN_134,22.00829765227116,24.0,0
A,CYS,255,A_CYS_255,17.99886494428297,0.0,0
A,GLN,145,A_GLN_145,15.324516410612365,14.0,2
A,GLU,242,A_GLU_242,4.539533215701511,71.0,0
A,GLY,135,A_GLY_135,11.09243433177554,12.0,0
A,GLY,140,A_GLY_140,10.994108604927073,32.0,0
A,GLY,262,A_GLY_262,6.760863156365746,0.0,0
A,HIS,252,A_HIS_252,25.090180128890164,24.0,3
A,ILE,133,A_ILE_133,5.785193796832419,84.0,0
A,ILE,136,A_ILE_136,10.328496695705212,88.0,0
A,ILE,137,A_ILE_137,18.64790835158523,78.0,0
A,ILE,143,A_ILE_143,2.733060899045439,78.0,0
A,ILE,240,A_ILE_240,18.901684855966085,0.0,0
A,ILE,254,A_ILE_254,18.8202683500415,80.0,0
A,ILE,263,A_ILE_263,8.771053247188124,30.0,0
A,LEU,138,A_LEU_138,17.985953805457246,0.0,0
A,LEU,141,A_LEU_141,19.27126459512611,56.0,0
A,LEU,233,A_LEU_233,18.78225179066025,3.0,0
A,LEU,235,A_LEU_235,10.66382640619864,0.0,0
A,LEU,238,A_LEU_238,18.86771419813645,16.0,0
A,LEU,253,A_LEU_253,18.161376942150188,86.0,0
A,LEU,257,A_LEU_257,18.84644287656848,90.0,0
A,LEU,258,A_LEU_258,18.79418020741445,36.0,0
A,LYS,241,A_LYS_241,20.986754063621035,106.0,0
A,PHE,239,A_PHE_239,12.243473377657743,0.0,0
A,PHE,248,A_PHE_248,14.497046846961652,93.0,0
A,PRO,245,A_PRO_245,3.2394772298122647,43.0,0
A,SER,131,A_SER_131,3.4248559094802418,2.0,0
A,SER,244,A_SER_244,12.981048371605311,8.0,3
A,SER,259,A_SER_259,15.5586132632758,6.0,0
A,THR,232,A_THR_232,5.666231262007334,36.0,3
A,THR,234,A_THR_234,18.17893975841266,5.0,0
A,THR,236,A_THR_236,17.96255766999709,2.0,0
A,TRP,142,A_TRP_142,22.864184987340547,9.0,0
A,TRP,249,A_TRP_249,19.88418895358081,186.0,0
A,TRP,250,A_TRP_250,32.518509680579974,141.0,0
A,TRP,256,A_TRP_256,32.461742406431874,123.0,0
A,TYR,237,A_TYR_237,28.62227042799791,27.0,0
A,TYR,243,A_TYR_243,2.714449136228726,7.0,3
A,TYR,251,A_TYR_251,28.24974808656832,41.0,1
A,VAL,139,A_VAL_139,14.348372914108914,46.0,0
