chain,resname,resnum,res_key,density,ACC,hbond_type
A,ALA,329,A_ALA_329,12.42564169260337,52.0,0
A,ALA,343,A_ALA_343,12.717044795159303,55.0,0
A,ALA,345,A_ALA_345,11.160265844017005,0.0,0
A,ALA,376,A_ALA_376,12.65962260621023,26.0,0
A,ARG,367,A_ARG_367,23.454857444080687,126.0,0
A,ASP,336,A_ASP_336,20.91830124494048,116.0,0
A,ASP,364,A_ASP_364,20.88503089872964,87.0,0
A,CYS,324,A_CYS_324,18.06730083429258,5.0,0
A,CYS,337,A_CYS_337,18.00117414091775,29.0,0
A,CYS,350,A_CYS_350,16.913478235141042,0.0,0
A,CYS,368,A_CYS_368,17.29057061668481,0.0,0
A,GLN,325,A_GLN_325,17.928470841374068,131.0,0
A,GLU,328,A_GLU_328,11.537863519123285,144.0,0
A,GLU,353,A_GLU_353,22.88262809490085,100.0,2
A,GLY,333,A_GLY_333,2.1729361947825026,14.0,0
A,GLY,347,A_GLY_347,10.660392007636524,15.0,0
A,GLY,362,A_GLY_362,2.315438571277082,58.0,0
A,HIS,326,A_HIS_326,23.67015946776249,130.0,0
A,HIS,339,A_HIS_339,22.98720724226717,64.0,3
A,HIS,373,A_HIS_373,6.041266364203663,126.0,0
A,ILE,369,A_ILE_369,6.427208894323529,60.0,0
A,LEU,327,A_LEU_327,17.498947867047544,5.0,0
A,LEU,363,A_LEU_363,17.7847026722257,85.0,0
A,LEU,366,A_LEU_366,17.724232151309202,0.0,0
A,LEU,378,A_LEU_378,17.96193148845702,71.0,0
A,LYS,351,A_LYS_351,21.2942282414094,82.0,1
A,MET,335,A_MET_335,19.97716195428033,51.0,0
A,MET,365,A_MET_365,21.58323114410153,95.0,0
A,PHE,344,A_PHE_344,23.97182024379732,20.0,0
A,PHE,352,A_PHE_352,24.312388886989545,4.0,0
A,PRO,330,A_PRO_330,10.389935378358173,15.0,0
A,PRO,340,A_PRO_340,10.26322110305772,81.0,0
A,PRO,377,A_PRO_377,10.457359329603902,111.0,0
A,PRO,379,A_PRO_379,15.3654308808744,4.0,0
A,SER,348,A_SER_348,16.14951044971117,0.0,3
A,SER,349,A_SER_349,15.543825508239989,34.0,0
A,SER,375,A_SER_375,15.754142960279976,57.0,0
A,THR,334,A_THR_334,15.96361990191713,80.0,0
A,THR,342,A_THR_342,6.3857754818417805,83.0,0
A,TRP,374,A_TRP_374,31.77238718794765,22.0,0
A,TYR,346,A_TYR_346,10.606086297507218,38.0,1
A,VAL,338,A_VAL_338,16.66213253796484,98.0,0
A,VAL,360,A_VAL_360,5.526839112276717,48.0,0
