chain,resname,resnum,res_key,density,ACC,hbond_type
A,ALA,137,A_ALA_137,12.061463896390388,1.0,0
A,ALA,138,A_ALA_138,13.688817395073825,41.0,0
A,ALA,177,A_ALA_177,6.263392693545212,52.0,0
A,ALA,178,A_ALA_178,12.11691998457148,73.0,0
A,ASN,133,A_ASN_133,6.191111112053651,69.0,0
A,ASN,136,A_ASN_136,19.306301934597617,2.0,1
A,ASP,135,A_ASP_135,12.67121845065083,101.0,0
A,ASP,139,A_ASP_139,21.161773770691934,51.0,0
A,CYS,131,A_CYS_131,17.072068640417637,2.0,0
A,CYS,141,A_CYS_141,18.47197326564816,6.0,0
A,CYS,172,A_CYS_172,17.939500225289436,1.0,0
A,GLN,142,A_GLN_142,23.50578494357967,153.0,0
A,GLN,174,A_GLN_174,2.8683349807932035,84.0,0
A,GLN,180,A_GLN_180,12.897948974068614,5.0,0
A,GLN,182,A_GLN_182,23.83820919926164,58.0,0
A,GLU,181,A_GLU_181,13.154771308763458,117.0,0
A,GLY,145,A_GLY_145,11.030535961204333,1.0,0
A,HIS,147,A_HIS_147,23.15017690881198,95.0,0
A,ILE,169,A_ILE_169,18.766311474730863,0.0,0
A,ILE,179,A_ILE_179,17.670449575068382,6.0,0
A,LEU,97,A_LEU_97,9.71288097593906,16.0,0
A,LEU,127,A_LEU_127,15.852994178015951,0.0,0
A,LEU,130,A_LEU_130,6.054471143347795,16.0,0
A,LEU,143,A_LEU_143,18.512614818295347,66.0,0
A,LEU,148,A_LEU_148,16.436064867508872,31.0,0
A,LEU,149,A_LEU_149,14.370572028048668,1.0,0
A,LEU,168,A_LEU_168,15.401598868287891,0.0,0
A,LEU,184,A_LEU_184,2.7242920972881564,11.0,0
A,LEU,186,A_LEU_186,12.433407733717107,51.0,0
A,LEU,215,A_LEU_215,1.8984135806862952,0.0,0
A,LYS,94,A_LYS_94,8.202599287630717,73.0,1
A,MET,93,A_MET_93,19.233428145871176,0.0,0
A,MET,134,A_MET_134,11.564411633924513,130.0,0
A,MET,146,A_MET_146,21.72939773094708,0.0,0
A,PHE,140,A_PHE_140,24.33224157517316,0.0,0
A,SER,144,A_SER_144,15.443402603490629,66.0,0
A,SER,173,A_SER_173,16.515221749322308,0.0,0
A,THR,171,A_THR_171,5.790869300159676,24.0,0
A,VAL,90,A_VAL_90,11.335140659107733,27.0,0
A,VAL,150,A_VAL_150,8.54003012462031,4.0,0
A,VAL,176,A_VAL_176,13.640078727649552,29.0,0
A,VAL,183,A_VAL_183,15.750737867276232,0.0,0
