chain,resname,resnum,res_key,density,ACC,hbond_type
A,ALA,449,A_ALA_449,11.73425072144693,51.0,0
A,ALA,451,A_ALA_451,12.199388019939937,25.0,0
A,ALA,474,A_ALA_474,12.146749926311491,12.0,0
A,ALA,481,A_ALA_481,12.311549704775636,33.0,0
A,ALA,505,A_ALA_505,12.95953037455823,48.0,0
A,ALA,507,A_ALA_507,12.049934591836031,0.0,0
A,ASN,471,A_ASN_471,20.88256021622582,0.0,1
A,ASN,510,A_ASN_510,17.486653427176506,4.0,2
A,ASN,514,A_ASN_514,2.7275984633232144,1.0,3
A,ASP,473,A_ASP_473,20.993946113213973,76.0,2
A,ASP,478,A_ASP_478,21.89960919270367,92.0,0
A,ASP,484,A_ASP_484,2.8820366256368946,110.0,0
A,CYS,453,A_CYS_453,2.680174809362887,10.0,0
A,CYS,475,A_CYS_475,16.843269035749522,15.0,0
A,GLU,480,A_GLU_480,14.62803513425245,146.0,0
A,GLU,513,A_GLU_513,12.731143399668165,116.0,0
A,GLY,476,A_GLY_476,10.69091872398232,37.0,0
A,GLY,477,A_GLY_477,10.764304485606784,90.0,0
A,ILE,472,A_ILE_472,17.846793609567708,72.0,0
A,ILE,479,A_ILE_479,18.53230625799021,38.0,0
A,LEU,469,A_LEU_469,17.911550238439887,6.0,0
A,LEU,502,A_LEU_502,16.04210347981344,88.0,0
A,LEU,503,A_LEU_503,17.1048865895442,0.0,0
A,LEU,506,A_LEU_506,17.920098326326027,8.0,0
A,LYS,448,A_LYS_448,5.677083821364459,174.0,0
A,LYS,509,A_LYS_509,22.40389734458512,63.0,0
A,PHE,470,A_PHE_470,24.66935508600089,20.0,0
A,PRO,450,A_PRO_450,16.542037223401504,4.0,0
A,PRO,468,A_PRO_468,16.224017429473164,0.0,0
A,SER,452,A_SER_452,15.86469323674892,3.0,3
A,SER,483,A_SER_483,15.554206775371757,36.0,0
A,THR,485,A_THR_485,11.542903633313488,62.0,0
A,TRP,482,A_TRP_482,31.968045009178823,62.0,0
A,TYR,486,A_TYR_486,20.734426929477543,4.0,0
