chain,resname,resnum,res_key,density,ACC,hbond_type
A,ALA,513,A_ALA_513,12.346757132351517,70.0,0
A,ALA,516,A_ALA_516,12.482980156854618,37.0,0
A,ALA,541,A_ALA_541,12.738306730120248,3.0,0
A,ASN,537,A_ASN_537,3.382436998292889,30.0,0
A,ASP,472,A_ASP_472,9.93906691622059,2.0,0
A,ASP,481,A_ASP_481,22.03186297013921,24.0,2
A,CYS,471,A_CYS_471,18.449623157240627,0.0,0
A,CYS,473,A_CYS_473,11.639357563316072,14.0,0
A,CYS,483,A_CYS_483,17.847014273701273,0.0,1
A,CYS,484,A_CYS_484,16.949510640266386,0.0,0
A,CYS,495,A_CYS_495,5.735699466120477,1.0,0
A,CYS,503,A_CYS_503,18.31144480766858,0.0,0
A,CYS,510,A_CYS_510,17.846490790588184,0.0,0
A,CYS,511,A_CYS_511,17.474865833430712,7.0,0
A,CYS,515,A_CYS_515,16.461874794433015,4.0,0
A,CYS,536,A_CYS_536,7.091203954398599,1.0,0
A,CYS,543,A_CYS_543,2.3594051762000423,1.0,0
A,GLN,502,A_GLN_502,22.72507926336192,117.0,0
A,GLN,507,A_GLN_507,22.63525001216036,52.0,0
A,GLN,514,A_GLN_514,23.602366379584176,143.0,0
A,GLU,469,A_GLU_469,5.692899846584055,27.0,0
A,GLU,470,A_GLU_470,23.256881191262675,90.0,0
A,GLU,482,A_GLU_482,16.83240116742507,137.0,0
A,GLY,500,A_GLY_500,9.826387784487682,84.0,0
A,GLY,508,A_GLY_508,10.950440721256133,9.0,0
A,GLY,538,A_GLY_538,10.62005014098943,32.0,0
A,LEU,497,A_LEU_497,17.6547184658202,33.0,0
A,LEU,542,A_LEU_542,18.442122797212416,59.0,0
A,LYS,496,A_LYS_496,12.812330674372982,73.0,0
A,LYS,498,A_LYS_498,20.26911341329616,58.0,0
A,LYS,501,A_LYS_501,20.06159725608927,75.0,0
A,LYS,518,A_LYS_518,20.991300397067665,49.0,0
A,PHE,485,A_PHE_485,6.829839185583125,29.0,0
A,PHE,517,A_PHE_517,25.87137089720867,52.0,0
A,PHE,539,A_PHE_539,15.618315615715344,138.0,0
A,PRO,499,A_PRO_499,11.792488945477452,113.0,0
A,PRO,505,A_PRO_505,15.116825503033244,47.0,0
A,PRO,509,A_PRO_509,15.99808349393371,10.0,0
A,SER,504,A_SER_504,15.381032470343431,0.0,3
A,SER,506,A_SER_506,16.597648744508582,22.0,3
A,SER,519,A_SER_519,2.346075629493152,55.0,3
A,THR,512,A_THR_512,18.019001682147103,25.0,0
A,THR,540,A_THR_540,18.151198616600343,41.0,0
A,VAL,465,A_VAL_465,5.6857857872262265,64.0,0
