chain,resname,resnum,res_key,density,ACC,hbond_type
A,ARG,187,A_ARG_187,25.010526877405457,118.0,1
A,ARG,189,A_ARG_189,26.946345321254643,129.0,0
A,ASN,162,A_ASN_162,20.86962755597028,60.0,0
A,ASN,169,A_ASN_169,21.493180198400463,153.0,0
A,ASN,179,A_ASN_179,19.5032820952166,51.0,1
A,ASN,180,A_ASN_180,21.12973385050164,60.0,0
A,ASN,200,A_ASN_200,13.539131391607004,127.0,0
A,ASN,203,A_ASN_203,15.030402668779702,121.0,2
A,ASP,160,A_ASP_160,2.9038201160921315,40.0,2
A,CYS,164,A_CYS_164,18.49212759557327,41.0,0
A,CYS,171,A_CYS_171,17.442652372423158,21.0,0
A,CYS,177,A_CYS_177,17.98978509732978,32.0,0
A,CYS,186,A_CYS_186,18.37409933993745,3.0,0
A,CYS,188,A_CYS_188,17.76086295235196,20.0,0
A,CYS,207,A_CYS_207,5.477646666342907,9.0,0
A,GLN,168,A_GLN_168,12.58026400650366,146.0,0
A,GLN,185,A_GLN_185,23.57150449087198,53.0,2
A,GLU,163,A_GLU_163,24.17234947126004,22.0,0
A,GLY,167,A_GLY_167,10.807294164448278,76.0,0
A,GLY,201,A_GLY_201,10.319783744101922,11.0,0
A,HIS,172,A_HIS_172,14.482449420125445,86.0,3
A,HIS,176,A_HIS_176,23.17635623937864,70.0,0
A,LEU,178,A_LEU_178,17.955969445501903,54.0,0
A,PRO,170,A_PRO_170,15.27216603271398,27.0,0
A,PRO,190,A_PRO_190,6.192087013285929,116.0,0
A,PRO,202,A_PRO_202,16.789652700513045,66.0,0
A,SER,166,A_SER_166,12.37922506502588,61.0,0
A,SER,173,A_SER_173,10.323909342535403,92.0,0
A,SER,174,A_SER_174,13.338919805480591,5.0,3
A,SER,183,A_SER_183,16.86278774796341,56.0,0
A,THR,165,A_THR_165,17.818280679790092,108.0,0
A,THR,175,A_THR_175,17.545829659495986,4.0,0
A,THR,205,A_THR_205,16.37187054906869,2.0,0
A,TYR,184,A_TYR_184,28.88421601064708,57.0,1
A,VAL,161,A_VAL_161,5.554513930746731,33.0,0
A,VAL,181,A_VAL_181,2.710366272497048,98.0,0
