chain,resname,resnum,res_key,density,ACC,hbond_type
A,ARG,167,A_ARG_167,23.379451550108232,49.0,1
A,ARG,172,A_ARG_172,26.841561896824647,115.0,1
A,ASN,170,A_ASN_170,20.109453006246497,103.0,1
A,ASP,194,A_ASP_194,21.90029181166079,59.0,2
A,ASP,233,A_ASP_233,12.571390489206497,67.0,2
A,CYS,169,A_CYS_169,17.903450056807014,5.0,0
A,CYS,171,A_CYS_171,17.65398172606289,74.0,0
A,CYS,193,A_CYS_193,17.185259457471723,35.0,0
A,CYS,196,A_CYS_196,12.35799352948192,26.0,0
A,GLN,173,A_GLN_173,22.397605357330725,111.0,2
A,GLN,189,A_GLN_189,13.271062869100785,121.0,1
A,GLU,174,A_GLU_174,22.85248614066999,74.0,2
A,GLU,190,A_GLU_190,19.33421751079492,78.0,2
A,GLU,195,A_GLU_195,14.844559319331813,138.0,2
A,LYS,168,A_LYS_168,20.478845122657503,173.0,0
A,PRO,129,A_PRO_129,1.8733353795377767,59.0,0
A,VAL,191,A_VAL_191,16.327537121588527,82.0,0
A,VAL,192,A_VAL_192,16.800705139979645,43.0,0
