chain,resname,resnum,res_key,density,ACC,hbond_type
A,ALA,780,A_ALA_780,12.524959618096576,27.0,0
A,ARG,579,A_ARG_579,5.935721128213004,73.0,0
A,ARG,794,A_ARG_794,2.852533231800038,106.0,0
A,ASN,790,A_ASN_790,12.018281387155245,54.0,0
A,CYS,561,A_CYS_561,18.25382774458351,13.0,0
A,CYS,565,A_CYS_565,18.78915980966186,0.0,0
A,CYS,587,A_CYS_587,18.705006858365348,1.0,0
A,CYS,589,A_CYS_589,5.530273235141069,6.0,0
A,CYS,787,A_CYS_787,18.121615704383515,0.0,0
A,GLN,576,A_GLN_576,4.696050056305871,107.0,0
A,GLN,745,A_GLN_745,5.0949078506064485,9.0,2
A,GLN,778,A_GLN_778,9.739691042828955,14.0,3
A,GLY,779,A_GLY_779,10.84207718772432,0.0,0
A,HIS,583,A_HIS_583,24.10607829701635,6.0,1
A,HIS,585,A_HIS_585,12.864264007279466,38.0,3
A,HIS,786,A_HIS_786,24.46248075884345,22.0,3
A,ILE,566,A_ILE_566,18.583829629492502,19.0,0
A,ILE,575,A_ILE_575,8.26379055779471,22.0,0
A,ILE,582,A_ILE_582,9.464996464691165,1.0,0
A,ILE,588,A_ILE_588,19.198876860026747,54.0,0
A,LEU,557,A_LEU_557,6.434862199387818,99.0,0
A,LEU,559,A_LEU_559,17.166047438036063,21.0,0
A,LEU,562,A_LEU_562,18.888441759303586,1.0,0
A,LEU,563,A_LEU_563,17.839730196992324,71.0,0
A,LEU,564,A_LEU_564,19.216430869749043,46.0,0
A,LEU,567,A_LEU_567,18.2655304418038,76.0,0
A,LEU,570,A_LEU_570,18.681770234652063,94.0,0
A,LEU,571,A_LEU_571,18.43528525541543,105.0,0
A,LEU,584,A_LEU_584,17.844939736742084,24.0,0
A,LEU,586,A_LEU_586,18.62630286598652,0.0,0
A,LEU,590,A_LEU_590,16.178114447353845,2.0,0
A,LEU,777,A_LEU_777,3.300329685562011,88.0,0
A,LEU,782,A_LEU_782,18.42180746878209,10.0,0
A,LEU,784,A_LEU_784,15.388512474339468,83.0,0
A,LEU,785,A_LEU_785,14.734395340706332,25.0,0
A,LEU,788,A_LEU_788,17.67432403947898,70.0,0
A,LEU,789,A_LEU_789,2.921101577650407,111.0,0
A,PHE,560,A_PHE_560,25.60639840779319,122.0,0
A,PHE,569,A_PHE_569,25.61221505786741,7.0,0
A,PHE,591,A_PHE_591,26.378918785170423,57.0,0
A,PHE,781,A_PHE_781,17.547921839492272,43.0,0
A,SER,558,A_SER_558,16.543689886310652,3.0,0
A,THR,568,A_THR_568,17.443228229752243,5.0,3
A,THR,580,A_THR_580,17.86024438581057,22.0,0
A,THR,581,A_THR_581,11.050657522368455,33.0,0
A,TRP,800,A_TRP_800,8.706828817689882,88.0,0
A,TYR,783,A_TYR_783,28.58573790354541,42.0,0
A,TYR,797,A_TYR_797,18.218313793181363,48.0,3
A,VAL,572,A_VAL_572,17.159734515810193,2.0,0
A,VAL,592,A_VAL_592,2.5862566507127176,58.0,0
A,VAL,793,A_VAL_793,16.8503160405133,0.0,0
