chain,resname,resnum,res_key,density,ACC,hbond_type
A,ALA,580,A_ALA_580,11.721926175886964,0.0,0
A,ALA,589,A_ALA_589,8.643443251136214,0.0,0
A,ASN,561,A_ASN_561,21.495883053528846,65.0,0
A,ASP,393,A_ASP_393,22.36947151439521,41.0,2
A,ASP,588,A_ASP_588,21.343217448642463,34.0,2
A,CYS,584,A_CYS_584,17.444431073993066,8.0,0
A,GLN,395,A_GLN_395,22.77199711655416,41.0,1
A,GLU,390,A_GLU_390,3.170188970250773,53.0,2
A,GLU,586,A_GLU_586,23.944223188913742,84.0,0
A,GLU,590,A_GLU_590,2.9609793905761936,53.0,2
A,GLY,562,A_GLY_562,9.88960438901982,0.0,0
A,GLY,564,A_GLY_564,2.789493734627051,0.0,0
A,HIS,432,A_HIS_432,13.158553464604957,31.0,3
A,HIS,560,A_HIS_560,24.06529449619172,101.0,3
A,LEU,394,A_LEU_394,15.76898493082955,9.0,0
A,LEU,431,A_LEU_431,3.75227057128011,52.0,0
A,LYS,582,A_LYS_582,20.633472365230062,125.0,0
A,LYS,591,A_LYS_591,6.536655960253807,104.0,1
A,MET,558,A_MET_558,2.4694945864468845,76.0,0
A,PRO,557,A_PRO_557,15.752288564446976,8.0,0
A,PRO,585,A_PRO_585,16.034992133348474,135.0,0
A,SER,392,A_SER_392,6.076530989753995,76.0,0
A,SER,579,A_SER_579,9.918903616205274,0.0,0
A,SER,583,A_SER_583,15.468539115397675,59.0,3
A,THR,587,A_THR_587,17.140984121461152,9.0,0
A,TRP,581,A_TRP_581,31.208506517527468,22.0,0
A,TYR,428,A_TYR_428,7.266375320872651,2.0,0
A,TYR,563,A_TYR_563,27.23467207347701,0.0,3
A,VAL,540,A_VAL_540,11.649788719880602,13.0,0
A,VAL,559,A_VAL_559,16.90407414879437,22.0,0
