chain,resname,resnum,res_key,density,ACC,hbond_type
A,ALA,168,A_ALA_168,12.084403170952733,33.0,0
A,ALA,208,A_ALA_208,12.653257913878733,0.0,0
A,ALA,402,A_ALA_402,2.37632301198188,5.0,0
A,ARG,216,A_ARG_216,26.05564484836665,47.0,1
A,ARG,601,A_ARG_601,9.971324595638595,71.0,1
A,ASN,172,A_ASN_172,21.467799555916883,148.0,0
A,ASP,217,A_ASP_217,11.266137016824617,7.0,0
A,ASP,599,A_ASP_599,3.3110927935494754,10.0,2
A,CYS,173,A_CYS_173,17.412389685471663,45.0,0
A,GLN,602,A_GLN_602,2.229794473373945,116.0,0
A,GLU,167,A_GLU_167,12.56527018456757,125.0,0
A,GLU,397,A_GLU_397,18.14258609955012,105.0,2
A,GLY,170,A_GLY_170,10.0239643431529,38.0,0
A,GLY,214,A_GLY_214,10.365124410835476,44.0,0
A,HIS,176,A_HIS_176,23.568903960612385,96.0,0
A,HIS,207,A_HIS_207,23.17052792556186,30.0,0
A,ILE,177,A_ILE_177,6.340638633572616,9.0,0
A,ILE,183,A_ILE_183,1.6487993724728796,31.0,0
A,ILE,209,A_ILE_209,11.138383786666203,0.0,0
A,ILE,211,A_ILE_211,18.39762865974852,1.0,0
A,ILE,212,A_ILE_212,14.397040619797828,3.0,0
A,ILE,399,A_ILE_399,18.27610575133342,0.0,0
A,LEU,218,A_LEU_218,14.521384117335128,0.0,0
A,LEU,401,A_LEU_401,13.99804359581911,0.0,0
A,LYS,206,A_LYS_206,5.6115934470762525,22.0,1
A,LYS,213,A_LYS_213,12.211698210032852,60.0,1
A,LYS,215,A_LYS_215,10.535034616606266,89.0,1
A,MET,219,A_MET_219,5.94987678788859,0.0,0
A,PHE,400,A_PHE_400,16.20333657811882,8.0,0
A,PRO,174,A_PRO_174,16.39775049388954,35.0,0
A,PRO,175,A_PRO_175,16.002632212733293,109.0,0
A,PRO,210,A_PRO_210,15.773896723704308,11.0,0
A,SER,171,A_SER_171,17.388290904720765,45.0,3
A,THR,169,A_THR_169,17.383144128794928,34.0,0
A,TYR,398,A_TYR_398,17.164177434634748,11.0,0
A,VAL,166,A_VAL_166,6.987918414628902,37.0,0
