chain,resname,resnum,res_key,density,ACC,hbond_type
A,ALA,132,A_ALA_132,5.9479269661208285,1.0,0
A,ALA,145,A_ALA_145,10.36855334335452,49.0,0
A,ALA,164,A_ALA_164,5.648201806613608,35.0,0
A,ALA,167,A_ALA_167,10.13346290969648,113.0,0
A,ARG,118,A_ARG_118,18.929733086956748,160.0,0
A,ARG,137,A_ARG_137,25.63646791297286,120.0,1
A,ARG,185,A_ARG_185,15.668999576232295,63.0,1
A,ARG,189,A_ARG_189,2.6969902203650795,91.0,1
A,ARG,199,A_ARG_199,25.644555638753843,96.0,1
A,ASN,168,A_ASN_168,20.76668634596732,81.0,1
A,ASN,169,A_ASN_169,20.797268652555672,47.0,0
A,ASN,170,A_ASN_170,21.343634937456784,2.0,1
A,ASP,197,A_ASP_197,15.21037194968954,53.0,2
A,ASP,200,A_ASP_200,17.71774841424359,69.0,2
A,CYS,136,A_CYS_136,18.049926193073823,0.0,0
A,CYS,186,A_CYS_186,17.163226355603886,0.0,0
A,GLN,124,A_GLN_124,16.716362322611854,20.0,0
A,GLN,172,A_GLN_172,9.316372126650212,55.0,0
A,GLU,119,A_GLU_119,23.408389399775416,125.0,2
A,GLU,133,A_GLU_133,23.37749173581844,79.0,2
A,GLU,187,A_GLU_187,14.494084862989672,30.0,2
A,GLY,188,A_GLY_188,10.056170217045976,0.0,0
A,ILE,201,A_ILE_201,18.36033589860802,0.0,0
A,ILE,202,A_ILE_202,8.781323572021375,77.0,0
A,LEU,115,A_LEU_115,10.37787288433174,11.0,0
A,LEU,149,A_LEU_149,9.738670280870988,30.0,0
A,LEU,166,A_LEU_166,19.26225160011326,43.0,0
A,LEU,171,A_LEU_171,18.20066586820175,0.0,0
A,MET,165,A_MET_165,21.26149425085882,77.0,0
A,PHE,117,A_PHE_117,25.1781136495281,26.0,0
A,PHE,126,A_PHE_126,6.382164390617104,23.0,0
A,PHE,198,A_PHE_198,16.76604655677637,82.0,0
A,PRO,144,A_PRO_144,16.383648600117297,18.0,0
A,SER,122,A_SER_122,9.126385202838266,56.0,0
A,SER,139,A_SER_139,15.056462675602008,42.0,0
A,SER,140,A_SER_140,2.3962229354324283,12.0,0
A,SER,147,A_SER_147,15.897154693417429,20.0,0
A,THR,116,A_THR_116,14.874934437831833,51.0,0
A,TRP,148,A_TRP_148,31.804545134525103,0.0,0
A,TYR,184,A_TYR_184,17.694025457029696,1.0,0
A,VAL,120,A_VAL_120,16.72393669982166,41.0,0
A,VAL,121,A_VAL_121,16.164369350771775,94.0,0
A,VAL,134,A_VAL_134,16.145003506768187,0.0,0
A,VAL,135,A_VAL_135,16.83482020235003,35.0,0
A,VAL,138,A_VAL_138,16.11246453002193,15.0,0
A,VAL,146,A_VAL_146,16.0913660815754,15.0,0
A,VAL,203,A_VAL_203,1.7216751034851372,0.0,0
