chain,resname,resnum,res_key,density,ACC,hbond_type
A,ALA,262,A_ALA_262,12.792641507249677,6.0,0
A,ARG,265,A_ARG_265,11.957005469933575,72.0,0
A,ASN,242,A_ASN_242,20.968881763590435,66.0,2
A,ASP,237,A_ASP_237,5.546146105344517,14.0,2
A,ASP,255,A_ASP_255,21.11442867245248,93.0,2
A,CYS,245,A_CYS_245,18.20648421042144,11.0,0
A,CYS,270,A_CYS_270,12.033870037535907,0.0,0
A,GLU,238,A_GLU_238,15.285230955274608,47.0,2
A,GLU,246,A_GLU_246,23.669568747034607,112.0,0
A,GLU,247,A_GLU_247,22.93291667438418,50.0,0
A,GLU,269,A_GLU_269,1.9663029878787608,52.0,2
A,GLY,249,A_GLY_249,10.602275039410156,28.0,0
A,GLY,299,A_GLY_299,4.531351428879654,7.0,0
A,HIS,243,A_HIS_243,23.58452709826364,36.0,2
A,ILE,256,A_ILE_256,17.679462722694925,3.0,0
A,ILE,260,A_ILE_260,5.9285737437237405,52.0,0
A,ILE,288,A_ILE_288,5.482074687376749,12.0,0
A,LEU,240,A_LEU_240,17.387756925882506,0.0,0
A,LEU,254,A_LEU_254,17.534542543012595,11.0,0
A,LEU,263,A_LEU_263,18.275980054805963,35.0,0
A,LEU,264,A_LEU_264,7.149940941615806,30.0,0
A,LEU,266,A_LEU_266,18.250282658503604,0.0,0
A,LEU,286,A_LEU_286,7.746595614807015,5.0,0
A,LYS,250,A_LYS_250,20.0928939249824,166.0,0
A,LYS,251,A_LYS_251,15.787188650368044,112.0,1
A,LYS,253,A_LYS_253,11.690885311385248,191.0,0
A,LYS,257,A_LYS_257,21.57701145840784,123.0,1
A,LYS,259,A_LYS_259,13.784223904948412,115.0,0
A,MET,292,A_MET_292,11.024147739289724,24.0,0
A,MET,301,A_MET_301,1.615002073438185,2.0,0
A,MET,309,A_MET_309,7.038215676507821,62.0,0
A,PHE,244,A_PHE_244,26.221202179232986,0.0,0
A,PHE,248,A_PHE_248,25.095659581218573,0.0,0
A,PHE,291,A_PHE_291,21.68616996884964,7.0,0
A,SER,258,A_SER_258,12.975753056020888,74.0,1
A,SER,267,A_SER_267,15.125216938052947,42.0,0
A,SER,298,A_SER_298,8.217509591466527,52.0,3
A,TYR,252,A_TYR_252,26.9367591971194,55.0,3
A,VAL,239,A_VAL_239,13.876310211439812,33.0,0
A,VAL,241,A_VAL_241,16.937175482903516,13.0,0
A,VAL,297,A_VAL_297,16.155878411325865,2.0,0
