chain,resname,resnum,res_key,density,ACC,hbond_type
A,ALA,514,A_ALA_514,10.667169820443856,57.0,0
A,ARG,498,A_ARG_498,15.169702375749864,75.0,0
A,ARG,517,A_ARG_517,18.508119355625155,74.0,0
A,ARG,539,A_ARG_539,16.346095974281372,132.0,0
A,ASN,527,A_ASN_527,18.51182193439932,98.0,1
A,ASN,528,A_ASN_528,20.21138472220311,18.0,0
A,ASP,513,A_ASP_513,21.101373564636035,43.0,0
A,CYS,502,A_CYS_502,5.420835865384461,18.0,0
A,CYS,516,A_CYS_516,16.735683721107417,0.0,0
A,CYS,525,A_CYS_525,18.19149741803224,0.0,0
A,CYS,531,A_CYS_531,17.196610991773767,30.0,0
A,CYS,533,A_CYS_533,18.12591530344353,20.0,1
A,CYS,536,A_CYS_536,17.61791650383877,3.0,0
A,CYS,538,A_CYS_538,17.996078669541113,13.0,0
A,CYS,553,A_CYS_553,17.424273434513207,0.0,0
A,CYS,555,A_CYS_555,12.148177319377504,19.0,0
A,GLN,55,A_GLN_55,9.65396912353302,131.0,0
A,GLN,535,A_GLN_535,23.26076321282639,100.0,0
A,GLU,56,A_GLU_56,22.48767942677756,145.0,0
A,GLU,501,A_GLU_501,5.925653727208603,50.0,2
A,GLU,523,A_GLU_523,9.837246649909318,84.0,2
A,GLU,530,A_GLU_530,23.695725715607715,145.0,0
A,GLU,554,A_GLU_554,24.19868025348243,44.0,0
A,GLY,57,A_GLY_57,10.160741943224377,15.0,0
A,GLY,497,A_GLY_497,7.381790282633995,17.0,0
A,GLY,529,A_GLY_529,10.003116116498314,19.0,0
A,GLY,534,A_GLY_534,10.099989793544902,14.0,0
A,GLY,550,A_GLY_550,10.287788059728658,23.0,0
A,ILE,524,A_ILE_524,18.677161429131235,44.0,0
A,LYS,518,A_LYS_518,12.757942791909676,86.0,0
A,LYS,540,A_LYS_540,2.5902067077495343,65.0,1
A,LYS,551,A_LYS_551,18.782908535924165,119.0,0
A,MET,58,A_MET_58,19.094136824046902,65.0,0
A,MET,512,A_MET_512,19.95102747877896,53.0,0
A,PHE,552,A_PHE_552,25.052379296732155,34.0,0
A,PRO,59,A_PRO_59,16.194015216276227,25.0,0
A,SER,521,A_SER_521,3.294370896181965,36.0,0
A,SER,526,A_SER_526,15.960544959898964,20.0,0
A,SER,549,A_SER_549,15.211488635845434,44.0,0
A,THR,60,A_THR_60,2.40798381423009,29.0,0
A,TYR,515,A_TYR_515,19.33870063150888,162.0,0
A,TYR,548,A_TYR_548,20.632737741261256,22.0,2
A,VAL,532,A_VAL_532,16.686221156340604,51.0,0
A,VAL,537,A_VAL_537,15.519169079904971,40.0,0
