chain,resname,resnum,res_key,density,ACC,hbond_type
A,ALA,599,A_ALA_599,11.35089385264969,72.0,0
A,ALA,616,A_ALA_616,11.333856833674991,0.0,0
A,ARG,611,A_ARG_611,27.33455537903799,153.0,0
A,ARG,613,A_ARG_613,26.87128505972602,96.0,0
A,ARG,680,A_ARG_680,17.865231365521474,33.0,1
A,ARG,682,A_ARG_682,13.633609551272173,63.0,0
A,ASN,603,A_ASN_603,19.89883731414806,29.0,0
A,ASP,687,A_ASP_687,9.532962564302828,17.0,2
A,CYS,612,A_CYS_612,17.38857493841222,1.0,0
A,CYS,684,A_CYS_684,17.863412743226192,3.0,0
A,GLN,607,A_GLN_607,18.599149897103985,167.0,0
A,GLU,602,A_GLU_602,13.961126803014864,87.0,2
A,GLU,604,A_GLU_604,23.25963863540997,141.0,0
A,GLY,600,A_GLY_600,10.169282816369249,5.0,0
A,GLY,605,A_GLY_605,10.57082040827505,57.0,0
A,GLY,606,A_GLY_606,9.51392353489226,43.0,0
A,GLY,609,A_GLY_609,10.857149929449507,34.0,0
A,GLY,617,A_GLY_617,11.03730767449703,16.0,0
A,GLY,677,A_GLY_677,10.190517972407966,0.0,0
A,GLY,679,A_GLY_679,10.230196999548946,5.0,0
A,HIS,620,A_HIS_620,6.403336008422541,0.0,3
A,ILE,596,A_ILE_596,16.038961904419885,32.0,0
A,ILE,601,A_ILE_601,19.07487547447215,39.0,0
A,LEU,610,A_LEU_610,18.73848101084313,123.0,0
A,LEU,614,A_LEU_614,17.879012785437435,102.0,0
A,LEU,618,A_LEU_618,18.886472070035083,86.0,0
A,LEU,619,A_LEU_619,15.162745966807451,0.0,0
A,LEU,686,A_LEU_686,16.721776571437633,0.0,0
A,LYS,676,A_LYS_676,12.825097932970271,151.0,0
A,PHE,597,A_PHE_597,10.868254068019356,66.0,0
A,PHE,692,A_PHE_692,2.307880378553802,20.0,0
A,PRO,681,A_PRO_681,14.677629895493189,72.0,0
A,SER,675,A_SER_675,9.624253639886158,75.0,0
A,TRP,685,A_TRP_685,29.98105935051315,32.0,0
A,TYR,678,A_TYR_678,28.370800513872048,10.0,3
A,TYR,683,A_TYR_683,26.723478047632803,57.0,0
A,VAL,608,A_VAL_608,15.619150058645856,25.0,0
A,VAL,615,A_VAL_615,15.97054677885661,16.0,0
