chain,resname,resnum,res_key,density,ACC,hbond_type
A,ALA,262,A_ALA_262,6.531613675947716,0.0,0
A,ARG,254,A_ARG_254,2.173325967841006,96.0,1
A,ARG,445,A_ARG_445,2.637050619731267,39.0,1
A,ASN,227,A_ASN_227,2.463040840316609,48.0,0
A,ASN,501,A_ASN_501,14.056125313337446,40.0,0
A,ASP,225,A_ASP_225,21.648169209639345,116.0,0
A,CYS,222,A_CYS_222,18.018408604731555,1.0,0
A,GLN,250,A_GLN_250,10.28848704370552,46.0,0
A,GLN,277,A_GLN_277,16.975215734625237,78.0,1
A,GLN,325,A_GLN_325,22.162728368302684,38.0,1
A,GLU,247,A_GLU_247,23.54887640540079,63.0,2
A,GLU,280,A_GLU_280,12.109549541780495,20.0,2
A,GLU,328,A_GLU_328,23.352513668046324,33.0,2
A,GLU,329,A_GLU_329,13.894532495546777,66.0,2
A,GLY,246,A_GLY_246,10.467723500074808,39.0,0
A,HIS,223,A_HIS_223,23.53933258390793,16.0,0
A,HIS,264,A_HIS_264,20.946035005975137,43.0,0
A,HIS,502,A_HIS_502,18.706173463225973,34.0,0
A,ILE,248,A_ILE_248,18.18163391596901,28.0,0
A,ILE,251,A_ILE_251,11.20804589415378,2.0,0
A,ILE,274,A_ILE_274,18.94764972641112,0.0,0
A,ILE,324,A_ILE_324,7.515029483927933,58.0,0
A,ILE,326,A_ILE_326,17.019333093877435,2.0,0
A,LEU,241,A_LEU_241,13.361068091067526,23.0,0
A,LEU,249,A_LEU_249,18.52090515355772,0.0,0
A,LYS,221,A_LYS_221,20.7798952947824,40.0,0
A,LYS,242,A_LYS_242,14.393663710861006,129.0,0
A,LYS,245,A_LYS_245,20.44626774652655,88.0,0
A,LYS,284,A_LYS_284,6.103991612209656,64.0,0
A,PHE,219,A_PHE_219,16.93799885759574,46.0,0
A,PHE,224,A_PHE_224,24.46260315874337,23.0,0
A,PHE,243,A_PHE_243,25.496916102336,2.0,0
A,PHE,504,A_PHE_504,3.469924154115214,14.0,0
A,PRO,275,A_PRO_275,16.184234627604802,0.0,0
A,SER,244,A_SER_244,14.795000918229835,48.0,1
A,SER,263,A_SER_263,8.31852835884399,13.0,0
A,SER,276,A_SER_276,10.818597022426124,0.0,0
A,TRP,260,A_TRP_260,8.421881750055281,27.0,0
A,TRP,533,A_TRP_533,21.25929997229853,69.0,0
A,TYR,226,A_TYR_226,26.08754243605345,14.0,0
A,TYR,327,A_TYR_327,27.644628669454008,20.0,0
A,TYR,503,A_TYR_503,2.882047647255977,16.0,1
A,VAL,218,A_VAL_218,5.957718494621458,13.0,0
A,VAL,220,A_VAL_220,16.700134906983685,2.0,0
A,VAL,265,A_VAL_265,5.995337642560181,54.0,0
A,VAL,330,A_VAL_330,16.380757829473517,4.0,0
