chain,resname,resnum,res_key,density,ACC,hbond_type
A,ALA,216,A_ALA_216,12.595416594176008,99.0,0
A,ALA,299,A_ALA_299,3.287297430175419,54.0,0
A,ARG,387,A_ARG_387,25.960458105896954,133.0,1
A,ASN,210,A_ASN_210,20.57743174338682,50.0,1
A,ASN,219,A_ASN_219,21.473422570593044,25.0,1
A,ASN,391,A_ASN_391,20.29954782849233,1.0,0
A,ASN,392,A_ASN_392,21.232767070998875,6.0,0
A,ASP,218,A_ASP_218,18.382187086801167,126.0,2
A,ASP,386,A_ASP_386,22.095409882602446,80.0,0
A,CYS,388,A_CYS_388,18.53280906071389,26.0,0
A,GLN,303,A_GLN_303,22.670566782797334,24.0,2
A,GLN,306,A_GLN_306,23.974317986628417,84.0,0
A,GLY,207,A_GLY_207,7.8152326516821455,11.0,0
A,GLY,208,A_GLY_208,10.250634873047442,3.0,0
A,GLY,213,A_GLY_213,10.008682030475828,30.0,0
A,ILE,203,A_ILE_203,1.9942270889351097,3.0,0
A,ILE,211,A_ILE_211,18.2142473755348,8.0,0
A,ILE,307,A_ILE_307,18.91599501097476,0.0,0
A,ILE,382,A_ILE_382,10.404938637950623,8.0,0
A,ILE,395,A_ILE_395,15.220953397228085,0.0,0
A,LEU,206,A_LEU_206,3.2550815177709262,15.0,0
A,LEU,381,A_LEU_381,3.619940379340758,28.0,0
A,LEU,389,A_LEU_389,19.036781786472257,20.0,0
A,LEU,390,A_LEU_390,19.072523959178845,4.0,0
A,LYS,217,A_LYS_217,21.000214064411463,103.0,0
A,MET,304,A_MET_304,12.387081156084802,0.0,0
A,MET,394,A_MET_394,21.02581511596696,0.0,0
A,PHE,220,A_PHE_220,24.857225619472008,20.0,0
A,PHE,236,A_PHE_236,6.479346348831338,0.0,0
A,PHE,310,A_PHE_310,16.408156972702386,9.0,0
A,PRO,214,A_PRO_214,16.147254244159967,135.0,0
A,PRO,302,A_PRO_302,5.864255647996188,71.0,0
A,THR,212,A_THR_212,6.138864131338605,51.0,0
A,THR,223,A_THR_223,6.881597366818094,5.0,2
A,THR,384,A_THR_384,5.605167322498193,105.0,0
A,THR,385,A_THR_385,16.724149975069746,26.0,0
A,TRP,209,A_TRP_209,31.64650321252109,3.0,0
A,TRP,215,A_TRP_215,32.22833965715532,25.0,0
A,TRP,396,A_TRP_396,6.372688733837422,0.0,1
A,TYR,393,A_TYR_393,20.19673672949256,0.0,0
