chain,resname,resnum,res_key,density,ACC,hbond_type
A,ALA,261,A_ALA_261,9.105773072850043,0.0,0
A,ALA,391,A_ALA_391,7.0383617666053135,55.0,0
A,ARG,279,A_ARG_279,9.202408325354732,178.0,0
A,ASN,321,A_ASN_321,21.297575586444427,51.0,0
A,ASP,269,A_ASP_269,16.50617589590881,30.0,2
A,ASP,280,A_ASP_280,21.926134626003503,0.0,2
A,CYS,282,A_CYS_282,18.07496756804995,0.0,0
A,CYS,325,A_CYS_325,17.98482086095545,0.0,0
A,CYS,390,A_CYS_390,17.596333782192236,0.0,0
A,CYS,413,A_CYS_413,18.5402237455622,0.0,0
A,GLN,264,A_GLN_264,2.7495188946901155,3.0,2
A,GLN,317,A_GLN_317,3.237534667872373,44.0,1
A,GLN,323,A_GLN_323,23.86466618895661,99.0,0
A,GLN,324,A_GLN_324,22.754638551016644,101.0,0
A,GLN,327,A_GLN_327,22.8075586921191,115.0,0
A,GLN,425,A_GLN_425,8.213307927397567,68.0,0
A,GLU,331,A_GLU_331,20.799430959490465,125.0,2
A,GLU,411,A_GLU_411,8.054242467432132,12.0,2
A,GLY,318,A_GLY_318,10.575601044971249,7.0,0
A,GLY,320,A_GLY_320,9.733004414241204,7.0,0
A,GLY,416,A_GLY_416,10.533190423719962,1.0,0
A,HIS,284,A_HIS_284,18.53938532796812,0.0,0
A,HIS,326,A_HIS_326,23.61083359627729,34.0,3
A,ILE,316,A_ILE_316,1.839993446048933,1.0,0
A,ILE,319,A_ILE_319,18.913726203818584,63.0,0
A,ILE,329,A_ILE_329,18.721650082179163,0.0,0
A,ILE,419,A_ILE_419,7.280535240483516,0.0,0
A,LEU,262,A_LEU_262,17.33786865037465,6.0,0
A,LEU,266,A_LEU_266,12.881607137380444,5.0,0
A,LEU,278,A_LEU_278,5.9056158755956165,10.0,0
A,LEU,330,A_LEU_330,18.03002941879767,38.0,0
A,LEU,332,A_LEU_332,12.930748151383796,1.0,0
A,LEU,420,A_LEU_420,16.538575470812454,0.0,0
A,LEU,422,A_LEU_422,2.629383841723448,0.0,0
A,LYS,265,A_LYS_265,22.10057966675389,0.0,1
A,LYS,268,A_LYS_268,10.203723840604122,22.0,1
A,LYS,387,A_LYS_387,20.93025378112183,84.0,0
A,LYS,388,A_LYS_388,3.0380181516203306,143.0,0
A,MET,386,A_MET_386,21.67567582341077,2.0,0
A,PHE,283,A_PHE_283,25.907728153433258,2.0,0
A,PHE,333,A_PHE_333,8.416473697860104,13.0,0
A,PHE,389,A_PHE_389,9.827998298030217,14.0,0
A,PHE,414,A_PHE_414,25.65479567183921,1.0,0
A,PRO,281,A_PRO_281,15.52479852488054,10.0,0
A,PRO,285,A_PRO_285,1.7637297359173625,38.0,0
A,SER,328,A_SER_328,16.156948205570483,10.0,3
A,SER,410,A_SER_410,3.1034044579333453,1.0,3
A,SER,415,A_SER_415,15.752023199211235,2.0,0
A,SER,421,A_SER_421,16.663174650251705,0.0,3
A,THR,383,A_THR_383,15.415425170799857,18.0,3
A,THR,417,A_THR_417,16.61220474321915,0.0,0
A,TYR,322,A_TYR_322,27.97402512337366,14.0,0
A,TYR,412,A_TYR_412,9.962823052191707,30.0,0
A,TYR,418,A_TYR_418,25.028244730545445,0.0,0
