chain,resname,resnum,res_key,density,ACC,hbond_type
A,ALA,670,A_ALA_670,11.79560717031254,0.0,0
A,ARG,710,A_ARG_710,20.310583536324383,117.0,0
A,ASN,619,A_ASN_619,20.953714052182427,47.0,0
A,ASN,659,A_ASN_659,2.193311216559317,0.0,0
A,ASP,618,A_ASP_618,20.979751754143216,104.0,0
A,ASP,669,A_ASP_669,20.80581404635275,53.0,0
A,CYS,615,A_CYS_615,17.360485925753196,8.0,0
A,CYS,621,A_CYS_621,17.790723332273664,7.0,0
A,GLN,610,A_GLN_610,2.9677622901163168,62.0,1
A,GLN,612,A_GLN_612,21.846172072164624,112.0,0
A,GLU,614,A_GLU_614,23.116266665212528,199.0,0
A,GLU,622,A_GLU_622,22.77011739453034,57.0,2
A,GLU,668,A_GLU_668,22.05808035934088,57.0,2
A,GLY,616,A_GLY_616,10.355235310656354,46.0,0
A,GLY,667,A_GLY_667,10.91435237521164,0.0,0
A,HIS,671,A_HIS_671,24.22537414615681,29.0,0
A,HIS,743,A_HIS_743,18.750786839002995,68.0,2
A,LEU,565,A_LEU_565,17.29644634392834,27.0,0
A,LYS,564,A_LYS_564,6.030062444365602,107.0,0
A,LYS,613,A_LYS_613,19.087885644791186,52.0,0
A,LYS,620,A_LYS_620,20.36113308705257,76.0,1
A,LYS,709,A_LYS_709,4.950153659616042,127.0,0
A,PHE,611,A_PHE_611,12.235234444710676,2.0,0
A,PHE,708,A_PHE_708,3.209522728306395,0.0,0
A,PRO,617,A_PRO_617,15.412087121387858,145.0,0
A,PRO,707,A_PRO_707,10.160325099941916,42.0,0
A,SER,623,A_SER_623,16.095734807249745,0.0,1
A,SER,666,A_SER_666,16.678364224581596,28.0,1
A,SER,741,A_SER_741,12.76157735787396,55.0,0
A,SER,742,A_SER_742,15.586024309833553,11.0,0
A,THR,740,A_THR_740,2.9880844498830834,28.0,0
A,VAL,479,A_VAL_479,1.686805465513581,64.0,0
