chain,resname,resnum,res_key,density,ACC,hbond_type
A,ALA,531,A_ALA_531,2.192391042381425,17.0,0
A,ALA,541,A_ALA_541,12.738306730120248,3.0,0
A,ALA,545,A_ALA_545,12.25411319812322,49.0,0
A,ARG,69,A_ARG_69,2.5311104821554555,50.0,1
A,ARG,131,A_ARG_131,15.874506996954096,150.0,1
A,ARG,525,A_ARG_525,25.605100489698533,44.0,1
A,ARG,532,A_ARG_532,6.437206745219713,131.0,0
A,ASN,72,A_ASN_72,5.541588788688109,57.0,1
A,ASN,537,A_ASN_537,21.59021897746965,30.0,0
A,ASP,526,A_ASP_526,14.925655855229572,99.0,2
A,ASP,527,A_ASP_527,2.551051964835377,80.0,2
A,ASP,547,A_ASP_547,10.187008816074345,105.0,0
A,CYS,503,A_CYS_503,2.1688941608361123,0.0,0
A,CYS,510,A_CYS_510,17.846490790588184,0.0,0
A,CYS,511,A_CYS_511,11.972475859450586,7.0,0
A,CYS,524,A_CYS_524,17.820640960697133,22.0,0
A,CYS,536,A_CYS_536,17.317411131196543,1.0,0
A,CYS,543,A_CYS_543,16.940860495975883,1.0,0
A,GLN,507,A_GLN_507,20.129025999611024,52.0,0
A,GLU,110,A_GLU_110,23.451525137484754,26.0,2
A,GLU,111,A_GLU_111,22.20679512725462,93.0,2
A,GLU,522,A_GLU_522,20.462452170752226,71.0,0
A,GLU,533,A_GLU_533,14.522164381967611,95.0,0
A,GLY,109,A_GLY_109,9.934950928700855,9.0,0
A,GLY,112,A_GLY_112,6.769519055094817,68.0,0
A,GLY,508,A_GLY_508,10.950440721256133,9.0,0
A,GLY,534,A_GLY_534,9.304025329995536,2.0,0
A,GLY,538,A_GLY_538,7.346083026305009,32.0,0
A,HIS,106,A_HIS_106,15.992757905437577,55.0,0
A,ILE,107,A_ILE_107,17.743197541404328,6.0,0
A,ILE,535,A_ILE_535,18.15050504914392,73.0,0
A,LEU,542,A_LEU_542,18.442122797212416,59.0,0
A,LYS,518,A_LYS_518,20.991300397067665,49.0,0
A,LYS,520,A_LYS_520,10.770958381201105,158.0,0
A,LYS,523,A_LYS_523,19.376921751188192,103.0,1
A,PHE,517,A_PHE_517,15.193451438431495,52.0,0
A,PHE,539,A_PHE_539,24.084177444214184,138.0,0
A,PRO,505,A_PRO_505,7.060327498565366,47.0,0
A,PRO,509,A_PRO_509,15.99808349393371,10.0,0
A,PRO,544,A_PRO_544,15.680669921767915,36.0,0
A,SER,113,A_SER_113,16.83882163060416,11.0,0
A,SER,504,A_SER_504,3.343100208419782,0.0,3
A,SER,506,A_SER_506,6.147458895164028,22.0,3
A,SER,519,A_SER_519,8.94999057432933,55.0,3
A,SER,521,A_SER_521,2.3789654142883045,103.0,3
A,SER,546,A_SER_546,16.147856621454807,23.0,2
A,THR,512,A_THR_512,2.750859968709413,25.0,0
A,THR,540,A_THR_540,18.151198616600343,41.0,0
A,TYR,108,A_TYR_108,28.75459743862424,89.0,0
