chain,resname,resnum,res_key,density,ACC,hbond_type
A,ALA,1334,A_ALA_1334,12.940780320139565,88.0,0
A,ARG,1332,A_ARG_1332,25.886341505258265,166.0,0
A,ASN,1308,A_ASN_1308,10.460977641427585,61.0,1
A,ASN,1335,A_ASN_1335,20.879315672362385,77.0,1
A,ASP,1329,A_ASP_1329,22.29230020912346,103.0,0
A,ASP,1350,A_ASP_1350,21.826711074766926,51.0,2
A,ASP,1353,A_ASP_1353,12.839070694180569,61.0,2
A,ASP,1356,A_ASP_1356,14.483460099336977,0.0,0
A,CYS,1307,A_CYS_1307,7.733150060983936,52.0,0
A,CYS,1326,A_CYS_1326,17.984835461178942,33.0,0
A,CYS,1333,A_CYS_1333,17.08328774727015,1.0,0
A,CYS,1338,A_CYS_1338,17.463661791317094,45.0,0
A,CYS,1351,A_CYS_1351,17.24981387419886,1.0,0
A,GLN,1330,A_GLN_1330,23.21110778017717,68.0,0
A,GLN,1337,A_GLN_1337,22.629951611527336,88.0,2
A,GLU,1323,A_GLU_1323,5.386421395222219,170.0,0
A,GLY,1309,A_GLY_1309,2.8001156792623787,56.0,0
A,GLY,1336,A_GLY_1336,10.520001438756188,32.0,0
A,GLY,1340,A_GLY_1340,10.553414151613856,15.0,0
A,HIS,1342,A_HIS_1342,18.712049839119985,147.0,0
A,ILE,1328,A_ILE_1328,10.307271300032834,156.0,0
A,ILE,1339,A_ILE_1339,17.492394836376267,16.0,0
A,LEU,1325,A_LEU_1325,16.260474744418676,152.0,0
A,LEU,1327,A_LEU_1327,19.02845389847752,109.0,0
A,LYS,1341,A_LYS_1341,17.984000610799093,127.0,0
A,LYS,1343,A_LYS_1343,19.46705516833049,63.0,1
A,LYS,1344,A_LYS_1344,10.43046682147942,75.0,0
A,PHE,1331,A_PHE_1331,24.79624838159961,52.0,0
A,SER,1352,A_SER_1352,9.986629974185512,96.0,1
A,SER,1355,A_SER_1355,14.603732899929568,22.0,1
A,VAL,1324,A_VAL_1324,16.293024597774526,99.0,0
