chain,resname,resnum,res_key,density,ACC,hbond_type
A,ALA,251,A_ALA_251,3.360838669548071,0.0,0
A,ALA,295,A_ALA_295,12.147034471538747,0.0,0
A,ASN,256,A_ASN_256,11.155292011335565,49.0,0
A,ASP,302,A_ASP_302,20.36497343740256,157.0,0
A,CYS,269,A_CYS_269,5.410415395316502,1.0,0
A,CYS,297,A_CYS_297,17.854524927430276,3.0,0
A,CYS,310,A_CYS_310,17.696962870003688,1.0,0
A,CYS,341,A_CYS_341,19.136855019150826,0.0,0
A,CYS,348,A_CYS_348,13.898605499199904,0.0,0
A,GLN,255,A_GLN_255,23.55099345615136,27.0,2
A,GLN,305,A_GLN_305,3.006292292909174,46.0,3
A,GLN,346,A_GLN_346,20.24211392653613,125.0,0
A,GLU,290,A_GLU_290,18.34916264548022,39.0,2
A,GLU,336,A_GLU_336,9.99830077437392,114.0,0
A,GLU,337,A_GLU_337,14.953930691235714,1.0,2
A,GLU,339,A_GLU_339,21.55886922686745,127.0,0
A,GLU,342,A_GLU_342,14.55993921681925,79.0,0
A,GLY,260,A_GLY_260,2.7990599040295856,44.0,0
A,GLY,294,A_GLY_294,11.120154258691866,0.0,0
A,GLY,306,A_GLY_306,10.343522126159126,0.0,0
A,HIS,289,A_HIS_289,6.094603764466292,0.0,0
A,HIS,291,A_HIS_291,17.55670967095491,27.0,1
A,LEU,254,A_LEU_254,15.631127077377965,1.0,0
A,LEU,257,A_LEU_257,2.533410021029673,6.0,0
A,LEU,258,A_LEU_258,19.116989365614764,4.0,0
A,LEU,268,A_LEU_268,1.939866767908885,1.0,0
A,LEU,277,A_LEU_277,15.333771334397223,0.0,0
A,LEU,293,A_LEU_293,19.42315598459621,0.0,0
A,LEU,296,A_LEU_296,17.984911089267978,0.0,0
A,LEU,299,A_LEU_299,18.565512351701084,0.0,0
A,LEU,317,A_LEU_317,7.237796711028809,3.0,0
A,LEU,321,A_LEU_321,8.112932244972393,0.0,0
A,LEU,338,A_LEU_338,10.89310583011474,27.0,0
A,LEU,344,A_LEU_344,19.00821147148573,0.0,0
A,LEU,345,A_LEU_345,14.56492245349049,22.0,0
A,LYS,265,A_LYS_265,18.02405605981379,21.0,0
A,LYS,343,A_LYS_343,20.728629369259465,92.0,0
A,MET,273,A_MET_273,7.850379181084729,6.0,0
A,PHE,303,A_PHE_303,20.56524336829025,46.0,0
A,PHE,340,A_PHE_340,25.024640544632028,48.0,0
A,PHE,349,A_PHE_349,7.302619595102457,43.0,0
A,PRO,262,A_PRO_262,3.737383933798182,66.0,0
A,PRO,304,A_PRO_304,2.5443152760604018,95.0,0
A,SER,298,A_SER_298,15.406383169309349,16.0,0
A,THR,301,A_THR_301,17.510171797704704,32.0,0
A,THR,347,A_THR_347,17.577984052728738,53.0,0
A,VAL,259,A_VAL_259,16.841478556415005,101.0,0
A,VAL,274,A_VAL_274,16.05700981180267,0.0,0
A,VAL,278,A_VAL_278,4.854190041137954,0.0,0
A,VAL,281,A_VAL_281,4.298657507067439,0.0,0
A,VAL,292,A_VAL_292,16.185723072524,0.0,0
A,VAL,300,A_VAL_300,15.066077290580386,1.0,0
A,VAL,307,A_VAL_307,16.543924874748768,23.0,0
