chain,resname,resnum,res_key,density,ACC,hbond_type
A,ALA,789,A_ALA_789,12.542028630018969,70.0,0
A,ARG,774,A_ARG_774,26.14416626866645,124.0,0
A,ARG,793,A_ARG_793,18.424183639460303,153.0,1
A,ASN,768,A_ASN_768,9.096130506641854,63.0,0
A,ASP,824,A_ASP_824,10.06762150378993,44.0,2
A,CYS,790,A_CYS_790,16.839112860969177,10.0,0
A,CYS,800,A_CYS_800,18.72991932096211,18.0,0
A,CYS,801,A_CYS_801,17.68241231068409,0.0,0
A,GLN,791,A_GLN_791,21.959702441670057,156.0,0
A,GLU,797,A_GLU_797,5.906224768409345,111.0,0
A,GLY,762,A_GLY_762,10.449649838307597,0.0,0
A,HIS,792,A_HIS_792,24.07947632356241,74.0,0
A,ILE,747,A_ILE_747,2.100681726372406,13.0,0
A,ILE,760,A_ILE_760,17.924521875967574,0.0,0
A,ILE,777,A_ILE_777,6.216481722757639,0.0,0
A,ILE,798,A_ILE_798,13.60570498824555,50.0,0
A,ILE,799,A_ILE_799,18.58413782052064,0.0,0
A,LEU,767,A_LEU_767,18.049381599980027,1.0,0
A,LEU,823,A_LEU_823,18.07588599737736,1.0,0
A,LYS,912,A_LYS_912,2.5945567218093406,44.0,1
A,MET,775,A_MET_775,21.159592884851826,0.0,0
A,MET,822,A_MET_822,21.408965396799367,56.0,0
A,PHE,786,A_PHE_786,5.795800709178543,54.0,0
A,PHE,820,A_PHE_820,9.98870856160262,17.0,0
A,PHE,821,A_PHE_821,24.60629197853517,0.0,0
A,PRO,742,A_PRO_742,1.7165543843187645,2.0,0
A,PRO,773,A_PRO_773,16.366894135903067,1.0,0
A,PRO,804,A_PRO_804,4.341749464073192,24.0,0
A,SER,758,A_SER_758,5.678121097611847,0.0,3
A,SER,771,A_SER_771,15.634615804764785,48.0,0
A,SER,794,A_SER_794,6.00975307050532,32.0,0
A,SER,828,A_SER_828,3.163897311601372,14.0,0
A,THR,759,A_THR_759,17.624332831852044,11.0,1
A,THR,761,A_THR_761,16.550945330904455,30.0,0
A,THR,787,A_THR_787,18.28039631868994,73.0,0
A,THR,802,A_THR_802,17.16388980116543,59.0,2
A,THR,803,A_THR_803,14.032806150693297,2.0,3
A,VAL,744,A_VAL_744,5.634736189855958,3.0,0
A,VAL,763,A_VAL_763,2.789382507276138,46.0,0
A,VAL,770,A_VAL_770,15.929505881782836,0.0,0
A,VAL,772,A_VAL_772,16.543636506174465,72.0,0
A,VAL,776,A_VAL_776,14.637063146629597,4.0,0
A,VAL,788,A_VAL_788,16.149900378781464,27.0,0
