chain,resname,resnum,res_key,density,ACC,hbond_type
A,ALA,133,A_ALA_133,12.71334890110933,21.0,0
A,ALA,134,A_ALA_134,11.66590068390802,78.0,0
A,ALA,161,A_ALA_161,10.360292604514976,25.0,0
A,ALA,171,A_ALA_171,11.919458568447071,3.0,0
A,ARG,115,A_ARG_115,10.710093302011735,155.0,0
A,ARG,128,A_ARG_128,15.340025175276562,116.0,0
A,ARG,132,A_ARG_132,5.486306081117219,235.0,0
A,ARG,169,A_ARG_169,27.10491916514309,81.0,1
A,ARG,224,A_ARG_224,27.1760553769273,204.0,0
A,ASP,137,A_ASP_137,2.4686053731179367,13.0,2
A,ASP,190,A_ASP_190,10.837889421226723,86.0,0
A,CYS,166,A_CYS_166,17.740309335230798,6.0,0
A,CYS,222,A_CYS_222,17.676140892088576,45.0,0
A,GLN,113,A_GLN_113,12.766745822423555,131.0,0
A,GLN,219,A_GLN_219,22.46199252857584,46.0,0
A,GLU,191,A_GLU_191,23.38243914929432,49.0,2
A,GLU,223,A_GLU_223,23.607043493039985,60.0,2
A,GLY,111,A_GLY_111,5.843571671228451,55.0,0
A,GLY,135,A_GLY_135,10.154618365331512,2.0,0
A,GLY,165,A_GLY_165,10.402307565755692,28.0,0
A,GLY,168,A_GLY_168,10.174438360186652,0.0,0
A,GLY,187,A_GLY_187,5.82896639598188,8.0,0
A,ILE,160,A_ILE_160,12.021469999283228,4.0,0
A,ILE,189,A_ILE_189,18.66271058030124,16.0,0
A,ILE,221,A_ILE_221,18.370394583766625,23.0,0
A,ILE,225,A_ILE_225,17.90255122661788,57.0,0
A,LEU,114,A_LEU_114,17.592984188987693,40.0,0
A,LEU,138,A_LEU_138,6.1655005650929215,1.0,0
A,LEU,162,A_LEU_162,19.492010274192207,12.0,0
A,LEU,220,A_LEU_220,17.294136617449308,0.0,0
A,MET,112,A_MET_112,20.56967024759557,167.0,0
A,PHE,226,A_PHE_226,2.76694798060457,193.0,0
A,PRO,126,A_PRO_126,3.810963060736361,20.0,0
A,PRO,163,A_PRO_163,15.121803045003771,31.0,0
A,SER,164,A_SER_164,16.243636462727522,96.0,0
A,THR,127,A_THR_127,3.058986848404029,54.0,3
A,TYR,136,A_TYR_136,29.08661479378751,78.0,0
A,TYR,167,A_TYR_167,28.2512466091911,38.0,1
A,TYR,227,A_TYR_227,7.486993664020799,144.0,1
A,VAL,170,A_VAL_170,16.399464566544463,7.0,0
A,VAL,188,A_VAL_188,13.233016039837723,88.0,0
