chain,resname,resnum,res_key,density,ACC,hbond_type
A,ALA,589,A_ALA_589,12.131899998397603,7.0,0
A,ARG,562,A_ARG_562,21.833509504739823,135.0,0
A,ARG,577,A_ARG_577,18.68748475904864,122.0,1
A,ASN,557,A_ASN_557,17.27847745777303,50.0,0
A,ASN,559,A_ASN_559,12.190126441391245,82.0,1
A,ASN,571,A_ASN_571,19.552773308947145,45.0,0
A,ASN,582,A_ASN_582,21.65280435983087,72.0,0
A,ASP,556,A_ASP_556,16.24878147009357,0.0,2
A,ASP,561,A_ASP_561,20.3673310635866,79.0,2
A,ASP,591,A_ASP_591,18.206857602952805,91.0,0
A,CYS,560,A_CYS_560,17.889289036745552,4.0,0
A,CYS,568,A_CYS_568,18.27449630633616,0.0,0
A,CYS,574,A_CYS_574,18.17816379266178,14.0,0
A,CYS,576,A_CYS_576,18.74253127063917,59.0,0
A,CYS,579,A_CYS_579,17.7340573960767,15.0,0
A,CYS,581,A_CYS_581,17.217461478706984,41.0,0
A,CYS,590,A_CYS_590,18.253227798823342,0.0,0
A,CYS,592,A_CYS_592,12.811821421872882,18.0,0
A,GLU,580,A_GLU_580,24.088232583827512,97.0,2
A,GLY,569,A_GLY_569,10.530112472536723,14.0,0
A,GLY,570,A_GLY_570,10.2363230621168,47.0,0
A,GLY,572,A_GLY_572,9.473131907191654,19.0,0
A,GLY,587,A_GLY_587,10.214588823434166,40.0,0
A,ILE,567,A_ILE_567,18.17625885798281,61.0,0
A,LEU,566,A_LEU_566,9.815738555061676,99.0,0
A,LYS,575,A_LYS_575,20.888153979179474,109.0,1
A,PHE,558,A_PHE_558,11.763985317098,10.0,0
A,PRO,583,A_PRO_583,4.577160656141547,114.0,0
A,SER,563,A_SER_563,15.49216791218145,28.0,0
A,SER,588,A_SER_588,15.831069789078802,84.0,1
A,THR,586,A_THR_586,17.267320653840304,51.0,0
A,TYR,585,A_TYR_585,18.705113511241965,82.0,0
A,VAL,573,A_VAL_573,16.510158020629593,83.0,0
A,VAL,578,A_VAL_578,16.8516292957758,100.0,0
