chain,resname,resnum,res_key,density,ACC,hbond_type
A,ALA,285,A_ALA_285,12.6991816581959,21.0,0
A,ALA,314,A_ALA_314,12.696949467312264,3.0,0
A,ASN,317,A_ASN_317,20.74505211435032,1.0,0
A,ASN,321,A_ASN_321,15.278303213986712,0.0,1
A,ASP,85,A_ASP_85,5.4142951254008125,0.0,2
A,CYS,283,A_CYS_283,18.10307298199108,9.0,0
A,CYS,319,A_CYS_319,18.02375142721732,16.0,0
A,GLN,92,A_GLN_92,8.34411009385496,2.0,0
A,GLN,291,A_GLN_291,2.056244633195952,3.0,0
A,ILE,130,A_ILE_130,5.756814709538595,1.0,0
A,ILE,276,A_ILE_276,14.686926008667138,1.0,0
A,ILE,324,A_ILE_324,4.057019822391857,10.0,0
A,LEU,274,A_LEU_274,3.648435913266484,62.0,0
A,LEU,282,A_LEU_282,18.516050517979284,114.0,0
A,LEU,289,A_LEU_289,13.481774141041669,115.0,0
A,LEU,309,A_LEU_309,18.51979050250804,108.0,0
A,LEU,310,A_LEU_310,18.64464031549945,49.0,0
A,LEU,312,A_LEU_312,17.897739822232882,16.0,0
A,LEU,313,A_LEU_313,17.833403537068634,40.0,0
A,LEU,316,A_LEU_316,18.279827524207665,76.0,0
A,MET,1,A_MET_1,7.242405151442441,15.0,0
A,MET,123,A_MET_123,12.454777132980883,6.0,0
A,MET,311,A_MET_311,13.835174620687347,27.0,0
A,PHE,214,A_PHE_214,25.76218346300949,31.0,0
A,PHE,287,A_PHE_287,24.953832758320253,5.0,0
A,PHE,288,A_PHE_288,25.554569294817604,6.0,0
A,PHE,307,A_PHE_307,3.1321467305981736,21.0,0
A,PRO,286,A_PRO_286,16.489496209583738,34.0,0
A,PRO,306,A_PRO_306,3.6164223073971615,89.0,0
A,SER,126,A_SER_126,2.2086935144918853,2.0,1
A,SER,127,A_SER_127,9.172005502199807,0.0,3
A,SER,315,A_SER_315,15.916888055933285,2.0,0
A,SER,318,A_SER_318,14.920327713444244,4.0,1
A,THR,218,A_THR_218,9.532244242039734,26.0,0
A,THR,320,A_THR_320,18.035555033957767,39.0,0
A,TRP,284,A_TRP_284,31.994366575879543,7.0,0
A,TYR,280,A_TYR_280,28.38046318438717,1.0,3
A,VAL,47,A_VAL_47,3.9304097178296353,8.0,0
A,VAL,88,A_VAL_88,1.906497353586603,7.0,0
A,VAL,213,A_VAL_213,9.107139217910705,0.0,0
A,VAL,275,A_VAL_275,6.258713072900707,45.0,0
A,VAL,277,A_VAL_277,16.57558674322427,17.0,0
A,VAL,278,A_VAL_278,16.95017007035718,74.0,0
A,VAL,279,A_VAL_279,17.14872799708091,29.0,0
A,VAL,281,A_VAL_281,16.850960111343177,48.0,0
A,VAL,290,A_VAL_290,6.749140346534553,24.0,0
A,VAL,308,A_VAL_308,5.7045460537402,19.0,0
