chain,resname,resnum,res_key,density,ACC,hbond_type
A,ALA,140,A_ALA_140,13.01001273659199,42.0,0
A,ALA,147,A_ALA_147,12.865959081545428,49.0,0
A,ALA,223,A_ALA_223,6.230933494274647,54.0,0
A,ALA,234,A_ALA_234,12.749715792642316,63.0,0
A,ALA,260,A_ALA_260,10.158217740180143,69.0,0
A,ARG,137,A_ARG_137,22.23792575782305,33.0,1
A,ARG,139,A_ARG_139,26.20700349700581,139.0,0
A,ARG,143,A_ARG_143,27.18985123027713,144.0,0
A,ARG,230,A_ARG_230,26.850401120588803,176.0,0
A,ASP,136,A_ASP_136,21.238761504800387,32.0,2
A,CYS,142,A_CYS_142,17.62141778240914,28.0,0
A,CYS,224,A_CYS_224,18.86091592220923,10.0,0
A,GLN,225,A_GLN_225,14.61742239875042,9.0,3
A,GLU,231,A_GLU_231,23.60889520279537,77.0,0
A,HIS,138,A_HIS_138,23.701183870670373,26.0,0
A,HIS,233,A_HIS_233,6.974752726199068,124.0,0
A,ILE,141,A_ILE_141,18.509010361774987,22.0,0
A,ILE,228,A_ILE_228,18.243131472781165,0.0,0
A,ILE,232,A_ILE_232,18.766411136094963,29.0,0
A,LEU,135,A_LEU_135,16.2304843173502,56.0,0
A,LEU,146,A_LEU_146,18.25390410477033,88.0,0
A,LEU,227,A_LEU_227,19.34111251931588,78.0,0
A,MET,133,A_MET_133,3.5608492477510185,3.0,0
A,MET,145,A_MET_145,21.65825026962449,153.0,0
A,PHE,229,A_PHE_229,14.949011584743497,91.0,0
A,PRO,144,A_PRO_144,16.116082223396166,80.0,0
A,SER,235,A_SER_235,12.749061334658204,36.0,0
A,THR,134,A_THR_134,9.801774629332929,0.0,0
A,TYR,148,A_TYR_148,2.406683344372959,208.0,0
A,VAL,226,A_VAL_226,13.720634078015902,82.0,0
A,VAL,262,A_VAL_262,10.7187785465449,43.0,0
A,VAL,266,A_VAL_266,7.931149867179422,49.0,0
A,VAL,270,A_VAL_270,6.105731412937574,5.0,0
