chain,resname,resnum,res_key,density,ACC,hbond_type
A,ALA,1355,A_ALA_1355,3.6123309582205314,16.0,0
A,CYS,1359,A_CYS_1359,17.998035604820203,49.0,0
A,CYS,1723,A_CYS_1723,17.124597402938196,97.0,0
A,GLN,1725,A_GLN_1725,22.73053001863037,162.0,0
A,GLN,1726,A_GLN_1726,22.711165430215804,24.0,1
A,ILE,1360,A_ILE_1360,2.671838113453397,83.0,0
A,ILE,1718,A_ILE_1718,16.551655128423192,26.0,0
A,ILE,1719,A_ILE_1719,19.154264331660176,101.0,0
A,ILE,1720,A_ILE_1720,18.07043415207414,25.0,0
A,ILE,1722,A_ILE_1722,18.09450346606232,76.0,0
A,LEU,1362,A_LEU_1362,18.9482126303725,0.0,0
A,LEU,1366,A_LEU_1366,7.45356675113096,124.0,0
A,LEU,1716,A_LEU_1716,16.045046333298853,52.0,0
A,LEU,1735,A_LEU_1735,5.835026339394961,53.0,0
A,LEU,1738,A_LEU_1738,2.0236322041638948,1.0,0
A,LYS,1727,A_LYS_1727,4.912506917488682,125.0,0
A,PHE,1721,A_PHE_1721,25.01292518676425,0.0,0
A,PHE,1724,A_PHE_1724,25.23266337845062,61.0,0
A,SER,1365,A_SER_1365,3.3263277994784746,24.0,0
A,SER,1731,A_SER_1731,2.654271936538447,23.0,3
A,THR,1715,A_THR_1715,6.006731316256369,66.0,0
A,TYR,1729,A_TYR_1729,16.21063082315297,0.0,3
A,VAL,1358,A_VAL_1358,11.362236172357669,0.0,0
A,VAL,1363,A_VAL_1363,8.575513679813112,69.0,0
A,VAL,1717,A_VAL_1717,16.220688002861205,1.0,0
A,VAL,1730,A_VAL_1730,16.358545145618763,32.0,0
