chain,resname,resnum,res_key,density,ACC,hbond_type
A,ALA,1431,A_ALA_1431,12.13835556335894,108.0,0
A,ALA,1494,A_ALA_1494,12.2554239401197,16.0,0
A,ARG,1417,A_ARG_1417,26.29205307856113,20.0,0
A,ASN,1422,A_ASN_1422,12.405881735860088,62.0,3
A,ASN,1492,A_ASN_1492,20.473200559134863,24.0,1
A,ASP,1411,A_ASP_1411,18.539852981690903,81.0,2
A,ASP,1426,A_ASP_1426,12.5425594937606,164.0,0
A,ASP,1495,A_ASP_1495,18.06361054140663,2.0,2
A,CYS,1418,A_CYS_1418,17.23306621898613,25.0,0
A,CYS,1429,A_CYS_1429,18.05019212316224,51.0,0
A,GLN,1430,A_GLN_1430,21.951651546827744,112.0,2
A,GLN,1491,A_GLN_1491,20.562715197116123,12.0,2
A,GLU,1420,A_GLU_1420,11.039167938995448,124.0,0
A,GLU,1433,A_GLU_1433,6.388613748519932,168.0,0
A,GLY,1413,A_GLY_1413,11.214283696447206,6.0,0
A,GLY,1415,A_GLY_1415,5.7000765577865184,1.0,0
A,GLY,1421,A_GLY_1421,7.131679780767165,70.0,0
A,GLY,1432,A_GLY_1432,10.3948284094791,44.0,0
A,ILE,1424,A_ILE_1424,18.23465143079057,50.0,0
A,LYS,1490,A_LYS_1490,17.76173834227545,48.0,1
A,MET,1419,A_MET_1419,14.071521366505388,8.0,0
A,PHE,1414,A_PHE_1414,12.6280296881015,2.0,0
A,PRO,1412,A_PRO_1412,15.812133853373268,2.0,0
A,PRO,1423,A_PRO_1423,16.20104145019315,98.0,0
A,PRO,1425,A_PRO_1425,13.670742075632624,100.0,0
A,PRO,1428,A_PRO_1428,16.072589717432752,96.0,0
A,SER,1625,A_SER_1625,4.798929718270168,22.0,0
A,THR,1416,A_THR_1416,10.11912178143794,6.0,3
A,THR,1427,A_THR_1427,17.930616797821127,51.0,0
A,THR,1493,A_THR_1493,17.103684428036104,1.0,1
A,TRP,1382,A_TRP_1382,21.56858283393904,36.0,0
