chain,resname,resnum,res_key,density,ACC,hbond_type
A,ALA,592,A_ALA_592,11.8671103756919,80.0,0
A,ARG,584,A_ARG_584,8.65598032395252,89.0,1
A,ARG,605,A_ARG_605,27.28333015492476,97.0,1
A,ARG,610,A_ARG_610,23.890946115315145,158.0,1
A,ASN,594,A_ASN_594,2.68053646161341,149.0,0
A,ASN,598,A_ASN_598,17.340688065935087,24.0,3
A,ASN,621,A_ASN_621,12.414273436520736,46.0,2
A,ASP,569,A_ASP_569,3.085889149831383,38.0,2
A,ASP,606,A_ASP_606,21.47122443675346,34.0,2
A,ASP,616,A_ASP_616,4.860105770049595,44.0,0
A,CYS,582,A_CYS_582,17.944900659089548,1.0,0
A,CYS,591,A_CYS_591,17.55507798296416,31.0,0
A,CYS,593,A_CYS_593,17.155223975974145,9.0,0
A,CYS,600,A_CYS_600,2.490608349879237,0.0,0
A,CYS,603,A_CYS_603,17.468053508145942,4.0,0
A,CYS,604,A_CYS_604,18.827863009811804,4.0,0
A,CYS,611,A_CYS_611,17.4024727420923,46.0,0
A,GLN,586,A_GLN_586,23.224715824012627,77.0,0
A,GLN,587,A_GLN_587,14.12403158280136,181.0,0
A,GLU,583,A_GLU_583,23.573942132451084,85.0,2
A,GLU,585,A_GLU_585,13.981622210673857,78.0,2
A,GLU,589,A_GLU_589,23.050390308874523,101.0,2
A,GLY,609,A_GLY_609,10.48478312606125,46.0,0
A,LEU,588,A_LEU_588,18.21011878734149,43.0,0
A,LEU,607,A_LEU_607,18.1278523300827,177.0,0
A,LEU,622,A_LEU_622,15.536970583958988,41.0,0
A,LEU,624,A_LEU_624,5.053150490893614,20.0,0
A,LYS,601,A_LYS_601,14.95031757784499,35.0,1
A,LYS,628,A_LYS_628,2.324695563051709,65.0,1
A,PHE,581,A_PHE_581,25.781283839735583,22.0,0
A,PHE,623,A_PHE_623,2.879466492284083,92.0,0
A,PRO,580,A_PRO_580,16.289907238542032,49.0,0
A,PRO,613,A_PRO_613,15.900193784559242,38.0,0
A,SER,590,A_SER_590,15.3158771660979,41.0,1
A,SER,599,A_SER_599,9.33345747620228,11.0,0
A,SER,608,A_SER_608,16.40839974155183,75.0,3
A,TYR,614,A_TYR_614,27.891935035622325,46.0,0
A,VAL,602,A_VAL_602,16.83989830158299,9.0,0
A,VAL,612,A_VAL_612,16.23040828737338,59.0,0
A,VAL,615,A_VAL_615,16.386979281510207,69.0,0
