chain,resname,resnum,res_key,density,ACC,hbond_type
A,ALA,1191,A_ALA_1191,3.4415198726379828,11.0,0
A,ALA,1618,A_ALA_1618,6.351675452096408,91.0,0
A,ALA,1645,A_ALA_1645,11.44388812145699,3.0,0
A,ALA,1649,A_ALA_1649,11.783490438501596,72.0,0
A,ALA,1708,A_ALA_1708,9.592048160540829,62.0,0
A,ARG,1212,A_ARG_1212,13.964410656942563,38.0,1
A,ARG,1615,A_ARG_1615,18.073173807319964,91.0,1
A,ARG,1726,A_ARG_1726,7.199430339090341,80.0,1
A,ASN,1520,A_ASN_1520,15.087295067126083,6.0,1
A,ASN,1622,A_ASN_1622,7.631953055104139,72.0,2
A,ASP,1528,A_ASP_1528,12.264250666745015,37.0,2
A,ASP,1585,A_ASP_1585,5.574099912952407,29.0,0
A,CYS,1190,A_CYS_1190,3.2385979739479764,48.0,0
A,CYS,1614,A_CYS_1614,17.889469578392053,34.0,0
A,CYS,1646,A_CYS_1646,17.154212526795664,14.0,0
A,CYS,1695,A_CYS_1695,3.4482201832363457,1.0,0
A,GLN,1192,A_GLN_1192,6.460366317673075,142.0,0
A,GLN,1586,A_GLN_1586,22.376632042053973,55.0,2
A,GLN,1648,A_GLN_1648,22.35010232262364,139.0,0
A,GLN,1696,A_GLN_1696,6.373989865621155,34.0,0
A,GLU,1617,A_GLU_1617,12.820177738244023,118.0,2
A,GLU,1647,A_GLU_1647,22.99825134583553,51.0,2
A,GLY,1709,A_GLY_1709,10.219837155439729,30.0,0
A,HIS,1525,A_HIS_1525,24.033333870414896,43.0,0
A,HIS,1641,A_HIS_1641,19.08120467504181,23.0,3
A,ILE,1193,A_ILE_1193,4.085265370630884,65.0,0
A,LEU,1526,A_LEU_1526,12.034411232690374,48.0,0
A,LEU,1529,A_LEU_1529,11.568416279842875,0.0,0
A,LEU,1532,A_LEU_1532,1.7380120043111116,18.0,0
A,LEU,1588,A_LEU_1588,17.731677738254035,1.0,0
A,LEU,1644,A_LEU_1644,18.069309905338493,60.0,0
A,PHE,1527,A_PHE_1527,24.920316506699848,3.0,0
A,PHE,1612,A_PHE_1612,18.6335348968876,0.0,0
A,PRO,1616,A_PRO_1616,15.231914334382187,101.0,0
A,PRO,1643,A_PRO_1643,15.890299908124025,60.0,0
A,PRO,1697,A_PRO_1697,10.288239111222634,32.0,0
A,SER,1531,A_SER_1531,3.188598730013629,89.0,0
A,THR,1523,A_THR_1523,7.453204600442168,37.0,3
A,THR,1642,A_THR_1642,17.493322944975493,0.0,0
A,THR,1650,A_THR_1650,11.231163024432307,31.0,0
A,TRP,1640,A_TRP_1640,7.569624817053254,0.0,1
A,TYR,1583,A_TYR_1583,13.913968978176284,12.0,2
A,VAL,1518,A_VAL_1518,5.32031617255857,0.0,0
A,VAL,1587,A_VAL_1587,16.5841291469352,10.0,0
A,VAL,1613,A_VAL_1613,15.391035942577547,1.0,0
A,VAL,1727,A_VAL_1727,3.290808446234415,26.0,0
