chain,resname,resnum,res_key,density,ACC,hbond_type
A,ALA,23,A_ALA_23,12.110892408334092,98.0,0
A,ARG,20,A_ARG_20,26.021214384597947,240.0,0
A,ARG,25,A_ARG_25,4.218415287413198,243.0,0
A,CYS,21,A_CYS_21,17.705957685674996,107.0,0
A,PRO,17,A_PRO_17,7.762590057096534,109.0,0
A,PRO,18,A_PRO_18,16.11203049626258,122.0,0
A,PRO,22,A_PRO_22,15.634130886748808,108.0,0
A,TRP,24,A_TRP_24,32.54573248584598,187.0,0
A,VAL,19,A_VAL_19,15.67491682696544,139.0,0
