chain,resname,resnum,res_key,density,ACC,hbond_type
A,ALA,317,A_ALA_317,11.685247909508956,0.0,0
A,ARG,182,A_ARG_182,26.439498214544912,78.0,1
A,ARG,256,A_ARG_256,12.576064792527571,102.0,1
A,ARG,259,A_ARG_259,18.56930852257685,16.0,1
A,ARG,292,A_ARG_292,13.971975524885,154.0,0
A,ARG,293,A_ARG_293,12.044451988469325,80.0,1
A,ARG,320,A_ARG_320,24.95808579147119,43.0,1
A,ASN,187,A_ASN_187,2.5321967112337846,18.0,1
A,ASP,178,A_ASP_178,15.71398090012868,12.0,0
A,ASP,185,A_ASP_185,22.25181027619646,0.0,2
A,ASP,258,A_ASP_258,21.61179969794204,49.0,2
A,ASP,321,A_ASP_321,20.946429221428648,40.0,2
A,ASP,336,A_ASP_336,2.760854676751036,54.0,2
A,ASP,472,A_ASP_472,6.039915288739346,65.0,0
A,CYS,174,A_CYS_174,5.752330732447431,1.0,0
A,CYS,288,A_CYS_288,17.619744292143942,24.0,0
A,CYS,318,A_CYS_318,17.291454013314414,25.0,0
A,GLN,334,A_GLN_334,22.16584313258972,136.0,0
A,GLN,335,A_GLN_335,22.904316872478013,55.0,1
A,GLU,180,A_GLU_180,3.2817437038067614,106.0,2
A,GLU,291,A_GLU_291,10.03204478263496,171.0,0
A,GLU,294,A_GLU_294,14.181397867561744,36.0,2
A,GLU,315,A_GLU_315,22.984387579911687,67.0,2
A,GLU,469,A_GLU_469,3.455695192925179,65.0,2
A,GLY,295,A_GLY_295,7.364766931307592,34.0,0
A,HIS,184,A_HIS_184,24.37934668635375,0.0,0
A,HIS,319,A_HIS_319,23.701715103524403,33.0,2
A,ILE,313,A_ILE_313,16.66039963714147,56.0,0
A,LEU,181,A_LEU_181,5.943971394676286,21.0,0
A,LEU,186,A_LEU_186,17.44760480393185,0.0,0
A,LEU,189,A_LEU_189,10.548681043198638,1.0,0
A,LEU,252,A_LEU_252,4.976970592508229,13.0,0
A,LEU,254,A_LEU_254,9.839785595460295,55.0,0
A,LEU,260,A_LEU_260,18.16053595342101,0.0,0
A,LYS,183,A_LYS_183,17.97087321218956,4.0,1
A,LYS,257,A_LYS_257,19.80856139102853,99.0,1
A,LYS,470,A_LYS_470,6.914969269818215,53.0,1
A,PHE,177,A_PHE_177,12.25820451378513,18.0,0
A,PHE,286,A_PHE_286,24.75993933982795,0.0,0
A,PRO,188,A_PRO_188,8.493398086170508,49.0,0
A,PRO,289,A_PRO_289,15.115972255521635,19.0,0
A,SER,290,A_SER_290,14.962137979117196,82.0,0
A,THR,285,A_THR_285,5.821565268448381,4.0,0
A,THR,314,A_THR_314,17.24634793952928,1.0,0
A,TRP,312,A_TRP_312,14.275369559090857,2.0,0
A,TYR,175,A_TYR_175,8.5390532644397,20.0,0
A,TYR,316,A_TYR_316,26.56093502279432,26.0,0
A,TYR,322,A_TYR_322,2.677800180122821,47.0,1
A,VAL,176,A_VAL_176,14.735577593345472,30.0,0
A,VAL,261,A_VAL_261,2.689678569105955,29.0,0
A,VAL,287,A_VAL_287,15.44304623011295,11.0,0
A,VAL,337,A_VAL_337,1.9783382539511296,10.0,0
