chain,resname,resnum,res_key,density,ACC,hbond_type
A,ALA,27,A_ALA_27,12.704275765386807,7.0,0
A,ALA,39,A_ALA_39,12.546149377721164,55.0,0
A,ALA,41,A_ALA_41,11.793404959973625,6.0,0
A,ARG,24,A_ARG_24,25.259811331506167,224.0,0
A,ARG,28,A_ARG_28,18.806787512075545,248.0,0
A,ARG,43,A_ARG_43,26.82611197151809,109.0,0
A,ASN,33,A_ASN_33,10.259798485606805,54.0,0
A,ASN,38,A_ASN_38,21.06083216525541,74.0,2
A,ASN,45,A_ASN_45,18.26433128828854,54.0,0
A,ASP,22,A_ASP_22,7.815281928625549,151.0,0
A,CYS,26,A_CYS_26,16.982803416673047,65.0,0
A,CYS,30,A_CYS_30,18.2144057128422,35.0,0
A,CYS,36,A_CYS_36,17.22287786574642,47.0,0
A,CYS,42,A_CYS_42,18.232973272294203,0.0,0
A,CYS,44,A_CYS_44,17.659919857263723,18.0,0
A,CYS,62,A_CYS_62,7.022197001856744,11.0,0
A,GLN,32,A_GLN_32,10.77978463353064,175.0,0
A,GLU,53,A_GLU_53,5.257386920517026,151.0,0
A,GLY,25,A_GLY_25,10.74761448918497,62.0,0
A,ILE,54,A_ILE_54,17.58304622583851,78.0,0
A,ILE,55,A_ILE_55,18.339451387095977,0.0,0
A,PRO,31,A_PRO_31,16.7623289173663,26.0,0
A,PRO,46,A_PRO_46,2.075294291692941,125.0,0
A,SER,23,A_SER_23,2.5403457754497905,108.0,0
A,SER,34,A_SER_34,15.330912004527026,22.0,0
A,SER,35,A_SER_35,16.024233379614962,54.0,0
A,THR,40,A_THR_40,17.826820691465997,89.0,1
A,THR,56,A_THR_56,14.442305915358055,86.0,0
A,THR,57,A_THR_57,3.435920392133661,50.0,3
A,TRP,29,A_TRP_29,31.049202090508,81.0,0
A,VAL,37,A_VAL_37,16.17504401423931,74.0,0
