chain,resname,resnum,res_key,density,ACC,hbond_type
A,ALA,65,A_ALA_65,12.582453517260566,62.0,0
A,ALA,154,A_ALA_154,8.90673388413269,0.0,0
A,ARG,66,A_ARG_66,26.695129044342654,55.0,0
A,ARG,78,A_ARG_78,16.51952126717867,164.0,0
A,ASP,81,A_ASP_81,22.315823746577216,87.0,2
A,ASP,87,A_ASP_87,2.698131746165605,66.0,2
A,ASP,147,A_ASP_147,5.774504614702279,41.0,2
A,ASP,155,A_ASP_155,2.581408242406612,25.0,2
A,CYS,67,A_CYS_67,18.43695828835549,1.0,0
A,CYS,82,A_CYS_82,18.351470320720715,15.0,0
A,GLN,83,A_GLN_83,22.97007856597492,91.0,1
A,GLN,115,A_GLN_115,8.359284476325202,37.0,2
A,GLU,61,A_GLU_61,12.575694158472848,96.0,0
A,GLU,72,A_GLU_72,23.12688916077952,128.0,0
A,GLU,76,A_GLU_76,2.178572698430685,98.0,0
A,GLU,146,A_GLU_146,3.1457368866527418,13.0,2
A,GLY,113,A_GLY_113,10.028038912905044,6.0,0
A,GLY,151,A_GLY_151,10.45489756056266,0.0,0
A,HIS,74,A_HIS_74,23.887302149629026,45.0,0
A,HIS,79,A_HIS_79,22.16489664797438,144.0,0
A,ILE,73,A_ILE_73,18.432185826608208,103.0,0
A,LEU,64,A_LEU_64,18.730817465094347,47.0,0
A,LEU,109,A_LEU_109,9.358768455680526,0.0,0
A,LEU,112,A_LEU_112,14.042123430877291,74.0,0
A,LEU,149,A_LEU_149,19.052068223756685,0.0,0
A,LEU,150,A_LEU_150,18.7883364221939,9.0,0
A,LEU,153,A_LEU_153,18.85032412680229,0.0,0
A,LEU,157,A_LEU_157,3.696247122068085,11.0,0
A,LYS,69,A_LYS_69,21.104514118678708,110.0,0
A,MET,77,A_MET_77,21.52280223099052,5.0,0
A,PHE,59,A_PHE_59,6.275803762581361,0.0,0
A,PHE,89,A_PHE_89,17.555628809886397,0.0,0
A,PRO,60,A_PRO_60,10.69911090337504,24.0,0
A,PRO,75,A_PRO_75,2.6923208314795404,78.0,0
A,SER,84,A_SER_84,15.33321260469136,48.0,1
A,THR,62,A_THR_62,17.466813022860386,41.0,0
A,THR,71,A_THR_71,17.72262287328827,18.0,0
A,THR,114,A_THR_114,2.937876908001017,74.0,0
A,THR,148,A_THR_148,16.32183143900509,15.0,0
A,TRP,86,A_TRP_86,30.02691642294113,18.0,0
A,TYR,70,A_TYR_70,27.83474421958948,3.0,3
A,TYR,152,A_TYR_152,28.3524346617728,62.0,0
A,VAL,63,A_VAL_63,16.513702823276663,0.0,0
A,VAL,68,A_VAL_68,17.205524993733327,67.0,0
A,VAL,80,A_VAL_80,16.642803616961857,18.0,0
A,VAL,85,A_VAL_85,16.084948163133877,1.0,0
