chain,resname,resnum,res_key,density,ACC,hbond_type
A,ALA,414,A_ALA_414,11.90553021497196,0.0,0
A,ARG,396,A_ARG_396,14.92838044050054,99.0,1
A,ARG,403,A_ARG_403,27.19961257418332,163.0,0
A,ASN,453,A_ASN_453,21.430908714935672,26.0,2
A,ASP,408,A_ASP_408,20.90105584302372,84.0,2
A,ASP,456,A_ASP_456,22.25636215019369,99.0,0
A,CYS,404,A_CYS_404,17.545816098392585,4.0,0
A,CYS,447,A_CYS_447,3.0343515148487312,5.0,0
A,CYS,471,A_CYS_471,6.916538604145061,4.0,1
A,GLN,397,A_GLN_397,22.385384735237373,66.0,3
A,GLN,400,A_GLN_400,6.415648732165934,148.0,0
A,GLN,406,A_GLN_406,22.06317157541933,142.0,0
A,GLU,381,A_GLU_381,10.351334834398203,72.0,2
A,GLU,394,A_GLU_394,14.866612708750356,92.0,2
A,GLU,412,A_GLU_412,13.033262962936435,25.0,2
A,GLU,450,A_GLU_450,9.96034356956067,1.0,2
A,GLY,393,A_GLY_393,5.4802243750877535,29.0,0
A,GLY,405,A_GLY_405,10.219764702305378,27.0,0
A,GLY,409,A_GLY_409,10.38234245609768,8.0,0
A,HIS,380,A_HIS_380,21.39274115810268,64.0,3
A,ILE,384,A_ILE_384,12.081688495276437,14.0,0
A,ILE,475,A_ILE_475,4.230447899001968,1.0,0
A,LEU,410,A_LEU_410,17.935756550855057,0.0,0
A,LEU,413,A_LEU_413,17.763519912632677,0.0,0
A,LEU,448,A_LEU_448,15.182585302699891,3.0,0
A,LEU,459,A_LEU_459,1.8447917310748416,36.0,0
A,LYS,451,A_LYS_451,15.95283313193966,19.0,0
A,MET,366,A_MET_366,22.2081091336582,0.0,0
A,MET,452,A_MET_452,21.12252261066576,7.0,0
A,PHE,367,A_PHE_367,10.911929582245827,0.0,0
A,PHE,382,A_PHE_382,23.935534756944023,1.0,0
A,PHE,407,A_PHE_407,25.0747693693527,40.0,0
A,PHE,455,A_PHE_455,26.100288261509764,87.0,0
A,PRO,401,A_PRO_401,16.649400618268523,90.0,0
A,THR,383,A_THR_383,10.15151593797125,51.0,0
A,THR,415,A_THR_415,7.8404489027163,19.0,0
A,THR,457,A_THR_457,12.832780137172827,38.0,1
A,VAL,368,A_VAL_368,11.089193039496395,5.0,0
A,VAL,395,A_VAL_395,15.779218815766008,5.0,0
A,VAL,402,A_VAL_402,17.09147065535723,34.0,0
A,VAL,411,A_VAL_411,16.20192823713317,30.0,0
A,VAL,449,A_VAL_449,16.084602234934966,2.0,0
A,VAL,454,A_VAL_454,16.62397337551471,10.0,0
