chain,resname,resnum,res_key,density,ACC,hbond_type
A,ALA,68,A_ALA_68,10.477752584139758,2.0,0
A,ALA,93,A_ALA_93,12.36142671162589,102.0,0
A,ALA,104,A_ALA_104,12.476414952857754,16.0,0
A,ARG,34,A_ARG_34,2.5897513927806526,177.0,0
A,ARG,69,A_ARG_69,26.155992540141103,61.0,1
A,ARG,71,A_ARG_71,14.590370886945852,174.0,0
A,ARG,91,A_ARG_91,26.810110060233093,59.0,1
A,ASN,97,A_ASN_97,20.68254428027033,75.0,0
A,ASP,77,A_ASP_77,20.861678775195863,53.0,2
A,ASP,82,A_ASP_82,13.185199664933355,4.0,2
A,ASP,90,A_ASP_90,21.02744001767917,47.0,2
A,ASP,94,A_ASP_94,21.29870022884302,32.0,2
A,CYS,75,A_CYS_75,17.93609517000877,0.0,0
A,CYS,81,A_CYS_81,17.673754112079664,7.0,0
A,CYS,89,A_CYS_89,17.835913078085255,30.0,0
A,CYS,102,A_CYS_102,17.752611638181953,1.0,0
A,GLN,70,A_GLN_70,10.068651805571744,52.0,0
A,GLN,98,A_GLN_98,14.507285801568658,129.0,0
A,GLU,73,A_GLU_73,18.24834099614781,74.0,2
A,GLU,79,A_GLU_79,20.55730424317421,88.0,0
A,GLU,83,A_GLU_83,23.176249349187245,163.0,0
A,GLY,60,A_GLY_60,4.159338138054942,45.0,0
A,GLY,72,A_GLY_72,9.7994671687296,53.0,0
A,GLY,86,A_GLY_86,10.85524629653071,32.0,0
A,GLY,100,A_GLY_100,10.15584404703681,8.0,0
A,ILE,101,A_ILE_101,17.71128475915053,79.0,0
A,LEU,78,A_LEU_78,9.380001568706964,108.0,0
A,LEU,87,A_LEU_87,18.76484353666229,11.0,0
A,PRO,80,A_PRO_80,15.924817612809404,27.0,0
A,SER,74,A_SER_74,15.87410940330574,53.0,0
A,SER,76,A_SER_76,16.20293908414385,21.0,0
A,SER,84,A_SER_84,2.8585249131943526,80.0,3
A,SER,92,A_SER_92,14.961296404475458,111.0,1
A,SER,96,A_SER_96,2.665199445639632,58.0,1
A,THR,99,A_THR_99,18.3403806511976,65.0,1
A,THR,103,A_THR_103,17.670462861678427,41.0,0
A,TYR,88,A_TYR_88,28.204967328205274,102.0,0
A,VAL,57,A_VAL_57,2.0089648749881057,27.0,0
A,VAL,105,A_VAL_105,13.20301344615372,89.0,0
