chain,resname,resnum,res_key,density,ACC,hbond_type
A,ALA,335,A_ALA_335,3.4119904099573017,0.0,0
A,ARG,343,A_ARG_343,24.738018958061826,121.0,1
A,ASN,374,A_ASN_374,7.51816180726613,167.0,0
A,ASP,380,A_ASP_380,21.9165067135476,163.0,0
A,CYS,341,A_CYS_341,17.666525642615035,120.0,0
A,CYS,378,A_CYS_378,17.932831148741727,104.0,0
A,GLN,337,A_GLN_337,5.588903680186744,81.0,0
A,GLU,338,A_GLU_338,23.60509188682692,54.0,2
A,GLU,373,A_GLU_373,2.809986330335552,192.0,0
A,GLU,379,A_GLU_379,23.29898326018646,167.0,0
A,LEU,339,A_LEU_339,16.12023236839683,38.0,0
A,LEU,340,A_LEU_340,10.762787183253804,70.0,0
A,LEU,342,A_LEU_342,2.94963209170233,120.0,0
A,LEU,376,A_LEU_376,17.42131216325126,153.0,0
A,LEU,377,A_LEU_377,18.402506264693457,171.0,0
A,LEU,381,A_LEU_381,15.440596292173842,171.0,0
A,LYS,60,A_LYS_60,12.784133959734506,120.0,0
A,LYS,375,A_LYS_375,17.90839640540751,129.0,0
A,PHE,61,A_PHE_61,13.144555669613649,33.0,0
A,PRO,382,A_PRO_382,2.5872506769085195,124.0,0
