chain,resname,resnum,res_key,density,ACC,hbond_type
A,ARG,123,A_ARG_123,7.527783199612504,105.0,1
A,ARG,200,A_ARG_200,14.108106382661791,83.0,1
A,ASN,211,A_ASN_211,10.357851251518328,131.0,0
A,ASP,138,A_ASP_138,18.541334694957683,18.0,2
A,ASP,212,A_ASP_212,18.57893425030985,70.0,0
A,ASP,217,A_ASP_217,21.248312331647043,94.0,0
A,CYS,131,A_CYS_131,17.942878984378936,12.0,0
A,CYS,209,A_CYS_209,14.689588675730947,13.0,0
A,CYS,215,A_CYS_215,18.019611191754244,30.0,0
A,CYS,216,A_CYS_216,17.119894233050776,9.0,0
A,GLU,125,A_GLU_125,14.87517407880016,76.0,2
A,GLU,132,A_GLU_132,22.762277387817107,24.0,2
A,GLY,115,A_GLY_115,10.774757959048374,4.0,0
A,GLY,127,A_GLY_127,10.3173547713933,22.0,0
A,HIS,197,A_HIS_197,15.44572278886362,78.0,3
A,ILE,118,A_ILE_118,13.086212777457698,44.0,0
A,ILE,194,A_ILE_194,18.31785661756873,1.0,0
A,LEU,110,A_LEU_110,9.8829035155414,84.0,0
A,LEU,133,A_LEU_133,18.331338300436617,59.0,0
A,LEU,195,A_LEU_195,18.35428829420934,79.0,0
A,LYS,214,A_LYS_214,14.29889536581578,109.0,0
A,PHE,114,A_PHE_114,25.16659684795604,47.0,0
A,PHE,129,A_PHE_129,25.69949900514033,155.0,0
A,PHE,130,A_PHE_130,25.227010146973424,58.0,0
A,PHE,191,A_PHE_191,15.473719651554488,51.0,0
A,PHE,218,A_PHE_218,25.8497825598832,68.0,0
A,PRO,213,A_PRO_213,15.765626153528387,71.0,0
A,SER,128,A_SER_128,15.63406989627822,49.0,0
A,SER,136,A_SER_136,15.510549144515638,0.0,0
A,SER,190,A_SER_190,3.582768186923297,0.0,0
A,THR,117,A_THR_117,4.8934608047351045,15.0,0
A,THR,135,A_THR_135,17.45479185260792,7.0,0
A,TRP,124,A_TRP_124,31.78659556074988,2.0,0
A,TRP,134,A_TRP_134,31.398807798536723,22.0,0
A,TRP,199,A_TRP_199,21.47930492729272,12.0,0
A,TYR,126,A_TYR_126,27.74350284052933,89.0,0
A,TYR,210,A_TYR_210,28.44232789553476,31.0,0
A,TYR,367,A_TYR_367,2.636675987412743,2.0,3
A,VAL,111,A_VAL_111,16.430391576377428,0.0,0
A,VAL,137,A_VAL_137,17.01044991581287,15.0,0
A,VAL,139,A_VAL_139,6.929547974462351,30.0,0
A,VAL,219,A_VAL_219,10.265049244443802,37.0,0
