chain,resname,resnum,res_key,density,ACC,hbond_type
A,ALA,73,A_ALA_73,9.29285526687278,2.0,0
A,ALA,77,A_ALA_77,11.459749051715654,4.0,0
A,ALA,81,A_ALA_81,10.090527856541796,75.0,0
A,ALA,82,A_ALA_82,11.947995294119483,3.0,0
A,ALA,83,A_ALA_83,13.135875668888088,23.0,0
A,ALA,86,A_ALA_86,11.775579067199985,0.0,0
A,ARG,61,A_ARG_61,23.645126000703847,54.0,1
A,ARG,88,A_ARG_88,14.251749493268903,105.0,1
A,ARG,214,A_ARG_214,10.550817643841432,11.0,1
A,ASN,79,A_ASN_79,13.221120382265063,46.0,1
A,ASP,17,A_ASP_17,9.795333508591057,45.0,2
A,ASP,30,A_ASP_30,5.405267389847806,34.0,0
A,CYS,63,A_CYS_63,16.77533937598446,9.0,0
A,CYS,75,A_CYS_75,16.947878215185753,0.0,0
A,CYS,89,A_CYS_89,19.529587273807103,0.0,0
A,CYS,299,A_CYS_299,14.988563815057429,72.0,0
A,GLN,65,A_GLN_65,21.49295959103206,88.0,0
A,GLU,92,A_GLU_92,2.6591134536645766,78.0,2
A,GLU,220,A_GLU_220,3.018543958651044,31.0,2
A,GLY,72,A_GLY_72,3.1242931290116163,0.0,0
A,GLY,84,A_GLY_84,10.297701881356469,34.0,0
A,HIS,64,A_HIS_64,23.509762404869125,10.0,0
A,ILE,29,A_ILE_29,11.839283832915289,12.0,0
A,ILE,215,A_ILE_215,17.68115682538449,0.0,0
A,LEU,19,A_LEU_19,16.298872534813203,0.0,0
A,LEU,40,A_LEU_40,4.056888391514771,0.0,0
A,LEU,44,A_LEU_44,3.595862721162297,1.0,0
A,LEU,66,A_LEU_66,17.70093339740052,16.0,0
A,LEU,74,A_LEU_74,17.752772957582444,0.0,0
A,LEU,78,A_LEU_78,15.67077420720566,39.0,0
A,LEU,213,A_LEU_213,14.862726583039375,5.0,0
A,LEU,303,A_LEU_303,12.680083756940212,77.0,0
A,LYS,80,A_LYS_80,10.52425156113738,97.0,1
A,LYS,91,A_LYS_91,8.939614294991609,116.0,0
A,LYS,97,A_LYS_97,8.155494589575062,43.0,0
A,PHE,18,A_PHE_18,24.591868108486267,0.0,0
A,PHE,60,A_PHE_60,19.05000168942547,12.0,0
A,PHE,62,A_PHE_62,25.825355814153355,34.0,0
A,PHE,90,A_PHE_90,24.78364467043401,31.0,0
A,PRO,216,A_PRO_216,7.424110091272054,17.0,0
A,SER,85,A_SER_85,15.873574929528637,2.0,3
A,THR,56,A_THR_56,4.374126740336005,26.0,0
A,THR,96,A_THR_96,3.357928924866849,4.0,2
A,THR,217,A_THR_217,10.813454117347192,16.0,0
A,TRP,302,A_TRP_302,30.16159104966522,69.0,0
A,TRP,306,A_TRP_306,21.84406915649042,96.0,0
A,TYR,58,A_TYR_58,2.146825805916091,53.0,0
A,TYR,87,A_TYR_87,28.473406374327084,53.0,0
A,TYR,99,A_TYR_99,2.978147777999268,23.0,0
A,VAL,20,A_VAL_20,15.986261364530357,0.0,0
A,VAL,21,A_VAL_21,13.929869418170751,0.0,0
A,VAL,76,A_VAL_76,16.418806719817738,0.0,0
A,VAL,95,A_VAL_95,12.932655176062449,19.0,0
A,VAL,222,A_VAL_222,16.737600685651824,0.0,0
