chain,resname,resnum,res_key,density,ACC,hbond_type
A,ARG,43,A_ARG_43,16.61695005541946,109.0,0
A,ASN,33,A_ASN_33,20.87716293759073,54.0,0
A,ASN,45,A_ASN_45,21.549500877372864,54.0,0
A,ASN,66,A_ASN_66,2.7587198055398,72.0,0
A,ASP,63,A_ASP_63,21.973800768986848,100.0,2
A,ASP,64,A_ASP_64,20.77182228923133,51.0,2
A,CYS,30,A_CYS_30,18.2144057128422,35.0,0
A,CYS,36,A_CYS_36,2.4399602182194986,47.0,0
A,CYS,42,A_CYS_42,18.232973272294203,0.0,0
A,CYS,44,A_CYS_44,17.659919857263723,18.0,0
A,CYS,62,A_CYS_62,16.854584716883615,11.0,0
A,GLN,32,A_GLN_32,22.5547883462604,175.0,0
A,GLU,53,A_GLU_53,13.979262620336645,151.0,0
A,GLU,60,A_GLU_60,23.285025531720283,33.0,2
A,GLU,86,A_GLU_86,21.44630249875657,160.0,0
A,GLY,47,A_GLY_47,10.28784884141525,14.0,0
A,GLY,87,A_GLY_87,9.883092496336497,22.0,0
A,ILE,54,A_ILE_54,9.99360977710526,78.0,0
A,ILE,55,A_ILE_55,18.339451387095977,0.0,0
A,ILE,65,A_ILE_65,18.33379190494161,48.0,0
A,PHE,48,A_PHE_48,25.082551883495963,28.0,0
A,PHE,51,A_PHE_51,19.113583942242443,205.0,0
A,PRO,31,A_PRO_31,16.7623289173663,26.0,0
A,PRO,46,A_PRO_46,16.151513954634,125.0,0
A,PRO,58,A_PRO_58,10.369618462807448,95.0,0
A,SER,34,A_SER_34,15.330912004527026,22.0,0
A,SER,35,A_SER_35,16.024233379614962,54.0,0
A,SER,49,A_SER_49,16.458896739956153,56.0,0
A,SER,50,A_SER_50,15.775473559957208,27.0,0
A,SER,52,A_SER_52,16.336424401478258,38.0,1
A,THR,56,A_THR_56,2.9160274113711857,86.0,0
A,THR,57,A_THR_57,11.769386286255063,50.0,3
A,THR,59,A_THR_59,15.428949988276536,125.0,3
A,THR,61,A_THR_61,17.2809485783068,82.0,1
A,TRP,29,A_TRP_29,9.662968040660283,81.0,0
