chain,resname,resnum,res_key,density,ACC,hbond_type
A,ALA,164,A_ALA_164,11.672444585371476,0.0,0
A,ARG,168,A_ARG_168,27.25628653761675,76.0,1
A,ASN,230,A_ASN_230,20.863770190747307,29.0,2
A,ASP,155,A_ASP_155,15.418888952918632,164.0,0
A,ASP,191,A_ASP_191,21.143337268182048,75.0,2
A,ASP,263,A_ASP_263,4.618703918745252,29.0,2
A,CYS,166,A_CYS_166,17.447073035564063,2.0,0
A,CYS,192,A_CYS_192,17.56611748586738,51.0,0
A,GLN,167,A_GLN_167,21.711123258621512,11.0,0
A,GLN,194,A_GLN_194,23.247904496765628,49.0,2
A,GLY,154,A_GLY_154,3.335587648966384,47.0,0
A,GLY,162,A_GLY_162,5.699890522922637,0.0,0
A,HIS,234,A_HIS_234,23.85190436477551,34.0,3
A,ILE,129,A_ILE_129,15.54264442920256,0.0,0
A,ILE,193,A_ILE_193,18.43740097750048,42.0,0
A,ILE,233,A_ILE_233,18.118333476189097,0.0,0
A,ILE,260,A_ILE_260,18.21325429174319,0.0,0
A,LEU,125,A_LEU_125,3.690106728693447,1.0,0
A,LEU,163,A_LEU_163,17.671331849320218,0.0,0
A,LEU,165,A_LEU_165,18.007714688076927,2.0,0
A,LEU,221,A_LEU_221,18.75274277947565,16.0,0
A,LEU,223,A_LEU_223,14.985716294254203,10.0,0
A,LEU,228,A_LEU_228,12.504710210787971,2.0,0
A,LEU,259,A_LEU_259,17.53971743435619,54.0,0
A,LYS,224,A_LYS_224,4.738537729575301,71.0,1
A,PHE,235,A_PHE_235,13.361676147083962,0.0,0
A,PHE,262,A_PHE_262,25.52102846927621,4.0,0
A,PRO,156,A_PRO_156,15.7840042780246,35.0,0
A,SER,161,A_SER_161,4.751374426889978,0.0,1
A,THR,158,A_THR_158,4.626180286125098,78.0,0
A,THR,190,A_THR_190,17.443653455297905,66.0,0
A,THR,222,A_THR_222,10.3026806384812,111.0,0
A,THR,232,A_THR_232,17.08846860811813,7.0,2
A,THR,261,A_THR_261,17.065678908048877,22.0,0
A,TRP,157,A_TRP_157,28.42931199517012,24.0,0
A,TYR,169,A_TYR_169,28.12284030942029,16.0,3
A,TYR,218,A_TYR_218,12.545752719813446,13.0,1
A,VAL,133,A_VAL_133,5.939076784870913,0.0,0
A,VAL,188,A_VAL_188,8.988336442566425,70.0,0
A,VAL,189,A_VAL_189,14.485374140711084,36.0,0
A,VAL,195,A_VAL_195,11.811506085087528,11.0,0
A,VAL,229,A_VAL_229,16.919242571516502,22.0,0
A,VAL,231,A_VAL_231,16.11760596473914,0.0,0
A,VAL,258,A_VAL_258,5.725386540400024,0.0,0
