chain,resname,resnum,res_key,density,ACC,hbond_type
A,ALA,467,A_ALA_467,12.217609180401116,59.0,0
A,ARG,458,A_ARG_458,12.469036347719577,168.0,1
A,ARG,469,A_ARG_469,13.44163673782352,78.0,0
A,ASN,460,A_ASN_460,20.534279243092502,120.0,0
A,ASP,450,A_ASP_450,9.659157138590029,91.0,2
A,CYS,448,A_CYS_448,1.78174634347266,1.0,0
A,CYS,461,A_CYS_461,17.57415488094868,34.0,0
A,CYS,474,A_CYS_474,17.871596169172026,0.0,0
A,CYS,492,A_CYS_492,11.818135297971256,0.0,0
A,GLN,449,A_GLN_449,3.43741427961482,165.0,0
A,GLN,471,A_GLN_471,13.001923905055,76.0,3
A,GLN,491,A_GLN_491,14.291318152582209,84.0,0
A,GLY,466,A_GLY_466,10.119939517337016,32.0,0
A,HIS,463,A_HIS_463,23.27602214831486,61.0,3
A,LEU,451,A_LEU_451,18.10739623013804,22.0,0
A,LEU,490,A_LEU_490,17.911179014277263,0.0,0
A,PHE,465,A_PHE_465,6.971058986884112,59.0,0
A,PHE,468,A_PHE_468,25.090106761138035,46.0,0
A,PHE,476,A_PHE_476,25.07778567052001,7.0,0
A,PRO,452,A_PRO_452,8.283156948667694,98.0,0
A,PRO,454,A_PRO_454,1.7639436634005292,25.0,0
A,PRO,464,A_PRO_464,15.389235181817687,70.0,0
A,SER,462,A_SER_462,16.373672909010736,75.0,0
A,SER,472,A_SER_472,15.960445913620674,0.0,3
A,SER,475,A_SER_475,15.646250140100005,50.0,0
A,SER,488,A_SER_488,6.231300617724653,67.0,0
A,THR,477,A_THR_477,9.1892639651117,84.0,0
A,TRP,498,A_TRP_498,18.333117454256705,34.0,0
A,TYR,470,A_TYR_470,9.35795452366662,40.0,3
A,VAL,453,A_VAL_453,10.599683991668904,84.0,0
A,VAL,459,A_VAL_459,16.287163236812265,53.0,0
A,VAL,473,A_VAL_473,16.271934551291164,54.0,0
A,VAL,489,A_VAL_489,16.18377338932271,68.0,0
