chain,resname,resnum,res_key,density,ACC,hbond_type
A,ALA,187,A_ALA_187,12.07336881421525,0.0,0
A,ALA,190,A_ALA_190,12.115936281876222,12.0,0
A,ALA,279,A_ALA_279,8.225654063771907,4.0,0
A,ARG,188,A_ARG_188,26.574912726188245,69.0,0
A,ARG,284,A_ARG_284,26.64569250426656,57.0,1
A,ASP,192,A_ASP_192,21.424593139831213,65.0,0
A,ASP,193,A_ASP_193,20.26840119564404,140.0,0
A,ASP,236,A_ASP_236,7.036971110694566,28.0,2
A,ASP,283,A_ASP_283,21.74076583994061,1.0,2
A,CYS,174,A_CYS_174,9.594757168549396,1.0,0
A,CYS,191,A_CYS_191,17.529287673427493,0.0,0
A,CYS,282,A_CYS_282,17.594773055702564,0.0,0
A,GLN,183,A_GLN_183,5.99811880532275,52.0,0
A,GLN,197,A_GLN_197,23.02657081328209,39.0,1
A,GLU,143,A_GLU_143,3.124392811323431,53.0,0
A,GLU,195,A_GLU_195,23.32692998071406,143.0,2
A,GLY,178,A_GLY_178,10.398897085118284,2.0,0
A,GLY,196,A_GLY_196,10.268708756741246,14.0,0
A,GLY,222,A_GLY_222,10.10396291068195,0.0,0
A,HIS,186,A_HIS_186,16.8473769518296,95.0,0
A,ILE,221,A_ILE_221,11.851384344954074,0.0,0
A,LEU,198,A_LEU_198,17.34785281952309,0.0,0
A,LEU,285,A_LEU_285,2.5857613832009765,69.0,0
A,LYS,166,A_LYS_166,2.989718405542128,156.0,0
A,LYS,179,A_LYS_179,10.582571380327789,183.0,0
A,LYS,182,A_LYS_182,12.50876520973718,59.0,0
A,MET,194,A_MET_194,21.804094174179383,54.0,0
A,PHE,177,A_PHE_177,12.599086339374631,44.0,0
A,PRO,164,A_PRO_164,1.6311023916142466,53.0,0
A,SER,200,A_SER_200,4.598447884889982,2.0,3
A,TRP,167,A_TRP_167,23.244608085303263,30.0,0
A,TRP,184,A_TRP_184,32.18513905046248,11.0,0
A,TRP,220,A_TRP_220,16.623713780045787,0.0,0
A,TRP,280,A_TRP_280,32.30620698592756,15.0,0
A,TYR,175,A_TYR_175,15.969625454932151,2.0,1
A,TYR,176,A_TYR_176,28.40036353705205,57.0,0
A,TYR,189,A_TYR_189,28.480605810752568,136.0,0
A,VAL,185,A_VAL_185,14.055202312193966,58.0,0
A,VAL,199,A_VAL_199,16.65841035182384,0.0,0
A,VAL,235,A_VAL_235,16.70878467851735,18.0,0
A,VAL,281,A_VAL_281,15.668573057209183,1.0,0
