chain,resname,resnum,res_key,density,ACC,hbond_type
A,ARG,77,A_ARG_77,17.60711313144136,210.0,0
A,ARG,121,A_ARG_121,23.81269067387271,161.0,0
A,ASN,123,A_ASN_123,20.99984921305833,77.0,2
A,ASN,126,A_ASN_126,21.769916616453607,1.0,1
A,CYS,68,A_CYS_68,17.5222620449236,10.0,0
A,CYS,72,A_CYS_72,14.393902956776676,43.0,0
A,CYS,76,A_CYS_76,6.075720425177147,59.0,0
A,CYS,119,A_CYS_119,17.799690807196672,25.0,0
A,GLN,81,A_GLN_81,16.877446161304036,81.0,0
A,GLN,124,A_GLN_124,10.65205825161685,109.0,1
A,GLU,67,A_GLU_67,19.565536318321044,130.0,0
A,GLU,122,A_GLU_122,23.17333521490543,102.0,2
A,GLU,128,A_GLU_128,5.289570941028784,108.0,2
A,GLY,73,A_GLY_73,2.4192689343362206,44.0,0
A,GLY,78,A_GLY_78,9.86427043126548,18.0,0
A,HIS,105,A_HIS_105,2.4711394152387705,130.0,0
A,ILE,116,A_ILE_116,18.235828674981747,43.0,0
A,LEU,127,A_LEU_127,12.478403452386626,58.0,0
A,LYS,120,A_LYS_120,21.22286208716749,108.0,0
A,LYS,125,A_LYS_125,21.22002433630695,96.0,1
A,PHE,66,A_PHE_66,11.986500806881198,43.0,0
A,PHE,70,A_PHE_70,24.284990913673752,27.0,0
A,PRO,83,A_PRO_83,7.814410268305586,11.0,0
A,PRO,117,A_PRO_117,15.45133712217619,5.0,0
A,PRO,118,A_PRO_118,16.553748500645668,80.0,0
A,SER,80,A_SER_80,14.363763157867888,3.0,3
A,SER,129,A_SER_129,15.34802347193779,36.0,3
A,THR,69,A_THR_69,17.253524079863368,89.0,0
A,THR,71,A_THR_71,18.04668045079569,108.0,0
A,THR,79,A_THR_79,17.670542805810193,86.0,0
A,THR,109,A_THR_109,1.9994466695782875,87.0,0
A,TYR,82,A_TYR_82,27.868841172338524,7.0,2
A,TYR,115,A_TYR_115,23.713851138261163,33.0,3
A,VAL,130,A_VAL_130,8.507915443266688,0.0,0
