chain,resname,resnum,res_key,density,ACC,hbond_type
A,ALA,27,A_ALA_27,10.685214644118991,18.0,0
A,ARG,54,A_ARG_54,24.10960434246785,63.0,1
A,ARG,59,A_ARG_59,5.867785606712012,240.0,0
A,ARG,61,A_ARG_61,26.632377352856125,168.0,1
A,ASP,51,A_ASP_51,21.79626145716508,62.0,0
A,ASP,67,A_ASP_67,4.628494392611747,43.0,0
A,CYS,53,A_CYS_53,18.05436452063216,6.0,0
A,CYS,63,A_CYS_63,17.98209120837447,75.0,0
A,GLN,47,A_GLN_47,14.143352882121318,3.0,2
A,GLN,56,A_GLN_56,6.15898946064914,62.0,2
A,GLN,65,A_GLN_65,23.08452997390441,57.0,1
A,GLU,44,A_GLU_44,5.530296148411754,45.0,2
A,GLU,55,A_GLU_55,24.461999054956088,13.0,2
A,GLU,60,A_GLU_60,22.839586581180665,107.0,0
A,GLU,62,A_GLU_62,23.660867864924622,92.0,2
A,GLY,29,A_GLY_29,4.945328098474008,0.0,0
A,GLY,48,A_GLY_48,10.683714455149314,0.0,0
A,GLY,64,A_GLY_64,10.487916482313093,53.0,0
A,LEU,26,A_LEU_26,5.721245722509538,113.0,0
A,LEU,45,A_LEU_45,17.656208563696463,15.0,0
A,LEU,49,A_LEU_49,2.8087545591155623,0.0,0
A,MET,52,A_MET_52,22.044313933471123,8.0,0
A,PHE,72,A_PHE_72,8.448433400879042,35.0,0
A,PRO,28,A_PRO_28,16.46108678059036,36.0,0
A,THR,66,A_THR_66,15.62405641508904,99.0,0
A,TRP,50,A_TRP_50,12.040420758238504,128.0,0
A,TYR,46,A_TYR_46,25.559332411163723,32.0,1
A,TYR,158,A_TYR_158,5.241190247149835,105.0,0
