chain,resname,resnum,res_key,density,ACC,hbond_type
A,ARG,167,A_ARG_167,26.43054291909532,49.0,1
A,ARG,172,A_ARG_172,26.841561896824647,115.0,1
A,ASN,170,A_ASN_170,20.109453006246497,103.0,1
A,ASN,198,A_ASN_198,17.71853461608199,55.0,0
A,ASP,194,A_ASP_194,21.90029181166079,59.0,2
A,ASP,233,A_ASP_233,20.868487472635955,67.0,2
A,CYS,169,A_CYS_169,17.903450056807014,5.0,0
A,CYS,171,A_CYS_171,17.65398172606289,74.0,0
A,CYS,193,A_CYS_193,17.185259457471723,35.0,0
A,CYS,196,A_CYS_196,18.06690568736488,26.0,0
A,GLN,173,A_GLN_173,2.7267859601379,111.0,2
A,GLU,174,A_GLU_174,2.884226587525169,74.0,2
A,GLU,195,A_GLU_195,23.92443769011433,138.0,2
A,GLY,165,A_GLY_165,6.012319229835758,57.0,0
A,GLY,234,A_GLY_234,4.519665340207208,24.0,0
A,HIS,231,A_HIS_231,7.150731288397155,62.0,0
A,LYS,166,A_LYS_166,20.56845716350003,150.0,1
A,LYS,168,A_LYS_168,20.478845122657503,173.0,0
A,PRO,129,A_PRO_129,5.62655049874492,59.0,0
A,PRO,197,A_PRO_197,15.701539841234284,74.0,0
A,VAL,191,A_VAL_191,13.641170579919851,82.0,0
A,VAL,192,A_VAL_192,16.800705139979645,43.0,0
A,VAL,199,A_VAL_199,11.210821280775209,36.0,0
A,VAL,232,A_VAL_232,16.248260424925217,60.0,0
