chain,resname,resnum,res_key,density,ACC,hbond_type
A,ARG,309,A_ARG_309,25.35578290833314,173.0,0
A,ASN,299,A_ASN_299,18.97578787020781,120.0,0
A,CYS,304,A_CYS_304,17.886677733765836,34.0,0
A,CYS,336,A_CYS_336,17.87441469498089,68.0,0
A,GLN,303,A_GLN_303,23.35980103111348,105.0,0
A,GLU,298,A_GLU_298,14.41873533786418,78.0,2
A,GLU,305,A_GLU_305,23.720192541103067,113.0,0
A,GLU,332,A_GLU_332,23.64808740768203,131.0,0
A,GLY,334,A_GLY_334,10.163044181616456,41.0,0
A,ILE,296,A_ILE_296,6.068939931967416,129.0,0
A,LEU,337,A_LEU_337,18.00157404623087,106.0,0
A,LYS,302,A_LYS_302,20.91399649998266,116.0,1
A,LYS,310,A_LYS_310,17.969933512276675,171.0,0
A,PHE,300,A_PHE_300,24.7966893989712,140.0,0
A,PHE,335,A_PHE_335,18.543687412532385,188.0,0
A,PRO,338,A_PRO_338,10.290279502932163,66.0,0
A,SER,297,A_SER_297,15.622081551728376,68.0,0
A,SER,301,A_SER_301,15.584198061003848,57.0,0
A,SER,306,A_SER_306,16.502520608537974,54.0,0
A,THR,287,A_THR_287,7.266158154117897,104.0,0
A,THR,307,A_THR_307,17.07193369503406,69.0,0
A,TRP,329,A_TRP_329,4.0817068757481625,203.0,0
A,TYR,331,A_TYR_331,2.8939023720986583,204.0,0
A,TYR,333,A_TYR_333,28.16556159793442,181.0,0
A,VAL,308,A_VAL_308,15.853551917936247,95.0,0
A,VAL,311,A_VAL_311,10.932571957208683,89.0,0
