chain,resname,resnum,res_key,density,ACC,hbond_type
A,ALA,23,A_ALA_23,3.907446630384688,11.0,0
A,ALA,28,A_ALA_28,12.57146216296898,47.0,0
A,ALA,46,A_ALA_46,12.703347327165796,0.0,0
A,ALA,83,A_ALA_83,12.324484492586397,38.0,0
A,ALA,89,A_ALA_89,12.525795141628054,0.0,0
A,ALA,90,A_ALA_90,11.446456037684277,11.0,0
A,ALA,110,A_ALA_110,12.177704583190106,0.0,0
A,ALA,130,A_ALA_130,11.430406790752322,12.0,0
A,ALA,132,A_ALA_132,12.57439152585598,1.0,0
A,ARG,109,A_ARG_109,14.151865832797125,28.0,1
A,ARG,129,A_ARG_129,11.925732411671095,156.0,0
A,CYS,44,A_CYS_44,17.347143745193165,0.0,0
A,CYS,108,A_CYS_108,17.21274822234362,0.0,0
A,GLN,27,A_GLN_27,22.521948037515283,87.0,0
A,GLN,32,A_GLN_32,2.5711094799551764,46.0,2
A,GLN,55,A_GLN_55,14.037070236776568,21.0,3
A,GLN,131,A_GLN_131,14.082521423435416,115.0,1
A,GLU,41,A_GLU_41,23.897510068830297,114.0,0
A,GLU,45,A_GLU_45,22.57249742122463,44.0,0
A,GLU,53,A_GLU_53,14.672954248205514,55.0,2
A,GLU,107,A_GLU_107,14.527702229040823,10.0,2
A,GLY,24,A_GLY_24,10.626392773911109,25.0,0
A,HIS,43,A_HIS_43,23.317647394256905,54.0,3
A,HIS,80,A_HIS_80,3.2535353595610075,66.0,0
A,HIS,82,A_HIS_82,19.53219729629594,132.0,0
A,HIS,88,A_HIS_88,23.126031006888784,66.0,0
A,ILE,54,A_ILE_54,18.888915876018395,12.0,0
A,ILE,81,A_ILE_81,15.142825635472663,39.0,0
A,ILE,93,A_ILE_93,18.27031228692148,1.0,0
A,LEU,30,A_LEU_30,18.071867349974426,124.0,0
A,LEU,42,A_LEU_42,18.03727658419014,2.0,0
A,PHE,25,A_PHE_25,25.305500801018148,58.0,0
A,PRO,29,A_PRO_29,15.398427270055146,7.0,0
A,PRO,52,A_PRO_52,16.083961480834798,1.0,0
A,SER,31,A_SER_31,2.517078791626816,78.0,0
A,SER,91,A_SER_91,15.86473894189545,3.0,2
A,SER,94,A_SER_94,4.71249315377946,28.0,0
A,SER,111,A_SER_111,2.685632636855837,1.0,0
A,THR,84,A_THR_84,16.779299446642828,48.0,0
A,THR,92,A_THR_92,17.92581119607037,28.0,3
A,TRP,56,A_TRP_56,31.296752283697977,3.0,1
A,TRP,57,A_TRP_57,7.7627955818120356,53.0,1
A,TRP,127,A_TRP_127,4.272914980681369,36.0,0
A,TYR,85,A_TYR_85,20.314001962546293,102.0,0
A,TYR,106,A_TYR_106,13.974300097701564,0.0,0
A,VAL,26,A_VAL_26,16.234824553394493,92.0,0
A,VAL,47,A_VAL_47,16.425588075115535,65.0,0
A,VAL,51,A_VAL_51,1.9328790993116147,51.0,0
A,VAL,128,A_VAL_128,14.817382118479342,36.0,0
