chain,resname,resnum,res_key,density,ACC,hbond_type
A,ALA,36,A_ALA_36,4.852606210094304,9.0,0
A,ALA,199,A_ALA_199,1.7702847409843585,0.0,0
A,ALA,218,A_ALA_218,5.563967072408963,41.0,0
A,ALA,229,A_ALA_229,3.35986362657392,5.0,0
A,ALA,249,A_ALA_249,12.4363676169326,0.0,0
A,ARG,259,A_ARG_259,27.1039487379292,117.0,0
A,ASN,251,A_ASN_251,21.434895506609863,52.0,0
A,ASP,190,A_ASP_190,3.136422970388546,4.0,2
A,ASP,235,A_ASP_235,21.348731745371985,64.0,0
A,CYS,250,A_CYS_250,17.848818665961957,3.0,0
A,GLU,234,A_GLU_234,12.28113755986533,71.0,2
A,GLU,256,A_GLU_256,22.92394941583456,135.0,2
A,GLU,260,A_GLU_260,14.412134022550116,119.0,0
A,GLY,222,A_GLY_222,5.883731945751247,38.0,0
A,GLY,255,A_GLY_255,10.44753657772076,14.0,0
A,GLY,257,A_GLY_257,10.008592617762604,57.0,0
A,HIS,207,A_HIS_207,10.82789470586084,7.0,2
A,ILE,206,A_ILE_206,18.27093816373539,0.0,0
A,ILE,236,A_ILE_236,18.3182280611015,44.0,0
A,ILE,247,A_ILE_247,13.85168375246004,0.0,0
A,ILE,261,A_ILE_261,12.700624199997208,35.0,0
A,LEU,23,A_LEU_23,3.554549726573136,0.0,0
A,LEU,224,A_LEU_224,12.744631465242213,3.0,0
A,LEU,230,A_LEU_230,18.297855577559204,3.0,0
A,LEU,232,A_LEU_232,17.998222947543866,7.0,0
A,LEU,237,A_LEU_237,17.294821773390105,0.0,0
A,LEU,248,A_LEU_248,18.58677560503288,11.0,0
A,LEU,258,A_LEU_258,18.76873886694168,74.0,0
A,LYS,208,A_LYS_208,7.723413808866978,20.0,0
A,LYS,221,A_LYS_221,10.764238049481111,165.0,0
A,LYS,252,A_LYS_252,20.84253840845573,1.0,1
A,PHE,205,A_PHE_205,7.974658671940597,13.0,0
A,PHE,233,A_PHE_233,12.855355866351209,12.0,0
A,PRO,21,A_PRO_21,1.8044879749712035,12.0,0
A,PRO,227,A_PRO_227,1.94230511398353,0.0,0
A,SER,223,A_SER_223,13.366809317005734,92.0,0
A,THR,188,A_THR_188,1.834495170686052,4.0,2
A,THR,231,A_THR_231,14.383172236580142,0.0,0
A,THR,240,A_THR_240,3.041930382560433,0.0,0
A,THR,254,A_THR_254,18.07621959436345,75.0,1
A,TRP,198,A_TRP_198,3.018793791058957,0.0,0
A,TRP,239,A_TRP_239,31.10392311397841,0.0,0
A,TYR,197,A_TYR_197,17.265685865823574,2.0,0
A,TYR,238,A_TYR_238,28.822932406753463,4.0,0
A,TYR,253,A_TYR_253,25.113452359223867,96.0,1
A,VAL,219,A_VAL_219,15.689973291186128,11.0,0
A,VAL,220,A_VAL_220,16.956619996392924,12.0,0
