chain,resname,resnum,res_key,density,ACC,hbond_type
A,ALA,1293,A_ALA_1293,1.917820387704875,51.0,0
A,ALA,1306,A_ALA_1306,12.176613129506148,94.0,0
A,ALA,2197,A_ALA_2197,3.0505459536658805,75.0,0
A,ALA,2201,A_ALA_2201,12.985923653909149,94.0,0
A,CYS,2202,A_CYS_2202,17.133905865330505,130.0,0
A,GLN,1294,A_GLN_1294,3.260313213980837,119.0,0
A,GLU,2199,A_GLU_2199,17.17561371660723,143.0,0
A,GLY,1308,A_GLY_1308,4.585045513993489,41.0,0
A,LEU,1307,A_LEU_1307,10.863010563184991,12.0,0
A,LEU,2200,A_LEU_2200,18.033289811956543,172.0,0
A,LYS,1241,A_LYS_1241,2.169866106066512,58.0,0
A,LYS,2206,A_LYS_2206,2.2904519471930755,166.0,1
A,PRO,1304,A_PRO_1304,7.872455463442237,51.0,0
A,PRO,2203,A_PRO_2203,16.267580709670273,117.0,0
A,PRO,2205,A_PRO_2205,13.096206251549688,121.0,0
A,SER,1305,A_SER_1305,15.136135813738887,123.0,0
A,SER,2198,A_SER_2198,10.576899902253857,101.0,0
A,THR,2204,A_THR_2204,16.837952531960354,135.0,0
