chain,resname,resnum,res_key,density,ACC,hbond_type
A,ALA,22,A_ALA_22,4.6380752534469,70.0,0
A,ALA,221,A_ALA_221,11.835982379630334,42.0,0
A,ALA,289,A_ALA_289,12.908494642058654,13.0,0
A,ARG,282,A_ARG_282,2.870974825889206,132.0,0
A,ARG,283,A_ARG_283,27.06736592847911,103.0,0
A,ASN,168,A_ASN_168,9.45844361808316,20.0,0
A,ASN,287,A_ASN_287,21.112169921157,37.0,2
A,ASP,257,A_ASP_257,5.822972877771289,22.0,2
A,CYS,201,A_CYS_201,18.118224497666727,0.0,1
A,CYS,204,A_CYS_204,18.315759759099457,0.0,1
A,CYS,206,A_CYS_206,18.22197320141737,6.0,1
A,CYS,220,A_CYS_220,17.24558815475021,6.0,0
A,CYS,256,A_CYS_256,10.513076310926095,0.0,1
A,CYS,259,A_CYS_259,17.612689640572878,9.0,1
A,CYS,284,A_CYS_284,17.430569066481937,0.0,0
A,GLN,200,A_GLN_200,22.91402689710758,38.0,0
A,GLN,202,A_GLN_202,22.39616683866993,101.0,0
A,GLU,285,A_GLU_285,12.180919257546796,86.0,0
A,GLY,169,A_GLY_169,10.908885795016328,17.0,0
A,GLY,222,A_GLY_222,10.895622076546983,27.0,0
A,GLY,260,A_GLY_260,4.716652743643882,0.0,0
A,HIS,165,A_HIS_165,3.2844842817652533,35.0,3
A,HIS,170,A_HIS_170,23.68034337260407,6.0,2
A,HIS,258,A_HIS_258,22.74837061052665,10.0,0
A,HIS,281,A_HIS_281,8.279447050234559,23.0,2
A,ILE,216,A_ILE_216,7.74521359548102,9.0,0
A,LEU,223,A_LEU_223,18.235702115258675,94.0,0
A,LYS,171,A_LYS_171,18.25764782586971,55.0,1
A,LYS,219,A_LYS_219,12.072700743875686,101.0,1
A,LYS,224,A_LYS_224,8.876800262517467,205.0,0
A,MET,173,A_MET_173,11.542234481023549,52.0,0
A,MET,278,A_MET_278,1.5102897303054363,23.0,0
A,PHE,172,A_PHE_172,25.7356359951558,0.0,0
A,PRO,290,A_PRO_290,4.500041742920719,50.0,0
A,SER,184,A_SER_184,9.990194515254805,22.0,2
A,THR,175,A_THR_175,2.1405785676114006,32.0,0
A,THR,205,A_THR_205,18.36895425236818,50.0,0
A,THR,218,A_THR_218,15.121488203224509,29.0,0
A,THR,286,A_THR_286,17.37973124083796,111.0,1
A,TRP,23,A_TRP_23,6.52295269499376,155.0,1
A,TYR,199,A_TYR_199,10.096474022543411,7.0,3
A,VAL,167,A_VAL_167,8.768318542588005,9.0,0
A,VAL,203,A_VAL_203,16.218742952123232,54.0,0
A,VAL,207,A_VAL_207,16.688357282272804,4.0,0
A,VAL,208,A_VAL_208,10.136863293790327,0.0,0
A,VAL,280,A_VAL_280,3.5896181180480373,0.0,0
A,VAL,288,A_VAL_288,15.58311033735093,14.0,0
