chain,resname,resnum,res_key,density,ACC,hbond_type
A,ARG,434,A_ARG_434,26.09981234860065,155.0,0
A,ARG,480,A_ARG_480,7.293527353702854,119.0,1
A,ARG,485,A_ARG_485,15.933079393218293,72.0,0
A,ASN,422,A_ASN_422,21.38942340750372,1.0,0
A,ASN,433,A_ASN_433,20.856102747447032,128.0,0
A,CYS,415,A_CYS_415,17.675864894107526,2.0,1
A,CYS,418,A_CYS_418,18.102834192171585,40.0,0
A,CYS,421,A_CYS_421,16.97708712519459,24.0,0
A,CYS,429,A_CYS_429,17.863376808695612,0.0,0
A,CYS,432,A_CYS_432,17.88912884478274,40.0,0
A,GLN,481,A_GLN_481,23.056471976099967,20.0,1
A,GLU,477,A_GLU_477,5.707501029501039,69.0,2
A,HIS,417,A_HIS_417,23.65088887982728,96.0,0
A,ILE,416,A_ILE_416,18.71199003757205,102.0,0
A,MET,431,A_MET_431,21.12547830895281,79.0,0
A,MET,484,A_MET_484,16.71289123465842,110.0,0
A,PHE,420,A_PHE_420,25.34624743086077,18.0,0
A,SER,436,A_SER_436,14.8741000022393,2.0,2
A,SER,437,A_SER_437,2.5892269874671654,95.0,0
A,THR,419,A_THR_419,17.342060153603015,108.0,0
A,THR,435,A_THR_435,10.508476098500983,95.0,0
A,TRP,413,A_TRP_413,32.21749446471408,23.0,0
A,TRP,427,A_TRP_427,5.837353741654202,132.0,0
A,TYR,414,A_TYR_414,25.83503387106132,132.0,0
A,VAL,428,A_VAL_428,12.865042432300704,71.0,0
A,VAL,430,A_VAL_430,16.918628111486377,77.0,0
