chain,resname,resnum,res_key,density,ACC,hbond_type
A,ALA,758,A_ALA_758,11.936078365783692,43.0,0
A,ALA,894,A_ALA_894,12.326091835804206,46.0,0
A,ALA,906,A_ALA_906,12.670177033052504,1.0,0
A,ARG,927,A_ARG_927,8.981526311548828,127.0,0
A,ASN,718,A_ASN_718,20.494012681470792,0.0,3
A,ASN,891,A_ASN_891,19.79817592063332,11.0,0
A,ASN,897,A_ASN_897,20.09679274143204,40.0,2
A,ASN,926,A_ASN_926,3.2751912813161965,110.0,0
A,ASP,713,A_ASP_713,21.04344262126279,0.0,2
A,ASP,756,A_ASP_756,5.783648639714851,3.0,2
A,CYS,893,A_CYS_893,17.38933228787662,2.0,0
A,CYS,900,A_CYS_900,18.37308849176257,9.0,0
A,CYS,904,A_CYS_904,16.18222392785021,0.0,0
A,CYS,914,A_CYS_914,17.56675094144454,9.0,0
A,GLU,759,A_GLU_759,7.662265653912877,99.0,2
A,GLU,892,A_GLU_892,23.296488825010226,100.0,0
A,GLY,716,A_GLY_716,10.620477136348695,2.0,0
A,GLY,760,A_GLY_760,7.072378471721185,2.0,0
A,GLY,889,A_GLY_889,8.074336405574066,52.0,0
A,GLY,898,A_GLY_898,10.06149097817103,3.0,0
A,GLY,910,A_GLY_910,7.661525502247183,62.0,0
A,GLY,911,A_GLY_911,10.709433748277284,28.0,0
A,GLY,915,A_GLY_915,7.416726733090192,9.0,0
A,HIS,899,A_HIS_899,23.332715029295297,125.0,3
A,HIS,902,A_HIS_902,10.265341539268396,33.0,3
A,LEU,715,A_LEU_715,17.97692445257144,17.0,0
A,LEU,734,A_LEU_734,1.6555339045466777,13.0,0
A,LEU,903,A_LEU_903,17.072769546456428,0.0,0
A,LEU,905,A_LEU_905,18.44556601869264,6.0,0
A,LYS,717,A_LYS_717,20.910277150181336,58.0,1
A,LYS,733,A_LYS_733,8.756287676046904,30.0,1
A,MET,778,A_MET_778,16.91297627814714,0.0,0
A,PHE,912,A_PHE_912,24.848489191714133,47.0,0
A,PRO,757,A_PRO_757,16.36954661318645,0.0,0
A,SER,888,A_SER_888,2.893349368995038,59.0,0
A,SER,895,A_SER_895,16.02833607414445,86.0,3
A,SER,896,A_SER_896,15.51382220021594,47.0,3
A,SER,901,A_SER_901,7.986944164295515,52.0,3
A,TRP,714,A_TRP_714,22.603480620488213,19.0,0
A,TRP,890,A_TRP_890,31.23427459727857,171.0,0
A,TYR,720,A_TYR_720,7.560458594186421,0.0,0
A,VAL,907,A_VAL_907,15.36332261799962,11.0,0
A,VAL,913,A_VAL_913,15.644818546028826,55.0,0
