chain,resname,resnum,res_key,density,ACC,hbond_type
A,ALA,414,A_ALA_414,12.772030474918854,4.0,0
A,ALA,593,A_ALA_593,13.246949300244072,48.0,0
A,ALA,613,A_ALA_613,9.8963868960672,13.0,0
A,ARG,415,A_ARG_415,24.97405475767374,58.0,1
A,ARG,431,A_ARG_431,17.426100147421586,69.0,0
A,ARG,606,A_ARG_606,18.671883848753552,52.0,1
A,ARG,611,A_ARG_611,14.293286673604168,121.0,1
A,ASN,416,A_ASN_416,20.052364248559016,0.0,0
A,ASN,590,A_ASN_590,21.13541941140011,10.0,0
A,ASN,596,A_ASN_596,21.18374347073725,29.0,0
A,ASP,411,A_ASP_411,21.12870203286701,0.0,0
A,ASP,454,A_ASP_454,6.51843639585592,13.0,0
A,ASP,477,A_ASP_477,2.575956581970898,14.0,2
A,CYS,592,A_CYS_592,17.326598033121225,3.0,0
A,CYS,599,A_CYS_599,17.990397249761592,9.0,0
A,CYS,603,A_CYS_603,16.209353324020213,0.0,0
A,CYS,612,A_CYS_612,16.944094877116505,6.0,0
A,GLU,594,A_GLU_594,22.742213418029763,145.0,0
A,GLU,595,A_GLU_595,24.364821614212666,179.0,0
A,GLY,458,A_GLY_458,9.99601289407224,0.0,0
A,GLY,588,A_GLY_588,8.065532092592333,32.0,0
A,GLY,597,A_GLY_597,9.812533922690257,12.0,0
A,GLY,598,A_GLY_598,10.656448177257625,36.0,0
A,GLY,609,A_GLY_609,10.664484869182576,27.0,0
A,HIS,601,A_HIS_601,10.851378724082304,34.0,3
A,LEU,432,A_LEU_432,1.7825996300640086,7.0,0
A,LEU,476,A_LEU_476,18.68914544868779,0.0,0
A,LEU,602,A_LEU_602,18.87710151371693,0.0,0
A,LEU,604,A_LEU_604,18.144254447763235,1.0,0
A,LEU,610,A_LEU_610,17.8938676407051,55.0,0
A,LYS,625,A_LYS_625,8.146134069980368,96.0,0
A,MET,456,A_MET_456,14.39304340965334,64.0,0
A,PRO,455,A_PRO_455,15.46496946324329,0.0,0
A,PRO,591,A_PRO_591,15.831635080624492,66.0,0
A,PRO,607,A_PRO_607,2.673088683591464,57.0,0
A,SER,589,A_SER_589,15.516950621230816,81.0,0
A,SER,600,A_SER_600,10.2922089232144,47.0,3
A,THR,430,A_THR_430,3.195891192990815,0.0,0
A,TRP,412,A_TRP_412,19.810454605520164,37.0,0
A,TYR,418,A_TYR_418,8.940627230587895,0.0,0
A,TYR,605,A_TYR_605,27.39345729646162,42.0,0
A,VAL,413,A_VAL_413,16.315661607728142,12.0,0
A,VAL,429,A_VAL_429,1.718310756280698,0.0,0
A,VAL,457,A_VAL_457,8.681094696421429,67.0,0
