chain,resname,resnum,res_key,density,ACC,hbond_type
A,ALA,65,A_ALA_65,12.277243125016913,10.0,0
A,ALA,450,A_ALA_450,11.978385311559858,70.0,0
A,ARG,92,A_ARG_92,25.599016193816507,69.0,1
A,ARG,448,A_ARG_448,3.3612305637516875,30.0,1
A,ARG,452,A_ARG_452,27.198922361350444,11.0,1
A,ASN,378,A_ASN_378,3.025135062948245,0.0,2
A,ASP,69,A_ASP_69,20.171195409873697,18.0,2
A,ASP,72,A_ASP_72,21.81147103077539,60.0,2
A,CYS,454,A_CYS_454,17.298174464555782,61.0,0
A,GLN,66,A_GLN_66,22.71084038965406,27.0,0
A,GLN,70,A_GLN_70,11.28188686766489,0.0,0
A,GLU,458,A_GLU_458,14.891780396155736,103.0,2
A,GLU,459,A_GLU_459,22.8786229098417,72.0,2
A,GLY,94,A_GLY_94,10.135955875698276,0.0,0
A,HIS,377,A_HIS_377,12.34044122034746,29.0,0
A,ILE,463,A_ILE_463,4.003648958197398,20.0,0
A,LEU,73,A_LEU_73,6.080796600306199,1.0,0
A,LEU,449,A_LEU_449,7.386477320642937,3.0,0
A,LYS,75,A_LYS_75,2.047827252537936,133.0,1
A,LYS,453,A_LYS_453,20.31622542369197,99.0,1
A,MET,93,A_MET_93,16.178321910845952,5.0,0
A,PHE,95,A_PHE_95,24.10824362528948,6.0,0
A,PHE,460,A_PHE_460,23.37556457107544,3.0,0
A,PHE,486,A_PHE_486,4.422315217765104,37.0,0
A,PRO,64,A_PRO_64,11.52592794315497,0.0,0
A,PRO,457,A_PRO_457,15.402772084100793,8.0,0
A,SER,451,A_SER_451,16.119367989898624,78.0,0
A,SER,456,A_SER_456,16.085911564540485,50.0,1
A,SER,484,A_SER_484,12.322197070116244,76.0,0
A,THR,71,A_THR_71,12.880239450844243,60.0,1
A,THR,91,A_THR_91,7.413635594741418,47.0,3
A,THR,461,A_THR_461,2.790201663782188,19.0,3
A,TYR,67,A_TYR_67,26.792259873063102,20.0,0
A,VAL,68,A_VAL_68,16.136299877197207,0.0,0
A,VAL,455,A_VAL_455,14.98850958858975,3.0,0
