chain,resname,resnum,res_key,density,ACC,hbond_type
A,ALA,332,A_ALA_332,12.847248546617784,51.0,0
A,ALA,387,A_ALA_387,12.481957438481688,7.0,0
A,ALA,388,A_ALA_388,11.064110321172448,1.0,0
A,ARG,334,A_ARG_334,15.472061316076331,14.0,1
A,ARG,338,A_ARG_338,22.15567814493952,169.0,0
A,ARG,341,A_ARG_341,26.36298335516952,169.0,0
A,ARG,343,A_ARG_343,12.098580724188883,161.0,1
A,ASN,391,A_ASN_391,21.233698967072108,0.0,0
A,ASN,395,A_ASN_395,8.721836436188326,13.0,0
A,CYS,339,A_CYS_339,18.249046518085084,113.0,0
A,CYS,340,A_CYS_340,17.77768083313307,71.0,0
A,GLY,329,A_GLY_329,3.527825980906171,0.0,0
A,GLY,386,A_GLY_386,7.601029632604795,0.0,0
A,HIS,394,A_HIS_394,15.66430678203964,15.0,0
A,ILE,342,A_ILE_342,17.78207389822487,54.0,0
A,LEU,337,A_LEU_337,17.86333669196932,5.0,0
A,LEU,348,A_LEU_348,6.087313482969019,13.0,0
A,LEU,383,A_LEU_383,15.872879258837973,66.0,0
A,LEU,384,A_LEU_384,8.384986755639668,9.0,0
A,PHE,331,A_PHE_331,5.744860201953485,64.0,0
A,PHE,344,A_PHE_344,2.975403580174765,130.0,0
A,SER,182,A_SER_182,10.115437495959512,13.0,0
A,SER,333,A_SER_333,15.89853109930696,5.0,0
A,SER,335,A_SER_335,15.225265956451343,43.0,3
A,SER,336,A_SER_336,16.838152729550956,30.0,0
A,THR,345,A_THR_345,1.9467320928483764,1.0,0
A,THR,392,A_THR_392,2.719936172903165,0.0,0
A,TYR,389,A_TYR_389,2.7112093240449235,1.0,3
A,VAL,330,A_VAL_330,3.3844553956954457,2.0,0
A,VAL,390,A_VAL_390,16.614636062346847,0.0,0
