chain,resname,resnum,res_key,density,ACC,hbond_type
A,ALA,134,A_ALA_134,5.795170242591591,16.0,0
A,ALA,226,A_ALA_226,12.999777846910568,7.0,0
A,ALA,271,A_ALA_271,12.6432725127286,53.0,0
A,ARG,131,A_ARG_131,2.5579771253352805,44.0,1
A,ARG,228,A_ARG_228,13.31193150269478,123.0,1
A,ARG,259,A_ARG_259,13.81175501772628,169.0,0
A,ARG,260,A_ARG_260,16.80460196483225,192.0,0
A,ASP,234,A_ASP_234,15.74758667944179,110.0,0
A,CYS,265,A_CYS_265,18.62484031905792,14.0,0
A,GLN,229,A_GLN_229,23.660334786463736,58.0,0
A,GLN,231,A_GLN_231,14.552521757202648,99.0,0
A,GLU,225,A_GLU_225,7.8121870240674305,45.0,2
A,GLU,237,A_GLU_237,13.195523491338577,56.0,2
A,GLU,268,A_GLU_268,22.624510114649368,89.0,0
A,GLY,257,A_GLY_257,3.206364871938192,55.0,0
A,HIS,269,A_HIS_269,25.1628903910806,44.0,0
A,ILE,135,A_ILE_135,18.65138916324824,19.0,0
A,ILE,233,A_ILE_233,18.53236275491193,35.0,0
A,LEU,230,A_LEU_230,19.111291093681963,51.0,0
A,LEU,258,A_LEU_258,8.305092924803239,88.0,0
A,LEU,266,A_LEU_266,18.891584618216623,73.0,0
A,LEU,272,A_LEU_272,15.019456495836218,13.0,0
A,LYS,227,A_LYS_227,14.185537440541427,112.0,0
A,LYS,232,A_LYS_232,17.013978599902558,144.0,0
A,LYS,263,A_LYS_263,17.775082332216193,129.0,0
A,LYS,267,A_LYS_267,21.42530914092233,106.0,1
A,LYS,270,A_LYS_270,21.12802368670721,143.0,0
A,LYS,273,A_LYS_273,6.992903897710059,118.0,0
A,PHE,223,A_PHE_223,3.059836151659431,102.0,0
A,PHE,264,A_PHE_264,25.50458688047876,126.0,0
A,PRO,138,A_PRO_138,4.0599950650908365,71.0,0
A,SER,236,A_SER_236,2.986971839874316,40.0,0
A,SER,261,A_SER_261,15.200681454753845,73.0,0
A,SER,262,A_SER_262,15.98464331677812,17.0,1
A,VAL,222,A_VAL_222,3.3544320935553738,1.0,0
