chain,resname,resnum,res_key,density,ACC,hbond_type
A,ALA,27,A_ALA_27,2.75744468985065,101.0,0
A,ARG,20,A_ARG_20,12.938110609606497,237.0,0
A,ARG,25,A_ARG_25,25.821127865911148,251.0,0
A,CYS,23,A_CYS_23,17.956114827423708,110.0,0
A,GLY,21,A_GLY_21,10.71750577578974,77.0,0
A,LEU,17,A_LEU_17,2.0554878608846687,142.0,0
A,LEU,22,A_LEU_22,18.599099800110853,168.0,0
A,LEU,26,A_LEU_26,18.22300822361729,175.0,0
A,MET,199,A_MET_199,16.875033909485715,166.0,0
A,THR,24,A_THR_24,18.085676564630315,130.0,0
