chain,resname,resnum,res_key,density,ACC,hbond_type
A,ARG,521,A_ARG_521,18.67972980073476,151.0,1
A,ARG,547,A_ARG_547,20.62682319492917,47.0,0
A,ASP,543,A_ASP_543,21.472831946111032,89.0,2
A,CYS,520,A_CYS_520,13.3513584789676,0.0,0
A,CYS,529,A_CYS_529,5.519775379477455,1.0,0
A,CYS,538,A_CYS_538,12.096339693215135,7.0,0
A,CYS,541,A_CYS_541,18.395802160199445,13.0,0
A,CYS,545,A_CYS_545,16.91652754278969,2.0,0
A,CYS,551,A_CYS_551,16.941361799092952,21.0,0
A,GLN,537,A_GLN_537,8.290297331154978,120.0,0
A,GLN,558,A_GLN_558,9.767882363073776,71.0,0
A,GLU,549,A_GLU_549,23.034974807762907,152.0,0
A,GLU,550,A_GLU_550,24.190921009512586,57.0,2
A,GLY,539,A_GLY_539,10.286229938971502,0.0,0
A,GLY,554,A_GLY_554,10.360527337522202,94.0,0
A,HIS,542,A_HIS_542,21.702816354732903,145.0,0
A,LEU,552,A_LEU_552,18.515783243660323,185.0,0
A,LYS,544,A_LYS_544,20.82498984825716,119.0,1
A,SER,548,A_SER_548,15.423236920488012,72.0,0
A,SER,553,A_SER_553,15.81655411454138,50.0,3
A,THR,555,A_THR_555,17.417999062008374,70.0,3
A,THR,557,A_THR_557,17.881047170421013,31.0,0
A,TRP,540,A_TRP_540,26.51066252116529,36.0,0
A,TRP,556,A_TRP_556,31.24398884797311,74.0,0
A,VAL,546,A_VAL_546,16.418920552349494,11.0,0
