chain,resname,resnum,res_key,density,ACC,hbond_type
A,ALA,30,A_ALA_30,5.769084052299392,89.0,0
A,ALA,31,A_ALA_31,10.684485219085936,77.0,0
A,ARG,34,A_ARG_34,25.51643109608948,177.0,0
A,ARG,91,A_ARG_91,2.096258401674893,59.0,1
A,ASP,59,A_ASP_59,22.81220435698154,13.0,0
A,ASP,77,A_ASP_77,20.861678775195863,53.0,2
A,CYS,35,A_CYS_35,17.681870004839546,42.0,0
A,CYS,39,A_CYS_39,18.06033900935484,65.0,0
A,CYS,61,A_CYS_61,17.27340877847925,31.0,0
A,CYS,63,A_CYS_63,17.13301172444155,26.0,0
A,CYS,64,A_CYS_64,8.27998433530476,25.0,0
A,GLN,33,A_GLN_33,22.83035183660525,156.0,0
A,GLN,38,A_GLN_38,20.04223828227289,162.0,0
A,GLY,60,A_GLY_60,9.983768847224065,45.0,0
A,LEU,78,A_LEU_78,17.302692710643786,108.0,0
A,PRO,36,A_PRO_36,16.735609526357436,71.0,0
A,PRO,37,A_PRO_37,16.108218715835534,114.0,0
A,PRO,40,A_PRO_40,17.25134666598488,77.0,0
A,SER,62,A_SER_62,15.840874530938034,84.0,0
A,SER,76,A_SER_76,6.140044390789711,21.0,0
A,THR,32,A_THR_32,17.922254599079324,114.0,0
A,VAL,29,A_VAL_29,3.2344115623578187,111.0,0
