chain,resname,resnum,res_key,density,ACC,hbond_type
A,ALA,673,A_ALA_673,11.958079074221985,1.0,0
A,ALA,677,A_ALA_677,12.77914446194016,0.0,0
A,ALA,682,A_ALA_682,12.37999787570748,10.0,0
A,ALA,692,A_ALA_692,9.06679805299089,23.0,0
A,ARG,679,A_ARG_679,12.256366783611233,133.0,1
A,ASP,675,A_ASP_675,13.183254760243974,67.0,2
A,ASP,687,A_ASP_687,21.50247856579753,90.0,0
A,CYS,644,A_CYS_644,17.65188279957097,0.0,0
A,CYS,652,A_CYS_652,18.31308883344341,3.0,0
A,CYS,685,A_CYS_685,17.76013551267939,1.0,0
A,GLN,684,A_GLN_684,23.155751983423247,115.0,0
A,GLN,691,A_GLN_691,23.317596890205408,85.0,0
A,GLU,651,A_GLU_651,24.427210582595347,20.0,2
A,GLU,686,A_GLU_686,23.65982704439286,57.0,0
A,HIS,642,A_HIS_642,19.32011971436914,1.0,3
A,ILE,676,A_ILE_676,19.08755509335461,1.0,0
A,LEU,641,A_LEU_641,17.612912088035777,3.0,0
A,LEU,653,A_LEU_653,18.54188388085833,0.0,0
A,LEU,655,A_LEU_655,2.5118790221569656,0.0,0
A,LEU,656,A_LEU_656,12.658422894779465,1.0,0
A,LEU,657,A_LEU_657,11.927807931918183,8.0,0
A,LEU,674,A_LEU_674,18.392484945370235,13.0,0
A,LEU,680,A_LEU_680,18.158512504772027,85.0,0
A,LEU,688,A_LEU_688,17.64393142482419,21.0,0
A,LEU,689,A_LEU_689,18.36383222165733,2.0,0
A,LYS,649,A_LYS_649,17.873600247457034,48.0,0
A,LYS,654,A_LYS_654,21.409216801326004,37.0,1
A,LYS,678,A_LYS_678,20.82655545889964,92.0,0
A,LYS,681,A_LYS_681,14.65249645341683,171.0,0
A,LYS,693,A_LYS_693,4.7087230569800695,123.0,0
A,MET,646,A_MET_646,14.293985728576692,68.0,0
A,PHE,697,A_PHE_697,14.695199667366287,30.0,0
A,PRO,650,A_PRO_650,16.01380340615934,20.0,0
A,SER,645,A_SER_645,15.815621505722534,1.0,0
A,SER,648,A_SER_648,14.96587222484964,72.0,0
A,SER,690,A_SER_690,15.991308506751132,45.0,0
A,THR,672,A_THR_672,12.91899574400089,10.0,1
A,THR,683,A_THR_683,18.421232949052698,86.0,0
A,TYR,643,A_TYR_643,12.700082928672405,3.0,1
A,TYR,647,A_TYR_647,14.712949870557775,95.0,0
A,VAL,609,A_VAL_609,1.9661197204769063,0.0,0
A,VAL,640,A_VAL_640,5.971938790811729,1.0,0
A,VAL,663,A_VAL_663,9.116326201147768,28.0,0
