chain,resname,resnum,res_key,density,ACC,hbond_type
A,ALA,221,A_ALA_221,11.709467915951729,2.0,0
A,ALA,357,A_ALA_357,12.85973398541248,25.0,0
A,ARG,164,A_ARG_164,1.700353841649121,95.0,1
A,ARG,219,A_ARG_219,25.86528085154381,11.0,1
A,ARG,410,A_ARG_410,26.51794438363765,37.0,1
A,ASN,189,A_ASN_189,20.4378924716301,79.0,0
A,ASP,128,A_ASP_128,3.467005307069929,68.0,2
A,ASP,162,A_ASP_162,12.374883520040935,82.0,2
A,ASP,359,A_ASP_359,9.566442050598006,53.0,2
A,CYS,186,A_CYS_186,18.134291270591227,22.0,0
A,CYS,407,A_CYS_407,16.91091382825433,16.0,0
A,GLN,217,A_GLN_217,23.685759068659888,103.0,0
A,GLU,134,A_GLU_134,5.508695558431398,21.0,2
A,GLU,159,A_GLU_159,22.98950463149012,34.0,2
A,GLU,408,A_GLU_408,20.27408062703783,180.0,0
A,GLY,160,A_GLY_160,10.301870341352805,57.0,0
A,GLY,184,A_GLY_184,9.97847046666485,0.0,0
A,GLY,405,A_GLY_405,10.80734952473297,61.0,0
A,HIS,180,A_HIS_180,5.599042933992832,129.0,0
A,HIS,218,A_HIS_218,23.40286116528006,27.0,3
A,ILE,126,A_ILE_126,5.734313174644383,27.0,0
A,ILE,190,A_ILE_190,11.84645744289277,0.0,0
A,LEU,182,A_LEU_182,17.301528663926362,76.0,0
A,LYS,161,A_LYS_161,13.20521585014865,192.0,0
A,LYS,216,A_LYS_216,12.825644116486234,67.0,1
A,MET,185,A_MET_185,20.728217580990023,64.0,0
A,PHE,358,A_PHE_358,4.865569352269391,47.0,0
A,PRO,133,A_PRO_133,3.1857084887446794,13.0,0
A,PRO,183,A_PRO_183,16.03324671463988,4.0,0
A,PRO,222,A_PRO_222,9.713889606063876,0.0,0
A,SER,188,A_SER_188,15.775699792965478,27.0,0
A,SER,402,A_SER_402,16.037980066872223,0.0,3
A,SER,403,A_SER_403,15.513054193462134,44.0,0
A,SER,404,A_SER_404,15.722330662544124,62.0,1
A,SER,406,A_SER_406,15.258518953308698,105.0,0
A,THR,220,A_THR_220,18.28129376180684,0.0,0
A,THR,356,A_THR_356,8.165336196201183,29.0,0
A,THR,409,A_THR_409,15.384545253273393,90.0,0
A,TRP,158,A_TRP_158,25.09900747475344,100.0,0
A,TRP,181,A_TRP_181,30.76888217163173,6.0,0
A,TYR,157,A_TYR_157,28.162851218131458,19.0,0
A,TYR,187,A_TYR_187,27.017050355700807,1.0,1
A,VAL,137,A_VAL_137,5.789176947073599,0.0,0
