chain,resname,resnum,res_key,density,ACC,hbond_type
A,ALA,208,A_ALA_208,11.881449205332892,1.0,0
A,ARG,22,A_ARG_22,2.7630788387891165,49.0,1
A,ARG,197,A_ARG_197,5.822745861741389,178.0,0
A,ARG,214,A_ARG_214,10.384638005169316,233.0,0
A,ARG,219,A_ARG_219,26.84646166065217,127.0,1
A,ASP,205,A_ASP_205,3.0146623044181555,36.0,2
A,ASP,212,A_ASP_212,21.19000195405535,17.0,2
A,ASP,258,A_ASP_258,8.821591578486174,41.0,2
A,CYS,166,A_CYS_166,18.15581488757837,1.0,0
A,CYS,218,A_CYS_218,17.789488878945427,44.0,0
A,GLN,220,A_GLN_220,22.29630512763565,43.0,1
A,GLU,215,A_GLU_215,22.471326718177583,102.0,2
A,GLY,182,A_GLY_182,10.192953783482457,41.0,0
A,GLY,216,A_GLY_216,10.732327484093256,20.0,0
A,HIS,183,A_HIS_183,22.698838635924133,10.0,3
A,ILE,18,A_ILE_18,1.9554780807968908,85.0,0
A,LEU,198,A_LEU_198,17.96634413047896,34.0,0
A,LEU,210,A_LEU_210,18.488720748978345,7.0,0
A,LEU,255,A_LEU_255,3.568695727870651,19.0,0
A,LYS,209,A_LYS_209,20.584949417968275,18.0,1
A,MET,217,A_MET_217,21.495213184724733,102.0,0
A,PHE,180,A_PHE_180,25.5526502659475,1.0,0
A,PHE,199,A_PHE_199,26.080506866042704,0.0,0
A,PHE,222,A_PHE_222,25.802028811190244,3.0,0
A,PHE,241,A_PHE_241,4.2161996437253855,0.0,0
A,SER,201,A_SER_201,16.133549522875143,0.0,3
A,SER,207,A_SER_207,13.527024866871908,5.0,3
A,THR,164,A_THR_164,2.961515530426261,51.0,0
A,THR,178,A_THR_178,1.7579070839171806,37.0,0
A,THR,179,A_THR_179,10.669046506040129,70.0,0
A,THR,181,A_THR_181,16.910575926395026,97.0,0
A,THR,184,A_THR_184,2.6011453986173376,124.0,0
A,THR,221,A_THR_221,17.054547354351218,57.0,0
A,TRP,211,A_TRP_211,31.481568327228057,2.0,1
A,VAL,200,A_VAL_200,15.15460853775922,0.0,0
A,VAL,213,A_VAL_213,14.547873092769803,15.0,0
