chain,resname,resnum,res_key,density,ACC,hbond_type
A,ALA,172,A_ALA_172,12.383709324851488,0.0,0
A,ALA,175,A_ALA_175,12.8344884668535,9.0,0
A,ARG,174,A_ARG_174,27.22898698808565,68.0,1
A,ASP,47,A_ASP_47,21.493394987549536,88.0,2
A,ASP,76,A_ASP_76,7.691074818551486,60.0,0
A,ASP,170,A_ASP_170,9.64431492891153,19.0,2
A,CYS,178,A_CYS_178,18.497703514410286,64.0,0
A,GLN,2,A_GLN_2,12.818829592016376,101.0,0
A,GLN,180,A_GLN_180,22.15933283777424,147.0,0
A,GLU,171,A_GLU_171,23.510922542200326,34.0,2
A,ILE,4,A_ILE_4,7.620176992836865,2.0,0
A,ILE,111,A_ILE_111,3.692328418063118,0.0,0
A,ILE,173,A_ILE_173,18.66604950660161,0.0,0
A,LEU,177,A_LEU_177,18.02145217380764,26.0,0
A,LYS,49,A_LYS_49,17.81869218408709,103.0,0
A,LYS,153,A_LYS_153,8.522239712971816,96.0,0
A,PHE,169,A_PHE_169,3.2281625957721096,0.0,0
A,PRO,109,A_PRO_109,12.880922320851294,33.0,0
A,PRO,179,A_PRO_179,17.065021561167207,96.0,0
A,PRO,181,A_PRO_181,16.287968317300102,114.0,0
A,THR,182,A_THR_182,6.302684782815547,122.0,0
A,VAL,46,A_VAL_46,13.128820764457776,2.0,0
A,VAL,51,A_VAL_51,1.8850204800776325,1.0,0
A,VAL,77,A_VAL_77,6.039097908809264,0.0,0
A,VAL,152,A_VAL_152,13.507969591606397,64.0,0
A,VAL,176,A_VAL_176,16.407174019385934,28.0,0
