chain,resname,resnum,res_key,density,ACC,hbond_type
A,ASN,720,A_ASN_720,20.90794913143116,114.0,0
A,ASP,695,A_ASP_695,21.555702705650724,13.0,0
A,ASP,697,A_ASP_697,21.357848374863508,101.0,2
A,ASP,698,A_ASP_698,22.048634492895715,109.0,2
A,CYS,699,A_CYS_699,18.47728165432117,17.0,0
A,CYS,723,A_CYS_723,18.218037369022788,71.0,0
A,GLU,693,A_GLU_693,5.031588390130228,44.0,2
A,GLU,719,A_GLU_719,5.378399324275373,87.0,0
A,GLU,722,A_GLU_722,23.328397320592344,97.0,2
A,GLY,726,A_GLY_726,9.442127908551791,74.0,0
A,LYS,654,A_LYS_654,2.287241945351408,69.0,1
A,LYS,692,A_LYS_692,4.153258284490865,101.0,1
A,LYS,694,A_LYS_694,16.655540081199383,78.0,1
A,PHE,652,A_PHE_652,4.155312957391914,37.0,0
A,PHE,701,A_PHE_701,16.82819922802991,1.0,0
A,PRO,721,A_PRO_721,15.800973471856013,39.0,0
A,PRO,724,A_PRO_724,16.066764438935344,137.0,0
A,THR,725,A_THR_725,17.943390180441867,142.0,0
A,TRP,700,A_TRP_700,31.664313550903984,96.0,0
A,TYR,702,A_TYR_702,18.647635727114725,21.0,3
A,VAL,696,A_VAL_696,8.125056742869978,96.0,0
A,VAL,718,A_VAL_718,7.132848856686087,9.0,0
