chain,resname,resnum,res_key,density,ACC,hbond_type
A,ALA,26,A_ALA_26,12.1403263245984,79.0,0
A,ALA,34,A_ALA_34,12.882040791689024,0.0,0
A,ALA,53,A_ALA_53,12.689578269411406,34.0,0
A,ARG,60,A_ARG_60,26.917181230599432,178.0,0
A,CYS,10,A_CYS_10,10.85475521379921,0.0,0
A,CYS,25,A_CYS_25,18.037370421980725,28.0,0
A,CYS,30,A_CYS_30,6.382462333787187,3.0,0
A,CYS,33,A_CYS_33,9.361870254576091,10.0,0
A,CYS,56,A_CYS_56,17.350614090291586,0.0,0
A,CYS,59,A_CYS_59,18.465027151996964,58.0,1
A,GLN,55,A_GLN_55,22.20706664277817,103.0,0
A,HIS,27,A_HIS_27,23.70791227858088,66.0,2
A,HIS,41,A_HIS_41,6.923125336591285,119.0,0
A,HIS,61,A_HIS_61,23.86893414019775,99.0,0
A,ILE,12,A_ILE_12,15.738492330151171,74.0,0
A,ILE,37,A_ILE_37,18.548205966026583,27.0,0
A,ILE,63,A_ILE_63,18.21234595961885,1.0,0
A,LEU,21,A_LEU_21,11.717464052622482,2.0,0
A,LEU,22,A_LEU_22,12.655869997310331,68.0,0
A,LEU,23,A_LEU_23,18.437130678068627,5.0,0
A,LEU,29,A_LEU_29,17.905637612664314,0.0,0
A,LEU,38,A_LEU_38,6.647920484509142,21.0,0
A,LEU,65,A_LEU_65,5.601788657768208,14.0,0
A,LEU,70,A_LEU_70,1.6253437852634598,10.0,0
A,LEU,73,A_LEU_73,5.722022991168639,28.0,0
A,PHE,17,A_PHE_17,6.29845414099947,14.0,0
A,PHE,54,A_PHE_54,24.45363968605324,6.0,0
A,PRO,11,A_PRO_11,15.741427970826132,56.0,0
A,PRO,24,A_PRO_24,15.172497723180168,93.0,0
A,PRO,57,A_PRO_57,15.574936538903476,43.0,0
A,SER,28,A_SER_28,15.478431304433338,17.0,2
A,THR,58,A_THR_58,16.63090601237347,76.0,0
A,THR,64,A_THR_64,12.82686374744987,104.0,0
A,VAL,62,A_VAL_62,16.24992336587085,76.0,0
