chain,resname,resnum,res_key,density,ACC,hbond_type
A,ALA,236,A_ALA_236,11.594918330501503,38.0,0
A,ARG,96,A_ARG_96,22.41544090473269,6.0,1
A,ARG,989,A_ARG_989,20.334219533117544,52.0,1
A,ASN,906,A_ASN_906,20.85871092191556,32.0,2
A,ASN,915,A_ASN_915,21.528103119744603,67.0,0
A,ASN,916,A_ASN_916,19.77914328229236,125.0,0
A,ASN,925,A_ASN_925,6.150357954133719,45.0,2
A,ASP,242,A_ASP_242,15.546951026953264,1.0,2
A,ASP,917,A_ASP_917,21.26887655598524,73.0,0
A,ASP,944,A_ASP_944,20.438235211167186,2.0,2
A,ASP,948,A_ASP_948,3.1602569240768204,5.0,2
A,CYS,97,A_CYS_97,2.500917241196696,0.0,0
A,CYS,238,A_CYS_238,12.170958817522166,2.0,0
A,CYS,240,A_CYS_240,17.92133028597129,14.0,1
A,CYS,909,A_CYS_909,17.80737767516527,0.0,0
A,CYS,914,A_CYS_914,18.08383933465245,18.0,0
A,GLN,241,A_GLN_241,20.14664235784609,9.0,0
A,GLN,905,A_GLN_905,23.175302253567363,0.0,0
A,GLN,921,A_GLN_921,22.293161500400974,5.0,3
A,GLN,922,A_GLN_922,11.960001515742071,20.0,2
A,GLY,904,A_GLY_904,10.934805320655585,2.0,0
A,GLY,910,A_GLY_910,9.790479905471363,0.0,0
A,GLY,911,A_GLY_911,10.432884181311888,3.0,0
A,GLY,913,A_GLY_913,9.94745169019942,45.0,0
A,HIS,897,A_HIS_897,4.292366611702596,10.0,0
A,ILE,943,A_ILE_943,18.342502635250565,0.0,0
A,LEU,919,A_LEU_919,16.497906928923594,0.0,0
A,LYS,903,A_LYS_903,14.648083965454813,160.0,0
A,MET,907,A_MET_907,21.25079036384361,34.0,0
A,MET,912,A_MET_912,21.01241615759108,43.0,0
A,MET,1069,A_MET_1069,3.268958128083237,16.0,0
A,PHE,924,A_PHE_924,3.937568668916098,17.0,0
A,PHE,947,A_PHE_947,16.092437532891807,16.0,0
A,PHE,1038,A_PHE_1038,1.974799928143352,0.0,0
A,PRO,98,A_PRO_98,1.9181556711138488,27.0,0
A,PRO,237,A_PRO_237,16.364599199994363,52.0,0
A,SER,239,A_SER_239,15.29320474465435,15.0,1
A,SER,901,A_SER_901,6.027900254445894,38.0,1
A,SER,902,A_SER_902,15.884997742245927,46.0,0
A,SER,918,A_SER_918,17.054885739666126,1.0,0
A,SER,941,A_SER_941,4.329008265340661,0.0,1
A,THR,235,A_THR_235,2.6603378884473905,40.0,1
A,VAL,246,A_VAL_246,8.917254528289131,52.0,0
A,VAL,908,A_VAL_908,16.59906597136584,0.0,0
A,VAL,920,A_VAL_920,16.71941354048737,1.0,0
