chain,resname,resnum,res_key,density,ACC,hbond_type
A,ALA,208,A_ALA_208,12.170659448224423,0.0,0
A,ARG,134,A_ARG_134,24.40623630338796,142.0,1
A,ARG,149,A_ARG_149,15.045122875322283,131.0,1
A,ARG,179,A_ARG_179,14.749510640293076,87.0,0
A,ARG,205,A_ARG_205,13.450072428484631,78.0,1
A,ARG,209,A_ARG_209,10.765810914340992,68.0,1
A,ASN,151,A_ASN_151,21.27771701372888,41.0,1
A,ASN,182,A_ASN_182,10.142732709796018,78.0,0
A,ASN,187,A_ASN_187,21.231224235175244,47.0,0
A,ASP,138,A_ASP_138,2.626463866704137,84.0,0
A,CYS,152,A_CYS_152,18.59353888391487,0.0,0
A,CYS,206,A_CYS_206,17.665783370359406,0.0,0
A,GLN,186,A_GLN_186,23.02752784651017,102.0,0
A,GLN,207,A_GLN_207,17.47307356129857,43.0,2
A,GLU,156,A_GLU_156,11.738030162225666,53.0,2
A,GLU,157,A_GLU_157,7.731954650912304,5.0,2
A,GLU,166,A_GLU_166,13.94796378287619,30.0,2
A,GLU,180,A_GLU_180,14.84865543717238,92.0,2
A,GLU,192,A_GLU_192,4.326678381493903,74.0,2
A,GLU,220,A_GLU_220,5.65905290262184,147.0,0
A,GLU,225,A_GLU_225,2.294704519491689,115.0,2
A,HIS,162,A_HIS_162,20.6095783608462,53.0,0
A,ILE,161,A_ILE_161,17.850400379070336,0.0,0
A,ILE,165,A_ILE_165,19.051598658577085,0.0,0
A,ILE,190,A_ILE_190,18.312468097785462,95.0,0
A,ILE,210,A_ILE_210,3.8594145748003887,10.0,0
A,LEU,137,A_LEU_137,18.23811698139482,38.0,0
A,LEU,191,A_LEU_191,18.67254093266873,26.0,0
A,LYS,181,A_LYS_181,17.878777971249693,115.0,0
A,LYS,223,A_LYS_223,12.195469038441516,141.0,0
A,PHE,163,A_PHE_163,25.083102882717107,0.0,0
A,PHE,188,A_PHE_188,25.53693549020857,61.0,0
A,PHE,193,A_PHE_193,13.057533819773528,1.0,0
A,PHE,204,A_PHE_204,25.2452483436261,1.0,0
A,PRO,131,A_PRO_131,8.764131316046335,22.0,0
A,PRO,133,A_PRO_133,15.888272220015883,3.0,0
A,PRO,155,A_PRO_155,17.31980574402575,54.0,0
A,SER,132,A_SER_132,14.944398431856175,66.0,0
A,SER,153,A_SER_153,15.269691482563116,20.0,0
A,SER,183,A_SER_183,15.41457717436105,13.0,0
A,SER,219,A_SER_219,6.9370201650718135,4.0,0
A,SER,221,A_SER_221,15.216202023455708,52.0,0
A,SER,224,A_SER_224,12.90882477508626,11.0,0
A,THR,136,A_THR_136,17.678077477264527,71.0,2
A,THR,164,A_THR_164,17.05945298748005,5.0,0
A,THR,222,A_THR_222,17.37045658745653,39.0,0
A,VAL,130,A_VAL_130,1.8033840033367643,14.0,0
A,VAL,135,A_VAL_135,16.16203447433252,24.0,0
A,VAL,148,A_VAL_148,3.182265176874914,0.0,0
A,VAL,150,A_VAL_150,15.294400227056569,0.0,0
A,VAL,154,A_VAL_154,16.3065205234348,0.0,0
A,VAL,189,A_VAL_189,16.50881523122128,13.0,0
