chain,resname,resnum,res_key,density,ACC,hbond_type
A,ALA,1445,A_ALA_1445,12.243942467079066,0.0,0
A,ALA,1449,A_ALA_1449,12.612321623071365,47.0,0
A,ALA,2040,A_ALA_2040,11.334993100713463,0.0,0
A,ARG,1507,A_ARG_1507,2.507157915852728,16.0,1
A,ARG,2043,A_ARG_2043,21.20255104088397,3.0,1
A,ASN,1447,A_ASN_1447,20.645245403199407,141.0,1
A,ASN,1476,A_ASN_1476,20.66302786124707,37.0,0
A,ASP,1418,A_ASP_1418,21.26501225248268,34.0,2
A,ASP,1419,A_ASP_1419,18.300520924433208,64.0,2
A,CYS,1448,A_CYS_1448,17.43333707075827,25.0,0
A,GLU,2046,A_GLU_2046,3.241877793068567,4.0,2
A,GLY,1452,A_GLY_1452,9.899587338369848,0.0,0
A,ILE,1446,A_ILE_1446,17.663134109917564,55.0,0
A,ILE,2044,A_ILE_2044,10.387741292549666,3.0,0
A,LEU,1415,A_LEU_1415,2.845748999014358,18.0,0
A,LEU,1443,A_LEU_1443,5.236822257865038,0.0,0
A,LEU,1456,A_LEU_1456,2.0500829031975463,0.0,0
A,LEU,1473,A_LEU_1473,18.214222346787142,0.0,0
A,LEU,1474,A_LEU_1474,18.396121972030485,14.0,0
A,LEU,1477,A_LEU_1477,4.587848898939692,33.0,0
A,LEU,2000,A_LEU_2000,7.600337234796338,73.0,0
A,LYS,1444,A_LYS_1444,14.661522885216476,21.0,0
A,LYS,2047,A_LYS_2047,10.033412032365424,92.0,0
A,MET,2041,A_MET_2041,2.809070470019336,1.0,0
A,PHE,1422,A_PHE_1422,5.956715263740012,10.0,0
A,PHE,2036,A_PHE_2036,21.79397430809336,10.0,0
A,PRO,1416,A_PRO_1416,14.305206185759689,82.0,0
A,SER,1421,A_SER_1421,2.644219934413801,47.0,3
A,SER,1451,A_SER_1451,15.506231533765124,1.0,0
A,SER,1475,A_SER_1475,15.042541689275716,4.0,2
A,SER,2039,A_SER_2039,12.679335671441304,0.0,0
A,THR,1420,A_THR_1420,17.19523593117392,102.0,0
A,THR,1450,A_THR_1450,17.195234835991215,29.0,3
A,TRP,1424,A_TRP_1424,14.801448561221786,10.0,0
A,TYR,1506,A_TYR_1506,7.730144720561793,10.0,0
A,TYR,1996,A_TYR_1996,17.363799819796903,22.0,3
A,VAL,1417,A_VAL_1417,15.76894056192031,1.0,0
A,VAL,1453,A_VAL_1453,16.872856898651587,0.0,0
A,VAL,1454,A_VAL_1454,8.96840669994741,3.0,0
A,VAL,1472,A_VAL_1472,14.45880951583892,0.0,0
A,VAL,1483,A_VAL_1483,3.717763352370513,91.0,0
A,VAL,1486,A_VAL_1486,1.8327302925358555,10.0,0
A,VAL,1505,A_VAL_1505,1.4910866433137202,0.0,0
