chain,resname,resnum,res_key,density,ACC,hbond_type
A,ALA,421,A_ALA_421,12.243854411796544,2.0,0
A,ALA,427,A_ALA_427,12.189936345698396,3.0,0
A,ALA,442,A_ALA_442,6.7991374459264815,2.0,0
A,ALA,466,A_ALA_466,2.2162512064275224,3.0,0
A,ALA,518,A_ALA_518,12.743716394127556,0.0,0
A,ALA,537,A_ALA_537,3.8262459841838448,6.0,0
A,ARG,422,A_ARG_422,26.418697508153265,75.0,1
A,ASN,423,A_ASN_423,20.833503997281586,104.0,0
A,ASN,426,A_ASN_426,12.55281087839277,90.0,0
A,ASN,501,A_ASN_501,9.3976563736107,0.0,0
A,ASN,522,A_ASN_522,21.70983674232128,3.0,1
A,ASP,446,A_ASP_446,21.444542249381985,77.0,2
A,CYS,430,A_CYS_430,17.206829821924998,0.0,0
A,CYS,504,A_CYS_504,18.534159567029672,0.0,0
A,CYS,544,A_CYS_544,7.473029723292331,0.0,0
A,GLN,415,A_GLN_415,20.549583500836217,65.0,0
A,GLU,416,A_GLU_416,12.714681199513688,43.0,2
A,GLU,420,A_GLU_420,14.181917600836424,20.0,2
A,GLU,428,A_GLU_428,23.88759412332109,72.0,2
A,GLU,519,A_GLU_519,23.08837633900896,26.0,0
A,GLY,447,A_GLY_447,7.319547554625134,85.0,0
A,GLY,448,A_GLY_448,10.501384621059945,35.0,0
A,ILE,417,A_ILE_417,18.882196148474605,0.0,0
A,ILE,418,A_ILE_418,19.183620074208505,10.0,0
A,ILE,429,A_ILE_429,18.38563182351308,25.0,0
A,ILE,502,A_ILE_502,18.45537834753897,4.0,0
A,ILE,507,A_ILE_507,4.104807950552223,0.0,0
A,ILE,524,A_ILE_524,6.372475813516632,71.0,0
A,LEU,413,A_LEU_413,6.081834262137552,0.0,0
A,LEU,414,A_LEU_414,19.035000446114623,1.0,0
A,LEU,424,A_LEU_424,13.0713791301924,30.0,0
A,LEU,434,A_LEU_434,2.7243611326831614,12.0,0
A,LEU,503,A_LEU_503,18.25410354781601,0.0,0
A,LEU,520,A_LEU_520,18.201184333483795,3.0,0
A,LYS,443,A_LYS_443,12.390871716553402,68.0,1
A,LYS,523,A_LYS_523,7.347985032303857,25.0,1
A,PHE,433,A_PHE_433,24.82116246244137,15.0,0
A,PHE,445,A_PHE_445,25.12746846251148,90.0,0
A,PHE,497,A_PHE_497,12.405498964367654,57.0,0
A,PHE,505,A_PHE_505,25.24046194554178,2.0,0
A,PHE,529,A_PHE_529,12.720541014826235,1.0,0
A,PHE,540,A_PHE_540,14.884610313589954,3.0,0
A,SER,425,A_SER_425,15.989652476697398,4.0,0
A,SER,431,A_SER_431,15.596497541542814,9.0,0
A,THR,419,A_THR_419,18.87954609529268,66.0,0
A,THR,499,A_THR_499,6.813093403867694,10.0,1
A,VAL,432,A_VAL_432,16.088102002667583,1.0,0
A,VAL,444,A_VAL_444,15.43051558443646,8.0,0
A,VAL,450,A_VAL_450,1.861955406876684,33.0,0
A,VAL,517,A_VAL_517,15.09263106717261,0.0,0
A,VAL,521,A_VAL_521,16.22838471601107,15.0,0
