chain,resname,resnum,res_key,density,ACC,hbond_type
A,ARG,229,A_ARG_229,25.773769369149623,238.0,0
A,ASN,231,A_ASN_231,21.36436453320983,158.0,0
A,CYS,230,A_CYS_230,18.099994430372284,122.0,0
A,HIS,227,A_HIS_227,24.552265007054665,192.0,0
A,LEU,233,A_LEU_233,17.062556549114486,166.0,0
A,SER,226,A_SER_226,5.980229932326857,108.0,0
A,SER,228,A_SER_228,16.212041723103134,120.0,0
A,SER,234,A_SER_234,7.796400738817933,111.0,0
A,THR,232,A_THR_232,16.59870247163793,141.0,0
