chain,resname,resnum,res_key,density,ACC,hbond_type
A,ALA,112,A_ALA_112,12.480677153925122,11.0,0
A,ALA,116,A_ALA_116,12.517823540099537,94.0,0
A,ARG,122,A_ARG_122,26.49768643594729,20.0,1
A,ASN,123,A_ASN_123,21.417988059216977,12.0,3
A,ASP,113,A_ASP_113,21.130317711400487,76.0,2
A,ASP,131,A_ASP_131,2.4341800933082416,37.0,2
A,CYS,99,A_CYS_99,12.2949046399961,44.0,0
A,CYS,114,A_CYS_114,17.75121725357849,0.0,0
A,CYS,115,A_CYS_115,17.219429422258372,42.0,0
A,CYS,125,A_CYS_125,17.86478080491683,13.0,0
A,CYS,270,A_CYS_270,3.09736289845185,2.0,0
A,GLN,53,A_GLN_53,2.8660633379578746,1.0,2
A,GLN,118,A_GLN_118,11.700719740806436,161.0,0
A,GLN,128,A_GLN_128,22.961200234016893,154.0,0
A,GLN,228,A_GLN_228,5.360244157724333,79.0,2
A,GLU,110,A_GLU_110,23.272569699410635,148.0,0
A,GLU,119,A_GLU_119,23.75950214640136,44.0,2
A,GLU,121,A_GLU_121,23.35262323315604,102.0,0
A,GLU,124,A_GLU_124,22.99856265000849,101.0,0
A,GLY,95,A_GLY_95,11.001932286179285,4.0,0
A,GLY,109,A_GLY_109,6.737246596499157,36.0,0
A,GLY,272,A_GLY_272,4.626471400746217,3.0,0
A,HIS,91,A_HIS_91,16.85095374894168,41.0,3
A,HIS,129,A_HIS_129,24.34717370750836,63.0,0
A,HIS,271,A_HIS_271,16.763700558773884,74.0,0
A,LEU,55,A_LEU_55,4.56796585734504,0.0,0
A,LEU,98,A_LEU_98,12.213720630103634,4.0,0
A,LEU,104,A_LEU_104,5.948448318416862,9.0,0
A,LEU,127,A_LEU_127,18.4160662106159,13.0,0
A,LYS,117,A_LYS_117,20.56445300753927,101.0,0
A,LYS,130,A_LYS_130,21.19290680184788,12.0,1
A,MET,111,A_MET_111,20.94212679112757,1.0,0
A,PHE,126,A_PHE_126,25.248275557514727,2.0,0
A,PRO,120,A_PRO_120,16.201138697704618,75.0,0
A,TYR,54,A_TYR_54,28.86105621113888,11.0,1
A,TYR,108,A_TYR_108,13.71165145657774,38.0,2
A,TYR,172,A_TYR_172,9.721610072937452,16.0,3
