chain,resname,resnum,res_key,density,ACC,hbond_type
A,ARG,490,A_ARG_490,5.659696183447818,103.0,1
A,ARG,495,A_ARG_495,26.21126214080987,68.0,1
A,ARG,498,A_ARG_498,14.774012259645623,75.0,0
A,ASN,481,A_ASN_481,21.51117288975088,32.0,2
A,ASN,492,A_ASN_492,18.329514094499373,71.0,0
A,ASN,508,A_ASN_508,10.707126702386528,86.0,0
A,ASP,505,A_ASP_505,20.8636616760139,142.0,2
A,ASP,511,A_ASP_511,8.036107025370056,105.0,0
A,ASP,513,A_ASP_513,2.6497301685072547,43.0,0
A,CYS,477,A_CYS_477,12.418136005757518,0.0,0
A,CYS,489,A_CYS_489,10.680881462402702,11.0,0
A,CYS,491,A_CYS_491,17.773807717813376,40.0,0
A,CYS,500,A_CYS_500,18.262156088881348,0.0,0
A,CYS,502,A_CYS_502,17.77415917155915,18.0,0
A,CYS,516,A_CYS_516,4.920641882457485,0.0,0
A,CYS,531,A_CYS_531,14.535872976685036,30.0,0
A,CYS,533,A_CYS_533,18.12591530344353,20.0,1
A,GLN,535,A_GLN_535,23.26076321282639,100.0,0
A,GLU,479,A_GLU_479,2.660442959566532,160.0,0
A,GLU,493,A_GLU_493,10.757059610035544,201.0,0
A,GLU,501,A_GLU_501,23.728733339555703,50.0,2
A,GLU,506,A_GLU_506,22.305701541648244,165.0,0
A,GLY,480,A_GLY_480,2.8413255584162287,16.0,0
A,GLY,482,A_GLY_482,4.5027457519875735,0.0,0
A,GLY,494,A_GLY_494,10.38992675286131,24.0,0
A,GLY,497,A_GLY_497,10.614437723958035,17.0,0
A,GLY,534,A_GLY_534,10.099989793544902,14.0,0
A,HIS,478,A_HIS_478,23.91139925918848,91.0,0
A,HIS,499,A_HIS_499,21.41321198728877,82.0,0
A,LYS,476,A_LYS_476,2.677301097283861,125.0,0
A,MET,512,A_MET_512,21.380241888910263,53.0,0
A,SER,503,A_SER_503,14.87603333720097,19.0,0
A,SER,509,A_SER_509,10.467716895432616,80.0,0
A,THR,504,A_THR_504,16.909907124168466,77.0,1
A,TYR,515,A_TYR_515,8.741696181340126,162.0,0
A,VAL,496,A_VAL_496,16.744423498649937,57.0,0
A,VAL,507,A_VAL_507,16.00862524436523,59.0,0
A,VAL,532,A_VAL_532,16.686221156340604,51.0,0
A,VAL,537,A_VAL_537,1.7678015842951098,40.0,0
