chain,resname,resnum,res_key,density,ACC,hbond_type
A,ALA,48,A_ALA_48,12.64357910120496,71.0,0
A,ARG,2,A_ARG_2,26.67180869728152,54.0,1
A,ARG,41,A_ARG_41,25.98335652072476,140.0,1
A,ARG,163,A_ARG_163,13.69292994218238,82.0,1
A,ASN,155,A_ASN_155,3.313970762615619,63.0,0
A,ASN,166,A_ASN_166,15.370726327004578,35.0,3
A,ASP,47,A_ASP_47,21.457681887099064,89.0,2
A,ASP,160,A_ASP_160,2.7601611794026555,31.0,2
A,CYS,51,A_CYS_51,17.53057846963882,3.0,0
A,GLN,43,A_GLN_43,22.88391771382212,108.0,0
A,GLN,49,A_GLN_49,23.40930067279677,76.0,2
A,GLN,50,A_GLN_50,22.466079575696472,125.0,0
A,GLN,76,A_GLN_76,8.26406035310664,74.0,0
A,GLU,3,A_GLU_3,22.05115667581193,96.0,2
A,GLU,45,A_GLU_45,23.2668312990546,117.0,0
A,GLU,54,A_GLU_54,17.898168166538884,57.0,0
A,ILE,55,A_ILE_55,11.103650558709743,0.0,0
A,ILE,165,A_ILE_165,10.183667318578337,6.0,0
A,LEU,6,A_LEU_6,12.086891821596964,2.0,0
A,LEU,53,A_LEU_53,17.890092159349177,0.0,0
A,LEU,161,A_LEU_161,10.177752351965411,1.0,0
A,LYS,5,A_LYS_5,14.05645626582105,86.0,0
A,LYS,42,A_LYS_42,19.81456599741598,54.0,0
A,LYS,174,A_LYS_174,4.436642778853687,117.0,1
A,MET,1,A_MET_1,20.995407417253126,124.0,0
A,MET,52,A_MET_52,21.17760310633812,32.0,0
A,PHE,23,A_PHE_23,12.746487377863996,1.0,0
A,PHE,158,A_PHE_158,14.83607881939353,2.0,0
A,TYR,4,A_TYR_4,26.90093036915474,3.0,3
A,TYR,40,A_TYR_40,5.298877041174411,47.0,0
A,TYR,159,A_TYR_159,29.435472743534586,52.0,0
A,VAL,44,A_VAL_44,16.133217071843703,12.0,0
A,VAL,46,A_VAL_46,15.981691297309297,5.0,0
A,VAL,162,A_VAL_162,16.826779162429588,0.0,0
A,VAL,171,A_VAL_171,10.257930323176492,35.0,0
