chain,resname,resnum,res_key,density,ACC,hbond_type
A,ALA,202,A_ALA_202,12.738755399081889,36.0,0
A,ARG,138,A_ARG_138,6.842850005860661,54.0,1
A,ASN,158,A_ASN_158,18.64607320872743,14.0,0
A,ASN,196,A_ASN_196,20.623055129250385,132.0,1
A,ASN,206,A_ASN_206,20.983116176461028,6.0,1
A,ASP,191,A_ASP_191,21.64032883186038,59.0,2
A,CYS,190,A_CYS_190,17.88150138626284,27.0,0
A,CYS,194,A_CYS_194,19.08451806055465,8.0,0
A,CYS,199,A_CYS_199,18.459397949840337,0.0,0
A,CYS,207,A_CYS_207,17.28715368616675,14.0,0
A,GLN,163,A_GLN_163,16.69380310394695,55.0,2
A,GLN,188,A_GLN_188,5.758685069412881,138.0,0
A,GLN,208,A_GLN_208,22.30278222479692,5.0,0
A,GLU,204,A_GLU_204,23.847420986571443,140.0,0
A,GLU,205,A_GLU_205,20.720262881930093,110.0,2
A,GLY,197,A_GLY_197,10.394792513387756,36.0,0
A,GLY,201,A_GLY_201,10.402711083780224,8.0,0
A,GLY,203,A_GLY_203,10.574175746310756,25.0,0
A,ILE,162,A_ILE_162,15.498124347600577,11.0,0
A,ILE,214,A_ILE_214,1.9462565629284496,47.0,0
A,LEU,210,A_LEU_210,17.079572827623377,19.0,0
A,LYS,189,A_LYS_189,15.59942303581292,193.0,0
A,LYS,209,A_LYS_209,17.60944549675622,93.0,1
A,PRO,192,A_PRO_192,15.492692241307308,130.0,0
A,PRO,195,A_PRO_195,16.913732700232575,48.0,0
A,SER,161,A_SER_161,16.31912750883501,33.0,0
A,SER,193,A_SER_193,16.121970114807485,62.0,1
A,SER,198,A_SER_198,15.078901451809676,5.0,0
A,TRP,200,A_TRP_200,23.83866139294385,3.0,0
