chain,resname,resnum,res_key,density,ACC,hbond_type
A,ALA,535,A_ALA_535,11.772067724668378,23.0,0
A,ARG,523,A_ARG_523,26.50027459536908,216.0,0
A,ASN,525,A_ASN_525,18.885651218467515,119.0,0
A,ASP,532,A_ASP_532,20.84643086959487,136.0,0
A,ASP,536,A_ASP_536,2.8942292262926337,22.0,2
A,ASP,546,A_ASP_546,18.422891927704526,68.0,0
A,ASP,550,A_ASP_550,4.724360767427596,104.0,0
A,CYS,526,A_CYS_526,18.57677349816264,20.0,0
A,CYS,527,A_CYS_527,17.924468799513058,0.0,0
A,CYS,530,A_CYS_530,18.348910920037834,53.0,0
A,CYS,531,A_CYS_531,18.046990825233493,61.0,0
A,CYS,548,A_CYS_548,18.10228060711788,5.0,0
A,CYS,551,A_CYS_551,15.005276363267168,19.0,0
A,GLU,524,A_GLU_524,13.26696411001121,196.0,0
A,GLU,533,A_GLU_533,24.377373836287425,103.0,0
A,ILE,522,A_ILE_522,18.124645508074263,98.0,0
A,LEU,517,A_LEU_517,5.262003231608097,110.0,0
A,LEU,529,A_LEU_529,18.49758297063613,83.0,0
A,LEU,547,A_LEU_547,18.04584115625288,2.0,0
A,MET,549,A_MET_549,2.8136308746623384,31.0,0
A,SER,521,A_SER_521,15.53473998555535,112.0,0
A,SER,528,A_SER_528,15.691662046828498,56.0,0
A,SER,545,A_SER_545,3.4742863897161427,39.0,0
A,VAL,520,A_VAL_520,16.44226825558795,95.0,0
A,VAL,534,A_VAL_534,16.181812610191546,79.0,0
