chain,resname,resnum,res_key,density,ACC,hbond_type
A,ALA,102,A_ALA_102,11.849876433735838,74.0,0
A,ARG,68,A_ARG_68,2.805160494788289,236.0,0
A,ARG,81,A_ARG_81,21.52853297607817,158.0,0
A,ARG,83,A_ARG_83,19.438074073616004,104.0,0
A,ARG,103,A_ARG_103,27.11049200284636,90.0,0
A,ARG,106,A_ARG_106,10.520837499246753,154.0,0
A,ASP,96,A_ASP_96,21.143873637960112,79.0,0
A,CYS,69,A_CYS_69,18.34277834189561,23.0,0
A,CYS,77,A_CYS_77,17.420009305766026,14.0,0
A,CYS,82,A_CYS_82,16.710890634082382,36.0,0
A,CYS,93,A_CYS_93,17.734949380686455,19.0,0
A,CYS,95,A_CYS_95,17.53648722096781,40.0,0
A,CYS,104,A_CYS_104,18.7225315133412,0.0,0
A,GLN,72,A_GLN_72,11.931641250530458,147.0,3
A,GLU,105,A_GLU_105,23.28796865477436,107.0,0
A,GLY,80,A_GLY_80,9.85240398236543,24.0,0
A,GLY,101,A_GLY_101,10.07111293138118,28.0,0
A,HIS,75,A_HIS_75,24.36808961671045,151.0,0
A,ILE,78,A_ILE_78,17.913062261616865,99.0,0
A,ILE,100,A_ILE_100,10.658461098230116,68.0,0
A,LYS,71,A_LYS_71,7.910101954757197,200.0,0
A,LYS,74,A_LYS_74,20.41619890192206,157.0,0
A,LYS,79,A_LYS_79,20.7237506439161,91.0,1
A,PHE,84,A_PHE_84,9.223567104027437,31.0,0
A,PRO,70,A_PRO_70,10.040180660790742,49.0,0
A,PRO,91,A_PRO_91,16.29068852348444,25.0,0
A,SER,92,A_SER_92,14.948795766092324,51.0,0
A,THR,90,A_THR_90,5.709309798863304,56.0,1
A,TYR,73,A_TYR_73,25.43625952108384,69.0,3
A,TYR,76,A_TYR_76,28.549283449306984,65.0,0
A,TYR,99,A_TYR_99,24.212623764872085,65.0,2
A,VAL,94,A_VAL_94,15.94094460281262,56.0,0
