chain,resname,resnum,res_key,density,ACC,hbond_type
A,ALA,197,A_ALA_197,12.98142740218064,0.0,0
A,ALA,199,A_ALA_199,12.365958362094364,45.0,0
A,ALA,200,A_ALA_200,12.974405821859463,0.0,0
A,ARG,195,A_ARG_195,6.428888432227422,82.0,0
A,ASN,120,A_ASN_120,21.66160867850442,68.0,0
A,ASN,229,A_ASN_229,5.289959017955352,36.0,0
A,ASP,141,A_ASP_141,3.2878642925723067,63.0,2
A,ASP,202,A_ASP_202,22.27759707192153,62.0,2
A,CYS,119,A_CYS_119,18.474133695743337,46.0,0
A,CYS,201,A_CYS_201,18.101869077286896,13.0,0
A,GLN,231,A_GLN_231,22.720900811644647,60.0,0
A,GLN,236,A_GLN_236,22.83164101859104,120.0,1
A,GLN,272,A_GLN_272,5.42296818582369,137.0,0
A,GLU,198,A_GLU_198,13.863836853315249,62.0,2
A,GLU,226,A_GLU_226,3.560452034102794,15.0,2
A,GLU,233,A_GLU_233,20.602151068958754,154.0,0
A,GLU,239,A_GLU_239,4.471522241375808,25.0,2
A,HIS,205,A_HIS_205,23.055802442327906,31.0,0
A,ILE,122,A_ILE_122,17.969629495267306,0.0,0
A,ILE,271,A_ILE_271,9.412252745210443,4.0,0
A,LEU,123,A_LEU_123,6.941509975797514,0.0,0
A,LEU,124,A_LEU_124,10.114144236627492,4.0,0
A,LEU,230,A_LEU_230,18.797815336191974,0.0,0
A,LEU,238,A_LEU_238,13.095409996446952,0.0,0
A,LYS,121,A_LYS_121,20.51463216948692,61.0,1
A,LYS,234,A_LYS_234,20.804166355736243,113.0,0
A,MET,142,A_MET_142,7.026599876141084,14.0,0
A,PHE,143,A_PHE_143,10.05002757605925,37.0,0
A,PHE,196,A_PHE_196,25.092410563029866,11.0,0
A,PRO,118,A_PRO_118,16.4307481642767,62.0,0
A,PRO,232,A_PRO_232,15.769092279254703,42.0,0
A,THR,116,A_THR_116,4.0490521842843545,132.0,0
A,THR,237,A_THR_237,17.506062374442624,22.0,0
A,VAL,117,A_VAL_117,16.085324870994686,17.0,0
A,VAL,203,A_VAL_203,16.21872647330031,52.0,0
A,VAL,204,A_VAL_204,15.604898386275858,0.0,0
A,VAL,235,A_VAL_235,16.62692788879109,2.0,0
