chain,resname,resnum,res_key,density,ACC,hbond_type
A,ALA,394,A_ALA_394,12.582847202370663,0.0,0
A,ALA,404,A_ALA_404,12.27750944115304,33.0,0
A,ALA,423,A_ALA_423,5.5953879164933085,0.0,0
A,ALA,490,A_ALA_490,1.978901544493471,57.0,0
A,ARG,461,A_ARG_461,26.554955886545333,105.0,0
A,ASP,408,A_ASP_408,15.102843916657603,79.0,0
A,ASP,426,A_ASP_426,18.53767338698372,18.0,2
A,CYS,397,A_CYS_397,17.96966985758807,14.0,0
A,CYS,400,A_CYS_400,18.102290633794983,5.0,0
A,GLN,402,A_GLN_402,23.257967349879184,135.0,0
A,GLU,391,A_GLU_391,23.163039763186884,5.0,0
A,GLY,398,A_GLY_398,10.656870019852388,42.0,0
A,HIS,399,A_HIS_399,23.9652563624016,79.0,0
A,ILE,406,A_ILE_406,18.645208187345894,48.0,0
A,LEU,403,A_LEU_403,19.00464663027384,6.0,0
A,LEU,443,A_LEU_443,12.60220062160963,4.0,0
A,LYS,401,A_LYS_401,21.09300850351073,134.0,0
A,LYS,424,A_LYS_424,21.2920402764218,51.0,0
A,MET,425,A_MET_425,10.802925913647195,2.0,0
A,PHE,392,A_PHE_392,16.874286017837754,0.0,0
A,PHE,440,A_PHE_440,25.583971355178768,50.0,0
A,PHE,466,A_PHE_466,7.825530406631392,0.0,0
A,PRO,395,A_PRO_395,16.038967041408476,61.0,0
A,PRO,405,A_PRO_405,15.94970237804466,75.0,0
A,PRO,441,A_PRO_441,15.131274909245644,1.0,0
A,SER,427,A_SER_427,11.879580482720256,16.0,0
A,SER,439,A_SER_439,14.795683374808046,65.0,0
A,THR,428,A_THR_428,10.337325265455682,37.0,1
A,THR,442,A_THR_442,16.593129426862443,16.0,0
A,TRP,396,A_TRP_396,31.757180179172643,141.0,0
A,TRP,407,A_TRP_407,31.886437413828627,1.0,0
A,TYR,393,A_TYR_393,28.309623857736668,53.0,0
A,VAL,369,A_VAL_369,1.5762037856659248,5.0,0
A,VAL,390,A_VAL_390,5.354685101397964,0.0,0
A,VAL,437,A_VAL_437,1.8464686116801536,34.0,0
