chain,resname,resnum,res_key,density,ACC,hbond_type
A,ALA,527,A_ALA_527,12.06808187659611,113.0,0
A,ALA,530,A_ALA_530,12.362341177112938,8.0,0
A,ARG,579,A_ARG_579,27.15165719169105,120.0,1
A,ASN,580,A_ASN_580,6.191036386675425,103.0,3
A,CYS,528,A_CYS_528,18.008420395927388,42.0,0
A,CYS,535,A_CYS_535,17.255978308371073,16.0,0
A,GLN,524,A_GLN_524,10.08195383119069,137.0,0
A,GLN,537,A_GLN_537,19.085358968715227,116.0,0
A,GLN,577,A_GLN_577,5.86571310817505,62.0,2
A,GLN,609,A_GLN_609,4.291472446642136,58.0,1
A,GLU,604,A_GLU_604,8.420866543331046,9.0,2
A,GLY,529,A_GLY_529,10.22146276223604,67.0,0
A,GLY,533,A_GLY_533,10.84935033187678,14.0,0
A,ILE,534,A_ILE_534,18.00797499627385,8.0,0
A,LEU,536,A_LEU_536,17.67001299560683,0.0,0
A,LEU,606,A_LEU_606,12.411808212531865,0.0,0
A,LEU,608,A_LEU_608,15.87138565047931,2.0,0
A,LYS,525,A_LYS_525,20.34601618372529,150.0,0
A,PHE,578,A_PHE_578,2.40184210891628,4.0,0
A,PRO,517,A_PRO_517,6.560611446402312,68.0,0
A,PRO,531,A_PRO_531,15.5294644485846,73.0,0
A,SER,532,A_SER_532,15.01428298975538,10.0,0
A,THR,516,A_THR_516,5.653848122351041,81.0,0
A,THR,526,A_THR_526,17.08248578593477,72.0,0
A,THR,605,A_THR_605,17.7466365626642,21.0,0
A,TRP,607,A_TRP_607,31.44281053308946,61.0,0
