chain,resname,resnum,res_key,density,ACC,hbond_type
A,ALA,583,A_ALA_583,11.977832669292685,74.0,0
A,ALA,608,A_ALA_608,6.063497983797832,14.0,0
A,ARG,636,A_ARG_636,5.634285174947628,165.0,0
A,ARG,644,A_ARG_644,21.98994849239354,118.0,0
A,ARG,646,A_ARG_646,21.83293563796204,129.0,1
A,ASN,23,A_ASN_23,15.015755585301376,2.0,1
A,ASN,633,A_ASN_633,20.93615712100807,32.0,0
A,ASP,589,A_ASP_589,21.828092200661203,72.0,0
A,ASP,590,A_ASP_590,21.77372661236043,84.0,0
A,ASP,634,A_ASP_634,10.76027937592601,83.0,2
A,ASP,640,A_ASP_640,22.2078714034301,23.0,2
A,CYS,580,A_CYS_580,15.947779093489965,19.0,0
A,CYS,582,A_CYS_582,18.064329764905715,7.0,0
A,CYS,594,A_CYS_594,17.836675578633,0.0,0
A,CYS,597,A_CYS_597,17.53720108278879,1.0,0
A,CYS,598,A_CYS_598,3.02718349476563,0.0,0
A,CYS,607,A_CYS_607,5.687023523328154,38.0,0
A,CYS,632,A_CYS_632,17.908002109950296,1.0,0
A,CYS,639,A_CYS_639,17.754016639079925,4.0,0
A,CYS,645,A_CYS_645,17.947132225052563,10.0,0
A,GLN,20,A_GLN_20,2.127713540176465,17.0,0
A,GLN,627,A_GLN_627,21.022098102953723,9.0,3
A,GLU,579,A_GLU_579,7.121692307802448,95.0,0
A,GLU,592,A_GLU_592,21.99793739581927,70.0,0
A,GLY,22,A_GLY_22,10.140529663466776,3.0,0
A,GLY,611,A_GLY_611,4.424458424873425,25.0,0
A,GLY,629,A_GLY_629,10.262511487932665,3.0,0
A,GLY,637,A_GLY_637,10.34344518533362,0.0,0
A,HIS,595,A_HIS_595,23.0392176545542,30.0,3
A,ILE,624,A_ILE_624,16.498109848102533,12.0,0
A,LEU,593,A_LEU_593,17.366100767966437,12.0,0
A,LEU,626,A_LEU_626,17.845905478657542,22.0,0
A,LEU,647,A_LEU_647,8.477535203370024,102.0,0
A,LYS,591,A_LYS_591,20.61116590003026,94.0,0
A,MET,643,A_MET_643,21.44109076265131,52.0,0
A,PHE,635,A_PHE_635,12.087812676281589,108.0,0
A,PHE,642,A_PHE_642,17.123894027650152,144.0,0
A,PRO,628,A_PRO_628,15.720840905086794,20.0,0
A,PRO,631,A_PRO_631,17.136898407226795,17.0,0
A,SER,584,A_SER_584,9.493904505998351,36.0,0
A,SER,609,A_SER_609,15.550496115225124,4.0,3
A,SER,630,A_SER_630,16.43269455011692,1.0,0
A,THR,559,A_THR_559,9.824245706131324,14.0,2
A,THR,581,A_THR_581,17.45738288925855,52.0,1
A,THR,610,A_THR_610,13.889830836086285,0.0,0
A,THR,623,A_THR_623,17.367804299480433,64.0,0
A,THR,625,A_THR_625,17.821696758403256,50.0,0
A,TYR,21,A_TYR_21,15.28537451108078,10.0,1
A,TYR,638,A_TYR_638,21.38526889083611,37.0,0
A,VAL,596,A_VAL_596,16.234068111584122,2.0,0
A,VAL,641,A_VAL_641,11.931708159273123,90.0,0
