chain,resname,resnum,res_key,density,ACC,hbond_type
A,CYS,44,A_CYS_44,17.525996265211383,142.0,0
A,GLY,45,A_GLY_45,10.229547637488809,76.0,0
A,LYS,46,A_LYS_46,20.4378339793132,202.0,0
A,PRO,42,A_PRO_42,15.117472268346743,112.0,0
A,PRO,43,A_PRO_43,16.313363749528115,117.0,0
A,PRO,47,A_PRO_47,15.84174732744552,127.0,0
A,VAL,41,A_VAL_41,11.251681638155542,130.0,0
