chain,resname,resnum,res_key,density,ACC,hbond_type
A,ALA,296,A_ALA_296,12.377007490407284,75.0,0
A,ALA,304,A_ALA_304,7.030983678612955,36.0,0
A,ARG,293,A_ARG_293,6.397180011110655,71.0,1
A,ARG,295,A_ARG_295,14.074558845786871,122.0,1
A,ARG,302,A_ARG_302,26.747586225102605,130.0,1
A,ASP,248,A_ASP_248,3.5792071849413896,3.0,2
A,ASP,323,A_ASP_323,21.77298369754812,74.0,2
A,CYS,300,A_CYS_300,18.08591914985768,6.0,0
A,GLN,292,A_GLN_292,3.150191397459458,103.0,1
A,GLN,325,A_GLN_325,21.977218689997148,121.0,0
A,GLN,332,A_GLN_332,15.856563346952036,97.0,0
A,GLU,326,A_GLU_326,12.184111443158931,68.0,2
A,GLU,328,A_GLU_328,23.75784189720684,44.0,0
A,GLU,333,A_GLU_333,6.038034848104509,139.0,0
A,GLY,299,A_GLY_299,9.994605155460231,70.0,0
A,GLY,301,A_GLY_301,10.51495824908385,33.0,0
A,GLY,307,A_GLY_307,10.240361382152036,24.0,0
A,ILE,305,A_ILE_305,5.991290116545199,8.0,0
A,ILE,335,A_ILE_335,9.048172964374976,0.0,0
A,ILE,339,A_ILE_339,18.98362701279997,0.0,0
A,ILE,342,A_ILE_342,10.170989116382268,1.0,0
A,LEU,294,A_LEU_294,15.322695583249462,0.0,0
A,LEU,297,A_LEU_297,18.477717215783013,17.0,0
A,LEU,298,A_LEU_298,18.70568510084912,25.0,0
A,LEU,321,A_LEU_321,17.68114878068406,0.0,0
A,LEU,340,A_LEU_340,12.797449442437326,0.0,0
A,LYS,214,A_LYS_214,4.310752390968614,33.0,1
A,MET,327,A_MET_327,12.20920977940041,148.0,0
A,MET,331,A_MET_331,21.369525442443454,1.0,0
A,PRO,329,A_PRO_329,15.861680512196074,80.0,0
A,PRO,341,A_PRO_341,16.041544206272754,0.0,0
A,THR,319,A_THR_319,14.246900010715928,0.0,0
A,TYR,249,A_TYR_249,1.8625795171856472,4.0,0
A,VAL,303,A_VAL_303,16.306446847106116,56.0,0
A,VAL,320,A_VAL_320,13.62628052563606,0.0,0
A,VAL,322,A_VAL_322,16.129432897474913,0.0,0
A,VAL,324,A_VAL_324,16.95073610456141,10.0,0
A,VAL,330,A_VAL_330,15.746839744865357,0.0,0
A,VAL,343,A_VAL_343,8.725979967644612,17.0,0
